Cod. regione,Regione,Sesso,Età,Sopravviventi,Decessi,Probabilità di morte (per mille),Anni vissuti,Probabilità prospettive di sopravvivenza,Speranza di vita,Informazioni
1,Piemonte,Maschi e femmine,0,100000,217,2.17437,99795,0.9997546,82.967
1,Piemonte,Maschi e femmine,1,99783,23,0.23363,99771,0.9997903,82.147
1,Piemonte,Maschi e femmine,2,99759,19,0.18569,99750,0.9998336,81.166
1,Piemonte,Maschi e femmine,3,99741,15,0.14712,99733,0.9998680,80.181
1,Piemonte,Maschi e femmine,4,99726,12,0.11687,99720,0.9998941,79.193
1,Piemonte,Maschi e femmine,5,99714,9,0.09491,99710,0.9999128,78.202
1,Piemonte,Maschi e femmine,6,99705,8,0.07941,99701,0.9999264,77.210
1,Piemonte,Maschi e femmine,7,99697,7,0.06781,99694,0.9999356,76.216
1,Piemonte,Maschi e femmine,8,99690,6,0.06096,99687,0.9999400,75.221
1,Piemonte,Maschi e femmine,9,99684,6,0.05911,99681,0.9999395,74.225
1,Piemonte,Maschi e femmine,10,99678,6,0.06194,99675,0.9999385,73.230
1,Piemonte,Maschi e femmine,11,99672,6,0.06116,99669,0.9999388,72.234
1,Piemonte,Maschi e femmine,12,99666,6,0.06119,99663,0.9999356,71.239
1,Piemonte,Maschi e femmine,13,99660,7,0.06752,99657,0.9999204,70.243
1,Piemonte,Maschi e femmine,14,99653,9,0.09168,99649,0.9998854,69.248
1,Piemonte,Maschi e femmine,15,99644,14,0.13748,99637,0.9998385,68.254
1,Piemonte,Maschi e femmine,16,99630,18,0.18556,99621,0.9997960,67.263
1,Piemonte,Maschi e femmine,17,99612,22,0.22250,99601,0.9997622,66.276
1,Piemonte,Maschi e femmine,18,99590,25,0.25319,99577,0.9997323,65.290
1,Piemonte,Maschi e femmine,19,99564,28,0.28231,99550,0.9997079,64.307
1,Piemonte,Maschi e femmine,20,99536,30,0.30195,99521,0.9996865,63.325
1,Piemonte,Maschi e femmine,21,99506,32,0.32497,99490,0.9996706,62.344
1,Piemonte,Maschi e femmine,22,99474,33,0.33392,99457,0.9996707,61.364
1,Piemonte,Maschi e femmine,23,99441,32,0.32466,99425,0.9996839,60.384
1,Piemonte,Maschi e femmine,24,99408,31,0.30759,99393,0.9997057,59.404
1,Piemonte,Maschi e femmine,25,99378,28,0.28101,99364,0.9997314,58.422
1,Piemonte,Maschi e femmine,26,99350,25,0.25609,99337,0.9997427,57.438
1,Piemonte,Maschi e femmine,27,99325,26,0.25856,99312,0.9997278,56.452
1,Piemonte,Maschi e femmine,28,99299,28,0.28593,99285,0.9996914,55.467
1,Piemonte,Maschi e femmine,29,99270,33,0.33131,99254,0.9996447,54.483
1,Piemonte,Maschi e femmine,30,99238,38,0.37931,99219,0.9996068,53.501
1,Piemonte,Maschi e femmine,31,99200,40,0.40716,99180,0.9995837,52.521
1,Piemonte,Maschi e femmine,32,99160,42,0.42540,99138,0.9995693,51.542
1,Piemonte,Maschi e femmine,33,99117,43,0.43602,99096,0.9995453,50.564
1,Piemonte,Maschi e femmine,34,99074,47,0.47336,99051,0.9994970,49.585
1,Piemonte,Maschi e femmine,35,99027,53,0.53266,99001,0.9994378,48.609
1,Piemonte,Maschi e femmine,36,98975,59,0.59166,98945,0.9993958,47.634
1,Piemonte,Maschi e femmine,37,98916,61,0.61684,98885,0.9993724,46.662
1,Piemonte,Maschi e femmine,38,98855,63,0.63843,98823,0.9993376,45.691
1,Piemonte,Maschi e femmine,39,98792,68,0.68640,98758,0.9992788,44.720
1,Piemonte,Maschi e femmine,40,98724,75,0.75605,98687,0.9991993,43.750
1,Piemonte,Maschi e femmine,41,98649,83,0.84537,98608,0.9990834,42.783
1,Piemonte,Maschi e femmine,42,98566,97,0.98799,98517,0.9989569,41.818
1,Piemonte,Maschi e femmine,43,98469,108,1.09822,98415,0.9988616,40.859
1,Piemonte,Maschi e femmine,44,98360,116,1.17858,98302,0.9987763,39.904
1,Piemonte,Maschi e femmine,45,98245,125,1.26881,98182,0.9986775,38.950
1,Piemonte,Maschi e femmine,46,98120,135,1.37630,98052,0.9985696,37.999
1,Piemonte,Maschi e femmine,47,97985,145,1.48460,97912,0.9984233,37.051
1,Piemonte,Maschi e femmine,48,97839,163,1.66898,97758,0.9982592,36.105
1,Piemonte,Maschi e femmine,49,97676,177,1.81269,97588,0.9980831,35.165
1,Piemonte,Maschi e femmine,50,97499,197,2.02139,97400,0.9978657,34.228
1,Piemonte,Maschi e femmine,51,97302,219,2.24736,97193,0.9976443,33.296
1,Piemonte,Maschi e femmine,52,97083,239,2.46429,96964,0.9974186,32.370
1,Piemonte,Maschi e femmine,53,96844,261,2.69882,96713,0.9971888,31.448
1,Piemonte,Maschi e femmine,54,96583,282,2.92382,96441,0.9970241,30.532
1,Piemonte,Maschi e femmine,55,96300,292,3.02807,96154,0.9967742,29.620
1,Piemonte,Maschi e femmine,56,96009,329,3.42407,95844,0.9964201,28.709
1,Piemonte,Maschi e femmine,57,95680,357,3.73621,95501,0.9960919,27.806
1,Piemonte,Maschi e femmine,58,95322,389,4.08059,95128,0.9956815,26.908
1,Piemonte,Maschi e femmine,59,94933,433,4.55743,94717,0.9951973,26.016
1,Piemonte,Maschi e femmine,60,94501,477,5.04903,94262,0.9947392,25.133
1,Piemonte,Maschi e femmine,61,94024,515,5.47372,93766,0.9942259,24.258
1,Piemonte,Maschi e femmine,62,93509,568,6.07611,93225,0.9935774,23.389
1,Piemonte,Maschi e femmine,63,92941,629,6.77113,92626,0.9928932,22.529
1,Piemonte,Maschi e femmine,64,92312,687,7.44476,91968,0.9920494,21.679
1,Piemonte,Maschi e femmine,65,91624,775,8.46014,91237,0.9911746,20.838
1,Piemonte,Maschi e femmine,66,90849,835,9.19373,90432,0.9905105,20.011
1,Piemonte,Maschi e femmine,67,90014,881,9.78812,89573,0.9899133,19.192
1,Piemonte,Maschi e femmine,68,89133,926,10.38830,88670,0.9891063,18.377
1,Piemonte,Maschi e femmine,69,88207,1006,11.40435,87704,0.9879313,17.565
1,Piemonte,Maschi e femmine,70,87201,1111,12.74079,86645,0.9863259,16.762
1,Piemonte,Maschi e femmine,71,86090,1259,14.61944,85461,0.9843342,15.972
1,Piemonte,Maschi e femmine,72,84831,1419,16.72765,84122,0.9822695,15.201
1,Piemonte,Maschi e femmine,73,83412,1564,18.75043,82630,0.9804360,14.451
1,Piemonte,Maschi e femmine,74,81848,1669,20.39310,81014,0.9788812,13.718
1,Piemonte,Maschi e femmine,75,80179,1753,21.85965,79303,0.9769212,12.993
1,Piemonte,Maschi e femmine,76,78426,1908,24.32529,77473,0.9743754,12.272
1,Piemonte,Maschi e femmine,77,76519,2063,26.95634,75487,0.9712735,11.566
1,Piemonte,Maschi e femmine,78,74456,2274,30.54567,73319,0.9674204,10.872
1,Piemonte,Maschi e femmine,79,72182,2503,34.67758,70930,0.9626512,10.199
1,Piemonte,Maschi e femmine,80,69679,2795,40.11601,68281,0.9572630,9.547
1,Piemonte,Maschi e femmine,81,66883,3041,45.46750,65363,0.9513793,8.925
1,Piemonte,Maschi e femmine,82,63842,3315,51.92413,62185,0.9451797,8.327
1,Piemonte,Maschi e femmine,83,60527,3503,57.87502,58776,0.9397036,7.755
1,Piemonte,Maschi e femmine,84,57024,3585,62.86655,55232,0.9326831,7.201
1,Piemonte,Maschi e femmine,85,53439,3851,72.06583,51514,0.9225477,6.651
1,Piemonte,Maschi e femmine,86,49588,4129,83.25704,47524,0.9108774,6.128
1,Piemonte,Maschi e femmine,87,45460,4342,95.52083,43289,0.8971124,5.640
1,Piemonte,Maschi e femmine,88,41117,4565,111.03243,38835,0.8815290,5.182
1,Piemonte,Maschi e femmine,89,36552,4636,126.83865,34234,0.8645711,4.767
1,Piemonte,Maschi e femmine,90,31916,4636,145.26706,29598,0.8457587,4.387
1,Piemonte,Maschi e femmine,91,27280,4494,164.74072,25032,0.8288059,4.048
1,Piemonte,Maschi e femmine,92,22785,4077,178.92022,20747,0.8124276,3.747
1,Piemonte,Maschi e femmine,93,18709,3706,198.11000,16855,0.7912753,3.455
1,Piemonte,Maschi e femmine,94,15002,3330,221.96178,13337,0.7687241,3.185
1,Piemonte,Maschi e femmine,95,11672,2839,243.24717,10253,0.7462671,2.951
1,Piemonte,Maschi e femmine,96,8833,2364,267.58915,7651,0.7251783,2.739
1,Piemonte,Maschi e femmine,97,6469,1842,284.69662,5549,0.7085753,2.557
1,Piemonte,Maschi e femmine,98,4628,1392,300.83063,3932,0.6904554,2.376
1,Piemonte,Maschi e femmine,99,3235,1042,322.00795,2715,0.6652345,2.183
1,Piemonte,Maschi e femmine,100,2194,776,353.58204,1806,0.6285244,1.982
1,Piemonte,Maschi e femmine,101,1418,566,399.15680,1135,0.5888241,1.792
1,Piemonte,Maschi e femmine,102,852,367,431.17955,668,0.5569838,1.651
1,Piemonte,Maschi e femmine,103,485,225,463.82530,372,0.5246568,1.523
1,Piemonte,Maschi e femmine,104,260,129,496.82475,195,0.4921052,1.408
1,Piemonte,Maschi e femmine,105,131,69,529.89510,96,0.4595977,1.305
1,Piemonte,Maschi e femmine,106,61,35,562.75320,44,0.4274002,1.213
1,Piemonte,Maschi e femmine,107,27,16,595.11949,19,0.3957692,1.130
1,Piemonte,Maschi e femmine,108,11,7,626.73463,7,0.3649400,1.056
1,Piemonte,Maschi e femmine,109,4,3,657.36412,3,0.3351233,0.991
1,Piemonte,Maschi e femmine,110,1,1,686.80257,1,0.3065004,0.932
1,Piemonte,Maschi e femmine,111,0,0,714.88255,0,0.2792172,0.880
1,Piemonte,Maschi e femmine,112,0,0,741.47692,0,0.2533839,0.834
1,Piemonte,Maschi e femmine,113,0,0,766.49488,0,0.2290776,0.794
1,Piemonte,Maschi e femmine,114,0,0,789.88358,0,0.2063414,0.758
1,Piemonte,Maschi e femmine,115,0,0,811.62467,0,0.1851883,0.726
1,Piemonte,Maschi e femmine,116,0,0,831.72995,0,0.1656051,0.697
1,Piemonte,Maschi e femmine,117,0,0,850.23237,0,0.1475589,0.672
1,Piemonte,Maschi e femmine,118,0,0,867.18906,0,0.1309964,0.650
1,Piemonte,Maschi e femmine,119,0,0,882.66638,0,0.1158552,0.631
1,Piemonte,Maschi,0,100000,250,2.49757,99765,0.9997506,80.956
1,Piemonte,Maschi,1,99750,20,0.20343,99740,0.9998119,80.158
1,Piemonte,Maschi,2,99730,17,0.17275,99721,0.9998410,79.174
1,Piemonte,Maschi,3,99713,14,0.14524,99705,0.9998672,78.187
1,Piemonte,Maschi,4,99698,12,0.12026,99692,0.9998918,77.199
1,Piemonte,Maschi,5,99686,10,0.09620,99681,0.9999149,76.208
1,Piemonte,Maschi,6,99677,7,0.07392,99673,0.9999329,75.215
1,Piemonte,Maschi,7,99669,6,0.06038,99666,0.9999414,74.221
1,Piemonte,Maschi,8,99663,6,0.05680,99660,0.9999391,73.225
1,Piemonte,Maschi,9,99658,6,0.06505,99654,0.9999313,72.229
1,Piemonte,Maschi,10,99651,7,0.07241,99648,0.9999286,71.234
1,Piemonte,Maschi,11,99644,7,0.07040,99640,0.9999371,70.239
1,Piemonte,Maschi,12,99637,6,0.05537,99634,0.9999482,69.244
1,Piemonte,Maschi,13,99631,5,0.04820,99629,0.9999407,68.248
1,Piemonte,Maschi,14,99627,7,0.07050,99623,0.9998916,67.251
1,Piemonte,Maschi,15,99620,15,0.14630,99612,0.9998105,66.256
1,Piemonte,Maschi,16,99605,23,0.23268,99593,0.9997324,65.265
1,Piemonte,Maschi,17,99582,30,0.30248,99567,0.9996742,64.280
1,Piemonte,Maschi,18,99552,35,0.34911,99534,0.9996309,63.300
1,Piemonte,Maschi,19,99517,39,0.38909,99498,0.9996046,62.322
1,Piemonte,Maschi,20,99478,40,0.40178,99458,0.9995799,61.346
1,Piemonte,Maschi,21,99438,44,0.43850,99416,0.9995523,60.370
1,Piemonte,Maschi,22,99395,45,0.45684,99372,0.9995495,59.396
1,Piemonte,Maschi,23,99349,44,0.44425,99327,0.9995693,58.423
1,Piemonte,Maschi,24,99305,41,0.41711,99284,0.9995996,57.449
1,Piemonte,Maschi,25,99264,38,0.38371,99245,0.9996315,56.473
1,Piemonte,Maschi,26,99226,35,0.35329,99208,0.9996357,55.494
1,Piemonte,Maschi,27,99191,37,0.37534,99172,0.9995995,54.514
1,Piemonte,Maschi,28,99153,42,0.42574,99132,0.9995410,53.534
1,Piemonte,Maschi,29,99111,49,0.49234,99087,0.9994818,52.557
1,Piemonte,Maschi,30,99062,54,0.54401,99035,0.9994575,51.582
1,Piemonte,Maschi,31,99008,54,0.54094,98982,0.9994661,50.610
1,Piemonte,Maschi,32,98955,52,0.52691,98929,0.9994790,49.637
1,Piemonte,Maschi,33,98903,51,0.51499,98877,0.9994563,48.663
1,Piemonte,Maschi,34,98852,57,0.57240,98823,0.9993717,47.688
1,Piemonte,Maschi,35,98795,68,0.68421,98761,0.9992497,46.715
1,Piemonte,Maschi,36,98728,81,0.81644,98687,0.9991608,45.747
1,Piemonte,Maschi,37,98647,85,0.86192,98604,0.9991360,44.784
1,Piemonte,Maschi,38,98562,85,0.86616,98519,0.9991178,43.822
1,Piemonte,Maschi,39,98477,88,0.89824,98432,0.9990690,42.859
1,Piemonte,Maschi,40,98388,95,0.96376,98341,0.9989873,41.897
1,Piemonte,Maschi,41,98293,104,1.06170,98241,0.9988177,40.937
1,Piemonte,Maschi,42,98189,128,1.30294,98125,0.9986292,39.980
1,Piemonte,Maschi,43,98061,141,1.43882,97990,0.9985274,39.032
1,Piemonte,Maschi,44,97920,148,1.50637,97846,0.9984497,38.087
1,Piemonte,Maschi,45,97772,156,1.59433,97694,0.9983703,37.144
1,Piemonte,Maschi,46,97617,163,1.66520,97535,0.9982710,36.203
1,Piemonte,Maschi,47,97454,175,1.79281,97367,0.9980546,35.262
1,Piemonte,Maschi,48,97279,204,2.09828,97177,0.9978077,34.325
1,Piemonte,Maschi,49,97075,222,2.28659,96964,0.9975590,33.396
1,Piemonte,Maschi,50,96853,251,2.59570,96727,0.9972556,32.471
1,Piemonte,Maschi,51,96602,280,2.89354,96462,0.9969895,31.554
1,Piemonte,Maschi,52,96322,301,3.12784,96172,0.9967558,30.644
1,Piemonte,Maschi,53,96021,323,3.36084,95860,0.9965113,29.739
1,Piemonte,Maschi,54,95698,346,3.61701,95525,0.9963452,28.838
1,Piemonte,Maschi,55,95352,352,3.69267,95176,0.9960507,27.940
1,Piemonte,Maschi,56,95000,400,4.20693,94800,0.9955873,27.042
1,Piemonte,Maschi,57,94600,437,4.61925,94382,0.9952062,26.154
1,Piemonte,Maschi,58,94163,468,4.96920,93929,0.9947408,25.273
1,Piemonte,Maschi,59,93695,520,5.55066,93435,0.9940789,24.397
1,Piemonte,Maschi,60,93175,586,6.29368,92882,0.9933722,23.530
1,Piemonte,Maschi,61,92589,645,6.96405,92267,0.9926883,22.676
1,Piemonte,Maschi,62,91944,704,7.66170,91592,0.9919240,21.832
1,Piemonte,Maschi,63,91240,775,8.49347,90852,0.9911419,20.997
1,Piemonte,Maschi,64,90465,835,9.22586,90047,0.9901634,20.172
1,Piemonte,Maschi,65,89630,937,10.45304,89162,0.9889512,19.355
1,Piemonte,Maschi,66,88693,1033,11.65085,88177,0.9878243,18.554
1,Piemonte,Maschi,67,87660,1114,12.70665,87103,0.9869289,17.767
1,Piemonte,Maschi,68,86546,1163,13.44029,85964,0.9859836,16.990
1,Piemonte,Maschi,69,85383,1247,14.60042,84760,0.9845310,16.214
1,Piemonte,Maschi,70,84136,1376,16.35041,83448,0.9824863,15.447
1,Piemonte,Maschi,71,82761,1547,18.69632,81987,0.9801411,14.695
1,Piemonte,Maschi,72,81213,1709,21.04359,80359,0.9776687,13.966
1,Piemonte,Maschi,73,79504,1880,23.64664,78564,0.9753989,13.255
1,Piemonte,Maschi,74,77624,1986,25.57872,76631,0.9736387,12.564
1,Piemonte,Maschi,75,75639,2055,27.16446,74611,0.9713429,11.881
1,Piemonte,Maschi,76,73584,2222,30.19148,72473,0.9683968,11.199
1,Piemonte,Maschi,77,71362,2359,33.05888,70183,0.9652395,10.532
1,Piemonte,Maschi,78,69003,2520,36.52035,67743,0.9609291,9.875
1,Piemonte,Maschi,79,66483,2774,41.71807,65096,0.9549239,9.230
1,Piemonte,Maschi,80,63710,3095,48.58039,62162,0.9477926,8.610
1,Piemonte,Maschi,81,60615,3396,56.01965,58917,0.9400603,8.024
1,Piemonte,Maschi,82,57219,3667,64.09229,55385,0.9320481,7.471
1,Piemonte,Maschi,83,53552,3860,72.07586,51622,0.9252090,6.948
1,Piemonte,Maschi,84,49692,3862,77.71694,47761,0.9172792,6.449
1,Piemonte,Maschi,85,45830,4040,88.14632,43810,0.9061818,5.950
1,Piemonte,Maschi,86,41790,4181,100.03845,39700,0.8937748,5.477
1,Piemonte,Maschi,87,37610,4254,113.09968,35483,0.8791107,5.031
1,Piemonte,Maschi,88,33356,4325,129.67226,31193,0.8618066,4.608
1,Piemonte,Maschi,89,29031,4296,147.98401,26883,0.8415639,4.220
1,Piemonte,Maschi,90,24735,4222,170.70367,22623,0.8174585,3.867
1,Piemonte,Maschi,91,20512,4037,196.81603,18494,0.7957215,3.560
1,Piemonte,Maschi,92,16475,3519,213.56966,14716,0.7763640,3.309
1,Piemonte,Maschi,93,12957,3063,236.43598,11425,0.7513078,3.072
1,Piemonte,Maschi,94,9893,2619,264.74360,8584,0.7315600,2.869
1,Piemonte,Maschi,95,7274,1989,273.46739,6279,0.7163290,2.722
1,Piemonte,Maschi,96,5285,1573,297.71526,4498,0.6983927,2.558
1,Piemonte,Maschi,97,3711,1140,307.14915,3141,0.6896586,2.431
1,Piemonte,Maschi,98,2571,810,314.94869,2167,0.6788237,2.287
1,Piemonte,Maschi,99,1762,582,330.26700,1471,0.6564664,2.108
1,Piemonte,Maschi,100,1180,429,363.34229,965,0.6151062,1.901
1,Piemonte,Maschi,101,751,315,418.74488,594,0.5690572,1.700
1,Piemonte,Maschi,102,437,197,451.92841,338,0.5361135,1.565
1,Piemonte,Maschi,103,239,116,485.70495,181,0.5027182,1.443
1,Piemonte,Maschi,104,123,64,519.79193,91,0.4691462,1.333
1,Piemonte,Maschi,105,59,33,553.88931,43,0.4356811,1.234
1,Piemonte,Maschi,106,26,15,587.69782,19,0.4026028,1.146
1,Piemonte,Maschi,107,11,7,620.92199,7,0.3701812,1.068
1,Piemonte,Maschi,108,4,3,653.28842,3,0.3386646,0.998
1,Piemonte,Maschi,109,1,1,684.54480,1,0.3082779,0.935
1,Piemonte,Maschi,110,0,0,714.47414,0,0.2792132,0.880
1,Piemonte,Maschi,111,0,0,742.89584,0,0.2516279,0.831
1,Piemonte,Maschi,112,0,0,769.67179,0,0.2256425,0.788
1,Piemonte,Maschi,113,0,0,794.70137,0,0.2013429,0.750
1,Piemonte,Maschi,114,0,0,817.92554,0,0.1787791,0.716
1,Piemonte,Maschi,115,0,0,839.31978,0,0.1579704,0.686
1,Piemonte,Maschi,116,0,0,858.89408,0,0.1389061,0.661
1,Piemonte,Maschi,117,0,0,876.68390,0,0.1215525,0.638
1,Piemonte,Maschi,118,0,0,892.74913,0,0.1058544,0.618
1,Piemonte,Maschi,119,0,0,907.16597,0,0.0917418,0.601
1,Piemonte,Femmine,0,100000,183,1.83360,99827,0.9997589,85.075
1,Piemonte,Femmine,1,99817,26,0.26546,99803,0.9997676,84.231
1,Piemonte,Femmine,2,99790,20,0.19934,99780,0.9998258,83.253
1,Piemonte,Femmine,3,99770,15,0.14910,99763,0.9998688,82.269
1,Piemonte,Femmine,4,99755,11,0.11330,99750,0.9998966,81.281
1,Piemonte,Femmine,5,99744,9,0.09355,99739,0.9999106,80.291
1,Piemonte,Femmine,6,99735,8,0.08520,99730,0.9999196,79.298
1,Piemonte,Femmine,7,99726,8,0.07564,99722,0.9999295,78.305
1,Piemonte,Femmine,8,99719,7,0.06533,99715,0.9999409,77.311
1,Piemonte,Femmine,9,99712,5,0.05285,99710,0.9999481,76.316
1,Piemonte,Femmine,10,99707,5,0.05091,99704,0.9999488,75.320
1,Piemonte,Femmine,11,99702,5,0.05141,99699,0.9999406,74.324
1,Piemonte,Femmine,12,99697,7,0.06733,99693,0.9999224,73.327
1,Piemonte,Femmine,13,99690,9,0.08789,99686,0.9998990,72.332
1,Piemonte,Femmine,14,99681,11,0.11401,99676,0.9998789,71.339
1,Piemonte,Femmine,15,99670,13,0.12818,99663,0.9998680,70.347
1,Piemonte,Femmine,16,99657,14,0.13587,99650,0.9998630,69.356
1,Piemonte,Femmine,17,99644,14,0.13818,99637,0.9998549,68.365
1,Piemonte,Femmine,18,99630,15,0.15208,99622,0.9998391,67.374
1,Piemonte,Femmine,19,99615,17,0.16978,99606,0.9998167,66.384
1,Piemonte,Femmine,20,99598,20,0.19676,99588,0.9997989,65.396
1,Piemonte,Femmine,21,99578,20,0.20537,99568,0.9997951,64.408
1,Piemonte,Femmine,22,99558,20,0.20447,99547,0.9997984,63.422
1,Piemonte,Femmine,23,99537,20,0.19876,99527,0.9998045,62.434
1,Piemonte,Femmine,24,99518,19,0.19229,99508,0.9998174,61.447
1,Piemonte,Femmine,25,99498,17,0.17293,99490,0.9998366,60.458
1,Piemonte,Femmine,26,99481,15,0.15381,99474,0.9998552,59.469
1,Piemonte,Femmine,27,99466,13,0.13571,99459,0.9998627,58.478
1,Piemonte,Femmine,28,99452,14,0.13890,99445,0.9998495,57.486
1,Piemonte,Femmine,29,99439,16,0.16201,99431,0.9998159,56.494
1,Piemonte,Femmine,30,99422,21,0.20620,99412,0.9997636,55.503
1,Piemonte,Femmine,31,99402,27,0.26661,99389,0.9997073,54.514
1,Piemonte,Femmine,32,99375,32,0.31878,99360,0.9996641,53.529
1,Piemonte,Femmine,33,99344,35,0.35308,99326,0.9996388,52.545
1,Piemonte,Femmine,34,99309,37,0.36937,99290,0.9996285,51.564
1,Piemonte,Femmine,35,99272,37,0.37357,99253,0.9996353,50.583
1,Piemonte,Femmine,36,99235,35,0.35578,99217,0.9996422,49.601
1,Piemonte,Femmine,37,99200,36,0.35978,99182,0.9996203,48.619
1,Piemonte,Femmine,38,99164,40,0.39970,99144,0.9995679,47.636
1,Piemonte,Femmine,39,99124,46,0.46442,99101,0.9994985,46.655
1,Piemonte,Femmine,40,99078,53,0.53850,99052,0.9994213,45.676
1,Piemonte,Femmine,41,99025,61,0.61887,98994,0.9993614,44.701
1,Piemonte,Femmine,42,98964,65,0.65843,98931,0.9992998,43.728
1,Piemonte,Femmine,43,98898,73,0.74204,98862,0.9992110,42.757
1,Piemonte,Femmine,44,98825,83,0.83605,98784,0.9991176,41.788
1,Piemonte,Femmine,45,98742,92,0.92886,98697,0.9989982,40.823
1,Piemonte,Femmine,46,98651,106,1.07479,98598,0.9988811,39.860
1,Piemonte,Femmine,47,98545,115,1.16315,98487,0.9988077,38.902
1,Piemonte,Femmine,48,98430,120,1.22156,98370,0.9987296,37.947
1,Piemonte,Femmine,49,98310,130,1.31924,98245,0.9986284,36.993
1,Piemonte,Femmine,50,98180,140,1.42403,98110,0.9985000,36.041
1,Piemonte,Femmine,51,98040,155,1.57609,97963,0.9983241,35.092
1,Piemonte,Femmine,52,97886,174,1.77588,97799,0.9981057,34.146
1,Piemonte,Femmine,53,97712,197,2.01294,97614,0.9978903,33.206
1,Piemonte,Femmine,54,97515,215,2.20664,97408,0.9977260,32.272
1,Piemonte,Femmine,55,97300,228,2.34142,97186,0.9975212,31.343
1,Piemonte,Femmine,56,97072,254,2.61643,96945,0.9972785,30.415
1,Piemonte,Femmine,57,96818,274,2.82677,96681,0.9970033,29.493
1,Piemonte,Femmine,58,96545,306,3.16706,96392,0.9966476,28.576
1,Piemonte,Femmine,59,96239,341,3.53829,96069,0.9963437,27.665
1,Piemonte,Femmine,60,95898,362,3.77482,95717,0.9961366,26.761
1,Piemonte,Femmine,61,95536,378,3.95223,95348,0.9957932,25.861
1,Piemonte,Femmine,62,95159,425,4.46240,94946,0.9952574,24.961
1,Piemonte,Femmine,63,94734,476,5.02413,94496,0.9946664,24.071
1,Piemonte,Femmine,64,94258,532,5.64457,93992,0.9939521,23.190
1,Piemonte,Femmine,65,93726,605,6.45354,93424,0.9934083,22.319
1,Piemonte,Femmine,66,93121,627,6.73083,92808,0.9931956,21.461
1,Piemonte,Femmine,67,92494,636,6.87854,92176,0.9928796,20.603
1,Piemonte,Femmine,68,91858,676,7.36391,91520,0.9921912,19.742
1,Piemonte,Femmine,69,91182,753,8.25699,90805,0.9912683,18.885
1,Piemonte,Femmine,70,90429,833,9.21035,90013,0.9900669,18.038
1,Piemonte,Femmine,71,89596,955,10.66251,89118,0.9883870,17.201
1,Piemonte,Femmine,72,88641,1115,12.57365,88083,0.9866775,16.381
1,Piemonte,Femmine,73,87526,1232,14.08097,86910,0.9852161,15.583
1,Piemonte,Femmine,74,86294,1337,15.49690,85625,0.9838057,14.798
1,Piemonte,Femmine,75,84956,1436,16.90268,84238,0.9821053,14.023
1,Piemonte,Femmine,76,83520,1579,18.90382,82731,0.9798687,13.256
1,Piemonte,Femmine,77,81942,1752,21.38246,81066,0.9767527,12.502
1,Piemonte,Femmine,78,80190,2017,25.15290,79181,0.9732426,11.764
1,Piemonte,Femmine,79,78173,2220,28.40321,77062,0.9694863,11.055
1,Piemonte,Femmine,80,75952,2483,32.68599,74711,0.9655003,10.363
1,Piemonte,Femmine,81,73470,2672,36.37472,72133,0.9610279,9.696
1,Piemonte,Femmine,82,70797,2950,41.66761,69322,0.9561113,9.044
1,Piemonte,Femmine,83,67847,3135,46.20641,66280,0.9514531,8.415
1,Piemonte,Femmine,84,64712,3300,51.00079,63062,0.9448162,7.798
1,Piemonte,Femmine,85,61412,3660,59.59167,59582,0.9350533,7.191
1,Piemonte,Femmine,86,57752,4080,70.64110,55712,0.9235352,6.615
1,Piemonte,Femmine,87,53673,4440,82.73125,51452,0.9099967,6.079
1,Piemonte,Femmine,88,49232,4821,97.93122,46821,0.8951452,5.583
1,Piemonte,Femmine,89,44411,4998,112.52994,41912,0.8798187,5.134
1,Piemonte,Femmine,90,39413,5077,128.80293,36875,0.8636145,4.722
1,Piemonte,Femmine,91,34337,4982,145.08920,31846,0.8484939,4.346
1,Piemonte,Femmine,92,29355,4668,159.01194,27021,0.8325085,3.999
1,Piemonte,Femmine,93,24687,4384,177.57439,22495,0.8119664,3.661
1,Piemonte,Femmine,94,20303,4076,200.75116,18265,0.7865617,3.343
1,Piemonte,Femmine,95,16227,3721,229.31210,14367,0.7597288,3.057
1,Piemonte,Femmine,96,12506,3183,254.49105,10915,0.7365614,2.818
1,Piemonte,Femmine,97,9324,2568,275.44066,8039,0.7162465,2.609
1,Piemonte,Femmine,98,6755,1994,295.22658,5758,0.6950254,2.411
1,Piemonte,Femmine,99,4761,1518,318.80601,4002,0.6686086,2.211
1,Piemonte,Femmine,100,3243,1135,349.86681,2676,0.6335656,2.012
1,Piemonte,Femmine,101,2109,826,391.91787,1695,0.5960041,1.826
1,Piemonte,Femmine,102,1282,543,423.85831,1010,0.5642137,1.681
1,Piemonte,Femmine,103,739,337,456.48957,570,0.5318702,1.550
1,Piemonte,Femmine,104,401,197,489.54646,303,0.4992326,1.432
1,Piemonte,Femmine,105,205,107,522.74958,151,0.4665676,1.326
1,Piemonte,Femmine,106,98,54,555.81641,71,0.4341418,1.231
1,Piemonte,Femmine,107,43,26,588.46541,31,0.4022146,1.146
1,Piemonte,Femmine,108,18,11,620.43218,12,0.3710267,1.070
1,Piemonte,Femmine,109,7,4,651.47557,5,0.3407957,1.003
1,Piemonte,Femmine,110,2,2,681.37970,2,0.3117132,0.943
1,Piemonte,Femmine,111,1,1,709.96510,0,0.2839363,0.889
1,Piemonte,Femmine,112,0,0,737.09076,0,0.2575882,0.842
1,Piemonte,Femmine,113,0,0,762.65110,0,0.2327592,0.800
1,Piemonte,Femmine,114,0,0,786.57801,0,0.2095067,0.762
1,Piemonte,Femmine,115,0,0,808.83880,0,0.1878563,0.729
1,Piemonte,Femmine,116,0,0,829.43220,0,0.1678068,0.700
1,Piemonte,Femmine,117,0,0,848.38024,0,0.1493352,0.675
1,Piemonte,Femmine,118,0,0,865.73232,0,0.1323953,0.652
1,Piemonte,Femmine,119,0,0,881.54999,0,0.1169289,0.632
2,Valle d'Aosta/Vallée d'Aoste,Maschi e femmine,0,100000,317,3.17209,99702,0.9996893,83.218
2,Valle d'Aosta/Vallée d'Aoste,Maschi e femmine,1,99683,25,0.24593,99671,0.9997527,82.481
2,Valle d'Aosta/Vallée d'Aoste,Maschi e femmine,2,99658,25,0.24869,99646,0.9997534,81.502
2,Valle d'Aosta/Vallée d'Aoste,Maschi e femmine,3,99633,24,0.24453,99621,0.9997595,80.522
2,Valle d'Aosta/Vallée d'Aoste,Maschi e femmine,4,99609,24,0.23653,99597,0.9997685,79.541
2,Valle d'Aosta/Vallée d'Aoste,Maschi e femmine,5,99586,23,0.22643,99574,0.9997825,78.560
2,Valle d'Aosta/Vallée d'Aoste,Maschi e femmine,6,99563,21,0.20854,99553,0.9997914,77.578
2,Valle d'Aosta/Vallée d'Aoste,Maschi e femmine,7,99542,21,0.20859,99532,0.9997905,76.594
2,Valle d'Aosta/Vallée d'Aoste,Maschi e femmine,8,99521,21,0.21035,99511,0.9997722,75.610
2,Valle d'Aosta/Vallée d'Aoste,Maschi e femmine,9,99501,24,0.24516,99488,0.9997382,74.625
2,Valle d'Aosta/Vallée d'Aoste,Maschi e femmine,10,99476,28,0.27852,99462,0.9997066,73.644
2,Valle d'Aosta/Vallée d'Aoste,Maschi e femmine,11,99448,31,0.30828,99433,0.9997015,72.664
2,Valle d'Aosta/Vallée d'Aoste,Maschi e femmine,12,99418,29,0.28869,99403,0.9997311,71.686
2,Valle d'Aosta/Vallée d'Aoste,Maschi e femmine,13,99389,25,0.24917,99377,0.9997804,70.707
2,Valle d'Aosta/Vallée d'Aoste,Maschi e femmine,14,99364,19,0.19001,99355,0.9998240,69.724
2,Valle d'Aosta/Vallée d'Aoste,Maschi e femmine,15,99345,16,0.16197,99337,0.9998486,68.737
2,Valle d'Aosta/Vallée d'Aoste,Maschi e femmine,16,99329,14,0.14084,99322,0.9998485,67.749
2,Valle d'Aosta/Vallée d'Aoste,Maschi e femmine,17,99315,16,0.16219,99307,0.9998336,66.758
2,Valle d'Aosta/Vallée d'Aoste,Maschi e femmine,18,99299,17,0.17054,99291,0.9998143,65.769
2,Valle d'Aosta/Vallée d'Aoste,Maschi e femmine,19,99282,20,0.20081,99272,0.9997802,64.780
2,Valle d'Aosta/Vallée d'Aoste,Maschi e femmine,20,99262,24,0.23885,99251,0.9997086,63.793
2,Valle d'Aosta/Vallée d'Aoste,Maschi e femmine,21,99239,34,0.34395,99222,0.9995996,62.808
2,Valle d'Aosta/Vallée d'Aoste,Maschi e femmine,22,99205,45,0.45694,99182,0.9995005,61.829
2,Valle d'Aosta/Vallée d'Aoste,Maschi e femmine,23,99159,54,0.54203,99132,0.9994781,60.857
2,Valle d'Aosta/Vallée d'Aoste,Maschi e femmine,24,99105,50,0.50182,99081,0.9995550,59.890
2,Valle d'Aosta/Vallée d'Aoste,Maschi e femmine,25,99056,38,0.38810,99037,0.9996901,58.920
2,Valle d'Aosta/Vallée d'Aoste,Maschi e femmine,26,99017,23,0.23163,99006,0.9998038,57.943
2,Valle d'Aosta/Vallée d'Aoste,Maschi e femmine,27,98994,16,0.16074,98986,0.9998404,56.956
2,Valle d'Aosta/Vallée d'Aoste,Maschi e femmine,28,98978,16,0.15841,98971,0.9998045,55.965
2,Valle d'Aosta/Vallée d'Aoste,Maschi e femmine,29,98963,23,0.23261,98951,0.9997355,54.974
2,Valle d'Aosta/Vallée d'Aoste,Maschi e femmine,30,98940,29,0.29640,98925,0.9996573,53.986
2,Valle d'Aosta/Vallée d'Aoste,Maschi e femmine,31,98910,38,0.38907,98891,0.9995912,53.002
2,Valle d'Aosta/Vallée d'Aoste,Maschi e femmine,32,98872,42,0.42855,98851,0.9995465,52.023
2,Valle d'Aosta/Vallée d'Aoste,Maschi e femmine,33,98830,47,0.47836,98806,0.9995066,51.045
2,Valle d'Aosta/Vallée d'Aoste,Maschi e femmine,34,98782,50,0.50836,98757,0.9994657,50.069
2,Valle d'Aosta/Vallée d'Aoste,Maschi e femmine,35,98732,55,0.56017,98704,0.9994398,49.094
2,Valle d'Aosta/Vallée d'Aoste,Maschi e femmine,36,98677,55,0.56016,98649,0.9994514,48.121
2,Valle d'Aosta/Vallée d'Aoste,Maschi e femmine,37,98621,53,0.53699,98595,0.9995092,47.148
2,Valle d'Aosta/Vallée d'Aoste,Maschi e femmine,38,98569,44,0.44451,98547,0.9995797,46.173
2,Valle d'Aosta/Vallée d'Aoste,Maschi e femmine,39,98525,39,0.39608,98505,0.9995684,45.194
2,Valle d'Aosta/Vallée d'Aoste,Maschi e femmine,40,98486,46,0.46705,98463,0.9994094,44.211
2,Valle d'Aosta/Vallée d'Aoste,Maschi e femmine,41,98440,70,0.71424,98405,0.9991236,43.232
2,Valle d'Aosta/Vallée d'Aoste,Maschi e femmine,42,98369,102,1.03862,98318,0.9988445,42.262
2,Valle d'Aosta/Vallée d'Aoste,Maschi e femmine,43,98267,125,1.27244,98205,0.9986610,41.306
2,Valle d'Aosta/Vallée d'Aoste,Maschi e femmine,44,98142,138,1.40557,98073,0.9986204,40.358
2,Valle d'Aosta/Vallée d'Aoste,Maschi e femmine,45,98004,133,1.35354,97938,0.9987032,39.414
2,Valle d'Aosta/Vallée d'Aoste,Maschi e femmine,46,97872,121,1.23993,97811,0.9987734,38.466
2,Valle d'Aosta/Vallée d'Aoste,Maschi e femmine,47,97750,119,1.21329,97691,0.9986797,37.514
2,Valle d'Aosta/Vallée d'Aoste,Maschi e femmine,48,97632,139,1.42745,97562,0.9983570,36.559
2,Valle d'Aosta/Vallée d'Aoste,Maschi e femmine,49,97492,181,1.85895,97402,0.9978819,35.610
2,Valle d'Aosta/Vallée d'Aoste,Maschi e femmine,50,97311,231,2.37778,97195,0.9974328,34.676
2,Valle d'Aosta/Vallée d'Aoste,Maschi e femmine,51,97080,268,2.75700,96946,0.9972924,33.757
2,Valle d'Aosta/Vallée d'Aoste,Maschi e femmine,52,96812,257,2.65798,96683,0.9974726,32.849
2,Valle d'Aosta/Vallée d'Aoste,Maschi e femmine,53,96555,231,2.39637,96439,0.9976284,31.935
2,Valle d'Aosta/Vallée d'Aoste,Maschi e femmine,54,96323,226,2.34669,96210,0.9974224,31.011
2,Valle d'Aosta/Vallée d'Aoste,Maschi e femmine,55,96097,270,2.80898,95962,0.9968962,30.082
2,Valle d'Aosta/Vallée d'Aoste,Maschi e femmine,56,95827,326,3.39944,95664,0.9963814,29.166
2,Valle d'Aosta/Vallée d'Aoste,Maschi e femmine,57,95502,367,3.83857,95318,0.9961620,28.264
2,Valle d'Aosta/Vallée d'Aoste,Maschi e femmine,58,95135,365,3.83744,94952,0.9961568,27.370
2,Valle d'Aosta/Vallée d'Aoste,Maschi e femmine,59,94770,365,3.84897,94588,0.9960472,26.474
2,Valle d'Aosta/Vallée d'Aoste,Maschi e femmine,60,94405,383,4.05697,94214,0.9956221,25.574
2,Valle d'Aosta/Vallée d'Aoste,Maschi e femmine,61,94022,442,4.70015,93801,0.9950480,24.677
2,Valle d'Aosta/Vallée d'Aoste,Maschi e femmine,62,93580,487,5.20510,93337,0.9946183,23.791
2,Valle d'Aosta/Vallée d'Aoste,Maschi e femmine,63,93093,518,5.55923,92834,0.9943189,22.913
2,Valle d'Aosta/Vallée d'Aoste,Maschi e femmine,64,92576,537,5.80372,92307,0.9939833,22.038
2,Valle d'Aosta/Vallée d'Aoste,Maschi e femmine,65,92038,573,6.23095,91752,0.9933930,21.164
2,Valle d'Aosta/Vallée d'Aoste,Maschi e femmine,66,91465,639,6.98542,91145,0.9924171,20.293
2,Valle d'Aosta/Vallée d'Aoste,Maschi e femmine,67,90826,743,8.18459,90454,0.9912242,19.432
2,Valle d'Aosta/Vallée d'Aoste,Maschi e femmine,68,90083,844,9.37185,89660,0.9899359,18.589
2,Valle d'Aosta/Vallée d'Aoste,Maschi e femmine,69,89238,960,10.76288,88758,0.9881395,17.760
2,Valle d'Aosta/Vallée d'Aoste,Maschi e femmine,70,88278,1145,12.97013,87705,0.9858866,16.948
2,Valle d'Aosta/Vallée d'Aoste,Maschi e femmine,71,87133,1331,15.27168,86468,0.9838624,16.164
2,Valle d'Aosta/Vallée d'Aoste,Maschi e femmine,72,85802,1460,17.01688,85072,0.9823255,15.407
2,Valle d'Aosta/Vallée d'Aoste,Maschi e femmine,73,84342,1547,18.34353,83569,0.9813592,14.665
2,Valle d'Aosta/Vallée d'Aoste,Maschi e femmine,74,82795,1568,18.94368,82011,0.9804600,13.929
2,Valle d'Aosta/Vallée d'Aoste,Maschi e femmine,75,81227,1637,20.14788,80408,0.9785108,13.189
2,Valle d'Aosta/Vallée d'Aoste,Maschi e femmine,76,79590,1819,22.85803,78680,0.9745244,12.450
2,Valle d'Aosta/Vallée d'Aoste,Maschi e femmine,77,77771,2190,28.15449,76676,0.9696583,11.729
2,Valle d'Aosta/Vallée d'Aoste,Maschi e femmine,78,75581,2463,32.59225,74349,0.9655426,11.054
2,Valle d'Aosta/Vallée d'Aoste,Maschi e femmine,79,73118,2660,36.38530,71788,0.9622787,10.410
2,Valle d'Aosta/Vallée d'Aoste,Maschi e femmine,80,70457,2755,39.10770,69080,0.9582401,9.784
2,Valle d'Aosta/Vallée d'Aoste,Maschi e femmine,81,67702,3014,44.52005,66195,0.9529278,9.162
2,Valle d'Aosta/Vallée d'Aoste,Maschi e femmine,82,64688,3218,49.74318,63079,0.9476362,8.566
2,Valle d'Aosta/Vallée d'Aoste,Maschi e femmine,83,61470,3388,55.12162,59776,0.9416307,7.988
2,Valle d'Aosta/Vallée d'Aoste,Maschi e femmine,84,58082,3590,61.80650,56287,0.9348303,7.425
2,Valle d'Aosta/Vallée d'Aoste,Maschi e femmine,85,54492,3747,68.75444,52619,0.9262713,6.881
2,Valle d'Aosta/Vallée d'Aoste,Maschi e femmine,86,50745,4012,79.07024,48739,0.9144446,6.352
2,Valle d'Aosta/Vallée d'Aoste,Maschi e femmine,87,46733,4327,92.59737,44569,0.9014624,5.854
2,Valle d'Aosta/Vallée d'Aoste,Maschi e femmine,88,42406,4456,105.08410,40177,0.8882763,5.401
2,Valle d'Aosta/Vallée d'Aoste,Maschi e femmine,89,37949,4521,119.14298,35689,0.8723036,4.976
2,Valle d'Aosta/Vallée d'Aoste,Maschi e femmine,90,33428,4593,137.40672,31131,0.8532740,4.582
2,Valle d'Aosta/Vallée d'Aoste,Maschi e femmine,91,28835,4542,157.52977,26564,0.8342490,4.232
2,Valle d'Aosta/Vallée d'Aoste,Maschi e femmine,92,24292,4264,175.50958,22161,0.8192082,3.930
2,Valle d'Aosta/Vallée d'Aoste,Maschi e femmine,93,20029,3749,187.19855,18154,0.8104763,3.660
2,Valle d'Aosta/Vallée d'Aoste,Maschi e femmine,94,16279,3132,192.38428,14714,0.8004594,3.387
2,Valle d'Aosta/Vallée d'Aoste,Maschi e femmine,95,13148,2740,208.40164,11778,0.7768148,3.075
2,Valle d'Aosta/Vallée d'Aoste,Maschi e femmine,96,10408,2517,241.86074,9149,0.7413411,2.753
2,Valle d'Aosta/Vallée d'Aoste,Maschi e femmine,97,7890,2216,280.81609,6783,0.6998277,2.472
2,Valle d'Aosta/Vallée d'Aoste,Maschi e femmine,98,5675,1856,327.08646,4747,0.6572540,2.242
2,Valle d'Aosta/Vallée d'Aoste,Maschi e femmine,99,3819,1398,366.01721,3120,0.6261448,2.088
2,Valle d'Aosta/Vallée d'Aoste,Maschi e femmine,100,2421,935,386.21821,1953,0.6188642,2.005
2,Valle d'Aosta/Vallée d'Aoste,Maschi e femmine,101,1486,554,372.85540,1209,0.6171721,1.953
2,Valle d'Aosta/Vallée d'Aoste,Maschi e femmine,102,932,372,398.72947,746,0.5910830,1.816
2,Valle d'Aosta/Vallée d'Aoste,Maschi e femmine,103,560,239,425.86041,441,0.5638224,1.689
2,Valle d'Aosta/Vallée d'Aoste,Maschi e femmine,104,322,146,454.14729,249,0.5355239,1.571
2,Valle d'Aosta/Vallée d'Aoste,Maschi e femmine,105,176,85,483.39856,133,0.5064000,1.461
2,Valle d'Aosta/Vallée d'Aoste,Maschi e femmine,106,91,47,513.34729,67,0.4767264,1.361
2,Valle d'Aosta/Vallée d'Aoste,Maschi e femmine,107,44,24,543.67084,32,0.4468170,1.269
2,Valle d'Aosta/Vallée d'Aoste,Maschi e femmine,108,20,12,574.02791,14,0.4169932,1.186
2,Valle d'Aosta/Vallée d'Aoste,Maschi e femmine,109,9,5,604.08554,6,0.3875611,1.111
2,Valle d'Aosta/Vallée d'Aoste,Maschi e femmine,110,3,2,633.53791,2,0.3587951,1.043
2,Valle d'Aosta/Vallée d'Aoste,Maschi e femmine,111,1,1,662.12659,1,0.3309234,0.983
2,Valle d'Aosta/Vallée d'Aoste,Maschi e femmine,112,0,0,689.64649,0,0.3041254,0.928
2,Valle d'Aosta/Vallée d'Aoste,Maschi e femmine,113,0,0,715.94253,0,0.2785345,0.880
2,Valle d'Aosta/Vallée d'Aoste,Maschi e femmine,114,0,0,740.90869,0,0.2542404,0.836
2,Valle d'Aosta/Vallée d'Aoste,Maschi e femmine,115,0,0,764.48251,0,0.2312942,0.797
2,Valle d'Aosta/Vallée d'Aoste,Maschi e femmine,116,0,0,786.63803,0,0.2097154,0.763
2,Valle d'Aosta/Vallée d'Aoste,Maschi e femmine,117,0,0,807.37580,0,0.1894990,0.732
2,Valle d'Aosta/Vallée d'Aoste,Maschi e femmine,118,0,0,826.72510,0,0.1706160,0.705
2,Valle d'Aosta/Vallée d'Aoste,Maschi e femmine,119,0,0,844.72871,0,0.1530241,0.680
2,Valle d'Aosta/Vallée d'Aoste,Maschi,0,100000,176,1.75773,99835,0.9997798,81.415
2,Valle d'Aosta/Vallée d'Aoste,Maschi,1,99824,23,0.23268,99813,0.9997607,80.558
2,Valle d'Aosta/Vallée d'Aoste,Maschi,2,99801,25,0.24590,99789,0.9997561,79.576
2,Valle d'Aosta/Vallée d'Aoste,Maschi,3,99776,24,0.24181,99764,0.9997645,78.596
2,Valle d'Aosta/Vallée d'Aoste,Maschi,4,99752,23,0.22911,99741,0.9997797,77.615
2,Valle d'Aosta/Vallée d'Aoste,Maschi,5,99729,21,0.21156,99719,0.9998023,76.632
2,Valle d'Aosta/Vallée d'Aoste,Maschi,6,99708,18,0.18374,99699,0.9998108,75.649
2,Valle d'Aosta/Vallée d'Aoste,Maschi,7,99690,19,0.19470,99680,0.9997973,74.662
2,Valle d'Aosta/Vallée d'Aoste,Maschi,8,99671,21,0.21073,99660,0.9997493,73.677
2,Valle d'Aosta/Vallée d'Aoste,Maschi,9,99650,29,0.29059,99635,0.9996722,72.692
2,Valle d'Aosta/Vallée d'Aoste,Maschi,10,99621,36,0.36499,99603,0.9996022,71.713
2,Valle d'Aosta/Vallée d'Aoste,Maschi,11,99584,43,0.43052,99563,0.9995858,70.739
2,Valle d'Aosta/Vallée d'Aoste,Maschi,12,99541,40,0.39796,99522,0.9996386,69.769
2,Valle d'Aosta/Vallée d'Aoste,Maschi,13,99502,32,0.32484,99486,0.9997325,68.797
2,Valle d'Aosta/Vallée d'Aoste,Maschi,14,99470,21,0.21011,99459,0.9998166,67.819
2,Valle d'Aosta/Vallée d'Aoste,Maschi,15,99449,16,0.15673,99441,0.9998642,66.833
2,Valle d'Aosta/Vallée d'Aoste,Maschi,16,99433,11,0.11489,99427,0.9998648,65.844
2,Valle d'Aosta/Vallée d'Aoste,Maschi,17,99422,15,0.15555,99414,0.9998354,64.851
2,Valle d'Aosta/Vallée d'Aoste,Maschi,18,99406,17,0.17360,99398,0.9997979,63.861
2,Valle d'Aosta/Vallée d'Aoste,Maschi,19,99389,23,0.23065,99377,0.9997340,62.872
2,Valle d'Aosta/Vallée d'Aoste,Maschi,20,99366,30,0.30131,99351,0.9995958,61.887
2,Valle d'Aosta/Vallée d'Aoste,Maschi,21,99336,50,0.50722,99311,0.9993832,60.905
2,Valle d'Aosta/Vallée d'Aoste,Maschi,22,99286,72,0.72651,99250,0.9991902,59.936
2,Valle d'Aosta/Vallée d'Aoste,Maschi,23,99214,89,0.89309,99169,0.9991448,58.979
2,Valle d'Aosta/Vallée d'Aoste,Maschi,24,99125,81,0.81718,99084,0.9992944,58.031
2,Valle d'Aosta/Vallée d'Aoste,Maschi,25,99044,59,0.59383,99014,0.9995541,57.078
2,Valle d'Aosta/Vallée d'Aoste,Maschi,26,98985,29,0.29794,98970,0.9997747,56.112
2,Valle d'Aosta/Vallée d'Aoste,Maschi,27,98956,15,0.15265,98948,0.9998710,55.129
2,Valle d'Aosta/Vallée d'Aoste,Maschi,28,98940,10,0.10534,98935,0.9998649,54.137
2,Valle d'Aosta/Vallée d'Aoste,Maschi,29,98930,16,0.16489,98922,0.9998354,53.143
2,Valle d'Aosta/Vallée d'Aoste,Maschi,30,98914,16,0.16427,98906,0.9997888,52.151
2,Valle d'Aosta/Vallée d'Aoste,Maschi,31,98898,26,0.25817,98885,0.9997010,51.160
2,Valle d'Aosta/Vallée d'Aoste,Maschi,32,98872,34,0.33989,98855,0.9995668,50.173
2,Valle d'Aosta/Vallée d'Aoste,Maschi,33,98838,52,0.52651,98812,0.9993818,49.190
2,Valle d'Aosta/Vallée d'Aoste,Maschi,34,98786,70,0.70989,98751,0.9991875,48.215
2,Valle d'Aosta/Vallée d'Aoste,Maschi,35,98716,90,0.91513,98671,0.9990658,47.249
2,Valle d'Aosta/Vallée d'Aoste,Maschi,36,98626,94,0.95334,98579,0.9990625,46.292
2,Valle d'Aosta/Vallée d'Aoste,Maschi,37,98532,91,0.92161,98486,0.9991607,45.336
2,Valle d'Aosta/Vallée d'Aoste,Maschi,38,98441,75,0.75697,98404,0.9993146,44.377
2,Valle d'Aosta/Vallée d'Aoste,Maschi,39,98367,60,0.61386,98336,0.9994143,43.410
2,Valle d'Aosta/Vallée d'Aoste,Maschi,40,98306,55,0.55742,98279,0.9993581,42.437
2,Valle d'Aosta/Vallée d'Aoste,Maschi,41,98251,71,0.72650,98216,0.9991050,41.460
2,Valle d'Aosta/Vallée d'Aoste,Maschi,42,98180,104,1.06368,98128,0.9987851,40.490
2,Valle d'Aosta/Vallée d'Aoste,Maschi,43,98076,134,1.36629,98009,0.9985172,39.532
2,Valle d'Aosta/Vallée d'Aoste,Maschi,44,97942,157,1.59956,97863,0.9984143,38.586
2,Valle d'Aosta/Vallée d'Aoste,Maschi,45,97785,154,1.57179,97708,0.9985178,37.647
2,Valle d'Aosta/Vallée d'Aoste,Maschi,46,97631,136,1.39255,97563,0.9986617,36.705
2,Valle d'Aosta/Vallée d'Aoste,Maschi,47,97495,125,1.28407,97433,0.9986046,35.756
2,Valle d'Aosta/Vallée d'Aoste,Maschi,48,97370,147,1.50688,97297,0.9981977,34.801
2,Valle d'Aosta/Vallée d'Aoste,Maschi,49,97223,204,2.09821,97121,0.9975031,33.853
2,Valle d'Aosta/Vallée d'Aoste,Maschi,50,97019,281,2.89644,96879,0.9967355,32.923
2,Valle d'Aosta/Vallée d'Aoste,Maschi,51,96738,352,3.63369,96563,0.9963088,32.017
2,Valle d'Aosta/Vallée d'Aoste,Maschi,52,96387,361,3.74895,96206,0.9963612,31.132
2,Valle d'Aosta/Vallée d'Aoste,Maschi,53,96025,339,3.52829,95856,0.9965267,30.247
2,Valle d'Aosta/Vallée d'Aoste,Maschi,54,95687,327,3.41804,95523,0.9963094,29.353
2,Valle d'Aosta/Vallée d'Aoste,Maschi,55,95360,378,3.96403,95171,0.9957174,28.452
2,Valle d'Aosta/Vallée d'Aoste,Maschi,56,94982,437,4.60252,94763,0.9951560,27.563
2,Valle d'Aosta/Vallée d'Aoste,Maschi,57,94544,481,5.08665,94304,0.9950773,26.688
2,Valle d'Aosta/Vallée d'Aoste,Maschi,58,94063,448,4.75793,93840,0.9953951,25.822
2,Valle d'Aosta/Vallée d'Aoste,Maschi,59,93616,417,4.45104,93408,0.9955753,24.943
2,Valle d'Aosta/Vallée d'Aoste,Maschi,60,93199,410,4.39824,92994,0.9951949,24.052
2,Valle d'Aosta/Vallée d'Aoste,Maschi,61,92789,484,5.21368,92547,0.9944455,23.156
2,Valle d'Aosta/Vallée d'Aoste,Maschi,62,92306,544,5.89709,92033,0.9937378,22.275
2,Valle d'Aosta/Vallée d'Aoste,Maschi,63,91761,608,6.62940,91457,0.9930419,21.404
2,Valle d'Aosta/Vallée d'Aoste,Maschi,64,91153,664,7.28894,90821,0.9921965,20.544
2,Valle d'Aosta/Vallée d'Aoste,Maschi,65,90488,753,8.32180,90112,0.9910699,19.691
2,Valle d'Aosta/Vallée d'Aoste,Maschi,66,89735,856,9.54355,89307,0.9897484,18.852
2,Valle d'Aosta/Vallée d'Aoste,Maschi,67,88879,975,10.96642,88392,0.9885386,18.029
2,Valle d'Aosta/Vallée d'Aoste,Maschi,68,87904,1051,11.96183,87379,0.9873563,17.223
2,Valle d'Aosta/Vallée d'Aoste,Maschi,69,86853,1158,13.33382,86274,0.9850216,16.426
2,Valle d'Aosta/Vallée d'Aoste,Maschi,70,85695,1426,16.64528,84982,0.9813818,15.641
2,Valle d'Aosta/Vallée d'Aoste,Maschi,71,84268,1738,20.62444,83399,0.9776162,14.897
2,Valle d'Aosta/Vallée d'Aoste,Maschi,72,82530,1996,24.18028,81533,0.9749781,14.200
2,Valle d'Aosta/Vallée d'Aoste,Maschi,73,80535,2085,25.88430,79492,0.9740583,13.540
2,Valle d'Aosta/Vallée d'Aoste,Maschi,74,78450,2040,26.00059,77430,0.9741819,12.886
2,Valle d'Aosta/Vallée d'Aoste,Maschi,75,76410,1958,25.63069,75431,0.9733098,12.217
2,Valle d'Aosta/Vallée d'Aoste,Maschi,76,74452,2068,27.77757,73418,0.9694261,11.525
2,Valle d'Aosta/Vallée d'Aoste,Maschi,77,72384,2421,33.45005,71173,0.9646906,10.840
2,Valle d'Aosta/Vallée d'Aoste,Maschi,78,69963,2605,37.23311,68660,0.9610784,10.198
2,Valle d'Aosta/Vallée d'Aoste,Maschi,79,67358,2740,40.67541,65988,0.9579540,9.573
2,Valle d'Aosta/Vallée d'Aoste,Maschi,80,64618,2809,43.47475,63213,0.9537446,8.958
2,Valle d'Aosta/Vallée d'Aoste,Maschi,81,61809,3039,49.16245,60289,0.9470513,8.342
2,Valle d'Aosta/Vallée d'Aoste,Maschi,82,58770,3346,56.93081,57097,0.9389265,7.748
2,Valle d'Aosta/Vallée d'Aoste,Maschi,83,55424,3628,65.46621,53610,0.9306719,7.185
2,Valle d'Aosta/Vallée d'Aoste,Maschi,84,51796,3805,73.46060,49893,0.9227907,6.654
2,Valle d'Aosta/Vallée d'Aoste,Maschi,85,47991,3900,81.25523,46041,0.9148820,6.142
2,Valle d'Aosta/Vallée d'Aoste,Maschi,86,44091,3938,89.32248,42122,0.9048942,5.640
2,Valle d'Aosta/Vallée d'Aoste,Maschi,87,40153,4074,101.45638,38116,0.8932752,5.145
2,Valle d'Aosta/Vallée d'Aoste,Maschi,88,36079,4062,112.58804,34048,0.8774108,4.669
2,Valle d'Aosta/Vallée d'Aoste,Maschi,89,32017,4286,133.85930,29874,0.8516789,4.198
2,Valle d'Aosta/Vallée d'Aoste,Maschi,90,27731,4576,165.01785,25443,0.8208865,3.770
2,Valle d'Aosta/Vallée d'Aoste,Maschi,91,23155,4538,195.99495,20886,0.7915584,3.416
2,Valle d'Aosta/Vallée d'Aoste,Maschi,92,18617,4169,223.92237,16533,0.7725433,3.127
2,Valle d'Aosta/Vallée d'Aoste,Maschi,93,14448,3352,232.01084,12772,0.7629217,2.884
2,Valle d'Aosta/Vallée d'Aoste,Maschi,94,11096,2704,243.67669,9744,0.7392221,2.605
2,Valle d'Aosta/Vallée d'Aoste,Maschi,95,8392,2378,283.38891,7203,0.6857880,2.283
2,Valle d'Aosta/Vallée d'Aoste,Maschi,96,6014,2148,357.22440,4940,0.6272629,1.988
2,Valle d'Aosta/Vallée d'Aoste,Maschi,97,3866,1534,396.87092,3099,0.5910882,1.815
2,Valle d'Aosta/Vallée d'Aoste,Maschi,98,2331,1000,428.87582,1832,0.5619385,1.680
2,Valle d'Aosta/Vallée d'Aoste,Maschi,99,1332,605,454.14510,1029,0.5357801,1.565
2,Valle d'Aosta/Vallée d'Aoste,Maschi,100,727,351,482.67677,551,0.5055543,1.452
2,Valle d'Aosta/Vallée d'Aoste,Maschi,101,376,194,517.19535,279,0.4714983,1.339
2,Valle d'Aosta/Vallée d'Aoste,Maschi,102,182,100,551.91988,131,0.4373749,1.238
2,Valle d'Aosta/Vallée d'Aoste,Maschi,103,81,48,586.51647,57,0.4035020,1.148
2,Valle d'Aosta/Vallée d'Aoste,Maschi,104,34,21,620.63819,23,0.3702048,1.067
2,Valle d'Aosta/Vallée d'Aoste,Maschi,105,13,8,653.93298,9,0.3378059,0.996
2,Valle d'Aosta/Vallée d'Aoste,Maschi,106,4,3,686.06558,3,0.3066101,0.932
2,Valle d'Aosta/Vallée d'Aoste,Maschi,107,1,1,716.72059,1,0.2768994,0.876
2,Valle d'Aosta/Vallée d'Aoste,Maschi,108,0,0,745.62264,0,0.2489201,0.826
2,Valle d'Aosta/Vallée d'Aoste,Maschi,109,0,0,772.53344,0,0.2228833,0.783
2,Valle d'Aosta/Vallée d'Aoste,Maschi,110,0,0,797.26595,0,0.1989554,0.746
2,Valle d'Aosta/Vallée d'Aoste,Maschi,111,0,0,819.68297,0,0.1772588,0.714
2,Valle d'Aosta/Vallée d'Aoste,Maschi,112,0,0,839.70134,0,0.1578696,0.686
2,Valle d'Aosta/Vallée d'Aoste,Maschi,113,0,0,857.28363,0,0.1408234,0.663
2,Valle d'Aosta/Vallée d'Aoste,Maschi,114,0,0,872.44012,0,0.1261142,0.644
2,Valle d'Aosta/Vallée d'Aoste,Maschi,115,0,0,885.21874,0,0.1137018,0.628
2,Valle d'Aosta/Vallée d'Aoste,Maschi,116,0,0,895.70303,0,0.1035133,0.615
2,Valle d'Aosta/Vallée d'Aoste,Maschi,117,0,0,904.00067,0,0.0954527,0.605
2,Valle d'Aosta/Vallée d'Aoste,Maschi,118,0,0,910.24111,0,0.0894027,0.598
2,Valle d'Aosta/Vallée d'Aoste,Maschi,119,0,0,914.56599,0,0.0852326,0.593
2,Valle d'Aosta/Vallée d'Aoste,Femmine,0,100000,467,4.66834,99561,0.9995934,85.101
2,Valle d'Aosta/Vallée d'Aoste,Femmine,1,99533,26,0.25995,99520,0.9997442,84.498
2,Valle d'Aosta/Vallée d'Aoste,Femmine,2,99507,25,0.25164,99495,0.9997505,83.520
2,Valle d'Aosta/Vallée d'Aoste,Femmine,3,99482,25,0.24741,99470,0.9997541,82.540
2,Valle d'Aosta/Vallée d'Aoste,Femmine,4,99458,24,0.24437,99445,0.9997567,81.561
2,Valle d'Aosta/Vallée d'Aoste,Femmine,5,99433,24,0.24216,99421,0.9997615,80.581
2,Valle d'Aosta/Vallée d'Aoste,Femmine,6,99409,23,0.23479,99398,0.9997710,79.600
2,Valle d'Aosta/Vallée d'Aoste,Femmine,7,99386,22,0.22328,99375,0.9997834,78.619
2,Valle d'Aosta/Vallée d'Aoste,Femmine,8,99364,21,0.20996,99353,0.9997965,77.636
2,Valle d'Aosta/Vallée d'Aoste,Femmine,9,99343,20,0.19709,99333,0.9998079,76.652
2,Valle d'Aosta/Vallée d'Aoste,Femmine,10,99323,19,0.18703,99314,0.9998170,75.667
2,Valle d'Aosta/Vallée d'Aoste,Femmine,11,99305,18,0.17897,99296,0.9998240,74.681
2,Valle d'Aosta/Vallée d'Aoste,Femmine,12,99287,17,0.17312,99278,0.9998289,73.695
2,Valle d'Aosta/Vallée d'Aoste,Femmine,13,99270,17,0.16915,99261,0.9998310,72.707
2,Valle d'Aosta/Vallée d'Aoste,Femmine,14,99253,17,0.16876,99245,0.9998319,71.719
2,Valle d'Aosta/Vallée d'Aoste,Femmine,15,99236,17,0.16750,99228,0.9998321,70.731
2,Valle d'Aosta/Vallée d'Aoste,Femmine,16,99220,17,0.16828,99211,0.9998313,69.743
2,Valle d'Aosta/Vallée d'Aoste,Femmine,17,99203,17,0.16922,99194,0.9998317,68.755
2,Valle d'Aosta/Vallée d'Aoste,Femmine,18,99186,17,0.16731,99178,0.9998317,67.766
2,Valle d'Aosta/Vallée d'Aoste,Femmine,19,99170,17,0.16926,99161,0.9998290,66.778
2,Valle d'Aosta/Vallée d'Aoste,Femmine,20,99153,17,0.17282,99144,0.9998279,65.789
2,Valle d'Aosta/Vallée d'Aoste,Femmine,21,99136,17,0.17138,99127,0.9998282,64.800
2,Valle d'Aosta/Vallée d'Aoste,Femmine,22,99119,17,0.17214,99110,0.9998282,63.811
2,Valle d'Aosta/Vallée d'Aoste,Femmine,23,99102,17,0.17138,99093,0.9998298,62.822
2,Valle d'Aosta/Vallée d'Aoste,Femmine,24,99085,17,0.16910,99076,0.9998299,61.833
2,Valle d'Aosta/Vallée d'Aoste,Femmine,25,99068,17,0.17116,99059,0.9998336,60.843
2,Valle d'Aosta/Vallée d'Aoste,Femmine,26,99051,16,0.16173,99043,0.9998345,59.854
2,Valle d'Aosta/Vallée d'Aoste,Femmine,27,99035,17,0.16928,99026,0.9998082,58.863
2,Valle d'Aosta/Vallée d'Aoste,Femmine,28,99018,21,0.21437,99007,0.9997408,57.873
2,Valle d'Aosta/Vallée d'Aoste,Femmine,29,98997,30,0.30400,98982,0.9996301,56.885
2,Valle d'Aosta/Vallée d'Aoste,Femmine,30,98967,43,0.43574,98945,0.9995186,55.902
2,Valle d'Aosta/Vallée d'Aoste,Femmine,31,98924,52,0.52715,98898,0.9994754,54.927
2,Valle d'Aosta/Vallée d'Aoste,Femmine,32,98871,52,0.52210,98846,0.9995252,53.955
2,Valle d'Aosta/Vallée d'Aoste,Femmine,33,98820,42,0.42756,98799,0.9996383,52.983
2,Valle d'Aosta/Vallée d'Aoste,Femmine,34,98778,29,0.29578,98763,0.9997591,52.006
2,Valle d'Aosta/Vallée d'Aoste,Femmine,35,98748,18,0.18595,98739,0.9998341,51.021
2,Valle d'Aosta/Vallée d'Aoste,Femmine,36,98730,14,0.14594,98723,0.9998610,50.030
2,Valle d'Aosta/Vallée d'Aoste,Femmine,37,98716,13,0.13213,98709,0.9998760,49.038
2,Valle d'Aosta/Vallée d'Aoste,Femmine,38,98703,11,0.11584,98697,0.9998585,48.044
2,Valle d'Aosta/Vallée d'Aoste,Femmine,39,98691,16,0.16714,98683,0.9997304,47.049
2,Valle d'Aosta/Vallée d'Aoste,Femmine,40,98675,37,0.37206,98656,0.9994633,46.057
2,Valle d'Aosta/Vallée d'Aoste,Femmine,41,98638,69,0.70135,98603,0.9991432,45.074
2,Valle d'Aosta/Vallée d'Aoste,Femmine,42,98569,100,1.01228,98519,0.9989070,44.105
2,Valle d'Aosta/Vallée d'Aoste,Femmine,43,98469,116,1.17384,98411,0.9988122,43.150
2,Valle d'Aosta/Vallée d'Aoste,Femmine,44,98353,118,1.20181,98294,0.9988369,42.200
2,Valle d'Aosta/Vallée d'Aoste,Femmine,45,98235,110,1.12440,98180,0.9988979,41.250
2,Valle d'Aosta/Vallée d'Aoste,Femmine,46,98125,106,1.07975,98072,0.9988906,40.296
2,Valle d'Aosta/Vallée d'Aoste,Femmine,47,98019,112,1.13902,97963,0.9987585,39.339
2,Valle d'Aosta/Vallée d'Aoste,Femmine,48,97907,132,1.34412,97841,0.9985240,38.383
2,Valle d'Aosta/Vallée d'Aoste,Femmine,49,97776,157,1.60802,97697,0.9982790,37.434
2,Valle d'Aosta/Vallée d'Aoste,Femmine,50,97618,179,1.83425,97529,0.9981631,36.494
2,Valle d'Aosta/Vallée d'Aoste,Femmine,51,97439,179,1.83958,97350,0.9983208,35.560
2,Valle d'Aosta/Vallée d'Aoste,Femmine,52,97260,148,1.51862,97186,0.9986321,34.624
2,Valle d'Aosta/Vallée d'Aoste,Femmine,53,97112,118,1.21693,97053,0.9987751,33.676
2,Valle d'Aosta/Vallée d'Aoste,Femmine,54,96994,120,1.23288,96934,0.9985782,32.717
2,Valle d'Aosta/Vallée d'Aoste,Femmine,55,96875,156,1.61088,96796,0.9981175,31.756
2,Valle d'Aosta/Vallée d'Aoste,Femmine,56,96718,208,2.15451,96614,0.9976478,30.807
2,Valle d'Aosta/Vallée d'Aoste,Femmine,57,96510,246,2.55029,96387,0.9972804,29.872
2,Valle d'Aosta/Vallée d'Aoste,Femmine,58,96264,278,2.88941,96125,0.9969406,28.947
2,Valle d'Aosta/Vallée d'Aoste,Femmine,59,95986,310,3.22984,95831,0.9965323,28.030
2,Valle d'Aosta/Vallée d'Aoste,Femmine,60,95676,355,3.70638,95498,0.9960607,27.119
2,Valle d'Aosta/Vallée d'Aoste,Femmine,61,95321,398,4.17304,95122,0.9956660,26.218
2,Valle d'Aosta/Vallée d'Aoste,Femmine,62,94923,427,4.49569,94710,0.9955201,25.326
2,Valle d'Aosta/Vallée d'Aoste,Femmine,63,94497,422,4.46408,94286,0.9956239,24.438
2,Valle d'Aosta/Vallée d'Aoste,Femmine,64,94075,403,4.28776,93873,0.9958036,23.545
2,Valle d'Aosta/Vallée d'Aoste,Femmine,65,93671,384,4.10456,93479,0.9957500,22.645
2,Valle d'Aosta/Vallée d'Aoste,Femmine,66,93287,410,4.39604,93082,0.9951111,21.736
2,Valle d'Aosta/Vallée d'Aoste,Femmine,67,92877,500,5.38394,92627,0.9939207,20.830
2,Valle d'Aosta/Vallée d'Aoste,Femmine,68,92377,626,6.77848,92064,0.9925122,19.940
2,Valle d'Aosta/Vallée d'Aoste,Femmine,69,91751,753,8.20195,91374,0.9912352,19.072
2,Valle d'Aosta/Vallée d'Aoste,Femmine,70,90998,849,9.33222,90574,0.9903250,18.226
2,Valle d'Aosta/Vallée d'Aoste,Femmine,71,90149,903,10.02102,89697,0.9899508,17.393
2,Valle d'Aosta/Vallée d'Aoste,Femmine,72,89246,899,10.07766,88796,0.9893913,16.564
2,Valle d'Aosta/Vallée d'Aoste,Femmine,73,88346,985,11.14516,87854,0.9882786,15.727
2,Valle d'Aosta/Vallée d'Aoste,Femmine,74,87362,1075,12.30414,86824,0.9863300,14.899
2,Valle d'Aosta/Vallée d'Aoste,Femmine,75,86287,1299,15.05287,85637,0.9833195,14.078
2,Valle d'Aosta/Vallée d'Aoste,Femmine,76,84988,1558,18.33299,84209,0.9791906,13.286
2,Valle d'Aosta/Vallée d'Aoste,Femmine,77,83430,1947,23.33215,82456,0.9741603,12.525
2,Valle d'Aosta/Vallée d'Aoste,Femmine,78,81483,2315,28.40720,80326,0.9695511,11.812
2,Valle d'Aosta/Vallée d'Aoste,Femmine,79,79168,2577,32.55034,77880,0.9661285,11.143
2,Valle d'Aosta/Vallée d'Aoste,Femmine,80,76591,2699,35.23701,75242,0.9622074,10.501
2,Valle d'Aosta/Vallée d'Aoste,Femmine,81,73893,2988,40.44148,72398,0.9580603,9.866
2,Valle d'Aosta/Vallée d'Aoste,Femmine,82,70904,3084,43.50108,69362,0.9551353,9.261
2,Valle d'Aosta/Vallée d'Aoste,Femmine,83,67820,3139,46.29031,66250,0.9508889,8.659
2,Valle d'Aosta/Vallée d'Aoste,Femmine,84,64680,3368,52.06879,62997,0.9447761,8.055
2,Valle d'Aosta/Vallée d'Aoste,Femmine,85,61313,3590,58.55233,59518,0.9354662,7.470
2,Valle d'Aosta/Vallée d'Aoste,Femmine,86,57723,4092,70.88732,55677,0.9219989,6.904
2,Valle d'Aosta/Vallée d'Aoste,Femmine,87,53631,4594,85.65764,51334,0.9078264,6.392
2,Valle d'Aosta/Vallée d'Aoste,Femmine,88,49037,4869,99.30009,46602,0.8965573,5.944
2,Valle d'Aosta/Vallée d'Aoste,Femmine,89,44168,4772,108.04194,41782,0.8875367,5.545
2,Valle d'Aosta/Vallée d'Aoste,Femmine,90,39396,4626,117.42015,37083,0.8760079,5.156
2,Valle d'Aosta/Vallée d'Aoste,Femmine,91,34770,4570,131.43840,32485,0.8620916,4.775
2,Valle d'Aosta/Vallée d'Aoste,Femmine,92,30200,4390,145.35741,28005,0.8470910,4.422
2,Valle d'Aosta/Vallée d'Aoste,Femmine,93,25810,4175,161.74500,23723,0.8364016,4.089
2,Valle d'Aosta/Vallée d'Aoste,Femmine,94,21635,3587,165.80951,19842,0.8305462,3.782
2,Valle d'Aosta/Vallée d'Aoste,Femmine,95,18048,3137,173.82243,16479,0.8156324,3.434
2,Valle d'Aosta/Vallée d'Aoste,Femmine,96,14911,2939,197.13145,13441,0.7816814,3.051
2,Valle d'Aosta/Vallée d'Aoste,Femmine,97,11971,2930,244.70787,10507,0.7308662,2.677
2,Valle d'Aosta/Vallée d'Aoste,Femmine,98,9042,2726,301.47351,7679,0.6795242,2.383
2,Valle d'Aosta/Vallée d'Aoste,Femmine,99,6316,2196,347.67911,5218,0.6437016,2.196
2,Valle d'Aosta/Vallée d'Aoste,Femmine,100,4120,1522,369.51177,3359,0.6368690,2.099
2,Valle d'Aosta/Vallée d'Aoste,Femmine,101,2598,917,353.01057,2139,0.6351713,2.037
2,Valle d'Aosta/Vallée d'Aoste,Femmine,102,1681,644,383.09506,1359,0.6051102,1.875
2,Valle d'Aosta/Vallée d'Aoste,Femmine,103,1037,429,414.00910,822,0.5743487,1.729
2,Valle d'Aosta/Vallée d'Aoste,Femmine,104,608,271,445.51890,472,0.5431183,1.597
2,Valle d'Aosta/Vallée d'Aoste,Femmine,105,337,161,477.37437,256,0.5116609,1.478
2,Valle d'Aosta/Vallée d'Aoste,Femmine,106,176,90,509.31909,131,0.4802217,1.371
2,Valle d'Aosta/Vallée d'Aoste,Femmine,107,86,47,541.09400,63,0.4490421,1.275
2,Valle d'Aosta/Vallée d'Aoste,Femmine,108,40,23,572.45227,28,0.4183493,1.190
2,Valle d'Aosta/Vallée d'Aoste,Femmine,109,17,10,603.16522,12,0.3883519,1.113
2,Valle d'Aosta/Vallée d'Aoste,Femmine,110,7,4,633.02452,5,0.3592363,1.044
2,Valle d'Aosta/Vallée d'Aoste,Femmine,111,2,2,661.85298,2,0.3311589,0.983
2,Valle d'Aosta/Vallée d'Aoste,Femmine,112,1,1,689.50701,1,0.3042458,0.928
2,Valle d'Aosta/Vallée d'Aoste,Femmine,113,0,0,715.87436,0,0.2785936,0.880
2,Valle d'Aosta/Vallée d'Aoste,Femmine,114,0,0,740.87663,0,0.2542684,0.836
2,Valle d'Aosta/Vallée d'Aoste,Femmine,115,0,0,764.46790,0,0.2313070,0.797
2,Valle d'Aosta/Vallée d'Aoste,Femmine,116,0,0,786.63155,0,0.2097211,0.763
2,Valle d'Aosta/Vallée d'Aoste,Femmine,117,0,0,807.37296,0,0.1895016,0.732
2,Valle d'Aosta/Vallée d'Aoste,Femmine,118,0,0,826.72387,0,0.1706172,0.704
2,Valle d'Aosta/Vallée d'Aoste,Femmine,119,0,0,844.72817,0,0.1530246,0.680
3,Lombardia,Maschi e femmine,0,100000,252,2.51560,99763,0.9997627,83.823
3,Lombardia,Maschi e femmine,1,99748,18,0.17711,99740,0.9998495,83.034
3,Lombardia,Maschi e femmine,2,99731,12,0.12389,99725,0.9998931,82.048
3,Lombardia,Maschi e femmine,3,99718,9,0.08987,99714,0.9999197,81.058
3,Lombardia,Maschi e femmine,4,99709,7,0.07063,99706,0.9999311,80.066
3,Lombardia,Maschi e femmine,5,99702,7,0.06723,99699,0.9999317,79.071
3,Lombardia,Maschi e femmine,6,99696,7,0.06942,99692,0.9999300,78.076
3,Lombardia,Maschi e femmine,7,99689,7,0.07064,99685,0.9999316,77.082
3,Lombardia,Maschi e femmine,8,99682,7,0.06622,99678,0.9999352,76.087
3,Lombardia,Maschi e femmine,9,99675,6,0.06337,99672,0.9999369,75.092
3,Lombardia,Maschi e femmine,10,99669,6,0.06291,99666,0.9999332,74.097
3,Lombardia,Maschi e femmine,11,99663,7,0.07068,99659,0.9999218,73.102
3,Lombardia,Maschi e femmine,12,99656,9,0.08567,99651,0.9999031,72.107
3,Lombardia,Maschi e femmine,13,99647,11,0.10816,99642,0.9998766,71.113
3,Lombardia,Maschi e femmine,14,99636,14,0.13870,99629,0.9998465,70.121
3,Lombardia,Maschi e femmine,15,99622,17,0.16821,99614,0.9998201,69.130
3,Lombardia,Maschi e femmine,16,99606,19,0.19161,99596,0.9998005,68.142
3,Lombardia,Maschi e femmine,17,99587,21,0.20744,99576,0.9997903,67.155
3,Lombardia,Maschi e femmine,18,99566,21,0.21196,99555,0.9997894,66.168
3,Lombardia,Maschi e femmine,19,99545,21,0.20932,99534,0.9997858,65.182
3,Lombardia,Maschi e femmine,20,99524,22,0.21917,99513,0.9997816,64.196
3,Lombardia,Maschi e femmine,21,99502,22,0.21757,99491,0.9997775,63.210
3,Lombardia,Maschi e femmine,22,99480,23,0.22734,99469,0.9997664,62.224
3,Lombardia,Maschi e femmine,23,99458,24,0.23981,99446,0.9997589,61.238
3,Lombardia,Maschi e femmine,24,99434,24,0.24233,99422,0.9997565,60.252
3,Lombardia,Maschi e femmine,25,99410,24,0.24471,99398,0.9997453,59.267
3,Lombardia,Maschi e femmine,26,99386,26,0.26478,99372,0.9997312,58.281
3,Lombardia,Maschi e femmine,27,99359,27,0.27273,99346,0.9997178,57.296
3,Lombardia,Maschi e femmine,28,99332,29,0.29166,99318,0.9997001,56.312
3,Lombardia,Maschi e femmine,29,99303,31,0.30805,99288,0.9996902,55.328
3,Lombardia,Maschi e femmine,30,99273,31,0.31164,99257,0.9996819,54.345
3,Lombardia,Maschi e femmine,31,99242,32,0.32450,99226,0.9996702,53.362
3,Lombardia,Maschi e femmine,32,99209,33,0.33515,99193,0.9996588,52.379
3,Lombardia,Maschi e femmine,33,99176,34,0.34718,99159,0.9996457,51.396
3,Lombardia,Maschi e femmine,34,99142,36,0.36150,99124,0.9996272,50.414
3,Lombardia,Maschi e femmine,35,99106,38,0.38416,99087,0.9995969,49.432
3,Lombardia,Maschi e femmine,36,99068,42,0.42209,99047,0.9995486,48.451
3,Lombardia,Maschi e femmine,37,99026,48,0.48071,99002,0.9994883,47.471
3,Lombardia,Maschi e femmine,38,98978,54,0.54273,98952,0.9994200,46.494
3,Lombardia,Maschi e femmine,39,98925,61,0.61729,98894,0.9993509,45.519
3,Lombardia,Maschi e femmine,40,98864,67,0.68088,98830,0.9992785,44.547
3,Lombardia,Maschi e femmine,41,98796,75,0.76216,98759,0.9992000,43.577
3,Lombardia,Maschi e femmine,42,98721,83,0.83790,98680,0.9991242,42.609
3,Lombardia,Maschi e femmine,43,98638,90,0.91366,98593,0.9990514,41.645
3,Lombardia,Maschi e femmine,44,98548,97,0.98362,98500,0.9989635,40.682
3,Lombardia,Maschi e femmine,45,98451,107,1.08938,98398,0.9988631,39.722
3,Lombardia,Maschi e femmine,46,98344,116,1.18438,98286,0.9987690,38.765
3,Lombardia,Maschi e femmine,47,98228,126,1.27770,98165,0.9986655,37.810
3,Lombardia,Maschi e femmine,48,98102,137,1.39142,98034,0.9985469,36.858
3,Lombardia,Maschi e femmine,49,97966,148,1.51478,97891,0.9984045,35.908
3,Lombardia,Maschi e femmine,50,97817,164,1.67640,97735,0.9982318,34.962
3,Lombardia,Maschi e femmine,51,97653,182,1.86013,97562,0.9980522,34.020
3,Lombardia,Maschi e femmine,52,97472,198,2.03567,97372,0.9978985,33.082
3,Lombardia,Maschi e femmine,53,97273,211,2.16743,97168,0.9977268,32.149
3,Lombardia,Maschi e femmine,54,97062,231,2.37916,96947,0.9975090,31.218
3,Lombardia,Maschi e femmine,55,96831,252,2.60320,96705,0.9972215,30.291
3,Lombardia,Maschi e femmine,56,96579,285,2.95427,96437,0.9968622,29.369
3,Lombardia,Maschi e femmine,57,96294,320,3.32179,96134,0.9965077,28.454
3,Lombardia,Maschi e femmine,58,95974,352,3.66345,95798,0.9961993,27.547
3,Lombardia,Maschi e femmine,59,95622,377,3.93849,95434,0.9958928,26.647
3,Lombardia,Maschi e femmine,60,95246,407,4.27656,95042,0.9954934,25.750
3,Lombardia,Maschi e femmine,61,94839,449,4.73754,94614,0.9949715,24.859
3,Lombardia,Maschi e femmine,62,94389,502,5.32081,94138,0.9943841,23.975
3,Lombardia,Maschi e femmine,63,93887,555,5.91259,93609,0.9937887,23.100
3,Lombardia,Maschi e femmine,64,93332,608,6.51169,93028,0.9931346,22.235
3,Lombardia,Maschi e femmine,65,92724,670,7.22152,92389,0.9924301,21.377
3,Lombardia,Maschi e femmine,66,92055,729,7.92074,91690,0.9916702,20.529
3,Lombardia,Maschi e femmine,67,91325,798,8.74221,90926,0.9907863,19.689
3,Lombardia,Maschi e femmine,68,90527,877,9.68926,90088,0.9897745,18.858
3,Lombardia,Maschi e femmine,69,89650,965,10.76708,89167,0.9885977,18.038
3,Lombardia,Maschi e femmine,70,88685,1068,12.04453,88151,0.9872307,17.229
3,Lombardia,Maschi e femmine,71,87616,1183,13.50298,87025,0.9857086,16.433
3,Lombardia,Maschi e femmine,72,86433,1304,15.09068,85781,0.9841707,15.651
3,Lombardia,Maschi e femmine,73,85129,1411,16.57925,84423,0.9825055,14.883
3,Lombardia,Maschi e femmine,74,83718,1543,18.42513,82946,0.9807069,14.125
3,Lombardia,Maschi e femmine,75,82175,1658,20.17731,81346,0.9787423,13.381
3,Lombardia,Maschi e femmine,76,80517,1800,22.36043,79617,0.9763074,12.646
3,Lombardia,Maschi e femmine,77,78717,1972,25.05530,77731,0.9732494,11.924
3,Lombardia,Maschi e femmine,78,76744,2186,28.48953,75651,0.9698274,11.218
3,Lombardia,Maschi e femmine,79,74558,2379,31.90497,73369,0.9654730,10.532
3,Lombardia,Maschi e femmine,80,72179,2688,37.23551,70835,0.9602340,9.863
3,Lombardia,Maschi e femmine,81,69492,2946,42.39437,68019,0.9548157,9.225
3,Lombardia,Maschi e femmine,82,66546,3201,48.09782,64945,0.9488608,8.611
3,Lombardia,Maschi e femmine,83,63345,3442,54.33430,61624,0.9429730,8.021
3,Lombardia,Maschi e femmine,84,59903,3587,59.87446,58110,0.9363900,7.453
3,Lombardia,Maschi e femmine,85,56316,3806,67.58338,54413,0.9272863,6.896
3,Lombardia,Maschi e femmine,86,52510,4107,78.21578,50457,0.9162911,6.359
3,Lombardia,Maschi e femmine,87,48403,4340,89.66820,46233,0.9031916,5.856
3,Lombardia,Maschi e femmine,88,44063,4611,104.65181,41757,0.8877517,5.384
3,Lombardia,Maschi e femmine,89,39452,4763,120.73267,37070,0.8716069,4.955
3,Lombardia,Maschi e femmine,90,34689,4756,137.10536,32311,0.8548885,4.567
3,Lombardia,Maschi e femmine,91,29933,4621,154.38982,27622,0.8383164,4.213
3,Lombardia,Maschi e femmine,92,25311,4311,170.30898,23156,0.8215961,3.891
3,Lombardia,Maschi e femmine,93,21001,3951,188.16054,19025,0.8028046,3.587
3,Lombardia,Maschi e femmine,94,17049,3552,208.32434,15273,0.7818324,3.302
3,Lombardia,Maschi e femmine,95,13497,3113,230.60098,11941,0.7609758,3.039
3,Lombardia,Maschi e femmine,96,10385,2596,249.97189,9087,0.7386435,2.800
3,Lombardia,Maschi e femmine,97,7789,2154,276.53543,6712,0.7115853,2.567
3,Lombardia,Maschi e femmine,98,5635,1718,304.83466,4776,0.6836751,2.357
3,Lombardia,Maschi e femmine,99,3917,1304,332.85377,3265,0.6559902,2.171
3,Lombardia,Maschi e femmine,100,2613,943,360.73189,2142,0.6290345,2.005
3,Lombardia,Maschi e femmine,101,1671,647,386.97391,1347,0.6011638,1.854
3,Lombardia,Maschi e femmine,102,1024,428,418.18652,810,0.5700992,1.709
3,Lombardia,Maschi e femmine,103,596,268,450.03484,462,0.5385300,1.578
3,Lombardia,Maschi e femmine,104,328,158,482.26253,249,0.5067061,1.460
3,Lombardia,Maschi e femmine,105,170,87,514.60089,126,0.4748831,1.353
3,Lombardia,Maschi e femmine,106,82,45,546.78161,60,0.4433137,1.258
3,Lombardia,Maschi e femmine,107,37,22,578.54040,27,0.4122407,1.173
3,Lombardia,Maschi e femmine,108,16,10,609.63291,11,0.3818863,1.097
3,Lombardia,Maschi e femmine,109,6,4,639.83900,4,0.3524483,1.029
3,Lombardia,Maschi e femmine,110,2,1,668.96615,1,0.3240971,0.968
3,Lombardia,Maschi e femmine,111,1,1,696.85760,0,0.2969694,0.914
3,Lombardia,Maschi e femmine,112,0,0,723.39399,0,0.2711686,0.866
3,Lombardia,Maschi e femmine,113,0,0,748.48887,0,0.2467682,0.823
3,Lombardia,Maschi e femmine,114,0,0,772.08974,0,0.2238111,0.785
3,Lombardia,Maschi e femmine,115,0,0,794.17461,0,0.2023137,0.751
3,Lombardia,Maschi e femmine,116,0,0,814.74776,0,0.1822695,0.721
3,Lombardia,Maschi e femmine,117,0,0,833.83138,0,0.1636553,0.695
3,Lombardia,Maschi e femmine,118,0,0,851.46955,0,0.1464296,0.671
3,Lombardia,Maschi e femmine,119,0,0,867.71437,0,0.1305427,0.650
3,Lombardia,Maschi,0,100000,271,2.71490,99745,0.9997580,81.877
3,Lombardia,Maschi,1,99729,16,0.16294,99720,0.9998536,81.099
3,Lombardia,Maschi,2,99712,13,0.12978,99706,0.9998815,80.112
3,Lombardia,Maschi,3,99699,11,0.10729,99694,0.9998998,79.122
3,Lombardia,Maschi,4,99689,9,0.09319,99684,0.9999087,78.131
3,Lombardia,Maschi,5,99679,9,0.08936,99675,0.9999125,77.138
3,Lombardia,Maschi,6,99670,9,0.08563,99666,0.9999171,76.145
3,Lombardia,Maschi,7,99662,8,0.08015,99658,0.9999257,75.151
3,Lombardia,Maschi,8,99654,7,0.06846,99650,0.9999354,74.157
3,Lombardia,Maschi,9,99647,6,0.06067,99644,0.9999399,73.162
3,Lombardia,Maschi,10,99641,6,0.05957,99638,0.9999347,72.167
3,Lombardia,Maschi,11,99635,7,0.07100,99632,0.9999201,71.171
3,Lombardia,Maschi,12,99628,9,0.08887,99624,0.9998978,70.176
3,Lombardia,Maschi,13,99619,12,0.11552,99613,0.9998623,69.182
3,Lombardia,Maschi,14,99608,16,0.15978,99600,0.9998170,68.190
3,Lombardia,Maschi,15,99592,21,0.20615,99581,0.9997752,67.201
3,Lombardia,Maschi,16,99571,24,0.24350,99559,0.9997440,66.215
3,Lombardia,Maschi,17,99547,27,0.26840,99534,0.9997252,65.231
3,Lombardia,Maschi,18,99520,28,0.28122,99506,0.9997185,64.248
3,Lombardia,Maschi,19,99492,28,0.28174,99478,0.9997021,63.266
3,Lombardia,Maschi,20,99464,31,0.31405,99449,0.9996797,62.284
3,Lombardia,Maschi,21,99433,32,0.32646,99417,0.9996617,61.303
3,Lombardia,Maschi,22,99401,35,0.35006,99383,0.9996471,60.323
3,Lombardia,Maschi,23,99366,35,0.35574,99348,0.9996494,59.344
3,Lombardia,Maschi,24,99330,34,0.34537,99313,0.9996575,58.365
3,Lombardia,Maschi,25,99296,34,0.33953,99279,0.9996424,57.385
3,Lombardia,Maschi,26,99262,37,0.37558,99244,0.9996174,56.404
3,Lombardia,Maschi,27,99225,39,0.38966,99206,0.9995970,55.425
3,Lombardia,Maschi,28,99186,41,0.41635,99166,0.9995788,54.447
3,Lombardia,Maschi,29,99145,42,0.42605,99124,0.9995792,53.469
3,Lombardia,Maschi,30,99103,41,0.41553,99082,0.9995772,52.492
3,Lombardia,Maschi,31,99062,43,0.43003,99040,0.9995609,51.513
3,Lombardia,Maschi,32,99019,44,0.44824,98997,0.9995425,50.535
3,Lombardia,Maschi,33,98975,46,0.46680,98952,0.9995310,49.558
3,Lombardia,Maschi,34,98929,47,0.47121,98905,0.9995187,48.581
3,Lombardia,Maschi,35,98882,49,0.49130,98858,0.9994856,47.603
3,Lombardia,Maschi,36,98833,53,0.53751,98807,0.9994290,46.626
3,Lombardia,Maschi,37,98780,60,0.60448,98750,0.9993632,45.651
3,Lombardia,Maschi,38,98720,66,0.66906,98687,0.9992879,44.679
3,Lombardia,Maschi,39,98654,75,0.75518,98617,0.9992095,43.708
3,Lombardia,Maschi,40,98580,81,0.82591,98539,0.9991232,42.741
3,Lombardia,Maschi,41,98499,91,0.92782,98453,0.9990181,41.776
3,Lombardia,Maschi,42,98407,102,1.03613,98356,0.9989132,40.814
3,Lombardia,Maschi,43,98305,112,1.13748,98249,0.9988295,39.856
3,Lombardia,Maschi,44,98193,118,1.20364,98134,0.9987372,38.901
3,Lombardia,Maschi,45,98075,130,1.32194,98010,0.9986300,37.947
3,Lombardia,Maschi,46,97946,139,1.41814,97876,0.9985355,36.997
3,Lombardia,Maschi,47,97807,148,1.51087,97733,0.9984146,36.048
3,Lombardia,Maschi,48,97659,162,1.66013,97578,0.9982496,35.102
3,Lombardia,Maschi,49,97497,179,1.84080,97407,0.9980490,34.160
3,Lombardia,Maschi,50,97317,201,2.06130,97217,0.9977938,33.222
3,Lombardia,Maschi,51,97117,228,2.35134,97002,0.9975280,32.289
3,Lombardia,Maschi,52,96888,251,2.59298,96763,0.9973217,31.364
3,Lombardia,Maschi,53,96637,267,2.76377,96504,0.9971234,30.445
3,Lombardia,Maschi,54,96370,288,2.98982,96226,0.9968867,29.528
3,Lombardia,Maschi,55,96082,311,3.23722,95926,0.9965438,28.615
3,Lombardia,Maschi,56,95771,352,3.67592,95595,0.9960803,27.706
3,Lombardia,Maschi,57,95419,397,4.16445,95220,0.9956603,26.806
3,Lombardia,Maschi,58,95021,429,4.51578,94807,0.9952966,25.916
3,Lombardia,Maschi,59,94592,463,4.89185,94361,0.9948841,25.032
3,Lombardia,Maschi,60,94130,503,5.34112,93878,0.9943307,24.152
3,Lombardia,Maschi,61,93627,562,5.99918,93346,0.9936304,23.279
3,Lombardia,Maschi,62,93065,627,6.74221,92751,0.9929309,22.417
3,Lombardia,Maschi,63,92438,684,7.39823,92096,0.9922904,21.565
3,Lombardia,Maschi,64,91754,736,8.02331,91386,0.9915077,20.722
3,Lombardia,Maschi,65,91018,816,8.96511,90610,0.9905434,19.886
3,Lombardia,Maschi,66,90202,898,9.95248,89753,0.9894172,19.061
3,Lombardia,Maschi,67,89304,1002,11.21950,88803,0.9881370,18.248
3,Lombardia,Maschi,68,88302,1105,12.51385,87749,0.9868486,17.449
3,Lombardia,Maschi,69,87197,1203,13.79704,86595,0.9854135,16.664
3,Lombardia,Maschi,70,85994,1323,15.38699,85332,0.9836330,15.890
3,Lombardia,Maschi,71,84671,1470,17.36226,83936,0.9816458,15.131
3,Lombardia,Maschi,72,83201,1611,19.36374,82395,0.9797345,14.389
3,Lombardia,Maschi,73,81590,1728,21.18498,80725,0.9777667,13.664
3,Lombardia,Maschi,74,79861,1861,23.30436,78931,0.9757396,12.948
3,Lombardia,Maschi,75,78000,1969,25.23924,77016,0.9735168,12.245
3,Lombardia,Maschi,76,76031,2111,27.75942,74976,0.9705045,11.550
3,Lombardia,Maschi,77,73921,2312,31.28114,72765,0.9666223,10.865
3,Lombardia,Maschi,78,71608,2545,35.54203,70336,0.9622349,10.200
3,Lombardia,Maschi,79,69063,2767,40.07003,67680,0.9565389,9.557
3,Lombardia,Maschi,80,66296,3115,46.99381,64738,0.9499435,8.935
3,Lombardia,Maschi,81,63180,3366,53.27012,61498,0.9433702,8.351
3,Lombardia,Maschi,82,59815,3600,60.17854,58015,0.9364382,7.793
3,Lombardia,Maschi,83,56215,3776,67.16174,54327,0.9300326,7.260
3,Lombardia,Maschi,84,52440,3827,72.97505,50526,0.9231273,6.747
3,Lombardia,Maschi,85,48613,3941,81.07707,46642,0.9132771,6.238
3,Lombardia,Maschi,86,44672,4149,92.86677,42597,0.9010134,5.745
3,Lombardia,Maschi,87,40523,4285,105.73289,38381,0.8864906,5.282
3,Lombardia,Maschi,88,36238,4429,122.20535,34024,0.8687283,4.847
3,Lombardia,Maschi,89,31810,4504,141.60028,29558,0.8493458,4.452
3,Lombardia,Maschi,90,27306,4402,161.20171,25105,0.8295662,4.104
3,Lombardia,Maschi,91,22904,4156,181.44016,20826,0.8112469,3.797
3,Lombardia,Maschi,92,18748,3706,197.68697,16895,0.7958100,3.528
3,Lombardia,Maschi,93,15042,3193,212.29545,13445,0.7786861,3.274
3,Lombardia,Maschi,94,11849,2758,232.76287,10470,0.7573904,3.021
3,Lombardia,Maschi,95,9091,2322,255.44361,7930,0.7372280,2.786
3,Lombardia,Maschi,96,6769,1845,272.61463,5846,0.7144803,2.570
3,Lombardia,Maschi,97,4923,1493,303.26148,4177,0.6830829,2.346
3,Lombardia,Maschi,98,3430,1154,336.51637,2853,0.6515003,2.150
3,Lombardia,Maschi,99,2276,834,366.56090,1859,0.6228093,1.987
3,Lombardia,Maschi,100,1442,568,393.97174,1158,0.5985729,1.847
3,Lombardia,Maschi,101,874,361,413.72901,693,0.5741252,1.723
3,Lombardia,Maschi,102,512,229,446.59181,398,0.5414879,1.586
3,Lombardia,Maschi,103,283,136,480.05198,215,0.5083930,1.463
3,Lombardia,Maschi,104,147,76,513.83053,110,0.4751124,1.352
3,Lombardia,Maschi,105,72,39,547.63096,52,0.4419266,1.252
3,Lombardia,Maschi,106,32,19,581.15734,23,0.4091129,1.163
3,Lombardia,Maschi,107,14,8,614.11729,9,0.3769385,1.084
3,Lombardia,Maschi,108,5,3,646.24006,4,0.3456498,1.013
3,Lombardia,Maschi,109,2,1,677.27559,1,0.3154700,0.950
3,Lombardia,Maschi,110,1,0,707.00860,0,0.2865897,0.894
3,Lombardia,Maschi,111,0,0,735.25967,0,0.2591657,0.844
3,Lombardia,Maschi,112,0,0,761.89131,0,0.2333177,0.800
3,Lombardia,Maschi,113,0,0,786.80308,0,0.2091318,0.762
3,Lombardia,Maschi,114,0,0,809.93561,0,0.1866581,0.728
3,Lombardia,Maschi,115,0,0,831.26370,0,0.1659163,0.698
3,Lombardia,Maschi,116,0,0,850.79632,0,0.1468964,0.671
3,Lombardia,Maschi,117,0,0,868.56767,0,0.1295657,0.648
3,Lombardia,Maschi,118,0,0,884.63618,0,0.1138702,0.628
3,Lombardia,Maschi,119,0,0,899.07650,0,0.0997409,0.611
3,Lombardia,Femmine,0,100000,231,2.30542,99783,0.9997677,85.863
3,Lombardia,Femmine,1,99769,19,0.19205,99760,0.9998451,85.060
3,Lombardia,Femmine,2,99750,12,0.11767,99744,0.9999054,84.077
3,Lombardia,Femmine,3,99739,7,0.07150,99735,0.9999408,83.087
3,Lombardia,Femmine,4,99731,5,0.04685,99729,0.9999546,82.092
3,Lombardia,Femmine,5,99727,4,0.04390,99725,0.9999519,81.096
3,Lombardia,Femmine,6,99722,5,0.05233,99720,0.9999435,80.100
3,Lombardia,Femmine,7,99717,6,0.06061,99714,0.9999378,79.104
3,Lombardia,Femmine,8,99711,6,0.06385,99708,0.9999350,78.109
3,Lombardia,Femmine,9,99705,7,0.06621,99701,0.9999337,77.114
3,Lombardia,Femmine,10,99698,7,0.06643,99695,0.9999316,76.119
3,Lombardia,Femmine,11,99692,7,0.07033,99688,0.9999237,75.124
3,Lombardia,Femmine,12,99685,8,0.08230,99680,0.9999086,74.129
3,Lombardia,Femmine,13,99676,10,0.10041,99671,0.9998916,73.135
3,Lombardia,Femmine,14,99666,12,0.11647,99660,0.9998777,72.142
3,Lombardia,Femmine,15,99655,13,0.12821,99648,0.9998674,71.151
3,Lombardia,Femmine,16,99642,14,0.13691,99635,0.9998600,70.160
3,Lombardia,Femmine,17,99628,14,0.14318,99621,0.9998589,69.169
3,Lombardia,Femmine,18,99614,14,0.13895,99607,0.9998640,68.179
3,Lombardia,Femmine,19,99600,13,0.13301,99594,0.9998739,67.189
3,Lombardia,Femmine,20,99587,12,0.11922,99581,0.9998890,66.197
3,Lombardia,Femmine,21,99575,10,0.10287,99570,0.9998995,65.205
3,Lombardia,Femmine,22,99565,10,0.09809,99560,0.9998921,64.212
3,Lombardia,Femmine,23,99555,12,0.11775,99549,0.9998742,63.218
3,Lombardia,Femmine,24,99543,13,0.13385,99537,0.9998606,62.226
3,Lombardia,Femmine,25,99530,14,0.14492,99523,0.9998534,61.234
3,Lombardia,Femmine,26,99516,15,0.14818,99508,0.9998510,60.243
3,Lombardia,Femmine,27,99501,15,0.14972,99493,0.9998449,59.251
3,Lombardia,Femmine,28,99486,16,0.16053,99478,0.9998277,58.260
3,Lombardia,Femmine,29,99470,18,0.18398,99461,0.9998068,57.270
3,Lombardia,Femmine,30,99452,20,0.20244,99442,0.9997920,56.280
3,Lombardia,Femmine,31,99432,21,0.21359,99421,0.9997850,55.291
3,Lombardia,Femmine,32,99410,22,0.21632,99400,0.9997811,54.303
3,Lombardia,Femmine,33,99389,22,0.22151,99378,0.9997661,53.315
3,Lombardia,Femmine,34,99367,24,0.24627,99355,0.9997410,52.326
3,Lombardia,Femmine,35,99342,27,0.27166,99329,0.9997137,51.339
3,Lombardia,Femmine,36,99315,30,0.30092,99300,0.9996741,50.353
3,Lombardia,Femmine,37,99285,35,0.35081,99268,0.9996195,49.368
3,Lombardia,Femmine,38,99251,41,0.41017,99230,0.9995586,48.385
3,Lombardia,Femmine,39,99210,47,0.47265,99186,0.9994993,47.405
3,Lombardia,Femmine,40,99163,52,0.52879,99137,0.9994414,46.427
3,Lombardia,Femmine,41,99111,58,0.58850,99081,0.9993907,45.451
3,Lombardia,Femmine,42,99052,62,0.63018,99021,0.9993453,44.478
3,Lombardia,Femmine,43,98990,67,0.67922,98956,0.9992838,43.505
3,Lombardia,Femmine,44,98923,75,0.75326,98885,0.9992004,42.535
3,Lombardia,Femmine,45,98848,84,0.84601,98806,0.9991071,41.566
3,Lombardia,Femmine,46,98764,93,0.93986,98718,0.9990131,40.601
3,Lombardia,Femmine,47,98672,102,1.03393,98621,0.9989277,39.639
3,Lombardia,Femmine,48,98570,109,1.11063,98515,0.9988576,38.679
3,Lombardia,Femmine,49,98460,116,1.17430,98402,0.9987755,37.722
3,Lombardia,Femmine,50,98344,125,1.27472,98282,0.9986887,36.766
3,Lombardia,Femmine,51,98219,132,1.34799,98153,0.9985984,35.812
3,Lombardia,Femmine,52,98087,143,1.45521,98015,0.9984989,34.859
3,Lombardia,Femmine,53,97944,152,1.54707,97868,0.9983542,33.910
3,Lombardia,Femmine,54,97792,171,1.74467,97707,0.9981551,32.961
3,Lombardia,Femmine,55,97622,190,1.94528,97527,0.9979243,32.018
3,Lombardia,Femmine,56,97432,215,2.20645,97324,0.9976719,31.079
3,Lombardia,Femmine,57,97217,238,2.44997,97098,0.9973836,30.147
3,Lombardia,Femmine,58,96979,270,2.78315,96844,0.9971307,29.220
3,Lombardia,Femmine,59,96709,286,2.95566,96566,0.9969317,28.300
3,Lombardia,Femmine,60,96423,307,3.18136,96270,0.9966882,27.382
3,Lombardia,Femmine,61,96116,331,3.44264,95951,0.9963461,26.468
3,Lombardia,Femmine,62,95785,370,3.86592,95600,0.9958693,25.558
3,Lombardia,Femmine,63,95415,419,4.39643,95205,0.9953156,24.655
3,Lombardia,Femmine,64,94996,472,4.97371,94759,0.9947871,23.762
3,Lombardia,Femmine,65,94523,515,5.45337,94265,0.9943398,22.878
3,Lombardia,Femmine,66,94008,552,5.86825,93732,0.9939409,22.001
3,Lombardia,Femmine,67,93456,584,6.25101,93164,0.9934435,21.128
3,Lombardia,Femmine,68,92872,637,6.86398,92553,0.9926924,20.258
3,Lombardia,Femmine,69,92234,715,7.75421,91877,0.9917537,19.394
3,Lombardia,Femmine,70,91519,800,8.74218,91119,0.9907723,18.542
3,Lombardia,Femmine,71,90719,882,9.71748,90278,0.9896776,17.701
3,Lombardia,Femmine,72,89837,982,10.93334,89346,0.9884677,16.870
3,Lombardia,Femmine,73,88855,1079,12.13784,88316,0.9870539,16.051
3,Lombardia,Femmine,74,87777,1208,13.76426,87173,0.9854288,15.242
3,Lombardia,Femmine,75,86569,1332,15.38945,85902,0.9836595,14.447
3,Lombardia,Femmine,76,85236,1475,17.30641,84499,0.9817086,13.665
3,Lombardia,Femmine,77,83761,1616,19.29377,82953,0.9793426,12.897
3,Lombardia,Femmine,78,82145,1811,22.04777,81240,0.9767113,12.141
3,Lombardia,Femmine,79,80334,1973,24.55752,79348,0.9734430,11.404
3,Lombardia,Femmine,80,78361,2242,28.60686,77240,0.9692437,10.678
3,Lombardia,Femmine,81,76120,2510,32.96911,74865,0.9646269,9.978
3,Lombardia,Femmine,82,73610,2787,37.85902,72217,0.9592664,9.301
3,Lombardia,Femmine,83,70823,3096,43.72135,69275,0.9535503,8.647
3,Lombardia,Femmine,84,67727,3339,49.30283,66057,0.9469612,8.020
3,Lombardia,Femmine,85,64388,3668,56.96860,62554,0.9381645,7.410
3,Lombardia,Femmine,86,60719,4068,66.99636,58685,0.9278268,6.827
3,Lombardia,Femmine,87,56651,4403,77.72171,54450,0.9154227,6.282
3,Lombardia,Femmine,88,52248,4807,92.01070,49845,0.9012146,5.769
3,Lombardia,Femmine,89,47441,5040,106.24665,44921,0.8867511,5.303
3,Lombardia,Femmine,90,42401,5134,121.08360,39834,0.8713465,4.874
3,Lombardia,Femmine,91,37267,5115,137.26634,34709,0.8550455,4.476
3,Lombardia,Femmine,92,32151,4947,153.86584,29678,0.8367346,4.109
3,Lombardia,Femmine,93,27204,4744,174.37416,24832,0.8162945,3.765
3,Lombardia,Femmine,94,22460,4380,195.00768,20270,0.7948709,3.455
3,Lombardia,Femmine,95,18080,3936,217.70243,16112,0.7730547,3.170
3,Lombardia,Femmine,96,14144,3377,238.76038,12456,0.7503588,2.914
3,Lombardia,Femmine,97,10767,2842,263.93483,9346,0.7246937,2.671
3,Lombardia,Femmine,98,7925,2304,290.75527,6773,0.6975812,2.449
3,Lombardia,Femmine,99,5621,1792,318.86379,4725,0.6693736,2.248
3,Lombardia,Femmine,100,3829,1332,347.89557,3163,0.6404911,2.066
3,Lombardia,Femmine,101,2497,942,377.31802,2026,0.6106975,1.901
3,Lombardia,Femmine,102,1555,635,408.54899,1237,0.5795694,1.750
3,Lombardia,Femmine,103,920,405,440.51962,717,0.5478362,1.614
3,Lombardia,Femmine,104,514,243,472.97618,393,0.5157471,1.491
3,Lombardia,Femmine,105,271,137,505.64998,203,0.4835595,1.381
3,Lombardia,Femmine,106,134,72,538.26807,98,0.4515325,1.282
3,Lombardia,Femmine,107,62,35,570.55715,44,0.4199187,1.193
3,Lombardia,Femmine,108,27,16,602.25925,19,0.3889540,1.114
3,Lombardia,Femmine,109,11,7,633.13781,7,0.3588527,1.043
3,Lombardia,Femmine,110,4,3,662.97974,3,0.3298044,0.980
3,Lombardia,Femmine,111,1,1,691.60643,1,0.3019660,0.924
3,Lombardia,Femmine,112,0,0,718.87593,0,0.2754617,0.874
3,Lombardia,Femmine,113,0,0,744.68025,0,0.2503840,0.829
3,Lombardia,Femmine,114,0,0,768.94749,0,0.2267934,0.790
3,Lombardia,Femmine,115,0,0,791.64015,0,0.2047196,0.755
3,Lombardia,Femmine,116,0,0,812.75132,0,0.1841660,0.724
3,Lombardia,Femmine,117,0,0,832.29693,0,0.1651147,0.697
3,Lombardia,Femmine,118,0,0,850.31988,0,0.1475247,0.672
3,Lombardia,Femmine,119,0,0,866.87524,0,0.1313436,0.651
4,Trentino-Alto Adige,Maschi e femmine,0,100000,220,2.19760,99793,0.9997339,84.382
4,Trentino-Alto Adige,Maschi e femmine,1,99780,27,0.27231,99767,0.9997658,83.567
4,Trentino-Alto Adige,Maschi e femmine,2,99753,20,0.19616,99743,0.9998436,82.589
4,Trentino-Alto Adige,Maschi e femmine,3,99734,12,0.11666,99728,0.9998952,81.605
4,Trentino-Alto Adige,Maschi e femmine,4,99722,9,0.09300,99717,0.9999071,80.615
4,Trentino-Alto Adige,Maschi e femmine,5,99713,9,0.09275,99708,0.9999173,79.622
4,Trentino-Alto Adige,Maschi e femmine,6,99703,7,0.07261,99700,0.9999196,78.630
4,Trentino-Alto Adige,Maschi e femmine,7,99696,9,0.08828,99692,0.9999008,77.635
4,Trentino-Alto Adige,Maschi e femmine,8,99687,11,0.11017,99682,0.9998934,76.642
4,Trentino-Alto Adige,Maschi e femmine,9,99676,10,0.10311,99671,0.9998922,75.650
4,Trentino-Alto Adige,Maschi e femmine,10,99666,11,0.11255,99660,0.9998937,74.658
4,Trentino-Alto Adige,Maschi e femmine,11,99655,10,0.10000,99650,0.9999024,73.667
4,Trentino-Alto Adige,Maschi e femmine,12,99645,9,0.09518,99640,0.9999034,72.674
4,Trentino-Alto Adige,Maschi e femmine,13,99635,10,0.09799,99630,0.9998961,71.681
4,Trentino-Alto Adige,Maschi e femmine,14,99626,11,0.10982,99620,0.9998819,70.688
4,Trentino-Alto Adige,Maschi e femmine,15,99615,13,0.12642,99608,0.9998611,69.695
4,Trentino-Alto Adige,Maschi e femmine,16,99602,15,0.15146,99595,0.9998242,68.704
4,Trentino-Alto Adige,Maschi e femmine,17,99587,20,0.20022,99577,0.9997789,67.714
4,Trentino-Alto Adige,Maschi e femmine,18,99567,24,0.24204,99555,0.9997352,66.728
4,Trentino-Alto Adige,Maschi e femmine,19,99543,29,0.28753,99529,0.9996759,65.744
4,Trentino-Alto Adige,Maschi e femmine,20,99514,36,0.36064,99496,0.9996194,64.763
4,Trentino-Alto Adige,Maschi e femmine,21,99478,40,0.40048,99459,0.9995985,63.786
4,Trentino-Alto Adige,Maschi e femmine,22,99439,40,0.40244,99419,0.9995912,62.811
4,Trentino-Alto Adige,Maschi e femmine,23,99399,41,0.41512,99378,0.9995745,61.836
4,Trentino-Alto Adige,Maschi e femmine,24,99357,43,0.43597,99336,0.9996048,60.862
4,Trentino-Alto Adige,Maschi e femmine,25,99314,35,0.35437,99296,0.9996383,59.888
4,Trentino-Alto Adige,Maschi e femmine,26,99279,37,0.36907,99260,0.9996130,58.909
4,Trentino-Alto Adige,Maschi e femmine,27,99242,40,0.40494,99222,0.9995857,57.931
4,Trentino-Alto Adige,Maschi e femmine,28,99202,42,0.42372,99181,0.9995649,56.954
4,Trentino-Alto Adige,Maschi e femmine,29,99160,44,0.44646,99138,0.9995446,55.978
4,Trentino-Alto Adige,Maschi e femmine,30,99116,46,0.46435,99093,0.9995315,55.003
4,Trentino-Alto Adige,Maschi e femmine,31,99070,47,0.47257,99046,0.9995459,54.028
4,Trentino-Alto Adige,Maschi e femmine,32,99023,43,0.43565,99001,0.9995715,53.053
4,Trentino-Alto Adige,Maschi e femmine,33,98980,42,0.42139,98959,0.9995734,52.076
4,Trentino-Alto Adige,Maschi e femmine,34,98938,43,0.43191,98917,0.9995473,51.098
4,Trentino-Alto Adige,Maschi e femmine,35,98895,47,0.47342,98872,0.9994957,50.120
4,Trentino-Alto Adige,Maschi e femmine,36,98848,53,0.53526,98822,0.9994403,49.143
4,Trentino-Alto Adige,Maschi e femmine,37,98796,58,0.58409,98767,0.9993918,48.169
4,Trentino-Alto Adige,Maschi e femmine,38,98738,62,0.63224,98707,0.9993325,47.197
4,Trentino-Alto Adige,Maschi e femmine,39,98675,69,0.70275,98641,0.9992613,46.227
4,Trentino-Alto Adige,Maschi e femmine,40,98606,76,0.77462,98568,0.9992124,45.259
4,Trentino-Alto Adige,Maschi e femmine,41,98530,79,0.80054,98490,0.9992091,44.294
4,Trentino-Alto Adige,Maschi e femmine,42,98451,77,0.78129,98412,0.9991869,43.329
4,Trentino-Alto Adige,Maschi e femmine,43,98374,83,0.84485,98332,0.9991223,42.362
4,Trentino-Alto Adige,Maschi e femmine,44,98291,90,0.91060,98246,0.9990360,41.398
4,Trentino-Alto Adige,Maschi e femmine,45,98201,100,1.01747,98151,0.9989236,40.435
4,Trentino-Alto Adige,Maschi e femmine,46,98101,111,1.13542,98046,0.9987804,39.476
4,Trentino-Alto Adige,Maschi e femmine,47,97990,128,1.30383,97926,0.9986519,38.520
4,Trentino-Alto Adige,Maschi e femmine,48,97862,136,1.39245,97794,0.9985815,37.570
4,Trentino-Alto Adige,Maschi e femmine,49,97726,141,1.44453,97655,0.9985246,36.621
4,Trentino-Alto Adige,Maschi e femmine,50,97585,147,1.50640,97511,0.9983675,35.674
4,Trentino-Alto Adige,Maschi e femmine,51,97438,171,1.75873,97352,0.9981106,34.727
4,Trentino-Alto Adige,Maschi e femmine,52,97266,196,2.02021,97168,0.9978941,33.787
4,Trentino-Alto Adige,Maschi e femmine,53,97070,213,2.19171,96964,0.9976745,32.854
4,Trentino-Alto Adige,Maschi e femmine,54,96857,238,2.45954,96738,0.9975009,31.925
4,Trentino-Alto Adige,Maschi e femmine,55,96619,245,2.53881,96496,0.9973016,31.003
4,Trentino-Alto Adige,Maschi e femmine,56,96374,275,2.85847,96236,0.9970354,30.080
4,Trentino-Alto Adige,Maschi e femmine,57,96098,295,3.07105,95951,0.9968079,29.165
4,Trentino-Alto Adige,Maschi e femmine,58,95803,317,3.31346,95644,0.9966209,28.254
4,Trentino-Alto Adige,Maschi e femmine,59,95486,329,3.44498,95321,0.9964519,27.346
4,Trentino-Alto Adige,Maschi e femmine,60,95157,347,3.65158,94983,0.9961464,26.439
4,Trentino-Alto Adige,Maschi e femmine,61,94809,385,4.05631,94617,0.9956565,25.534
4,Trentino-Alto Adige,Maschi e femmine,62,94425,437,4.63180,94206,0.9950433,24.636
4,Trentino-Alto Adige,Maschi e femmine,63,93987,497,5.28317,93739,0.9942743,23.748
4,Trentino-Alto Adige,Maschi e femmine,64,93491,577,6.17067,93202,0.9935404,22.871
4,Trentino-Alto Adige,Maschi e femmine,65,92914,627,6.75030,92600,0.9929499,22.010
4,Trentino-Alto Adige,Maschi e femmine,66,92287,678,7.35198,91947,0.9923579,21.157
4,Trentino-Alto Adige,Maschi e femmine,67,91608,727,7.93433,91245,0.9915548,20.309
4,Trentino-Alto Adige,Maschi e femmine,68,90881,814,8.96014,90474,0.9905203,19.468
4,Trentino-Alto Adige,Maschi e femmine,69,90067,901,10.00401,89616,0.9894572,18.639
4,Trentino-Alto Adige,Maschi e femmine,70,89166,989,11.08710,88672,0.9883639,17.823
4,Trentino-Alto Adige,Maschi e femmine,71,88177,1075,12.19126,87640,0.9869798,17.017
4,Trentino-Alto Adige,Maschi e femmine,72,87102,1207,13.85947,86499,0.9852467,16.221
4,Trentino-Alto Adige,Maschi e femmine,73,85895,1345,15.65963,85223,0.9836988,15.442
4,Trentino-Alto Adige,Maschi e femmine,74,84550,1433,16.95304,83833,0.9825643,14.679
4,Trentino-Alto Adige,Maschi e femmine,75,83117,1490,17.92668,82372,0.9815388,13.924
4,Trentino-Alto Adige,Maschi e femmine,76,81627,1551,19.00546,80851,0.9800649,13.169
4,Trentino-Alto Adige,Maschi e femmine,77,80075,1672,20.88277,79239,0.9769332,12.414
4,Trentino-Alto Adige,Maschi e femmine,78,78403,1983,25.29743,77411,0.9722809,11.669
4,Trentino-Alto Adige,Maschi e femmine,79,76420,2308,30.20370,75266,0.9678313,10.958
4,Trentino-Alto Adige,Maschi e femmine,80,74112,2534,34.19489,72844,0.9634920,10.284
4,Trentino-Alto Adige,Maschi e femmine,81,71577,2785,38.90309,70185,0.9590783,9.631
4,Trentino-Alto Adige,Maschi e femmine,82,68793,2960,43.02197,67313,0.9547890,9.000
4,Trentino-Alto Adige,Maschi e femmine,83,65833,3127,47.49848,64270,0.9497485,8.382
4,Trentino-Alto Adige,Maschi e femmine,84,62706,3332,53.14178,61040,0.9429403,7.775
4,Trentino-Alto Adige,Maschi e femmine,85,59374,3634,61.19743,57557,0.9342820,7.184
4,Trentino-Alto Adige,Maschi e femmine,86,55740,3932,70.53325,53775,0.9233789,6.619
4,Trentino-Alto Adige,Maschi e femmine,87,51809,4309,83.17097,49654,0.9100302,6.084
4,Trentino-Alto Adige,Maschi e femmine,88,47500,4626,97.38549,45187,0.8957153,5.590
4,Trentino-Alto Adige,Maschi e femmine,89,42874,4799,111.92822,40475,0.8813921,5.139
4,Trentino-Alto Adige,Maschi e femmine,90,38075,4802,126.12945,35674,0.8669249,4.724
4,Trentino-Alto Adige,Maschi e femmine,91,33273,4692,141.02334,30927,0.8508366,4.334
4,Trentino-Alto Adige,Maschi e femmine,92,28581,4534,158.63988,26314,0.8324045,3.963
4,Trentino-Alto Adige,Maschi e femmine,93,24047,4286,178.23983,21904,0.8129659,3.616
4,Trentino-Alto Adige,Maschi e femmine,94,19760,3907,197.73575,17807,0.7869967,3.292
4,Trentino-Alto Adige,Maschi e femmine,95,15853,3678,232.03390,14014,0.7542984,2.981
4,Trentino-Alto Adige,Maschi e femmine,96,12175,3208,263.49893,10571,0.7272544,2.730
4,Trentino-Alto Adige,Maschi e femmine,97,8967,2558,285.30042,7688,0.7048535,2.528
4,Trentino-Alto Adige,Maschi e femmine,98,6408,1980,308.92296,5419,0.6826073,2.337
4,Trentino-Alto Adige,Maschi e femmine,99,4429,1460,329.64851,3699,0.6586407,2.159
4,Trentino-Alto Adige,Maschi e femmine,100,2969,1065,358.82893,2436,0.6256210,1.974
4,Trentino-Alto Adige,Maschi e femmine,101,1904,759,398.63173,1524,0.5896585,1.799
4,Trentino-Alto Adige,Maschi e femmine,102,1145,492,429.81343,899,0.5586666,1.660
4,Trentino-Alto Adige,Maschi e femmine,103,653,301,461.53725,502,0.5272565,1.535
4,Trentino-Alto Adige,Maschi e femmine,104,351,173,493.55511,265,0.4956677,1.422
4,Trentino-Alto Adige,Maschi e femmine,105,178,94,525.61225,131,0.4641408,1.320
4,Trentino-Alto Adige,Maschi e femmine,106,84,47,557.45951,61,0.4329088,1.229
4,Trentino-Alto Adige,Maschi e femmine,107,37,22,588.85563,26,0.4021923,1.147
4,Trentino-Alto Adige,Maschi e femmine,108,15,10,619.58132,11,0.3721898,1.074
4,Trentino-Alto Adige,Maschi e femmine,109,6,4,649.44129,4,0.3430772,1.008
4,Trentino-Alto Adige,Maschi e femmine,110,2,1,678.26437,1,0.3150063,0.950
4,Trentino-Alto Adige,Maschi e femmine,111,1,0,705.90960,0,0.2881008,0.897
4,Trentino-Alto Adige,Maschi e femmine,112,0,0,732.26569,0,0.2624588,0.850
4,Trentino-Alto Adige,Maschi e femmine,113,0,0,757.24565,0,0.2381557,0.809
4,Trentino-Alto Adige,Maschi e femmine,114,0,0,780.78818,0,0.2152441,0.771
4,Trentino-Alto Adige,Maschi e femmine,115,0,0,802.85606,0,0.1937552,0.738
4,Trentino-Alto Adige,Maschi e femmine,116,0,0,823.43423,0,0.1737009,0.709
4,Trentino-Alto Adige,Maschi e femmine,117,0,0,842.52445,0,0.1550773,0.683
4,Trentino-Alto Adige,Maschi e femmine,118,0,0,860.15228,0,0.1378598,0.659
4,Trentino-Alto Adige,Maschi e femmine,119,0,0,876.35492,0,0.1220127,0.639
4,Trentino-Alto Adige,Maschi,0,100000,209,2.08709,99804,0.9997567,82.326
4,Trentino-Alto Adige,Maschi,1,99791,24,0.23995,99779,0.9997825,81.498
4,Trentino-Alto Adige,Maschi,2,99767,19,0.19505,99758,0.9998550,80.517
4,Trentino-Alto Adige,Maschi,3,99748,9,0.09501,99743,0.9999155,79.533
4,Trentino-Alto Adige,Maschi,4,99738,7,0.07394,99735,0.9999267,78.540
4,Trentino-Alto Adige,Maschi,5,99731,7,0.07259,99727,0.9999339,77.546
4,Trentino-Alto Adige,Maschi,6,99724,6,0.05957,99721,0.9999301,76.552
4,Trentino-Alto Adige,Maschi,7,99718,8,0.08019,99714,0.9999081,75.556
4,Trentino-Alto Adige,Maschi,8,99710,10,0.10370,99705,0.9998943,74.562
4,Trentino-Alto Adige,Maschi,9,99700,11,0.10772,99694,0.9998976,73.570
4,Trentino-Alto Adige,Maschi,10,99689,10,0.09708,99684,0.9999110,72.578
4,Trentino-Alto Adige,Maschi,11,99679,8,0.08088,99675,0.9999216,71.585
4,Trentino-Alto Adige,Maschi,12,99671,8,0.07599,99667,0.9999209,70.590
4,Trentino-Alto Adige,Maschi,13,99663,8,0.08230,99659,0.9999087,69.596
4,Trentino-Alto Adige,Maschi,14,99655,10,0.10026,99650,0.9998855,68.601
4,Trentino-Alto Adige,Maschi,15,99645,13,0.12868,99639,0.9998488,67.608
4,Trentino-Alto Adige,Maschi,16,99632,17,0.17382,99624,0.9997944,66.617
4,Trentino-Alto Adige,Maschi,17,99615,24,0.23729,99603,0.9997230,65.628
4,Trentino-Alto Adige,Maschi,18,99591,32,0.31663,99576,0.9996455,64.644
4,Trentino-Alto Adige,Maschi,19,99560,39,0.39235,99540,0.9995773,63.664
4,Trentino-Alto Adige,Maschi,20,99521,45,0.45298,99498,0.9995215,62.689
4,Trentino-Alto Adige,Maschi,21,99476,50,0.50401,99451,0.9994997,61.717
4,Trentino-Alto Adige,Maschi,22,99426,49,0.49649,99401,0.9994860,60.748
4,Trentino-Alto Adige,Maschi,23,99376,53,0.53156,99350,0.9994284,59.778
4,Trentino-Alto Adige,Maschi,24,99323,61,0.61163,99293,0.9994530,58.809
4,Trentino-Alto Adige,Maschi,25,99263,48,0.48233,99239,0.9994998,57.845
4,Trentino-Alto Adige,Maschi,26,99215,51,0.51805,99189,0.9994501,56.873
4,Trentino-Alto Adige,Maschi,27,99163,58,0.58186,99135,0.9994090,55.902
4,Trentino-Alto Adige,Maschi,28,99106,59,0.60012,99076,0.9993841,54.934
4,Trentino-Alto Adige,Maschi,29,99046,63,0.63172,99015,0.9993686,53.967
4,Trentino-Alto Adige,Maschi,30,98984,62,0.63115,98952,0.9993670,53.001
4,Trentino-Alto Adige,Maschi,31,98921,63,0.63485,98890,0.9993834,52.034
4,Trentino-Alto Adige,Maschi,32,98858,59,0.59838,98829,0.9994115,51.067
4,Trentino-Alto Adige,Maschi,33,98799,57,0.57870,98771,0.9994246,50.097
4,Trentino-Alto Adige,Maschi,34,98742,56,0.57215,98714,0.9994143,49.126
4,Trentino-Alto Adige,Maschi,35,98686,59,0.59933,98656,0.9993685,48.153
4,Trentino-Alto Adige,Maschi,36,98626,65,0.66365,98594,0.9993034,47.182
4,Trentino-Alto Adige,Maschi,37,98561,72,0.72965,98525,0.9992395,46.213
4,Trentino-Alto Adige,Maschi,38,98489,78,0.79141,98450,0.9991614,45.246
4,Trentino-Alto Adige,Maschi,39,98411,87,0.88592,98368,0.9991083,44.282
4,Trentino-Alto Adige,Maschi,40,98324,88,0.89754,98280,0.9990974,43.321
4,Trentino-Alto Adige,Maschi,41,98236,89,0.90759,98191,0.9990841,42.359
4,Trentino-Alto Adige,Maschi,42,98147,91,0.92418,98101,0.9990289,41.397
4,Trentino-Alto Adige,Maschi,43,98056,100,1.01808,98006,0.9989293,40.435
4,Trentino-Alto Adige,Maschi,44,97956,110,1.12341,97901,0.9987922,39.476
4,Trentino-Alto Adige,Maschi,45,97846,126,1.29224,97783,0.9986251,38.520
4,Trentino-Alto Adige,Maschi,46,97720,142,1.45770,97648,0.9984277,37.569
4,Trentino-Alto Adige,Maschi,47,97577,165,1.68700,97495,0.9982711,36.623
4,Trentino-Alto Adige,Maschi,48,97412,173,1.77093,97326,0.9982159,35.684
4,Trentino-Alto Adige,Maschi,49,97240,175,1.79728,97153,0.9981735,34.746
4,Trentino-Alto Adige,Maschi,50,97065,180,1.85572,96975,0.9979855,33.808
4,Trentino-Alto Adige,Maschi,51,96885,211,2.17351,96780,0.9976310,32.870
4,Trentino-Alto Adige,Maschi,52,96675,248,2.56491,96551,0.9973175,31.940
4,Trentino-Alto Adige,Maschi,53,96427,270,2.80040,96292,0.9970195,31.021
4,Trentino-Alto Adige,Maschi,54,96157,304,3.16110,96005,0.9968058,30.107
4,Trentino-Alto Adige,Maschi,55,95853,309,3.22733,95698,0.9965504,29.201
4,Trentino-Alto Adige,Maschi,56,95543,351,3.67267,95368,0.9962166,28.294
4,Trentino-Alto Adige,Maschi,57,95192,371,3.89453,95007,0.9959667,27.396
4,Trentino-Alto Adige,Maschi,58,94822,396,4.17265,94624,0.9957744,26.501
4,Trentino-Alto Adige,Maschi,59,94426,404,4.27868,94224,0.9956287,25.610
4,Trentino-Alto Adige,Maschi,60,94022,420,4.46436,93812,0.9953740,24.718
4,Trentino-Alto Adige,Maschi,61,93602,448,4.78835,93378,0.9948252,23.827
4,Trentino-Alto Adige,Maschi,62,93154,518,5.56310,92895,0.9937130,22.939
4,Trentino-Alto Adige,Maschi,63,92636,650,7.01500,92311,0.9921873,22.065
4,Trentino-Alto Adige,Maschi,64,91986,793,8.61613,91590,0.9912006,21.217
4,Trentino-Alto Adige,Maschi,65,91193,819,8.98430,90784,0.9909139,20.397
4,Trentino-Alto Adige,Maschi,66,90374,830,9.18884,89959,0.9905462,19.577
4,Trentino-Alto Adige,Maschi,67,89544,870,9.72118,89108,0.9897267,18.754
4,Trentino-Alto Adige,Maschi,68,88673,960,10.83079,88193,0.9882891,17.934
4,Trentino-Alto Adige,Maschi,69,87713,1105,12.60064,87160,0.9864912,17.124
4,Trentino-Alto Adige,Maschi,70,86607,1250,14.42849,85983,0.9848256,16.337
4,Trentino-Alto Adige,Maschi,71,85358,1360,15.93114,84678,0.9829448,15.568
4,Trentino-Alto Adige,Maschi,72,83998,1529,18.19748,83234,0.9809877,14.812
4,Trentino-Alto Adige,Maschi,73,82469,1636,19.84221,81651,0.9796810,14.078
4,Trentino-Alto Adige,Maschi,74,80833,1682,20.80538,79992,0.9786444,13.352
4,Trentino-Alto Adige,Maschi,75,79151,1735,21.91751,78284,0.9770253,12.626
4,Trentino-Alto Adige,Maschi,76,77417,1862,24.05563,76485,0.9747148,11.897
4,Trentino-Alto Adige,Maschi,77,75554,2006,26.54504,74551,0.9701469,11.178
4,Trentino-Alto Adige,Maschi,78,73549,2446,33.25139,72326,0.9635831,10.469
4,Trentino-Alto Adige,Maschi,79,71103,2822,39.69120,69692,0.9579038,9.812
4,Trentino-Alto Adige,Maschi,80,68281,3045,44.60068,66758,0.9528422,9.197
4,Trentino-Alto Adige,Maschi,81,65236,3251,49.83434,63610,0.9484253,8.603
4,Trentino-Alto Adige,Maschi,82,61985,3310,53.40638,60329,0.9441816,8.028
4,Trentino-Alto Adige,Maschi,83,58674,3425,58.36647,56962,0.9380572,7.453
4,Trentino-Alto Adige,Maschi,84,55250,3632,65.74073,53433,0.9293717,6.884
4,Trentino-Alto Adige,Maschi,85,51617,3916,75.85983,49660,0.9178338,6.333
4,Trentino-Alto Adige,Maschi,86,47702,4245,88.99017,45579,0.9036727,5.812
4,Trentino-Alto Adige,Maschi,87,43457,4536,104.38114,41189,0.8863312,5.331
4,Trentino-Alto Adige,Maschi,88,38921,4828,124.03885,36507,0.8680788,4.894
4,Trentino-Alto Adige,Maschi,89,34093,4804,140.91982,31691,0.8524694,4.516
4,Trentino-Alto Adige,Maschi,90,29289,4546,155.22586,27015,0.8393213,4.175
4,Trentino-Alto Adige,Maschi,91,24742,4135,167.13359,22675,0.8236796,3.850
4,Trentino-Alto Adige,Maschi,92,20607,3861,187.35070,18677,0.8042110,3.522
4,Trentino-Alto Adige,Maschi,93,16746,3453,206.17260,15020,0.7852475,3.219
4,Trentino-Alto Adige,Maschi,94,13294,2999,225.56086,11794,0.7538708,2.925
4,Trentino-Alto Adige,Maschi,95,10295,2807,272.68816,8891,0.7084118,2.632
4,Trentino-Alto Adige,Maschi,96,7488,2378,317.57428,6299,0.6793986,2.431
4,Trentino-Alto Adige,Maschi,97,5110,1661,325.03724,4279,0.6711335,2.329
4,Trentino-Alto Adige,Maschi,98,3449,1154,334.53989,2872,0.6674061,2.210
4,Trentino-Alto Adige,Maschi,99,2295,757,329.66963,1917,0.6564522,2.070
4,Trentino-Alto Adige,Maschi,100,1539,560,364.25130,1258,0.6064197,1.842
4,Trentino-Alto Adige,Maschi,101,978,430,439.71334,763,0.5481037,1.611
4,Trentino-Alto Adige,Maschi,102,548,260,473.64054,418,0.5144917,1.483
4,Trentino-Alto Adige,Maschi,103,288,147,508.05512,215,0.4805348,1.368
4,Trentino-Alto Adige,Maschi,104,142,77,542.65888,103,0.4465210,1.265
4,Trentino-Alto Adige,Maschi,105,65,37,577.13771,46,0.4127450,1.172
4,Trentino-Alto Adige,Maschi,106,27,17,611.18071,19,0.3794958,1.089
4,Trentino-Alto Adige,Maschi,107,11,7,644.48332,7,0.3470497,1.015
4,Trentino-Alto Adige,Maschi,108,4,3,676.76623,3,0.3156593,0.950
4,Trentino-Alto Adige,Maschi,109,1,1,707.77412,1,0.2855511,0.892
4,Trentino-Alto Adige,Maschi,110,0,0,737.29010,0,0.2569164,0.840
4,Trentino-Alto Adige,Maschi,111,0,0,765.13646,0,0.2299101,0.795
4,Trentino-Alto Adige,Maschi,112,0,0,791.18059,0,0.2046478,0.755
4,Trentino-Alto Adige,Maschi,113,0,0,815.32939,0,0.1812094,0.720
4,Trentino-Alto Adige,Maschi,114,0,0,837.53313,0,0.1596375,0.689
4,Trentino-Alto Adige,Maschi,115,0,0,857.77772,0,0.1399428,0.662
4,Trentino-Alto Adige,Maschi,116,0,0,876.08450,0,0.1221056,0.639
4,Trentino-Alto Adige,Maschi,117,0,0,892.50057,0,0.1060826,0.618
4,Trentino-Alto Adige,Maschi,118,0,0,907.09754,0,0.0918088,0.601
4,Trentino-Alto Adige,Maschi,119,0,0,919.96306,0,0.0792044,0.586
4,Trentino-Alto Adige,Femmine,0,100000,231,2.31422,99782,0.9997100,86.533
4,Trentino-Alto Adige,Femmine,1,99769,31,0.30646,99753,0.9997481,85.732
4,Trentino-Alto Adige,Femmine,2,99738,20,0.19732,99728,0.9998316,84.758
4,Trentino-Alto Adige,Femmine,3,99718,14,0.13950,99711,0.9998737,83.775
4,Trentino-Alto Adige,Femmine,4,99704,11,0.11312,99699,0.9998864,82.787
4,Trentino-Alto Adige,Femmine,5,99693,11,0.11403,99687,0.9998998,81.796
4,Trentino-Alto Adige,Femmine,6,99682,9,0.08637,99677,0.9999084,80.805
4,Trentino-Alto Adige,Femmine,7,99673,10,0.09682,99668,0.9998931,79.812
4,Trentino-Alto Adige,Femmine,8,99664,12,0.11699,99658,0.9998924,78.820
4,Trentino-Alto Adige,Femmine,9,99652,10,0.09825,99647,0.9998864,77.829
4,Trentino-Alto Adige,Femmine,10,99642,13,0.12889,99636,0.9998755,76.837
4,Trentino-Alto Adige,Femmine,11,99629,12,0.12017,99623,0.9998822,75.846
4,Trentino-Alto Adige,Femmine,12,99617,12,0.11544,99611,0.9998850,74.855
4,Trentino-Alto Adige,Femmine,13,99606,11,0.11455,99600,0.9998828,73.864
4,Trentino-Alto Adige,Femmine,14,99594,12,0.11992,99588,0.9998780,72.872
4,Trentino-Alto Adige,Femmine,15,99582,12,0.12404,99576,0.9998741,71.881
4,Trentino-Alto Adige,Femmine,16,99570,13,0.12785,99564,0.9998555,70.890
4,Trentino-Alto Adige,Femmine,17,99557,16,0.16109,99549,0.9998378,69.899
4,Trentino-Alto Adige,Femmine,18,99541,16,0.16332,99533,0.9998299,68.910
4,Trentino-Alto Adige,Femmine,19,99525,18,0.17692,99516,0.9997799,67.921
4,Trentino-Alto Adige,Femmine,20,99507,26,0.26323,99494,0.9997228,66.933
4,Trentino-Alto Adige,Femmine,21,99481,29,0.29128,99467,0.9997027,65.951
4,Trentino-Alto Adige,Femmine,22,99452,30,0.30326,99437,0.9997022,64.970
4,Trentino-Alto Adige,Femmine,23,99422,29,0.29234,99408,0.9997284,63.989
4,Trentino-Alto Adige,Femmine,24,99393,25,0.25081,99381,0.9997648,63.008
4,Trentino-Alto Adige,Femmine,25,99368,22,0.21953,99357,0.9997842,62.024
4,Trentino-Alto Adige,Femmine,26,99346,21,0.21212,99336,0.9997846,61.037
4,Trentino-Alto Adige,Femmine,27,99325,22,0.21863,99314,0.9997717,60.050
4,Trentino-Alto Adige,Femmine,28,99303,24,0.23802,99292,0.9997552,59.063
4,Trentino-Alto Adige,Femmine,29,99280,25,0.25151,99267,0.9997298,58.077
4,Trentino-Alto Adige,Femmine,30,99255,29,0.28889,99241,0.9997046,57.091
4,Trentino-Alto Adige,Femmine,31,99226,30,0.30191,99211,0.9997168,56.108
4,Trentino-Alto Adige,Femmine,32,99196,26,0.26458,99183,0.9997397,55.125
4,Trentino-Alto Adige,Femmine,33,99170,25,0.25607,99157,0.9997297,54.139
4,Trentino-Alto Adige,Femmine,34,99145,28,0.28458,99130,0.9996871,53.153
4,Trentino-Alto Adige,Femmine,35,99116,34,0.34118,99099,0.9996292,52.168
4,Trentino-Alto Adige,Femmine,36,99083,40,0.40044,99063,0.9995841,51.185
4,Trentino-Alto Adige,Femmine,37,99043,43,0.43130,99022,0.9995518,50.206
4,Trentino-Alto Adige,Femmine,38,99000,46,0.46521,98977,0.9995121,49.227
4,Trentino-Alto Adige,Femmine,39,98954,51,0.51061,98929,0.9994219,48.250
4,Trentino-Alto Adige,Femmine,40,98904,64,0.64571,98872,0.9993330,47.274
4,Trentino-Alto Adige,Femmine,41,98840,68,0.68830,98806,0.9993401,46.304
4,Trentino-Alto Adige,Femmine,42,98772,62,0.63153,98741,0.9993526,45.336
4,Trentino-Alto Adige,Femmine,43,98709,65,0.66334,98677,0.9993245,44.364
4,Trentino-Alto Adige,Femmine,44,98644,68,0.68769,98610,0.9992913,43.393
4,Trentino-Alto Adige,Femmine,45,98576,72,0.72982,98540,0.9992360,42.423
4,Trentino-Alto Adige,Femmine,46,98504,79,0.79824,98465,0.9991493,41.454
4,Trentino-Alto Adige,Femmine,47,98425,89,0.90322,98381,0.9990499,40.486
4,Trentino-Alto Adige,Femmine,48,98337,98,0.99707,98288,0.9989633,39.522
4,Trentino-Alto Adige,Femmine,49,98238,106,1.07629,98186,0.9988909,38.561
4,Trentino-Alto Adige,Femmine,50,98133,112,1.14202,98077,0.9987658,37.602
4,Trentino-Alto Adige,Femmine,51,98021,130,1.32639,97956,0.9986103,36.645
4,Trentino-Alto Adige,Femmine,52,97891,142,1.45301,97820,0.9984942,35.693
4,Trentino-Alto Adige,Femmine,53,97748,152,1.55862,97672,0.9983553,34.744
4,Trentino-Alto Adige,Femmine,54,97596,169,1.73083,97512,0.9982223,33.797
4,Trentino-Alto Adige,Femmine,55,97427,178,1.82467,97338,0.9980801,32.855
4,Trentino-Alto Adige,Femmine,56,97249,196,2.01525,97151,0.9978827,31.914
4,Trentino-Alto Adige,Femmine,57,97053,215,2.21965,96946,0.9976770,30.978
4,Trentino-Alto Adige,Femmine,58,96838,235,2.42667,96720,0.9974938,30.046
4,Trentino-Alto Adige,Femmine,59,96603,250,2.58598,96478,0.9972994,29.117
4,Trentino-Alto Adige,Femmine,60,96353,271,2.81553,96218,0.9969403,28.192
4,Trentino-Alto Adige,Femmine,61,96082,318,3.30449,95923,0.9965096,27.270
4,Trentino-Alto Adige,Femmine,62,95764,352,3.67697,95588,0.9964052,26.359
4,Trentino-Alto Adige,Femmine,63,95412,335,3.51238,95245,0.9964036,25.454
4,Trentino-Alto Adige,Femmine,64,95077,350,3.68075,94902,0.9959171,24.542
4,Trentino-Alto Adige,Femmine,65,94727,425,4.48647,94515,0.9950088,23.631
4,Trentino-Alto Adige,Femmine,66,94302,518,5.49824,94043,0.9941829,22.735
4,Trentino-Alto Adige,Femmine,67,93784,576,6.13766,93496,0.9933896,21.858
4,Trentino-Alto Adige,Femmine,68,93208,660,7.08615,92878,0.9927503,20.990
4,Trentino-Alto Adige,Femmine,69,92548,686,7.41445,92205,0.9924061,20.136
4,Trentino-Alto Adige,Femmine,70,91861,714,7.77465,91504,0.9918591,19.283
4,Trentino-Alto Adige,Femmine,71,91147,776,8.51007,90759,0.9909354,18.430
4,Trentino-Alto Adige,Femmine,72,90372,870,9.62395,89937,0.9893876,17.584
4,Trentino-Alto Adige,Femmine,73,89502,1039,11.61054,88982,0.9875728,16.750
4,Trentino-Alto Adige,Femmine,74,88463,1172,13.25346,87876,0.9863142,15.941
4,Trentino-Alto Adige,Femmine,75,87290,1233,14.12391,86674,0.9858203,15.148
4,Trentino-Alto Adige,Femmine,76,86057,1225,14.23620,85445,0.9850909,14.358
4,Trentino-Alto Adige,Femmine,77,84832,1323,15.59178,84171,0.9832315,13.558
4,Trentino-Alto Adige,Femmine,78,83510,1500,17.96391,82759,0.9802321,12.765
4,Trentino-Alto Adige,Femmine,79,82009,1772,21.60485,81123,0.9767430,11.989
4,Trentino-Alto Adige,Femmine,80,80238,2002,24.94567,79237,0.9728618,11.243
4,Trentino-Alto Adige,Femmine,81,78236,2299,29.38676,77086,0.9682588,10.518
4,Trentino-Alto Adige,Femmine,82,75937,2595,34.16687,74640,0.9637440,9.821
4,Trentino-Alto Adige,Femmine,83,73342,2818,38.41914,71933,0.9594085,9.151
4,Trentino-Alto Adige,Femmine,84,70525,3022,42.85059,69014,0.9538836,8.497
4,Trentino-Alto Adige,Femmine,85,67503,3343,49.52851,65831,0.9471720,7.855
4,Trentino-Alto Adige,Femmine,86,64159,3612,56.29947,62353,0.9383025,7.238
4,Trentino-Alto Adige,Femmine,87,60547,4082,67.41761,58506,0.9272524,6.640
4,Trentino-Alto Adige,Femmine,88,56465,4430,78.46297,54250,0.9148540,6.084
4,Trentino-Alto Adige,Femmine,89,52035,4808,92.39804,49631,0.9003826,5.559
4,Trentino-Alto Adige,Femmine,90,47227,5080,107.57170,44687,0.8841087,5.074
4,Trentino-Alto Adige,Femmine,91,42147,5277,125.21378,39508,0.8668966,4.625
4,Trentino-Alto Adige,Femmine,92,36869,5240,142.12234,34249,0.8482355,4.216
4,Trentino-Alto Adige,Femmine,93,31629,5156,163.00396,29051,0.8277314,3.832
4,Trentino-Alto Adige,Femmine,94,26474,4854,183.33758,24047,0.8036426,3.480
4,Trentino-Alto Adige,Femmine,95,21620,4590,212.30011,19325,0.7757029,3.149
4,Trentino-Alto Adige,Femmine,96,17030,4079,239.52749,14990,0.7476149,2.863
4,Trentino-Alto Adige,Femmine,97,12951,3488,269.29252,11207,0.7180478,2.608
4,Trentino-Alto Adige,Femmine,98,9463,2832,299.27747,8047,0.6882124,2.385
4,Trentino-Alto Adige,Femmine,99,6631,2186,329.64080,5538,0.6594362,2.190
4,Trentino-Alto Adige,Femmine,100,4445,1586,356.85794,3652,0.6323962,2.021
4,Trentino-Alto Adige,Femmine,101,2859,1099,384.31227,2310,0.6036345,1.864
4,Trentino-Alto Adige,Femmine,102,1760,732,415.94234,1394,0.5721279,1.716
4,Trentino-Alto Adige,Femmine,103,1028,461,448.29772,798,0.5400327,1.582
4,Trentino-Alto Adige,Femmine,104,567,273,481.11935,431,0.5076024,1.462
4,Trentino-Alto Adige,Femmine,105,294,151,514.13342,219,0.4750991,1.353
4,Trentino-Alto Adige,Femmine,106,143,78,547.06224,104,0.4427856,1.256
4,Trentino-Alto Adige,Femmine,107,65,38,579.62826,46,0.4109183,1.169
4,Trentino-Alto Adige,Femmine,108,27,17,611.56999,19,0.3797355,1.091
4,Trentino-Alto Adige,Femmine,109,11,7,642.64810,7,0.3494539,1.022
4,Trentino-Alto Adige,Femmine,110,4,3,672.64748,3,0.3202644,0.960
4,Trentino-Alto Adige,Femmine,111,1,1,701.38838,1,0.2923248,0.905
4,Trentino-Alto Adige,Femmine,112,0,0,728.72852,0,0.2657593,0.856
4,Trentino-Alto Adige,Femmine,113,0,0,754.56029,0,0.2406603,0.813
4,Trentino-Alto Adige,Femmine,114,0,0,778.81280,0,0.2170870,0.774
4,Trentino-Alto Adige,Femmine,115,0,0,801.45011,0,0.1950682,0.740
4,Trentino-Alto Adige,Femmine,116,0,0,822.46731,0,0.1746055,0.710
4,Trentino-Alto Adige,Femmine,117,0,0,841.88261,0,0.1556791,0.683
4,Trentino-Alto Adige,Femmine,118,0,0,859.74144,0,0.1382462,0.660
4,Trentino-Alto Adige,Femmine,119,0,0,876.10148,0,0.1222518,0.639
5,Veneto,Maschi e femmine,0,100000,221,2.20780,99792,0.9997535,83.797
5,Veneto,Maschi e femmine,1,99779,23,0.23187,99768,0.9998057,82.982
5,Veneto,Maschi e femmine,2,99756,16,0.15672,99748,0.9998655,82.001
5,Veneto,Maschi e femmine,3,99740,11,0.11224,99735,0.9998994,81.013
5,Veneto,Maschi e femmine,4,99729,9,0.08899,99725,0.9999116,80.022
5,Veneto,Maschi e femmine,5,99720,9,0.08788,99716,0.9999119,79.030
5,Veneto,Maschi e femmine,6,99712,9,0.08832,99707,0.9999120,78.036
5,Veneto,Maschi e femmine,7,99703,9,0.08761,99698,0.9999147,77.043
5,Veneto,Maschi e femmine,8,99694,8,0.08309,99690,0.9999207,76.050
5,Veneto,Maschi e femmine,9,99686,8,0.07554,99682,0.9999286,75.056
5,Veneto,Maschi e femmine,10,99678,7,0.06735,99675,0.9999326,74.062
5,Veneto,Maschi e femmine,11,99672,7,0.06739,99668,0.9999287,73.067
5,Veneto,Maschi e femmine,12,99665,7,0.07524,99661,0.9999171,72.072
5,Veneto,Maschi e femmine,13,99657,9,0.09051,99653,0.9999002,71.077
5,Veneto,Maschi e femmine,14,99648,11,0.10906,99643,0.9998748,70.084
5,Veneto,Maschi e femmine,15,99637,14,0.14131,99630,0.9998341,69.091
5,Veneto,Maschi e femmine,16,99623,19,0.19045,99614,0.9997799,68.101
5,Veneto,Maschi e femmine,17,99604,25,0.24970,99592,0.9997318,67.114
5,Veneto,Maschi e femmine,18,99580,29,0.28666,99565,0.9997028,66.130
5,Veneto,Maschi e femmine,19,99551,31,0.30769,99536,0.9996929,65.149
5,Veneto,Maschi e femmine,20,99520,31,0.30654,99505,0.9996864,64.169
5,Veneto,Maschi e femmine,21,99490,32,0.32076,99474,0.9996693,63.189
5,Veneto,Maschi e femmine,22,99458,34,0.34063,99441,0.9996529,62.209
5,Veneto,Maschi e femmine,23,99424,35,0.35362,99406,0.9996517,61.230
5,Veneto,Maschi e femmine,24,99389,34,0.34306,99372,0.9996627,60.251
5,Veneto,Maschi e femmine,25,99355,33,0.33152,99338,0.9996709,59.272
5,Veneto,Maschi e femmine,26,99322,32,0.32671,99306,0.9996679,58.291
5,Veneto,Maschi e femmine,27,99289,34,0.33753,99273,0.9996565,57.310
5,Veneto,Maschi e femmine,28,99256,35,0.34949,99239,0.9996439,56.329
5,Veneto,Maschi e femmine,29,99221,36,0.36277,99203,0.9996212,55.349
5,Veneto,Maschi e femmine,30,99185,39,0.39489,99166,0.9995922,54.369
5,Veneto,Maschi e femmine,31,99146,42,0.42074,99125,0.9995694,53.390
5,Veneto,Maschi e femmine,32,99104,44,0.44049,99083,0.9995560,52.412
5,Veneto,Maschi e femmine,33,99061,44,0.44753,99039,0.9995505,51.435
5,Veneto,Maschi e femmine,34,99016,45,0.45145,98994,0.9995411,50.458
5,Veneto,Maschi e femmine,35,98972,46,0.46643,98949,0.9995099,49.480
5,Veneto,Maschi e femmine,36,98925,51,0.51380,98900,0.9994699,48.503
5,Veneto,Maschi e femmine,37,98875,54,0.54631,98848,0.9994370,47.528
5,Veneto,Maschi e femmine,38,98821,57,0.57973,98792,0.9993890,46.554
5,Veneto,Maschi e femmine,39,98763,63,0.64232,98732,0.9993272,45.580
5,Veneto,Maschi e femmine,40,98700,69,0.70326,98665,0.9992609,44.609
5,Veneto,Maschi e femmine,41,98630,76,0.77494,98592,0.9991641,43.640
5,Veneto,Maschi e femmine,42,98554,88,0.89685,98510,0.9990517,42.674
5,Veneto,Maschi e femmine,43,98466,98,0.99987,98416,0.9989443,41.712
5,Veneto,Maschi e femmine,44,98367,109,1.11165,98313,0.9988355,40.753
5,Veneto,Maschi e femmine,45,98258,120,1.21734,98198,0.9987564,39.798
5,Veneto,Maschi e femmine,46,98138,125,1.26985,98076,0.9986806,38.846
5,Veneto,Maschi e femmine,47,98014,134,1.36905,97947,0.9985946,37.894
5,Veneto,Maschi e femmine,48,97879,141,1.44175,97809,0.9985128,36.946
5,Veneto,Maschi e femmine,49,97738,150,1.53271,97663,0.9984142,35.998
5,Veneto,Maschi e femmine,50,97589,160,1.63907,97509,0.9982632,35.053
5,Veneto,Maschi e femmine,51,97429,179,1.83465,97339,0.9980911,34.110
5,Veneto,Maschi e femmine,52,97250,193,1.98335,97153,0.9979182,33.171
5,Veneto,Maschi e femmine,53,97057,212,2.18052,96951,0.9977270,32.236
5,Veneto,Maschi e femmine,54,96845,229,2.36572,96731,0.9975378,31.306
5,Veneto,Maschi e femmine,55,96616,247,2.55892,96493,0.9973231,30.379
5,Veneto,Maschi e femmine,56,96369,269,2.79520,96234,0.9970678,29.455
5,Veneto,Maschi e femmine,57,96100,295,3.06950,95952,0.9968254,28.536
5,Veneto,Maschi e femmine,58,95805,314,3.28010,95647,0.9965250,27.623
5,Veneto,Maschi e femmine,59,95490,351,3.67060,95315,0.9960529,26.712
5,Veneto,Maschi e femmine,60,95140,402,4.22471,94939,0.9955387,25.809
5,Veneto,Maschi e femmine,61,94738,445,4.69892,94515,0.9950037,24.916
5,Veneto,Maschi e femmine,62,94293,499,5.29513,94043,0.9944663,24.031
5,Veneto,Maschi e femmine,63,93793,542,5.77363,93523,0.9939683,23.157
5,Veneto,Maschi e femmine,64,93252,587,6.29136,92959,0.9933032,22.288
5,Veneto,Maschi e femmine,65,92665,658,7.10480,92336,0.9924681,21.426
5,Veneto,Maschi e femmine,66,92007,733,7.96213,91641,0.9916804,20.576
5,Veneto,Maschi e femmine,67,91274,792,8.67996,90878,0.9909122,19.737
5,Veneto,Maschi e femmine,68,90482,860,9.49915,90052,0.9901069,18.905
5,Veneto,Maschi e femmine,69,89623,922,10.29079,89161,0.9892647,18.082
5,Veneto,Maschi e femmine,70,88700,992,11.18438,88204,0.9881593,17.265
5,Veneto,Maschi e femmine,71,87708,1097,12.50450,87160,0.9868197,16.454
5,Veneto,Maschi e femmine,72,86611,1201,13.86473,86011,0.9854397,15.656
5,Veneto,Maschi e femmine,73,85411,1304,15.26571,84759,0.9836647,14.869
5,Veneto,Maschi e femmine,74,84107,1465,17.42154,83374,0.9814635,14.092
5,Veneto,Maschi e femmine,75,82642,1626,19.67117,81829,0.9791057,13.333
5,Veneto,Maschi e femmine,76,81016,1794,22.14201,80119,0.9763364,12.591
5,Veneto,Maschi e femmine,77,79222,1998,25.21970,78223,0.9730162,11.864
5,Veneto,Maschi e femmine,78,77224,2224,28.79350,76112,0.9693932,11.158
5,Veneto,Maschi e femmine,79,75000,2436,32.47381,73783,0.9648980,10.474
5,Veneto,Maschi e femmine,80,72565,2744,37.81843,71193,0.9599562,9.809
5,Veneto,Maschi e femmine,81,69821,2957,42.35666,68342,0.9551552,9.175
5,Veneto,Maschi e femmine,82,66863,3172,47.44296,65277,0.9499108,8.559
5,Veneto,Maschi e femmine,83,63691,3367,52.86724,62007,0.9445058,7.960
5,Veneto,Maschi e femmine,84,60324,3515,58.26782,58566,0.9374571,7.377
5,Veneto,Maschi e femmine,85,56809,3811,67.08254,54904,0.9274599,6.802
5,Veneto,Maschi e femmine,86,52998,4155,78.39003,50921,0.9159619,6.255
5,Veneto,Maschi e femmine,87,48844,4404,90.16655,46642,0.9027478,5.745
5,Veneto,Maschi e femmine,88,44440,4668,105.04000,42106,0.8874205,5.265
5,Veneto,Maschi e femmine,89,39772,4813,121.00380,37365,0.8707119,4.824
5,Veneto,Maschi e femmine,90,34959,4849,138.71280,32534,0.8523976,4.419
5,Veneto,Maschi e femmine,91,30110,4755,157.92377,27732,0.8323108,4.050
5,Veneto,Maschi e femmine,92,25355,4546,179.28601,23082,0.8096209,3.716
5,Veneto,Maschi e femmine,93,20809,4243,203.89558,18688,0.7876967,3.419
5,Veneto,Maschi e femmine,94,16566,3692,222.86435,14720,0.7688524,3.166
5,Veneto,Maschi e femmine,95,12874,3113,241.80626,11318,0.7502290,2.931
5,Veneto,Maschi e femmine,96,9761,2541,260.27581,8491,0.7285468,2.706
5,Veneto,Maschi e femmine,97,7221,2069,286.56351,6186,0.7014567,2.482
5,Veneto,Maschi e femmine,98,5151,1624,315.33486,4339,0.6729073,2.278
5,Veneto,Maschi e femmine,99,3527,1214,344.26588,2920,0.6443286,2.097
5,Veneto,Maschi e femmine,100,2313,863,373.06494,1881,0.6165542,1.935
5,Veneto,Maschi e femmine,101,1450,580,400.00399,1160,0.5880042,1.789
5,Veneto,Maschi e femmine,102,870,376,431.98235,682,0.5562118,1.648
5,Veneto,Maschi e femmine,103,494,230,464.57244,379,0.5239423,1.521
5,Veneto,Maschi e femmine,104,265,132,497.50842,199,0.4914536,1.406
5,Veneto,Maschi e femmine,105,133,71,530.51277,98,0.4590090,1.303
5,Veneto,Maschi e femmine,106,62,35,563.30942,45,0.4268673,1.211
5,Veneto,Maschi e femmine,107,27,16,595.62756,19,0.3952764,1.129
5,Veneto,Maschi e femmine,108,11,7,627.21796,8,0.3644618,1.055
5,Veneto,Maschi e femmine,109,4,3,657.85746,3,0.3346237,0.990
5,Veneto,Maschi e femmine,110,1,1,687.35201,1,0.3059330,0.931
5,Veneto,Maschi e femmine,111,0,0,715.54495,0,0.2785258,0.879
5,Veneto,Maschi e femmine,112,0,0,742.31828,0,0.2525044,0.833
5,Veneto,Maschi e femmine,113,0,0,767.58762,0,0.2279401,0.792
5,Veneto,Maschi e femmine,114,0,0,791.30288,0,0.2048741,0.755
5,Veneto,Maschi e femmine,115,0,0,813.44443,0,0.1833208,0.723
5,Veneto,Maschi e femmine,116,0,0,834.01849,0,0.1632725,0.694
5,Veneto,Maschi e femmine,117,0,0,853.04848,0,0.1447054,0.668
5,Veneto,Maschi e femmine,118,0,0,870.57940,0,0.1275775,0.646
5,Veneto,Maschi e femmine,119,0,0,886.66376,0,0.1118393,0.626
5,Veneto,Maschi,0,100000,217,2.16566,99796,0.9997673,81.716
5,Veneto,Maschi,1,99783,21,0.20941,99773,0.9998213,80.893
5,Veneto,Maschi,2,99763,15,0.14790,99755,0.9998680,79.910
5,Veneto,Maschi,3,99748,12,0.11600,99742,0.9998907,78.921
5,Veneto,Maschi,4,99736,10,0.10253,99731,0.9998958,77.930
5,Veneto,Maschi,5,99726,11,0.10589,99721,0.9998922,76.938
5,Veneto,Maschi,6,99715,11,0.10980,99710,0.9998923,75.946
5,Veneto,Maschi,7,99704,11,0.10568,99699,0.9999008,74.955
5,Veneto,Maschi,8,99694,9,0.09270,99689,0.9999160,73.963
5,Veneto,Maschi,9,99685,8,0.07528,99681,0.9999327,72.969
5,Veneto,Maschi,10,99677,6,0.05925,99674,0.9999422,71.975
5,Veneto,Maschi,11,99671,6,0.05634,99668,0.9999373,70.979
5,Veneto,Maschi,12,99666,7,0.06915,99662,0.9999219,69.983
5,Veneto,Maschi,13,99659,9,0.08703,99654,0.9999008,68.988
5,Veneto,Maschi,14,99650,11,0.11135,99645,0.9998655,67.994
5,Veneto,Maschi,15,99639,16,0.15762,99631,0.9998019,67.001
5,Veneto,Maschi,16,99623,24,0.23868,99611,0.9997134,66.012
5,Veneto,Maschi,17,99600,33,0.33452,99583,0.9996397,65.027
5,Veneto,Maschi,18,99566,38,0.38606,99547,0.9996055,64.049
5,Veneto,Maschi,19,99528,40,0.40285,99508,0.9996029,63.074
5,Veneto,Maschi,20,99488,39,0.39136,99468,0.9995964,62.099
5,Veneto,Maschi,21,99449,41,0.41586,99428,0.9995623,61.123
5,Veneto,Maschi,22,99407,46,0.45963,99385,0.9995238,60.148
5,Veneto,Maschi,23,99362,49,0.49282,99337,0.9995132,59.176
5,Veneto,Maschi,24,99313,48,0.48076,99289,0.9995250,58.204
5,Veneto,Maschi,25,99265,47,0.46925,99242,0.9995268,57.232
5,Veneto,Maschi,26,99218,47,0.47717,99195,0.9995063,56.259
5,Veneto,Maschi,27,99171,51,0.51020,99146,0.9994855,55.285
5,Veneto,Maschi,28,99120,51,0.51882,99095,0.9994833,54.313
5,Veneto,Maschi,29,99069,51,0.51464,99044,0.9994746,53.341
5,Veneto,Maschi,30,99018,53,0.53611,98992,0.9994554,52.369
5,Veneto,Maschi,31,98965,55,0.55314,98938,0.9994356,51.396
5,Veneto,Maschi,32,98910,57,0.57561,98882,0.9994122,50.425
5,Veneto,Maschi,33,98853,59,0.60003,98824,0.9993923,49.453
5,Veneto,Maschi,34,98794,61,0.61528,98764,0.9993797,48.483
5,Veneto,Maschi,35,98733,62,0.62535,98702,0.9993397,47.512
5,Veneto,Maschi,36,98671,69,0.69523,98637,0.9992921,46.542
5,Veneto,Maschi,37,98603,71,0.72060,98567,0.9992625,45.574
5,Veneto,Maschi,38,98532,74,0.75440,98495,0.9992042,44.606
5,Veneto,Maschi,39,98457,82,0.83730,98416,0.9991247,43.640
5,Veneto,Maschi,40,98375,90,0.91338,98330,0.9990544,42.676
5,Veneto,Maschi,41,98285,96,0.97779,98237,0.9989395,41.714
5,Veneto,Maschi,42,98189,112,1.14338,98133,0.9987877,40.755
5,Veneto,Maschi,43,98077,126,1.28125,98014,0.9986158,39.801
5,Veneto,Maschi,44,97951,146,1.48729,97878,0.9984255,38.851
5,Veneto,Maschi,45,97805,163,1.66192,97724,0.9983166,37.908
5,Veneto,Maschi,46,97643,166,1.70488,97560,0.9982597,36.970
5,Veneto,Maschi,47,97476,173,1.77580,97390,0.9982039,36.033
5,Veneto,Maschi,48,97303,177,1.81646,97215,0.9981546,35.096
5,Veneto,Maschi,49,97127,182,1.87433,97036,0.9980575,34.159
5,Veneto,Maschi,50,96945,195,2.01072,96847,0.9978524,33.222
5,Veneto,Maschi,51,96750,221,2.28484,96639,0.9976015,32.288
5,Veneto,Maschi,52,96529,243,2.51251,96407,0.9973338,31.361
5,Veneto,Maschi,53,96286,272,2.82036,96150,0.9970748,30.439
5,Veneto,Maschi,54,96014,291,3.03030,95869,0.9968773,29.523
5,Veneto,Maschi,55,95724,308,3.21547,95570,0.9966919,28.611
5,Veneto,Maschi,56,95416,325,3.40100,95253,0.9964209,27.702
5,Veneto,Maschi,57,95091,357,3.75784,94913,0.9960597,26.795
5,Veneto,Maschi,58,94734,391,4.12340,94539,0.9955852,25.894
5,Veneto,Maschi,59,94343,444,4.70748,94121,0.9949079,24.999
5,Veneto,Maschi,60,93899,514,5.47849,93642,0.9942098,24.115
5,Veneto,Maschi,61,93385,570,6.10358,93100,0.9935153,23.245
5,Veneto,Maschi,62,92815,637,6.86819,92496,0.9927862,22.385
5,Veneto,Maschi,63,92177,697,7.56174,91829,0.9920981,21.536
5,Veneto,Maschi,64,91480,754,8.24473,91103,0.9913661,20.697
5,Veneto,Maschi,65,90726,819,9.02622,90317,0.9904180,19.864
5,Veneto,Maschi,66,89907,912,10.14282,89451,0.9894130,19.041
5,Veneto,Maschi,67,88995,982,11.03575,88504,0.9882920,18.231
5,Veneto,Maschi,68,88013,1090,12.38778,87468,0.9869215,17.429
5,Veneto,Maschi,69,86923,1198,13.77787,86324,0.9855043,16.641
5,Veneto,Maschi,70,85725,1305,15.22348,85073,0.9839563,15.867
5,Veneto,Maschi,71,84420,1425,16.87653,83708,0.9823224,15.104
5,Veneto,Maschi,72,82995,1535,18.49234,82228,0.9808831,14.355
5,Veneto,Maschi,73,81461,1609,19.75322,80656,0.9789358,13.616
5,Veneto,Maschi,74,79852,1789,22.40154,78957,0.9761878,12.880
5,Veneto,Maschi,75,78063,1971,25.25527,77077,0.9733225,12.164
5,Veneto,Maschi,76,76091,2141,28.13659,75021,0.9700316,11.466
5,Veneto,Maschi,77,73950,2356,31.85334,72772,0.9662606,10.783
5,Veneto,Maschi,78,71595,2555,35.68743,70317,0.9622755,10.122
5,Veneto,Maschi,79,69040,2750,39.83702,67665,0.9567217,9.478
5,Veneto,Maschi,80,66289,3106,46.86226,64736,0.9502296,8.850
5,Veneto,Maschi,81,63183,3337,52.82160,61514,0.9440130,8.261
5,Veneto,Maschi,82,59845,3551,59.32897,58070,0.9372682,7.694
5,Veneto,Maschi,83,56295,3735,66.34916,54427,0.9308841,7.147
5,Veneto,Maschi,84,52560,3788,72.07930,50666,0.9231747,6.620
5,Veneto,Maschi,85,48771,3996,81.93989,46773,0.9114993,6.095
5,Veneto,Maschi,86,44775,4283,95.64702,42634,0.8977948,5.595
5,Veneto,Maschi,87,40492,4432,109.45691,38276,0.8834278,5.133
5,Veneto,Maschi,88,36060,4492,124.56198,33814,0.8670711,4.703
5,Veneto,Maschi,89,31568,4498,142.48625,29319,0.8481768,4.301
5,Veneto,Maschi,90,27070,4405,162.71158,24868,0.8267606,3.933
5,Veneto,Maschi,91,22666,4212,185.81315,20560,0.8014485,3.600
5,Veneto,Maschi,92,18454,3953,214.19702,16478,0.7745834,3.307
5,Veneto,Maschi,93,14501,3476,239.69449,12763,0.7545785,3.072
5,Veneto,Maschi,94,11025,2789,252.95403,9631,0.7432163,2.883
5,Veneto,Maschi,95,8237,2157,261.91023,7158,0.7285173,2.690
5,Veneto,Maschi,96,6079,1729,284.45184,5215,0.7026345,2.467
5,Veneto,Maschi,97,4350,1372,315.41275,3664,0.6701199,2.249
5,Veneto,Maschi,98,2978,1045,351.01294,2455,0.6361519,2.055
5,Veneto,Maschi,99,1933,741,383.62531,1562,0.6055254,1.897
5,Veneto,Maschi,100,1191,491,412.07639,946,0.5815195,1.766
5,Veneto,Maschi,101,700,301,429.37330,550,0.5583272,1.653
5,Veneto,Maschi,102,400,185,463.22722,307,0.5247447,1.520
5,Veneto,Maschi,103,215,107,497.66358,161,0.4907242,1.401
5,Veneto,Maschi,104,108,57,532.39229,79,0.4565473,1.294
5,Veneto,Maschi,105,50,29,567.10583,36,0.4225039,1.198
5,Veneto,Maschi,106,22,13,601.49790,15,0.3888798,1.112
5,Veneto,Maschi,107,9,6,635.26653,6,0.3559498,1.035
5,Veneto,Maschi,108,3,2,668.13280,2,0.3239666,0.967
5,Veneto,Maschi,109,1,1,699.83976,1,0.2931588,0.906
5,Veneto,Maschi,110,0,0,730.16691,0,0.2637208,0.852
5,Veneto,Maschi,111,0,0,758.93129,0,0.2358121,0.804
5,Veneto,Maschi,112,0,0,785.99359,0,0.2095537,0.762
5,Veneto,Maschi,113,0,0,811.25297,0,0.1850319,0.725
5,Veneto,Maschi,114,0,0,834.65118,0,0.1622962,0.692
5,Veneto,Maschi,115,0,0,856.16525,0,0.1413648,0.664
5,Veneto,Maschi,116,0,0,875.80748,0,0.1222252,0.639
5,Veneto,Maschi,117,0,0,893.61608,0,0.1048418,0.617
5,Veneto,Maschi,118,0,0,909.65409,0,0.0891571,0.598
5,Veneto,Maschi,119,0,0,924.00111,0,0.0750984,0.581
5,Veneto,Femmine,0,100000,225,2.25225,99788,0.9997391,85.978
5,Veneto,Femmine,1,99775,25,0.25557,99762,0.9997892,85.171
5,Veneto,Femmine,2,99749,17,0.16602,99741,0.9998629,84.192
5,Veneto,Femmine,3,99733,11,0.10827,99727,0.9999085,83.206
5,Veneto,Femmine,4,99722,7,0.07470,99718,0.9999282,82.215
5,Veneto,Femmine,5,99714,7,0.06887,99711,0.9999327,81.221
5,Veneto,Femmine,6,99708,7,0.06565,99704,0.9999329,80.227
5,Veneto,Femmine,7,99701,7,0.06855,99698,0.9999293,79.232
5,Veneto,Femmine,8,99694,7,0.07295,99691,0.9999256,78.237
5,Veneto,Femmine,9,99687,8,0.07581,99683,0.9999241,77.243
5,Veneto,Femmine,10,99679,8,0.07589,99676,0.9999225,76.249
5,Veneto,Femmine,11,99672,8,0.07904,99668,0.9999197,75.255
5,Veneto,Femmine,12,99664,8,0.08166,99660,0.9999121,74.260
5,Veneto,Femmine,13,99656,9,0.09419,99651,0.9998996,73.266
5,Veneto,Femmine,14,99646,11,0.10665,99641,0.9998846,72.273
5,Veneto,Femmine,15,99636,12,0.12411,99630,0.9998682,71.281
5,Veneto,Femmine,16,99623,14,0.13957,99616,0.9998501,70.290
5,Veneto,Femmine,17,99610,16,0.16023,99602,0.9998290,69.300
5,Veneto,Femmine,18,99594,18,0.18183,99585,0.9998054,68.311
5,Veneto,Femmine,19,99575,21,0.20736,99565,0.9997878,67.323
5,Veneto,Femmine,20,99555,22,0.21712,99544,0.9997812,66.337
5,Veneto,Femmine,21,99533,22,0.22053,99522,0.9997821,65.351
5,Veneto,Femmine,22,99511,21,0.21524,99501,0.9997889,64.365
5,Veneto,Femmine,23,99490,21,0.20698,99480,0.9997975,63.379
5,Veneto,Femmine,24,99469,20,0.19804,99459,0.9998077,62.392
5,Veneto,Femmine,25,99450,19,0.18651,99440,0.9998226,61.404
5,Veneto,Femmine,26,99431,17,0.16834,99423,0.9998379,60.416
5,Veneto,Femmine,27,99414,15,0.15584,99406,0.9998364,59.426
5,Veneto,Femmine,28,99399,17,0.17137,99390,0.9998128,58.435
5,Veneto,Femmine,29,99382,20,0.20307,99372,0.9997753,57.445
5,Veneto,Femmine,30,99362,24,0.24643,99349,0.9997360,56.457
5,Veneto,Femmine,31,99337,28,0.28160,99323,0.9997099,55.470
5,Veneto,Femmine,32,99309,30,0.29853,99294,0.9997071,54.486
5,Veneto,Femmine,33,99279,29,0.28735,99265,0.9997166,53.502
5,Veneto,Femmine,34,99251,28,0.27943,99237,0.9997105,52.517
5,Veneto,Femmine,35,99223,30,0.29964,99208,0.9996885,51.532
5,Veneto,Femmine,36,99193,32,0.32344,99177,0.9996565,50.547
5,Veneto,Femmine,37,99161,36,0.36351,99143,0.9996200,49.563
5,Veneto,Femmine,38,99125,39,0.39659,99106,0.9995827,48.581
5,Veneto,Femmine,39,99086,43,0.43796,99064,0.9995395,47.600
5,Veneto,Femmine,40,99043,48,0.48312,99019,0.9994772,46.621
5,Veneto,Femmine,41,98995,56,0.56251,98967,0.9993994,45.643
5,Veneto,Femmine,42,98939,63,0.63881,98907,0.9993279,44.668
5,Veneto,Femmine,43,98876,70,0.70549,98841,0.9992878,43.697
5,Veneto,Femmine,44,98806,71,0.71892,98771,0.9992641,42.727
5,Veneto,Femmine,45,98735,74,0.75294,98698,0.9992156,41.758
5,Veneto,Femmine,46,98661,80,0.81584,98620,0.9991197,40.789
5,Veneto,Femmine,47,98580,93,0.94491,98534,0.9990019,39.822
5,Veneto,Femmine,48,98487,104,1.05134,98435,0.9988858,38.859
5,Veneto,Femmine,49,98384,116,1.17703,98326,0.9987853,37.899
5,Veneto,Femmine,50,98268,123,1.25239,98206,0.9986905,36.943
5,Veneto,Femmine,51,98145,134,1.36666,98078,0.9985998,35.989
5,Veneto,Femmine,52,98011,141,1.43383,97940,0.9985247,35.037
5,Veneto,Femmine,53,97870,148,1.51684,97796,0.9984030,34.087
5,Veneto,Femmine,54,97722,164,1.67731,97640,0.9982216,33.138
5,Veneto,Femmine,55,97558,183,1.87973,97466,0.9979756,32.193
5,Veneto,Femmine,56,97374,211,2.16932,97269,0.9977358,31.253
5,Veneto,Femmine,57,97163,229,2.35928,97048,0.9976147,30.319
5,Veneto,Femmine,58,96934,234,2.41137,96817,0.9974922,29.390
5,Veneto,Femmine,59,96700,252,2.60447,96574,0.9972287,28.460
5,Veneto,Femmine,60,96448,283,2.93857,96306,0.9969000,27.533
5,Veneto,Femmine,61,96165,314,3.26189,96008,0.9965241,26.612
5,Veneto,Femmine,62,95851,354,3.69069,95674,0.9961769,25.698
5,Veneto,Femmine,63,95497,378,3.95605,95308,0.9958657,24.791
5,Veneto,Femmine,64,95120,410,4.31331,94914,0.9952609,23.888
5,Veneto,Femmine,65,94709,489,5.16671,94465,0.9945316,22.989
5,Veneto,Femmine,66,94220,544,5.77163,93948,0.9939528,22.106
5,Veneto,Femmine,67,93676,592,6.32437,93380,0.9935253,21.231
5,Veneto,Femmine,68,93084,617,6.62598,92775,0.9932651,20.363
5,Veneto,Femmine,69,92467,633,6.84453,92150,0.9929671,19.496
5,Veneto,Femmine,70,91834,663,7.22257,91502,0.9922646,18.627
5,Veneto,Femmine,71,91171,752,8.25204,90795,0.9911744,17.758
5,Veneto,Femmine,72,90418,850,9.40386,89993,0.9898123,16.902
5,Veneto,Femmine,73,89568,983,10.97892,89076,0.9881610,16.058
5,Veneto,Femmine,74,88585,1126,12.70870,88022,0.9864304,15.230
5,Veneto,Femmine,75,87459,1263,14.44152,86827,0.9844913,14.420
5,Veneto,Femmine,76,86196,1430,16.59161,85481,0.9821383,13.624
5,Veneto,Femmine,77,84766,1624,19.15331,83954,0.9791538,12.846
5,Veneto,Femmine,78,83142,1877,22.57209,82204,0.9757727,12.087
5,Veneto,Femmine,79,81266,2106,25.92082,80212,0.9721171,11.354
5,Veneto,Femmine,80,79159,2367,29.89722,77976,0.9683963,10.643
5,Veneto,Femmine,81,76792,2562,33.36269,75511,0.9646303,9.956
5,Veneto,Femmine,82,74230,2780,37.44600,72841,0.9604179,9.282
5,Veneto,Femmine,83,71451,2987,41.80133,69957,0.9555452,8.624
5,Veneto,Femmine,84,68464,3233,47.22399,66848,0.9487272,7.978
5,Veneto,Femmine,85,65231,3622,55.52238,63420,0.9396965,7.349
5,Veneto,Femmine,86,61609,4027,65.36567,59596,0.9294469,6.751
5,Veneto,Femmine,87,57582,4382,76.10335,55391,0.9165879,6.188
5,Veneto,Femmine,88,53200,4858,91.32282,50771,0.9014589,5.657
5,Veneto,Femmine,89,48341,5148,106.48492,45768,0.8856373,5.175
5,Veneto,Femmine,90,43194,5321,123.17930,40534,0.8686157,4.732
5,Veneto,Femmine,91,37873,5330,140.74189,35208,0.8508081,4.327
5,Veneto,Femmine,92,32543,5175,159.02606,29955,0.8293408,3.954
5,Veneto,Femmine,93,27368,5049,184.49204,24843,0.8051373,3.607
5,Veneto,Femmine,94,22319,4633,207.57943,20002,0.7815823,3.310
5,Veneto,Femmine,95,17686,4105,232.09517,15633,0.7605233,3.046
5,Veneto,Femmine,96,13581,3383,249.08921,11890,0.7402731,2.815
5,Veneto,Femmine,97,10198,2793,273.89326,8801,0.7148529,2.583
5,Veneto,Femmine,98,7405,2226,300.64599,6292,0.6875727,2.369
5,Veneto,Femmine,99,5179,1705,329.27325,4326,0.6586309,2.173
5,Veneto,Femmine,100,3473,1248,359.40303,2849,0.6284597,1.994
5,Veneto,Femmine,101,2225,869,390.48700,1791,0.5973825,1.833
5,Veneto,Femmine,102,1356,573,422.51952,1070,0.5654903,1.686
5,Veneto,Femmine,103,783,357,455.27257,605,0.5330164,1.554
5,Veneto,Femmine,104,427,208,488.48260,322,0.5002182,1.435
5,Veneto,Femmine,105,218,114,521.87131,161,0.4673619,1.328
5,Veneto,Femmine,106,104,58,555.15679,75,0.4347136,1.233
5,Veneto,Femmine,107,46,27,588.05748,33,0.4025331,1.147
5,Veneto,Femmine,108,19,12,620.30847,13,0.3710615,1.070
5,Veneto,Femmine,109,7,5,651.66754,5,0.3405176,1.002
5,Veneto,Femmine,110,3,2,681.91728,2,0.3110943,0.941
5,Veneto,Femmine,111,1,1,710.87634,1,0.2829503,0.887
5,Veneto,Femmine,112,0,0,738.40152,0,0.2562107,0.839
5,Veneto,Femmine,113,0,0,764.38485,0,0.2309680,0.797
5,Veneto,Femmine,114,0,0,788.75572,0,0.2072813,0.759
5,Veneto,Femmine,115,0,0,811.47894,0,0.1851787,0.725
5,Veneto,Femmine,116,0,0,832.55076,0,0.1646609,0.696
5,Veneto,Femmine,117,0,0,851.99085,0,0.1457071,0.670
5,Veneto,Femmine,118,0,0,869.84640,0,0.1282729,0.647
5,Veneto,Femmine,119,0,0,886.17694,0,0.1123021,0.626
6,Friuli-Venezia Giulia,Maschi e femmine,0,100000,239,2.38790,99775,0.9998280,83.394
6,Friuli-Venezia Giulia,Maschi e femmine,1,99761,6,0.06169,99758,0.9999412,82.592
6,Friuli-Venezia Giulia,Maschi e femmine,2,99755,6,0.05601,99752,0.9999482,81.597
6,Friuli-Venezia Giulia,Maschi e femmine,3,99749,5,0.04752,99747,0.9999545,80.602
6,Friuli-Venezia Giulia,Maschi e femmine,4,99745,4,0.04343,99743,0.9999543,79.606
6,Friuli-Venezia Giulia,Maschi e femmine,5,99740,5,0.04800,99738,0.9999432,78.609
6,Friuli-Venezia Giulia,Maschi e femmine,6,99736,7,0.06554,99732,0.9999204,77.613
6,Friuli-Venezia Giulia,Maschi e femmine,7,99729,9,0.09357,99724,0.9998934,76.618
6,Friuli-Venezia Giulia,Maschi e femmine,8,99720,12,0.11961,99714,0.9998728,75.625
6,Friuli-Venezia Giulia,Maschi e femmine,9,99708,13,0.13483,99701,0.9998618,74.634
6,Friuli-Venezia Giulia,Maschi e femmine,10,99694,14,0.14154,99687,0.9998555,73.644
6,Friuli-Venezia Giulia,Maschi e femmine,11,99680,15,0.14752,99673,0.9998529,72.654
6,Friuli-Venezia Giulia,Maschi e femmine,12,99666,15,0.14676,99658,0.9998574,71.665
6,Friuli-Venezia Giulia,Maschi e femmine,13,99651,14,0.13846,99644,0.9998679,70.675
6,Friuli-Venezia Giulia,Maschi e femmine,14,99637,13,0.12570,99631,0.9998686,69.685
6,Friuli-Venezia Giulia,Maschi e femmine,15,99625,14,0.13703,99618,0.9998371,68.694
6,Friuli-Venezia Giulia,Maschi e femmine,16,99611,19,0.18871,99602,0.9997744,67.703
6,Friuli-Venezia Giulia,Maschi e femmine,17,99592,26,0.26246,99579,0.9997077,66.716
6,Friuli-Venezia Giulia,Maschi e femmine,18,99566,32,0.32214,99550,0.9996743,65.733
6,Friuli-Venezia Giulia,Maschi e femmine,19,99534,33,0.32930,99518,0.9996828,64.754
6,Friuli-Venezia Giulia,Maschi e femmine,20,99501,30,0.30507,99486,0.9997101,63.775
6,Friuli-Venezia Giulia,Maschi e femmine,21,99471,27,0.27478,99457,0.9997267,62.795
6,Friuli-Venezia Giulia,Maschi e femmine,22,99443,27,0.27180,99430,0.9997221,61.812
6,Friuli-Venezia Giulia,Maschi e femmine,23,99416,28,0.28403,99402,0.9997007,60.829
6,Friuli-Venezia Giulia,Maschi e femmine,24,99388,31,0.31462,99373,0.9996779,59.846
6,Friuli-Venezia Giulia,Maschi e femmine,25,99357,33,0.32961,99341,0.9996603,58.864
6,Friuli-Venezia Giulia,Maschi e femmine,26,99324,35,0.34972,99307,0.9996504,57.884
6,Friuli-Venezia Giulia,Maschi e femmine,27,99289,35,0.34958,99272,0.9996384,56.904
6,Friuli-Venezia Giulia,Maschi e femmine,28,99255,37,0.37361,99236,0.9996131,55.923
6,Friuli-Venezia Giulia,Maschi e femmine,29,99218,40,0.40022,99198,0.9995772,54.944
6,Friuli-Venezia Giulia,Maschi e femmine,30,99178,44,0.44532,99156,0.9995321,53.966
6,Friuli-Venezia Giulia,Maschi e femmine,31,99134,49,0.49047,99109,0.9995015,52.990
6,Friuli-Venezia Giulia,Maschi e femmine,32,99085,50,0.50657,99060,0.9995118,52.015
6,Friuli-Venezia Giulia,Maschi e femmine,33,99035,47,0.46991,99012,0.9995406,51.042
6,Friuli-Venezia Giulia,Maschi e femmine,34,98988,44,0.44899,98966,0.9995536,50.065
6,Friuli-Venezia Giulia,Maschi e femmine,35,98944,44,0.44382,98922,0.9995278,49.088
6,Friuli-Venezia Giulia,Maschi e femmine,36,98900,50,0.50069,98875,0.9994628,48.109
6,Friuli-Venezia Giulia,Maschi e femmine,37,98851,57,0.57377,98822,0.9993923,47.133
6,Friuli-Venezia Giulia,Maschi e femmine,38,98794,63,0.64168,98762,0.9993266,46.160
6,Friuli-Venezia Giulia,Maschi e femmine,39,98730,70,0.70519,98696,0.9992480,45.189
6,Friuli-Venezia Giulia,Maschi e femmine,40,98661,79,0.79885,98621,0.9991624,44.221
6,Friuli-Venezia Giulia,Maschi e femmine,41,98582,86,0.87646,98539,0.9990782,43.256
6,Friuli-Venezia Giulia,Maschi e femmine,42,98496,95,0.96712,98448,0.9989912,42.293
6,Friuli-Venezia Giulia,Maschi e femmine,43,98400,103,1.05059,98349,0.9989139,41.334
6,Friuli-Venezia Giulia,Maschi e femmine,44,98297,110,1.12173,98242,0.9988001,40.377
6,Friuli-Venezia Giulia,Maschi e femmine,45,98187,125,1.27810,98124,0.9986229,39.421
6,Friuli-Venezia Giulia,Maschi e femmine,46,98061,145,1.47621,97989,0.9984628,38.471
6,Friuli-Venezia Giulia,Maschi e femmine,47,97916,156,1.59821,97838,0.9983519,37.527
6,Friuli-Venezia Giulia,Maschi e femmine,48,97760,166,1.69797,97677,0.9982485,36.587
6,Friuli-Venezia Giulia,Maschi e femmine,49,97594,176,1.80521,97506,0.9981281,35.648
6,Friuli-Venezia Giulia,Maschi e femmine,50,97418,189,1.93867,97323,0.9980172,34.711
6,Friuli-Venezia Giulia,Maschi e femmine,51,97229,197,2.02699,97130,0.9979065,33.778
6,Friuli-Venezia Giulia,Maschi e femmine,52,97032,210,2.16006,96927,0.9977787,32.846
6,Friuli-Venezia Giulia,Maschi e femmine,53,96822,221,2.28275,96712,0.9975794,31.916
6,Friuli-Venezia Giulia,Maschi e femmine,54,96601,247,2.55882,96478,0.9973185,30.987
6,Friuli-Venezia Giulia,Maschi e femmine,55,96354,270,2.80442,96219,0.9970592,30.066
6,Friuli-Venezia Giulia,Maschi e femmine,56,96084,296,3.07763,95936,0.9967863,29.149
6,Friuli-Venezia Giulia,Maschi e femmine,57,95788,321,3.35021,95628,0.9964906,28.237
6,Friuli-Venezia Giulia,Maschi e femmine,58,95467,350,3.66906,95292,0.9960761,27.330
6,Friuli-Venezia Giulia,Maschi e femmine,59,95117,398,4.17961,94918,0.9955305,26.429
6,Friuli-Venezia Giulia,Maschi e femmine,60,94719,451,4.76064,94494,0.9950489,25.538
6,Friuli-Venezia Giulia,Maschi e femmine,61,94268,485,5.14251,94026,0.9946855,24.658
6,Friuli-Venezia Giulia,Maschi e femmine,62,93784,515,5.48744,93526,0.9940867,23.783
6,Friuli-Venezia Giulia,Maschi e femmine,63,93269,591,6.34160,92973,0.9933036,22.911
6,Friuli-Venezia Giulia,Maschi e femmine,64,92678,654,7.05350,92351,0.9925306,22.054
6,Friuli-Venezia Giulia,Maschi e femmine,65,92024,726,7.88828,91661,0.9915006,21.207
6,Friuli-Venezia Giulia,Maschi e femmine,66,91298,832,9.11539,90882,0.9905145,20.372
6,Friuli-Venezia Giulia,Maschi e femmine,67,90466,892,9.85900,90020,0.9897606,19.555
6,Friuli-Venezia Giulia,Maschi e femmine,68,89574,952,10.62351,89098,0.9885914,18.745
6,Friuli-Venezia Giulia,Maschi e femmine,69,88622,1081,12.20216,88082,0.9870427,17.940
6,Friuli-Venezia Giulia,Maschi e femmine,70,87541,1201,13.72167,86940,0.9856988,17.156
6,Friuli-Venezia Giulia,Maschi e femmine,71,86340,1285,14.88869,85697,0.9841234,16.388
6,Friuli-Venezia Giulia,Maschi e femmine,72,85054,1436,16.87939,84336,0.9826761,15.628
6,Friuli-Venezia Giulia,Maschi e femmine,73,83619,1486,17.77598,82875,0.9815245,14.887
6,Friuli-Venezia Giulia,Maschi e femmine,74,82132,1576,19.18773,81344,0.9798121,14.148
6,Friuli-Venezia Giulia,Maschi e femmine,75,80556,1708,21.20764,79702,0.9776925,13.415
6,Friuli-Venezia Giulia,Maschi e femmine,76,78848,1847,23.43116,77924,0.9756279,12.695
6,Friuli-Venezia Giulia,Maschi e femmine,77,77000,1951,25.33565,76025,0.9731169,11.987
6,Friuli-Venezia Giulia,Maschi e femmine,78,75049,2137,28.47079,73981,0.9699947,11.286
6,Friuli-Venezia Giulia,Maschi e femmine,79,72913,2303,31.58475,71761,0.9660195,10.602
6,Friuli-Venezia Giulia,Maschi e femmine,80,70610,2574,36.45439,69323,0.9608451,9.931
6,Friuli-Venezia Giulia,Maschi e femmine,81,68036,2855,41.95760,66608,0.9548881,9.288
6,Friuli-Venezia Giulia,Maschi e femmine,82,65181,3155,48.40425,63604,0.9485096,8.673
6,Friuli-Venezia Giulia,Maschi e femmine,83,62026,3395,54.73363,60329,0.9422467,8.089
6,Friuli-Venezia Giulia,Maschi e femmine,84,58631,3573,60.94771,56844,0.9348015,7.528
6,Friuli-Venezia Giulia,Maschi e femmine,85,55058,3839,69.72526,53138,0.9259363,6.984
6,Friuli-Venezia Giulia,Maschi e femmine,86,51219,4032,78.72725,49203,0.9157893,6.470
6,Friuli-Venezia Giulia,Maschi e femmine,87,47187,4254,90.16279,45059,0.9032192,5.981
6,Friuli-Venezia Giulia,Maschi e femmine,88,42932,4467,104.05456,40698,0.8904390,5.524
6,Friuli-Venezia Giulia,Maschi e femmine,89,38465,4451,115.70694,36239,0.8790013,5.107
6,Friuli-Venezia Giulia,Maschi e femmine,90,34014,4319,126.98291,31855,0.8672883,4.710
6,Friuli-Venezia Giulia,Maschi e femmine,91,29695,4136,139.27373,27627,0.8529777,4.322
6,Friuli-Venezia Giulia,Maschi e femmine,92,25559,3988,156.02458,23565,0.8334779,3.941
6,Friuli-Venezia Giulia,Maschi e femmine,93,21571,3860,178.96024,19641,0.8076905,3.577
6,Friuli-Venezia Giulia,Maschi e femmine,94,17711,3694,208.56854,15864,0.7793955,3.248
6,Friuli-Venezia Giulia,Maschi e femmine,95,14017,3305,235.81238,12364,0.7538908,2.972
6,Friuli-Venezia Giulia,Maschi e femmine,96,10712,2781,259.58335,9321,0.7288145,2.734
6,Friuli-Venezia Giulia,Maschi e femmine,97,7931,2275,286.85537,6794,0.7025935,2.518
6,Friuli-Venezia Giulia,Maschi e femmine,98,5656,1766,312.20167,4773,0.6782994,2.329
6,Friuli-Venezia Giulia,Maschi e femmine,99,3890,1305,335.51128,3238,0.6544725,2.160
6,Friuli-Venezia Giulia,Maschi e femmine,100,2585,932,360.60118,2119,0.6276737,1.998
6,Friuli-Venezia Giulia,Maschi e femmine,101,1653,646,390.66408,1330,0.5980143,1.843
6,Friuli-Venezia Giulia,Maschi e femmine,102,1007,424,420.56593,795,0.5682326,1.704
6,Friuli-Venezia Giulia,Maschi e femmine,103,584,263,451.09927,452,0.5379224,1.577
6,Friuli-Venezia Giulia,Maschi e femmine,104,320,154,482.07818,243,0.5072665,1.463
6,Friuli-Venezia Giulia,Maschi e femmine,105,166,85,513.30661,123,0.4764545,1.359
6,Friuli-Venezia Giulia,Maschi e femmine,106,81,44,544.58329,59,0.4456805,1.265
6,Friuli-Venezia Giulia,Maschi e femmine,107,37,21,575.69812,26,0.4151433,1.181
6,Friuli-Venezia Giulia,Maschi e femmine,108,16,9,606.44173,11,0.3850392,1.104
6,Friuli-Venezia Giulia,Maschi e femmine,109,6,4,636.60697,4,0.3555613,1.036
6,Friuli-Venezia Giulia,Maschi e femmine,110,2,1,665.99032,1,0.3268954,0.974
6,Friuli-Venezia Giulia,Maschi e femmine,111,1,1,694.40408,0,0.2992109,0.918
6,Friuli-Venezia Giulia,Maschi e femmine,112,0,0,721.68275,0,0.2726559,0.869
6,Friuli-Venezia Giulia,Maschi e femmine,113,0,0,747.68564,0,0.2473542,0.824
6,Friuli-Venezia Giulia,Maschi e femmine,114,0,0,772.30459,0,0.2233996,0.784
6,Friuli-Venezia Giulia,Maschi e femmine,115,0,0,795.46678,0,0.2008540,0.749
6,Friuli-Venezia Giulia,Maschi e femmine,116,0,0,817.13431,0,0.1797485,0.718
6,Friuli-Venezia Giulia,Maschi e femmine,117,0,0,837.29793,0,0.1600876,0.689
6,Friuli-Venezia Giulia,Maschi e femmine,118,0,0,855.98154,0,0.1418475,0.665
6,Friuli-Venezia Giulia,Maschi e femmine,119,0,0,873.22665,0,0.1249877,0.643
6,Friuli-Venezia Giulia,Maschi,0,100000,222,2.21613,99791,0.9998232,81.213
6,Friuli-Venezia Giulia,Maschi,1,99778,9,0.09166,99774,0.9999111,80.392
6,Friuli-Venezia Giulia,Maschi,2,99769,9,0.08605,99765,0.9999220,79.400
6,Friuli-Venezia Giulia,Maschi,3,99761,7,0.07001,99757,0.9999377,78.406
6,Friuli-Venezia Giulia,Maschi,4,99754,5,0.05458,99751,0.9999518,77.412
6,Friuli-Venezia Giulia,Maschi,5,99748,4,0.04187,99746,0.9999533,76.416
6,Friuli-Venezia Giulia,Maschi,6,99744,5,0.05160,99741,0.9999335,75.419
6,Friuli-Venezia Giulia,Maschi,7,99739,8,0.08138,99735,0.9999002,74.423
6,Friuli-Venezia Giulia,Maschi,8,99731,12,0.11821,99725,0.9998752,73.429
6,Friuli-Venezia Giulia,Maschi,9,99719,13,0.13143,99712,0.9998687,72.438
6,Friuli-Venezia Giulia,Maschi,10,99706,13,0.13110,99699,0.9998715,71.447
6,Friuli-Venezia Giulia,Maschi,11,99693,13,0.12594,99687,0.9998731,70.456
6,Friuli-Venezia Giulia,Maschi,12,99680,13,0.12788,99674,0.9998685,69.465
6,Friuli-Venezia Giulia,Maschi,13,99668,13,0.13507,99661,0.9998529,68.474
6,Friuli-Venezia Giulia,Maschi,14,99654,16,0.15917,99646,0.9998173,67.483
6,Friuli-Venezia Giulia,Maschi,15,99638,21,0.20621,99628,0.9997432,66.494
6,Friuli-Venezia Giulia,Maschi,16,99618,31,0.30746,99602,0.9996382,65.507
6,Friuli-Venezia Giulia,Maschi,17,99587,41,0.41618,99566,0.9995450,64.527
6,Friuli-Venezia Giulia,Maschi,18,99546,49,0.49386,99521,0.9995107,63.554
6,Friuli-Venezia Giulia,Maschi,19,99496,48,0.48473,99472,0.9995350,62.585
6,Friuli-Venezia Giulia,Maschi,20,99448,44,0.44529,99426,0.9995696,61.615
6,Friuli-Venezia Giulia,Maschi,21,99404,41,0.41542,99383,0.9995743,60.643
6,Friuli-Venezia Giulia,Maschi,22,99363,43,0.43602,99341,0.9995459,59.668
6,Friuli-Venezia Giulia,Maschi,23,99319,47,0.47215,99296,0.9995040,58.693
6,Friuli-Venezia Giulia,Maschi,24,99272,52,0.51991,99247,0.9994806,57.721
6,Friuli-Venezia Giulia,Maschi,25,99221,51,0.51886,99195,0.9994865,56.751
6,Friuli-Venezia Giulia,Maschi,26,99169,50,0.50816,99144,0.9995127,55.780
6,Friuli-Venezia Giulia,Maschi,27,99119,46,0.46653,99096,0.9995385,54.808
6,Friuli-Venezia Giulia,Maschi,28,99073,45,0.45638,99050,0.9995387,53.833
6,Friuli-Venezia Giulia,Maschi,29,99027,46,0.46632,99004,0.9994997,52.858
6,Friuli-Venezia Giulia,Maschi,30,98981,53,0.53420,98955,0.9994162,51.882
6,Friuli-Venezia Giulia,Maschi,31,98928,63,0.63348,98897,0.9993295,50.910
6,Friuli-Venezia Giulia,Maschi,32,98866,70,0.70755,98831,0.9992957,49.942
6,Friuli-Venezia Giulia,Maschi,33,98796,69,0.70111,98761,0.9993063,48.977
6,Friuli-Venezia Giulia,Maschi,34,98727,68,0.68622,98693,0.9993397,48.011
6,Friuli-Venezia Giulia,Maschi,35,98659,63,0.63446,98627,0.9993798,47.043
6,Friuli-Venezia Giulia,Maschi,36,98596,60,0.60584,98566,0.9993947,46.073
6,Friuli-Venezia Giulia,Maschi,37,98536,60,0.60471,98507,0.9993823,45.100
6,Friuli-Venezia Giulia,Maschi,38,98477,62,0.63076,98446,0.9993355,44.127
6,Friuli-Venezia Giulia,Maschi,39,98415,69,0.69836,98380,0.9992058,43.155
6,Friuli-Venezia Giulia,Maschi,40,98346,88,0.89016,98302,0.9990317,42.185
6,Friuli-Venezia Giulia,Maschi,41,98258,103,1.04649,98207,0.9988969,41.222
6,Friuli-Venezia Giulia,Maschi,42,98156,114,1.15976,98099,0.9987964,40.264
6,Friuli-Venezia Giulia,Maschi,43,98042,122,1.24741,97981,0.9987080,39.311
6,Friuli-Venezia Giulia,Maschi,44,97919,131,1.33659,97854,0.9985362,38.359
6,Friuli-Venezia Giulia,Maschi,45,97789,156,1.59121,97711,0.9982518,37.410
6,Friuli-Venezia Giulia,Maschi,46,97633,186,1.90551,97540,0.9980031,36.469
6,Friuli-Venezia Giulia,Maschi,47,97447,204,2.08837,97345,0.9979020,35.537
6,Friuli-Venezia Giulia,Maschi,48,97243,205,2.10767,97141,0.9979265,34.611
6,Friuli-Venezia Giulia,Maschi,49,97039,198,2.03924,96940,0.9979712,33.683
6,Friuli-Venezia Giulia,Maschi,50,96841,195,2.01830,96743,0.9979356,32.750
6,Friuli-Venezia Giulia,Maschi,51,96645,204,2.11058,96543,0.9977640,31.816
6,Friuli-Venezia Giulia,Maschi,52,96441,228,2.36170,96327,0.9974574,30.882
6,Friuli-Venezia Giulia,Maschi,53,96213,262,2.72402,96082,0.9970414,29.954
6,Friuli-Venezia Giulia,Maschi,54,95951,306,3.19378,95798,0.9966880,29.034
6,Friuli-Venezia Giulia,Maschi,55,95645,328,3.43070,95481,0.9964569,28.126
6,Friuli-Venezia Giulia,Maschi,56,95317,348,3.65590,95143,0.9961915,27.221
6,Friuli-Venezia Giulia,Maschi,57,94968,376,3.96160,94780,0.9958005,26.319
6,Friuli-Venezia Giulia,Maschi,58,94592,420,4.43831,94382,0.9951497,25.422
6,Friuli-Venezia Giulia,Maschi,59,94172,496,5.26420,93924,0.9942555,24.533
6,Friuli-Venezia Giulia,Maschi,60,93676,583,6.22725,93385,0.9934355,23.660
6,Friuli-Venezia Giulia,Maschi,61,93093,643,6.90386,92772,0.9928499,22.805
6,Friuli-Venezia Giulia,Maschi,62,92450,684,7.39814,92108,0.9919983,21.960
6,Friuli-Venezia Giulia,Maschi,63,91766,790,8.60970,91371,0.9910353,21.120
6,Friuli-Venezia Giulia,Maschi,64,90976,848,9.32268,90552,0.9902452,20.299
6,Friuli-Venezia Giulia,Maschi,65,90128,919,10.19106,89669,0.9891001,19.485
6,Friuli-Venezia Giulia,Maschi,66,89210,1036,11.61610,88692,0.9880231,18.681
6,Friuli-Venezia Giulia,Maschi,67,88173,1088,12.34186,87629,0.9872941,17.895
6,Friuli-Venezia Giulia,Maschi,68,87085,1139,13.07448,86516,0.9857167,17.112
6,Friuli-Venezia Giulia,Maschi,69,85947,1333,15.50823,85280,0.9835612,16.332
6,Friuli-Venezia Giulia,Maschi,70,84614,1471,17.38408,83878,0.9817109,15.581
6,Friuli-Venezia Giulia,Maschi,71,83143,1597,19.21021,82344,0.9793017,14.848
6,Friuli-Venezia Giulia,Maschi,72,81546,1812,22.21546,80640,0.9771829,14.129
6,Friuli-Venezia Giulia,Maschi,73,79734,1868,23.43232,78800,0.9757286,13.439
6,Friuli-Venezia Giulia,Maschi,74,77866,1957,25.13071,76887,0.9736305,12.749
6,Friuli-Venezia Giulia,Maschi,75,75909,2098,27.64014,74860,0.9713007,12.065
6,Friuli-Venezia Giulia,Maschi,76,73811,2199,29.78850,72711,0.9692559,11.394
6,Friuli-Venezia Giulia,Maschi,77,71612,2272,31.72902,70476,0.9661352,10.728
6,Friuli-Venezia Giulia,Maschi,78,69340,2501,36.07060,68089,0.9617807,10.063
6,Friuli-Venezia Giulia,Maschi,79,66839,2704,40.44845,65487,0.9561127,9.421
6,Friuli-Venezia Giulia,Maschi,80,64135,3045,47.47113,62613,0.9489885,8.797
6,Friuli-Venezia Giulia,Maschi,81,61091,3343,54.72839,59419,0.9412574,8.211
6,Friuli-Venezia Giulia,Maschi,82,57747,3637,62.98929,55929,0.9330124,7.657
6,Friuli-Venezia Giulia,Maschi,83,54110,3856,71.25463,52182,0.9249208,7.138
6,Friuli-Venezia Giulia,Maschi,84,50254,3980,79.19723,48264,0.9156998,6.648
6,Friuli-Venezia Giulia,Maschi,85,46274,4157,89.84199,44196,0.9057864,6.177
6,Friuli-Venezia Giulia,Maschi,86,42117,4170,99.01674,40032,0.8955786,5.737
6,Friuli-Venezia Giulia,Maschi,87,37947,4190,110.42000,35852,0.8823612,5.312
6,Friuli-Venezia Giulia,Maschi,88,33757,4245,125.75373,31634,0.8688812,4.910
6,Friuli-Venezia Giulia,Maschi,89,29512,4051,137.25549,27486,0.8583087,4.544
6,Friuli-Venezia Giulia,Maschi,90,25461,3738,146.83277,23592,0.8471914,4.187
6,Friuli-Venezia Giulia,Maschi,91,21722,3472,159.81279,19987,0.8315038,3.822
6,Friuli-Venezia Giulia,Maschi,92,18251,3264,178.83128,16619,0.8081222,3.454
6,Friuli-Venezia Giulia,Maschi,93,14987,3114,207.76559,13430,0.7776345,3.097
6,Friuli-Venezia Giulia,Maschi,94,11873,2859,240.79438,10444,0.7457812,2.778
6,Friuli-Venezia Giulia,Maschi,95,9014,2451,271.90094,7789,0.7150506,2.501
6,Friuli-Venezia Giulia,Maschi,96,6563,1988,302.87058,5569,0.6782108,2.248
6,Friuli-Venezia Giulia,Maschi,97,4575,1596,348.92697,3777,0.6324366,2.008
6,Friuli-Venezia Giulia,Maschi,98,2979,1180,396.18756,2389,0.5897967,1.816
6,Friuli-Venezia Giulia,Maschi,99,1799,780,433.41531,1409,0.5570754,1.680
6,Friuli-Venezia Giulia,Maschi,100,1019,469,459.70813,785,0.5374750,1.582
6,Friuli-Venezia Giulia,Maschi,101,551,258,467.73851,422,0.5201244,1.502
6,Friuli-Venezia Giulia,Maschi,102,293,147,502.67856,219,0.4855988,1.383
6,Friuli-Venezia Giulia,Maschi,103,146,78,537.97283,107,0.4508621,1.276
6,Friuli-Venezia Giulia,Maschi,104,67,39,573.30330,48,0.4162185,1.180
6,Friuli-Venezia Giulia,Maschi,105,29,17,608.33807,20,0.3819768,1.095
6,Friuli-Venezia Giulia,Maschi,106,11,7,642.75165,8,0.3484368,1.018
6,Friuli-Venezia Giulia,Maschi,107,4,3,676.22817,3,0.3158833,0.950
6,Friuli-Venezia Giulia,Maschi,108,1,1,708.48111,1,0.2845734,0.890
6,Friuli-Venezia Giulia,Maschi,109,0,0,739.25163,0,0.2547358,0.836
6,Friuli-Venezia Giulia,Maschi,110,0,0,768.32334,0,0.2265605,0.789
6,Friuli-Venezia Giulia,Maschi,111,0,0,795.52262,0,0.2001990,0.748
6,Friuli-Venezia Giulia,Maschi,112,0,0,820.72427,0,0.1757608,0.712
6,Friuli-Venezia Giulia,Maschi,113,0,0,843.84518,0,0.1533181,0.680
6,Friuli-Venezia Giulia,Maschi,114,0,0,864.84779,0,0.1329039,0.653
6,Friuli-Venezia Giulia,Maschi,115,0,0,883.73177,0,0.1145182,0.629
6,Friuli-Venezia Giulia,Maschi,116,0,0,900.53318,0,0.0981296,0.609
6,Friuli-Venezia Giulia,Maschi,117,0,0,915.31429,0,0.0836826,0.591
6,Friuli-Venezia Giulia,Maschi,118,0,0,928.16191,0,0.0710997,0.576
6,Friuli-Venezia Giulia,Maschi,119,0,0,939.17853,0,0.0602882,0.564
6,Friuli-Venezia Giulia,Femmine,0,100000,257,2.56918,99758,0.9998330,85.676
6,Friuli-Venezia Giulia,Femmine,1,99743,3,0.03006,99742,0.9999728,84.895
6,Friuli-Venezia Giulia,Femmine,2,99740,2,0.02431,99739,0.9999759,83.898
6,Friuli-Venezia Giulia,Femmine,3,99738,2,0.02379,99736,0.9999723,82.900
6,Friuli-Venezia Giulia,Femmine,4,99735,3,0.03166,99734,0.9999569,81.902
6,Friuli-Venezia Giulia,Femmine,5,99732,5,0.05448,99729,0.9999326,80.904
6,Friuli-Venezia Giulia,Femmine,6,99727,8,0.08026,99723,0.9999067,79.909
6,Friuli-Venezia Giulia,Femmine,7,99719,11,0.10643,99713,0.9998862,78.915
6,Friuli-Venezia Giulia,Femmine,8,99708,12,0.12108,99702,0.9998703,77.923
6,Friuli-Venezia Giulia,Femmine,9,99696,14,0.13841,99689,0.9998545,76.933
6,Friuli-Venezia Giulia,Femmine,10,99682,15,0.15255,99675,0.9998386,75.943
6,Friuli-Venezia Giulia,Femmine,11,99667,17,0.17029,99659,0.9998315,74.955
6,Friuli-Venezia Giulia,Femmine,12,99650,17,0.16668,99642,0.9998456,73.968
6,Friuli-Venezia Giulia,Femmine,13,99633,14,0.14205,99626,0.9998838,72.980
6,Friuli-Venezia Giulia,Femmine,14,99619,9,0.09038,99615,0.9999228,71.990
6,Friuli-Venezia Giulia,Femmine,15,99610,6,0.06402,99607,0.9999363,70.997
6,Friuli-Venezia Giulia,Femmine,16,99604,6,0.06342,99601,0.9999181,70.001
6,Friuli-Venezia Giulia,Femmine,17,99598,10,0.10034,99593,0.9998793,69.005
6,Friuli-Venezia Giulia,Femmine,18,99588,14,0.14109,99581,0.9998467,68.012
6,Friuli-Venezia Giulia,Femmine,19,99574,16,0.16549,99565,0.9998386,67.022
6,Friuli-Venezia Giulia,Femmine,20,99557,16,0.15732,99549,0.9998580,66.033
6,Friuli-Venezia Giulia,Femmine,21,99541,13,0.12664,99535,0.9998872,65.043
6,Friuli-Venezia Giulia,Femmine,22,99529,10,0.09886,99524,0.9999076,64.051
6,Friuli-Venezia Giulia,Femmine,23,99519,9,0.08599,99515,0.9999077,63.058
6,Friuli-Venezia Giulia,Femmine,24,99510,10,0.09859,99505,0.9998854,62.063
6,Friuli-Venezia Giulia,Femmine,25,99501,13,0.13056,99494,0.9998432,61.069
6,Friuli-Venezia Giulia,Femmine,26,99488,18,0.18313,99478,0.9997951,60.077
6,Friuli-Venezia Giulia,Femmine,27,99469,23,0.22665,99458,0.9997434,59.088
6,Friuli-Venezia Giulia,Femmine,28,99447,29,0.28663,99433,0.9996913,58.101
6,Friuli-Venezia Giulia,Femmine,29,99418,33,0.33076,99402,0.9996586,57.118
6,Friuli-Venezia Giulia,Femmine,30,99385,35,0.35194,99368,0.9996539,56.136
6,Friuli-Venezia Giulia,Femmine,31,99350,34,0.34027,99334,0.9996821,55.156
6,Friuli-Venezia Giulia,Femmine,32,99317,29,0.29555,99302,0.9997386,54.175
6,Friuli-Venezia Giulia,Femmine,33,99287,23,0.22726,99276,0.9997863,53.191
6,Friuli-Venezia Giulia,Femmine,34,99265,20,0.20012,99255,0.9997780,52.203
6,Friuli-Venezia Giulia,Femmine,35,99245,24,0.24393,99233,0.9996828,51.213
6,Friuli-Venezia Giulia,Femmine,36,99221,39,0.39046,99201,0.9995341,50.225
6,Friuli-Venezia Giulia,Femmine,37,99182,54,0.54134,99155,0.9994028,49.245
6,Friuli-Venezia Giulia,Femmine,38,99128,65,0.65314,99096,0.9993173,48.271
6,Friuli-Venezia Giulia,Femmine,39,99063,71,0.71234,99028,0.9992923,47.302
6,Friuli-Venezia Giulia,Femmine,40,98993,70,0.70315,98958,0.9992993,46.336
6,Friuli-Venezia Giulia,Femmine,41,98923,69,0.69832,98889,0.9992682,45.368
6,Friuli-Venezia Giulia,Femmine,42,98854,76,0.76536,98816,0.9991951,44.399
6,Friuli-Venezia Giulia,Femmine,43,98779,83,0.84454,98737,0.9991293,43.433
6,Friuli-Venezia Giulia,Femmine,44,98695,89,0.89688,98651,0.9990763,42.469
6,Friuli-Venezia Giulia,Femmine,45,98607,94,0.95062,98560,0.9990109,41.507
6,Friuli-Venezia Giulia,Femmine,46,98513,101,1.02754,98462,0.9989430,40.546
6,Friuli-Venezia Giulia,Femmine,47,98412,107,1.08641,98358,0.9988215,39.587
6,Friuli-Venezia Giulia,Femmine,48,98305,125,1.27059,98242,0.9985842,38.630
6,Friuli-Venezia Giulia,Femmine,49,98180,153,1.56125,98103,0.9982916,37.678
6,Friuli-Venezia Giulia,Femmine,50,98027,182,1.85568,97936,0.9981023,36.736
6,Friuli-Venezia Giulia,Femmine,51,97845,190,1.93988,97750,0.9980551,35.804
6,Friuli-Venezia Giulia,Femmine,52,97655,190,1.95001,97560,0.9981132,34.872
6,Friuli-Venezia Giulia,Femmine,53,97464,178,1.82340,97376,0.9981391,33.939
6,Friuli-Venezia Giulia,Femmine,54,97287,185,1.89856,97194,0.9979738,33.000
6,Friuli-Venezia Giulia,Femmine,55,97102,209,2.15403,96997,0.9976842,32.062
6,Friuli-Venezia Giulia,Femmine,56,96893,240,2.47784,96773,0.9974028,31.130
6,Friuli-Venezia Giulia,Femmine,57,96653,263,2.71683,96521,0.9972051,30.206
6,Friuli-Venezia Giulia,Femmine,58,96390,277,2.87327,96252,0.9970336,29.287
6,Friuli-Venezia Giulia,Femmine,59,96113,294,3.05970,95966,0.9968452,28.370
6,Friuli-Venezia Giulia,Femmine,60,95819,311,3.25022,95663,0.9967077,27.456
6,Friuli-Venezia Giulia,Femmine,61,95508,318,3.33450,95348,0.9965662,26.544
6,Friuli-Venezia Giulia,Femmine,62,95189,336,3.53343,95021,0.9962178,25.631
6,Friuli-Venezia Giulia,Femmine,63,94853,382,4.03193,94662,0.9956081,24.720
6,Friuli-Venezia Giulia,Femmine,64,94470,449,4.75333,94246,0.9948419,23.818
6,Friuli-Venezia Giulia,Femmine,65,94021,523,5.56485,93760,0.9939168,22.929
6,Friuli-Venezia Giulia,Femmine,66,93498,618,6.60449,93189,0.9930098,22.055
6,Friuli-Venezia Giulia,Femmine,67,92881,685,7.37854,92538,0.9922187,21.198
6,Friuli-Venezia Giulia,Femmine,68,92195,755,8.18706,91818,0.9914407,20.352
6,Friuli-Venezia Giulia,Femmine,69,91441,817,8.93465,91032,0.9904717,19.516
6,Friuli-Venezia Giulia,Femmine,70,90624,918,10.12723,90165,0.9895972,18.687
6,Friuli-Venezia Giulia,Femmine,71,89706,958,10.68117,89227,0.9887953,17.873
6,Friuli-Venezia Giulia,Femmine,72,88748,1041,11.73395,88227,0.9879444,17.061
6,Friuli-Venezia Giulia,Femmine,73,87706,1086,12.38113,87163,0.9870210,16.258
6,Friuli-Venezia Giulia,Femmine,74,86620,1177,13.58432,86032,0.9856052,15.455
6,Friuli-Venezia Giulia,Femmine,75,85444,1300,15.21637,84794,0.9836089,14.661
6,Friuli-Venezia Giulia,Femmine,76,84144,1480,17.58400,83404,0.9814524,13.880
6,Friuli-Venezia Giulia,Femmine,77,82664,1614,19.52842,81857,0.9794156,13.119
6,Friuli-Venezia Giulia,Femmine,78,81050,1756,21.66134,80172,0.9772964,12.371
6,Friuli-Venezia Giulia,Femmine,79,79294,1885,23.76892,78352,0.9746720,11.634
6,Friuli-Venezia Giulia,Femmine,80,77409,2084,26.92504,76367,0.9709857,10.905
6,Friuli-Venezia Giulia,Femmine,81,75325,2347,31.16129,74151,0.9662641,10.193
6,Friuli-Venezia Giulia,Femmine,82,72978,2656,36.39327,71650,0.9610880,9.504
6,Friuli-Venezia Giulia,Femmine,83,70322,2920,41.52581,68862,0.9558781,8.844
6,Friuli-Venezia Giulia,Femmine,84,67402,3156,46.83052,65824,0.9493219,8.206
6,Friuli-Venezia Giulia,Femmine,85,64245,3515,54.71480,62488,0.9407004,7.585
6,Friuli-Venezia Giulia,Femmine,86,60730,3896,64.14978,58782,0.9300499,6.995
6,Friuli-Venezia Giulia,Femmine,87,56834,4328,76.14794,54670,0.9173849,6.440
6,Friuli-Venezia Giulia,Femmine,88,52506,4705,89.61525,50154,0.9045149,5.929
6,Friuli-Venezia Giulia,Femmine,89,47801,4872,101.93276,45365,0.8919916,5.464
6,Friuli-Venezia Giulia,Femmine,90,42929,4927,114.77368,40465,0.8794366,5.027
6,Friuli-Venezia Giulia,Femmine,91,38002,4830,127.10379,35586,0.8654682,4.614
6,Friuli-Venezia Giulia,Femmine,92,33171,4745,143.04133,30799,0.8475977,4.213
6,Friuli-Venezia Giulia,Femmine,93,28427,4643,163.32584,26105,0.8235876,3.833
6,Friuli-Venezia Giulia,Femmine,94,23784,4568,192.05356,21500,0.7961335,3.484
6,Friuli-Venezia Giulia,Femmine,95,19216,4198,218.48755,17117,0.7719289,3.193
6,Friuli-Venezia Giulia,Femmine,96,15018,3609,240.33388,13213,0.7503530,2.946
6,Friuli-Venezia Giulia,Femmine,97,11408,2988,261.90649,9914,0.7291688,2.720
6,Friuli-Venezia Giulia,Femmine,98,8420,2382,282.92287,7229,0.7070060,2.508
6,Friuli-Venezia Giulia,Femmine,99,6038,1854,307.03870,5111,0.6806922,2.300
6,Friuli-Venezia Giulia,Femmine,100,4184,1410,337.01305,3479,0.6476668,2.098
6,Friuli-Venezia Giulia,Femmine,101,2774,1041,375.44087,2253,0.6125056,1.910
6,Friuli-Venezia Giulia,Femmine,102,1733,705,406.79374,1380,0.5812422,1.757
6,Friuli-Venezia Giulia,Femmine,103,1028,451,438.92617,802,0.5493351,1.620
6,Friuli-Venezia Giulia,Femmine,104,577,272,471.58676,441,0.5170313,1.495
6,Friuli-Venezia Giulia,Femmine,105,305,154,504.50845,228,0.4845874,1.384
6,Friuli-Venezia Giulia,Femmine,106,151,81,537.41921,110,0.4522617,1.283
6,Friuli-Venezia Giulia,Femmine,107,70,40,570.04590,50,0.4203072,1.194
6,Friuli-Venezia Giulia,Femmine,108,30,18,602.13000,21,0.3889602,1.113
6,Friuli-Venezia Giulia,Femmine,109,12,8,633.43368,8,0.3584365,1.042
6,Friuli-Venezia Giulia,Femmine,110,4,3,663.74196,3,0.3289273,0.978
6,Friuli-Venezia Giulia,Femmine,111,1,1,692.87382,1,0.3005917,0.921
6,Friuli-Venezia Giulia,Femmine,112,0,0,720.68451,0,0.2735562,0.870
6,Friuli-Venezia Giulia,Femmine,113,0,0,747.06293,0,0.2479162,0.825
6,Friuli-Venezia Giulia,Femmine,114,0,0,771.93397,0,0.2237347,0.785
6,Friuli-Venezia Giulia,Femmine,115,0,0,795.25681,0,0.2010444,0.749
6,Friuli-Venezia Giulia,Femmine,116,0,0,817.02130,0,0.1798513,0.718
6,Friuli-Venezia Giulia,Femmine,117,0,0,837.24025,0,0.1601403,0.690
6,Friuli-Venezia Giulia,Femmine,118,0,0,855.95365,0,0.1418731,0.665
6,Friuli-Venezia Giulia,Femmine,119,0,0,873.21388,0,0.1249995,0.642
7,Liguria,Maschi e femmine,0,100000,247,2.47496,99767,0.9997349,83.058
7,Liguria,Maschi e femmine,1,99753,24,0.23745,99741,0.9998064,82.263
7,Liguria,Maschi e femmine,2,99729,15,0.14977,99721,0.9998767,81.283
7,Liguria,Maschi e femmine,3,99714,10,0.09689,99709,0.9999174,80.295
7,Liguria,Maschi e femmine,4,99704,7,0.06824,99701,0.9999333,79.302
7,Liguria,Maschi e femmine,5,99697,6,0.06519,99694,0.9999355,78.308
7,Liguria,Maschi e femmine,6,99691,6,0.06384,99688,0.9999418,77.313
7,Liguria,Maschi e femmine,7,99685,5,0.05247,99682,0.9999544,76.318
7,Liguria,Maschi e femmine,8,99679,4,0.03877,99677,0.9999658,75.322
7,Liguria,Maschi e femmine,9,99675,3,0.02961,99674,0.9999645,74.325
7,Liguria,Maschi e femmine,10,99673,4,0.04148,99670,0.9999514,73.327
7,Liguria,Maschi e femmine,11,99668,6,0.05571,99666,0.9999375,72.330
7,Liguria,Maschi e femmine,12,99663,7,0.06928,99659,0.9999279,71.334
7,Liguria,Maschi e femmine,13,99656,7,0.07488,99652,0.9999135,70.339
7,Liguria,Maschi e femmine,14,99648,10,0.09809,99644,0.9998877,69.344
7,Liguria,Maschi e femmine,15,99639,13,0.12646,99632,0.9998459,68.351
7,Liguria,Maschi e femmine,16,99626,18,0.18166,99617,0.9997939,67.359
7,Liguria,Maschi e femmine,17,99608,23,0.23064,99596,0.9997488,66.371
7,Liguria,Maschi e femmine,18,99585,27,0.27178,99571,0.9997198,65.387
7,Liguria,Maschi e femmine,19,99558,29,0.28868,99544,0.9997084,64.404
7,Liguria,Maschi e femmine,20,99529,29,0.29453,99515,0.9997121,63.423
7,Liguria,Maschi e femmine,21,99500,28,0.28127,99486,0.9997249,62.441
7,Liguria,Maschi e femmine,22,99472,27,0.26894,99459,0.9997433,61.459
7,Liguria,Maschi e femmine,23,99445,24,0.24437,99433,0.9997611,60.475
7,Liguria,Maschi e femmine,24,99421,23,0.23341,99409,0.9997715,59.490
7,Liguria,Maschi e femmine,25,99398,22,0.22352,99387,0.9997776,58.504
7,Liguria,Maschi e femmine,26,99375,22,0.22131,99364,0.9997629,57.517
7,Liguria,Maschi e femmine,27,99353,25,0.25287,99341,0.9997284,56.529
7,Liguria,Maschi e femmine,28,99328,29,0.29037,99314,0.9997012,55.543
7,Liguria,Maschi e femmine,29,99299,31,0.30720,99284,0.9996922,54.559
7,Liguria,Maschi e femmine,30,99269,31,0.30844,99254,0.9997028,53.576
7,Liguria,Maschi e femmine,31,99238,28,0.28588,99224,0.9997157,52.592
7,Liguria,Maschi e femmine,32,99210,28,0.28269,99196,0.9996928,51.607
7,Liguria,Maschi e femmine,33,99182,33,0.33176,99165,0.9996302,50.622
7,Liguria,Maschi e femmine,34,99149,40,0.40784,99129,0.9995592,49.638
7,Liguria,Maschi e femmine,35,99109,47,0.47369,99085,0.9994995,48.658
7,Liguria,Maschi e femmine,36,99062,52,0.52725,99036,0.9994636,47.681
7,Liguria,Maschi e femmine,37,99009,54,0.54557,98982,0.9994363,46.706
7,Liguria,Maschi e femmine,38,98955,58,0.58192,98927,0.9993868,45.731
7,Liguria,Maschi e femmine,39,98898,64,0.64444,98866,0.9993037,44.758
7,Liguria,Maschi e femmine,40,98834,74,0.74819,98797,0.9991791,43.786
7,Liguria,Maschi e femmine,41,98760,88,0.89358,98716,0.9990492,42.819
7,Liguria,Maschi e femmine,42,98672,99,1.00804,98622,0.9989443,41.856
7,Liguria,Maschi e femmine,43,98572,109,1.10351,98518,0.9988616,40.898
7,Liguria,Maschi e femmine,44,98464,116,1.17334,98406,0.9987942,39.943
7,Liguria,Maschi e femmine,45,98348,122,1.23838,98287,0.9987087,38.989
7,Liguria,Maschi e femmine,46,98226,132,1.34439,98160,0.9985413,38.037
7,Liguria,Maschi e femmine,47,98094,154,1.57314,98017,0.9983723,37.087
7,Liguria,Maschi e femmine,48,97940,165,1.68243,97858,0.9982582,36.145
7,Liguria,Maschi e femmine,49,97775,176,1.80120,97687,0.9981435,35.205
7,Liguria,Maschi e femmine,50,97599,187,1.91191,97506,0.9980196,34.268
7,Liguria,Maschi e femmine,51,97412,200,2.04903,97313,0.9978778,33.332
7,Liguria,Maschi e femmine,52,97213,213,2.19550,97106,0.9976702,32.400
7,Liguria,Maschi e femmine,53,96999,239,2.46434,96880,0.9974307,31.470
7,Liguria,Maschi e femmine,54,96760,259,2.67457,96631,0.9971325,30.546
7,Liguria,Maschi e femmine,55,96502,295,3.06093,96354,0.9967144,29.627
7,Liguria,Maschi e femmine,56,96206,338,3.51087,96037,0.9962316,28.717
7,Liguria,Maschi e femmine,57,95868,386,4.02692,95675,0.9957646,27.816
7,Liguria,Maschi e femmine,58,95482,424,4.44473,95270,0.9953864,26.926
7,Liguria,Maschi e femmine,59,95058,455,4.78326,94831,0.9950759,26.044
7,Liguria,Maschi e femmine,60,94603,479,5.06566,94364,0.9947055,25.167
7,Liguria,Maschi e femmine,61,94124,520,5.52444,93864,0.9941963,24.293
7,Liguria,Maschi e femmine,62,93604,570,6.08447,93319,0.9935913,23.425
7,Liguria,Maschi e femmine,63,93035,627,6.73500,92721,0.9929341,22.565
7,Liguria,Maschi e femmine,64,92408,684,7.39900,92066,0.9920367,21.715
7,Liguria,Maschi e femmine,65,91724,783,8.53185,91333,0.9909767,20.873
7,Liguria,Maschi e femmine,66,90942,866,9.51901,90509,0.9900520,20.048
7,Liguria,Maschi e femmine,67,90076,935,10.38111,89608,0.9892831,19.236
7,Liguria,Maschi e femmine,68,89141,986,11.05620,88648,0.9885284,18.433
7,Liguria,Maschi e femmine,69,88155,1048,11.89158,87631,0.9874504,17.633
7,Liguria,Maschi e femmine,70,87107,1151,13.21559,86531,0.9860602,16.839
7,Liguria,Maschi e femmine,71,85956,1261,14.67369,85325,0.9845037,16.058
7,Liguria,Maschi e femmine,72,84695,1383,16.33108,84003,0.9827915,15.290
7,Liguria,Maschi e femmine,73,83311,1508,18.10049,82557,0.9807962,14.535
7,Liguria,Maschi e femmine,74,81803,1663,20.32740,80972,0.9785495,13.794
7,Liguria,Maschi e femmine,75,80141,1811,22.59684,79235,0.9761416,13.070
7,Liguria,Maschi e femmine,76,78330,1970,25.14903,77345,0.9737650,12.361
7,Liguria,Maschi e femmine,77,76360,2088,27.34899,75316,0.9707743,11.667
7,Liguria,Maschi e femmine,78,74271,2314,31.15510,73114,0.9668202,10.981
7,Liguria,Maschi e femmine,79,71957,2538,35.26969,70689,0.9621474,10.318
7,Liguria,Maschi e femmine,80,69420,2814,40.52992,68013,0.9571630,9.677
7,Liguria,Maschi e femmine,81,66606,3013,45.24149,65099,0.9522054,9.064
7,Liguria,Maschi e femmine,82,63593,3209,50.46878,61988,0.9465957,8.470
7,Liguria,Maschi e femmine,83,60383,3411,56.49591,58677,0.9401330,7.894
7,Liguria,Maschi e femmine,84,56972,3614,63.43991,55165,0.9321502,7.336
7,Liguria,Maschi e femmine,85,53357,3872,72.55845,51422,0.9232654,6.799
7,Liguria,Maschi e femmine,86,49486,4020,81.23748,47476,0.9129158,6.292
7,Liguria,Maschi e femmine,87,45466,4249,93.44783,43341,0.9001408,5.804
7,Liguria,Maschi e femmine,88,41217,4407,106.93139,39013,0.8866543,5.351
7,Liguria,Maschi e femmine,89,36810,4437,120.52799,34591,0.8731717,4.932
7,Liguria,Maschi e femmine,90,32373,4338,133.99210,30204,0.8578963,4.539
7,Liguria,Maschi e femmine,91,28035,4247,151.47041,25912,0.8397654,4.164
7,Liguria,Maschi e femmine,92,23789,4058,170.56321,21760,0.8188366,3.819
7,Liguria,Maschi e femmine,93,19731,3827,193.94339,17818,0.7961589,3.501
7,Liguria,Maschi e femmine,94,15905,3437,216.12035,14186,0.7744594,3.223
7,Liguria,Maschi e femmine,95,12467,2962,237.55815,10986,0.7530351,2.974
7,Liguria,Maschi e femmine,96,9506,2465,259.30260,8273,0.7306347,2.744
7,Liguria,Maschi e femmine,97,7041,1992,282.95073,6045,0.7066016,2.530
7,Liguria,Maschi e femmine,98,5049,1555,307.96874,4271,0.6812086,2.331
7,Liguria,Maschi e femmine,99,3494,1168,334.43038,2910,0.6539330,2.146
7,Liguria,Maschi e femmine,100,2325,845,363.55062,1903,0.6242988,1.974
7,Liguria,Maschi e femmine,101,1480,584,394.79245,1188,0.5933371,1.815
7,Liguria,Maschi e femmine,102,896,382,426.27665,705,0.5620159,1.673
7,Liguria,Maschi e femmine,103,514,236,458.39010,396,0.5301944,1.545
7,Liguria,Maschi e femmine,104,278,137,490.88270,210,0.4981156,1.429
7,Liguria,Maschi e femmine,105,142,74,523.49368,105,0.4660274,1.325
7,Liguria,Maschi e femmine,106,68,38,555.96370,49,0.4341737,1.232
7,Liguria,Maschi e femmine,107,30,18,588.03765,21,0.4027887,1.148
7,Liguria,Maschi e femmine,108,12,8,619.47961,9,0.3720869,1.073
7,Liguria,Maschi e femmine,109,5,3,650.07624,3,0.3422606,1.006
7,Liguria,Maschi e femmine,110,2,1,679.63879,1,0.3134773,0.946
7,Liguria,Maschi e femmine,111,1,0,708.01084,0,0.2858739,0.893
7,Liguria,Maschi e femmine,112,0,0,735.06939,0,0.2595582,0.845
7,Liguria,Maschi e femmine,113,0,0,760.72054,0,0.2346107,0.803
7,Liguria,Maschi e femmine,114,0,0,784.90114,0,0.2110848,0.765
7,Liguria,Maschi e femmine,115,0,0,807.57661,0,0.1890085,0.731
7,Liguria,Maschi e femmine,116,0,0,828.73795,0,0.1683878,0.701
7,Liguria,Maschi e femmine,117,0,0,848.39477,0,0.1492111,0.674
7,Liguria,Maschi e femmine,118,0,0,866.58073,0,0.1314465,0.651
7,Liguria,Maschi e femmine,119,0,0,883.34014,0,0.1150515,0.630
7,Liguria,Maschi,0,100000,241,2.40859,99773,0.9997821,81.045
7,Liguria,Maschi,1,99759,15,0.15099,99752,0.9998694,80.239
7,Liguria,Maschi,2,99744,11,0.11015,99739,0.9998989,79.251
7,Liguria,Maschi,3,99733,9,0.09198,99729,0.9999101,78.260
7,Liguria,Maschi,4,99724,9,0.08775,99720,0.9999058,77.267
7,Liguria,Maschi,5,99715,10,0.10056,99710,0.9998975,76.274
7,Liguria,Maschi,6,99705,10,0.10452,99700,0.9999062,75.281
7,Liguria,Maschi,7,99695,8,0.08303,99691,0.9999287,74.289
7,Liguria,Maschi,8,99686,6,0.05960,99683,0.9999503,73.295
7,Liguria,Maschi,9,99680,4,0.03979,99679,0.9999534,72.300
7,Liguria,Maschi,10,99677,5,0.05337,99674,0.9999385,71.302
7,Liguria,Maschi,11,99671,7,0.06956,99668,0.9999257,70.306
7,Liguria,Maschi,12,99664,8,0.07896,99660,0.9999208,69.311
7,Liguria,Maschi,13,99656,8,0.07948,99652,0.9999083,68.316
7,Liguria,Maschi,14,99648,10,0.10398,99643,0.9998776,67.322
7,Liguria,Maschi,15,99638,14,0.14077,99631,0.9998152,66.329
7,Liguria,Maschi,16,99624,23,0.22877,99613,0.9997267,65.338
7,Liguria,Maschi,17,99601,32,0.31776,99585,0.9996413,64.353
7,Liguria,Maschi,18,99570,40,0.39969,99550,0.9995752,63.373
7,Liguria,Maschi,19,99530,45,0.44983,99507,0.9995374,62.398
7,Liguria,Maschi,20,99485,47,0.47532,99461,0.9995274,61.426
7,Liguria,Maschi,21,99438,47,0.46988,99414,0.9995413,60.455
7,Liguria,Maschi,22,99391,44,0.44751,99369,0.9995785,59.483
7,Liguria,Maschi,23,99347,39,0.39544,99327,0.9996220,58.510
7,Liguria,Maschi,24,99307,36,0.36055,99289,0.9996542,57.533
7,Liguria,Maschi,25,99272,33,0.33113,99255,0.9996739,56.553
7,Liguria,Maschi,26,99239,32,0.32098,99223,0.9996580,55.572
7,Liguria,Maschi,27,99207,36,0.36299,99189,0.9996210,54.590
7,Liguria,Maschi,28,99171,39,0.39511,99151,0.9996112,53.609
7,Liguria,Maschi,29,99132,38,0.38244,99113,0.9996304,52.630
7,Liguria,Maschi,30,99094,35,0.35677,99076,0.9996656,51.650
7,Liguria,Maschi,31,99058,31,0.31209,99043,0.9996874,50.668
7,Liguria,Maschi,32,99027,31,0.31311,99012,0.9996555,49.684
7,Liguria,Maschi,33,98996,37,0.37585,98978,0.9995771,48.699
7,Liguria,Maschi,34,98959,47,0.47006,98936,0.9994991,47.718
7,Liguria,Maschi,35,98913,53,0.53171,98886,0.9994466,46.740
7,Liguria,Maschi,36,98860,57,0.57507,98832,0.9994203,45.764
7,Liguria,Maschi,37,98803,58,0.58435,98774,0.9993949,44.790
7,Liguria,Maschi,38,98745,62,0.62578,98715,0.9993373,43.816
7,Liguria,Maschi,39,98684,69,0.69955,98649,0.9992234,42.843
7,Liguria,Maschi,40,98615,84,0.85366,98573,0.9990376,41.873
7,Liguria,Maschi,41,98530,106,1.07130,98478,0.9988264,40.908
7,Liguria,Maschi,42,98425,126,1.27600,98362,0.9986197,39.952
7,Liguria,Maschi,43,98299,146,1.48476,98226,0.9984460,39.002
7,Liguria,Maschi,44,98153,159,1.62343,98074,0.9983643,38.059
7,Liguria,Maschi,45,97994,161,1.64804,97913,0.9983504,37.120
7,Liguria,Maschi,46,97833,162,1.65110,97752,0.9982613,36.181
7,Liguria,Maschi,47,97671,178,1.82637,97582,0.9981438,35.240
7,Liguria,Maschi,48,97493,184,1.88618,97401,0.9980394,34.304
7,Liguria,Maschi,49,97309,198,2.03525,97210,0.9978689,33.367
7,Liguria,Maschi,50,97111,216,2.22722,97003,0.9977359,32.434
7,Liguria,Maschi,51,96894,223,2.30116,96783,0.9976155,31.506
7,Liguria,Maschi,52,96671,239,2.46799,96552,0.9973384,30.577
7,Liguria,Maschi,53,96433,275,2.85571,96295,0.9969951,29.652
7,Liguria,Maschi,54,96157,303,3.15459,96006,0.9965821,28.735
7,Liguria,Maschi,55,95854,353,3.68209,95678,0.9959260,27.824
7,Liguria,Maschi,56,95501,427,4.46732,95288,0.9951190,26.925
7,Liguria,Maschi,57,95075,504,5.29652,94823,0.9943000,26.044
7,Liguria,Maschi,58,94571,577,6.10573,94282,0.9936041,25.180
7,Liguria,Maschi,59,93994,629,6.68790,93679,0.9931363,24.332
7,Liguria,Maschi,60,93365,657,7.04065,93036,0.9928749,23.492
7,Liguria,Maschi,61,92708,668,7.21013,92373,0.9926681,22.655
7,Liguria,Maschi,62,92039,686,7.45464,91696,0.9921707,21.816
7,Liguria,Maschi,63,91353,750,8.20685,90978,0.9912657,20.976
7,Liguria,Maschi,64,90603,840,9.26610,90184,0.9898257,20.146
7,Liguria,Maschi,65,89764,996,11.09090,89266,0.9881432,19.329
7,Liguria,Maschi,66,88768,1121,12.63136,88208,0.9868656,18.541
7,Liguria,Maschi,67,87647,1196,13.64388,87049,0.9859991,17.771
7,Liguria,Maschi,68,86451,1242,14.36296,85830,0.9852074,17.010
7,Liguria,Maschi,69,85209,1298,15.22855,84561,0.9837623,16.251
7,Liguria,Maschi,70,83912,1449,17.26251,83188,0.9818134,15.494
7,Liguria,Maschi,71,82463,1577,19.12695,81675,0.9801208,14.758
7,Liguria,Maschi,72,80886,1670,20.64608,80051,0.9784487,14.036
7,Liguria,Maschi,73,79216,1780,22.47552,78326,0.9760611,13.321
7,Liguria,Maschi,74,77436,1970,25.43600,76451,0.9730751,12.616
7,Liguria,Maschi,75,75466,2147,28.45265,74392,0.9698269,11.932
7,Liguria,Maschi,76,73319,2342,31.94394,72148,0.9669310,11.267
7,Liguria,Maschi,77,70977,2430,34.23115,69762,0.9634546,10.622
7,Liguria,Maschi,78,68547,2669,38.94166,67212,0.9588999,9.981
7,Liguria,Maschi,79,65878,2856,43.34602,64450,0.9531537,9.365
7,Liguria,Maschi,80,63022,3183,50.50526,61431,0.9465667,8.767
7,Liguria,Maschi,81,59839,3382,56.51700,58148,0.9406118,8.207
7,Liguria,Maschi,82,56457,3525,62.43130,54695,0.9343850,7.668
7,Liguria,Maschi,83,52933,3653,69.01071,51106,0.9276825,7.146
7,Liguria,Maschi,84,49280,3739,75.86950,47410,0.9200108,6.638
7,Liguria,Maschi,85,45541,3846,84.44706,43618,0.9103239,6.142
7,Liguria,Maschi,86,41695,3977,95.38748,39706,0.8973285,5.663
7,Liguria,Maschi,87,37718,4176,110.72349,35630,0.8817565,5.207
7,Liguria,Maschi,88,33542,4250,126.69988,31417,0.8659386,4.793
7,Liguria,Maschi,89,29292,4174,142.49085,27205,0.8518313,4.416
7,Liguria,Maschi,90,25118,3888,154.79001,23174,0.8357727,4.066
7,Liguria,Maschi,91,21230,3724,175.39297,19368,0.8148461,3.720
7,Liguria,Maschi,92,17506,3449,196.99103,15782,0.7905636,3.404
7,Liguria,Maschi,93,14058,3162,224.93477,12477,0.7653327,3.117
7,Liguria,Maschi,94,10896,2694,247.22440,9549,0.7416287,2.876
7,Liguria,Maschi,95,8202,2241,273.17894,7082,0.7187470,2.657
7,Liguria,Maschi,96,5961,1743,292.36170,5090,0.6973923,2.467
7,Liguria,Maschi,97,4219,1338,317.08688,3550,0.6722690,2.280
7,Liguria,Maschi,98,2881,989,343.31729,2386,0.6462969,2.107
7,Liguria,Maschi,99,1892,699,369.51873,1542,0.6190384,1.946
7,Liguria,Maschi,100,1193,476,399.11091,955,0.5894202,1.794
7,Liguria,Maschi,101,717,308,429.66630,563,0.5582238,1.654
7,Liguria,Maschi,102,409,189,463.00921,314,0.5251654,1.523
7,Liguria,Maschi,103,220,109,496.85621,165,0.4917430,1.406
7,Liguria,Maschi,104,110,59,530.91614,81,0.4582385,1.300
7,Liguria,Maschi,105,52,29,564.88181,37,0.4249409,1.205
7,Liguria,Maschi,106,23,13,598.44865,16,0.3921342,1.120
7,Liguria,Maschi,107,9,6,631.31784,6,0.3600901,1.045
7,Liguria,Maschi,108,3,2,663.21476,2,0.3290576,0.978
7,Liguria,Maschi,109,1,1,693.88789,1,0.2992603,0.918
7,Liguria,Maschi,110,0,0,723.12296,0,0.2708878,0.865
7,Liguria,Maschi,111,0,0,750.74382,0,0.2440936,0.818
7,Liguria,Maschi,112,0,0,776.61829,0,0.2189932,0.777
7,Liguria,Maschi,113,0,0,800.65278,0,0.1956667,0.741
7,Liguria,Maschi,114,0,0,822.79612,0,0.1741578,0.709
7,Liguria,Maschi,115,0,0,843.03213,0,0.1544787,0.682
7,Liguria,Maschi,116,0,0,861.37941,0,0.1366115,0.658
7,Liguria,Maschi,117,0,0,877.88194,0,0.1205155,0.637
7,Liguria,Maschi,118,0,0,892.60789,0,0.1061282,0.618
7,Liguria,Maschi,119,0,0,905.64135,0,0.0933725,0.603
7,Liguria,Femmine,0,100000,254,2.54499,99761,0.9996852,85.169
7,Liguria,Femmine,1,99746,33,0.32870,99729,0.9997398,84.385
7,Liguria,Femmine,2,99713,19,0.19159,99703,0.9998532,83.413
7,Liguria,Femmine,3,99694,10,0.10206,99689,0.9999251,82.429
7,Liguria,Femmine,4,99683,5,0.04765,99681,0.9999622,81.437
7,Liguria,Femmine,5,99679,3,0.02787,99677,0.9999756,80.441
7,Liguria,Femmine,6,99676,2,0.02090,99675,0.9999794,79.443
7,Liguria,Femmine,7,99674,2,0.02023,99673,0.9999815,78.445
7,Liguria,Femmine,8,99672,2,0.01679,99671,0.9999822,77.446
7,Liguria,Femmine,9,99670,2,0.01887,99669,0.9999761,76.448
7,Liguria,Femmine,10,99668,3,0.02893,99667,0.9999650,75.449
7,Liguria,Femmine,11,99665,4,0.04110,99663,0.9999499,74.451
7,Liguria,Femmine,12,99661,6,0.05906,99658,0.9999355,73.454
7,Liguria,Femmine,13,99655,7,0.07002,99652,0.9999190,72.458
7,Liguria,Femmine,14,99648,9,0.09188,99644,0.9998984,71.464
7,Liguria,Femmine,15,99639,11,0.11137,99634,0.9998783,70.470
7,Liguria,Femmine,16,99628,13,0.13197,99622,0.9998646,69.478
7,Liguria,Femmine,17,99615,14,0.13876,99608,0.9998622,68.487
7,Liguria,Femmine,18,99601,14,0.13689,99594,0.9998722,67.496
7,Liguria,Femmine,19,99588,12,0.11879,99582,0.9998886,66.506
7,Liguria,Femmine,20,99576,10,0.10401,99571,0.9999067,65.513
7,Liguria,Femmine,21,99565,8,0.08257,99561,0.9999183,64.520
7,Liguria,Femmine,22,99557,8,0.08090,99553,0.9999169,63.525
7,Liguria,Femmine,23,99549,8,0.08534,99545,0.9999075,62.531
7,Liguria,Femmine,24,99541,10,0.09961,99536,0.9998950,61.536
7,Liguria,Femmine,25,99531,11,0.11029,99525,0.9998866,60.542
7,Liguria,Femmine,26,99520,12,0.11647,99514,0.9998732,59.549
7,Liguria,Femmine,27,99508,14,0.13705,99501,0.9998414,58.555
7,Liguria,Femmine,28,99494,18,0.18024,99486,0.9997958,57.563
7,Liguria,Femmine,29,99477,23,0.22811,99465,0.9997571,56.574
7,Liguria,Femmine,30,99454,26,0.25764,99441,0.9997420,55.586
7,Liguria,Femmine,31,99428,26,0.25833,99415,0.9997455,54.601
7,Liguria,Femmine,32,99403,25,0.25071,99390,0.9997319,53.615
7,Liguria,Femmine,33,99378,28,0.28544,99363,0.9996861,52.628
7,Liguria,Femmine,34,99349,34,0.34247,99332,0.9996224,51.643
7,Liguria,Femmine,35,99315,41,0.41274,99295,0.9995551,50.660
7,Liguria,Femmine,36,99274,47,0.47700,99251,0.9995091,49.681
7,Liguria,Femmine,37,99227,50,0.50483,99202,0.9994797,48.705
7,Liguria,Femmine,38,99177,53,0.53586,99150,0.9994388,47.729
7,Liguria,Femmine,39,99124,58,0.58655,99095,0.9993880,46.754
7,Liguria,Femmine,40,99066,63,0.63744,99034,0.9993278,45.781
7,Liguria,Femmine,41,99002,70,0.70701,98967,0.9992831,44.810
7,Liguria,Femmine,42,98932,72,0.72686,98896,0.9992847,43.842
7,Liguria,Femmine,43,98860,70,0.70373,98826,0.9992973,42.873
7,Liguria,Femmine,44,98791,69,0.70177,98756,0.9992444,41.903
7,Liguria,Femmine,45,98722,80,0.80955,98682,0.9990835,40.932
7,Liguria,Femmine,46,98642,101,1.02357,98591,0.9988341,39.965
7,Liguria,Femmine,47,98541,129,1.30841,98476,0.9986111,39.005
7,Liguria,Femmine,48,98412,145,1.46951,98339,0.9984869,38.056
7,Liguria,Femmine,49,98267,153,1.55674,98191,0.9984303,37.111
7,Liguria,Femmine,50,98114,155,1.58278,98036,0.9983157,36.168
7,Liguria,Femmine,51,97959,175,1.78599,97871,0.9981514,35.225
7,Liguria,Femmine,52,97784,187,1.91136,97690,0.9980161,34.287
7,Liguria,Femmine,53,97597,201,2.05653,97497,0.9978844,33.351
7,Liguria,Femmine,54,97396,212,2.17483,97290,0.9977052,32.419
7,Liguria,Femmine,55,97184,235,2.41500,97067,0.9975336,31.489
7,Liguria,Femmine,56,96950,244,2.51785,96828,0.9973853,30.564
7,Liguria,Femmine,57,96706,262,2.71178,96575,0.9972795,29.640
7,Liguria,Femmine,58,96443,263,2.72930,96312,0.9972237,28.719
7,Liguria,Femmine,59,96180,272,2.82334,96044,0.9970678,27.796
7,Liguria,Femmine,60,95909,292,3.04138,95763,0.9965783,26.873
7,Liguria,Femmine,61,95617,364,3.80309,95435,0.9957545,25.954
7,Liguria,Femmine,62,95253,447,4.68965,95030,0.9950353,25.051
7,Liguria,Femmine,63,94807,497,5.24100,94558,0.9946248,24.167
7,Liguria,Femmine,64,94310,520,5.51019,94050,0.9942682,23.291
7,Liguria,Femmine,65,93790,558,5.95461,93511,0.9938221,22.418
7,Liguria,Femmine,66,93232,597,6.40243,92933,0.9932325,21.549
7,Liguria,Femmine,67,92635,661,7.13487,92304,0.9925398,20.685
7,Liguria,Femmine,68,91974,716,7.78786,91616,0.9918000,19.830
7,Liguria,Femmine,69,91257,786,8.61532,90864,0.9910580,18.981
7,Liguria,Femmine,70,90471,839,9.27153,90052,0.9901816,18.142
7,Liguria,Femmine,71,89632,930,10.37030,89168,0.9887208,17.307
7,Liguria,Femmine,72,88703,1082,12.19756,88162,0.9869338,16.483
7,Liguria,Femmine,73,87621,1222,13.94551,87010,0.9852722,15.680
7,Liguria,Femmine,74,86399,1341,15.52110,85729,0.9836724,14.895
7,Liguria,Femmine,75,85058,1458,17.14690,84329,0.9819825,14.122
7,Liguria,Femmine,76,83600,1580,18.90336,82809,0.9800051,13.360
7,Liguria,Femmine,77,82019,1731,21.10752,81154,0.9773657,12.608
7,Liguria,Femmine,78,80288,1942,24.19393,79317,0.9738472,11.869
7,Liguria,Femmine,79,78346,2206,28.16028,77242,0.9699959,11.150
7,Liguria,Femmine,80,76139,2429,31.90134,74925,0.9662366,10.459
7,Liguria,Femmine,81,73710,2630,35.68681,72395,0.9619226,9.787
7,Liguria,Femmine,82,71080,2883,40.55651,69638,0.9565985,9.131
7,Liguria,Femmine,83,68197,3162,46.36682,66616,0.9500941,8.496
7,Liguria,Femmine,84,65035,3487,53.61709,63292,0.9416364,7.885
7,Liguria,Femmine,85,61548,3901,63.37893,59598,0.9331389,7.303
7,Liguria,Femmine,86,57647,4069,70.57900,55613,0.9244891,6.763
7,Liguria,Femmine,87,53579,4330,80.81725,51413,0.9133583,6.239
7,Liguria,Femmine,88,49248,4579,92.97834,46959,0.9010045,5.744
7,Liguria,Femmine,89,44669,4718,105.62942,42310,0.8873740,5.281
7,Liguria,Femmine,90,39951,4812,120.44887,37545,0.8720212,4.846
7,Liguria,Femmine,91,35139,4798,136.54001,32740,0.8549788,4.441
7,Liguria,Femmine,92,30341,4698,154.84346,27992,0.8352392,4.064
7,Liguria,Femmine,93,25643,4526,176.49517,23380,0.8130541,3.717
7,Liguria,Femmine,94,21117,4216,199.63654,19009,0.7913698,3.406
7,Liguria,Femmine,95,16901,3716,219.86718,15043,0.7695707,3.131
7,Liguria,Femmine,96,13185,3217,243.96820,11577,0.7456246,2.873
7,Liguria,Femmine,97,9969,2673,268.14101,8632,0.7210704,2.639
7,Liguria,Femmine,98,7296,2142,293.67093,6224,0.6949207,2.422
7,Liguria,Femmine,99,5153,1655,321.23088,4325,0.6666803,2.221
7,Liguria,Femmine,100,3498,1228,351.12953,2884,0.6361297,2.036
7,Liguria,Femmine,101,2270,870,383.50558,1834,0.6043703,1.867
7,Liguria,Femmine,102,1399,581,415.29594,1109,0.5726943,1.718
7,Liguria,Femmine,103,818,366,447.84548,635,0.5403971,1.583
7,Liguria,Femmine,104,452,217,480.89649,343,0.5077314,1.462
7,Liguria,Femmine,105,234,121,514.17593,174,0.4749587,1.352
7,Liguria,Femmine,106,114,62,547.40628,83,0.4423418,1.254
7,Liguria,Femmine,107,52,30,580.30953,37,0.4101379,1.166
7,Liguria,Femmine,108,22,13,612.62320,15,0.3785862,1.088
7,Liguria,Femmine,109,8,5,644.10640,6,0.3479049,1.018
7,Liguria,Femmine,110,3,2,674.54205,2,0.3182866,0.956
7,Liguria,Femmine,111,1,1,703.74803,1,0.2898912,0.900
7,Liguria,Femmine,112,0,0,731.57948,0,0.2628451,0.851
7,Liguria,Femmine,113,0,0,757.92601,0,0.2372429,0.807
7,Liguria,Femmine,114,0,0,782.71393,0,0.2131465,0.768
7,Liguria,Femmine,115,0,0,805.90453,0,0.1905868,0.733
7,Liguria,Femmine,116,0,0,827.49022,0,0.1695677,0.703
7,Liguria,Femmine,117,0,0,847.48668,0,0.1500718,0.676
7,Liguria,Femmine,118,0,0,865.93706,0,0.1320580,0.652
7,Liguria,Femmine,119,0,0,882.89691,0,0.1154737,0.630
8,Emilia-Romagna,Maschi e femmine,0,100000,228,2.27526,99786,0.9997676,83.623
8,Emilia-Romagna,Maschi e femmine,1,99772,20,0.19581,99763,0.9998221,82.813
8,Emilia-Romagna,Maschi e femmine,2,99753,16,0.16004,99745,0.9998537,81.829
8,Emilia-Romagna,Maschi e femmine,3,99737,13,0.13261,99730,0.9998762,80.842
8,Emilia-Romagna,Maschi e femmine,4,99724,11,0.11491,99718,0.9998869,79.852
8,Emilia-Romagna,Maschi e femmine,5,99712,11,0.11136,99707,0.9998876,78.861
8,Emilia-Romagna,Maschi e femmine,6,99701,11,0.11344,99696,0.9998875,77.870
8,Emilia-Romagna,Maschi e femmine,7,99690,11,0.11149,99684,0.9998935,76.879
8,Emilia-Romagna,Maschi e femmine,8,99679,10,0.10157,99674,0.9999039,75.887
8,Emilia-Romagna,Maschi e femmine,9,99669,9,0.09067,99664,0.9999124,74.895
8,Emilia-Romagna,Maschi e femmine,10,99660,8,0.08457,99655,0.9999153,73.902
8,Emilia-Romagna,Maschi e femmine,11,99651,8,0.08476,99647,0.9999149,72.908
8,Emilia-Romagna,Maschi e femmine,12,99643,9,0.08549,99638,0.9999106,71.914
8,Emilia-Romagna,Maschi e femmine,13,99634,9,0.09323,99630,0.9998995,70.920
8,Emilia-Romagna,Maschi e femmine,14,99625,11,0.10781,99620,0.9998814,69.927
8,Emilia-Romagna,Maschi e femmine,15,99614,13,0.12939,99608,0.9998593,68.934
8,Emilia-Romagna,Maschi e femmine,16,99601,15,0.15206,99594,0.9998320,67.943
8,Emilia-Romagna,Maschi e femmine,17,99586,18,0.18385,99577,0.9998020,66.953
8,Emilia-Romagna,Maschi e femmine,18,99568,21,0.21216,99557,0.9997709,65.966
8,Emilia-Romagna,Maschi e femmine,19,99547,24,0.24597,99534,0.9997385,64.980
8,Emilia-Romagna,Maschi e femmine,20,99522,28,0.27694,99508,0.9997096,63.995
8,Emilia-Romagna,Maschi e femmine,21,99495,30,0.30377,99480,0.9996901,63.013
8,Emilia-Romagna,Maschi e femmine,22,99464,31,0.31612,99449,0.9996853,62.032
8,Emilia-Romagna,Maschi e femmine,23,99433,31,0.31334,99417,0.9996940,61.051
8,Emilia-Romagna,Maschi e femmine,24,99402,30,0.29859,99387,0.9997046,60.070
8,Emilia-Romagna,Maschi e femmine,25,99372,29,0.29228,99358,0.9997084,59.088
8,Emilia-Romagna,Maschi e femmine,26,99343,29,0.29098,99329,0.9996986,58.105
8,Emilia-Romagna,Maschi e femmine,27,99314,31,0.31178,99299,0.9996789,57.122
8,Emilia-Romagna,Maschi e femmine,28,99283,33,0.33036,99267,0.9996642,56.140
8,Emilia-Romagna,Maschi e femmine,29,99250,34,0.34117,99234,0.9996560,55.158
8,Emilia-Romagna,Maschi e femmine,30,99217,34,0.34682,99199,0.9996442,54.177
8,Emilia-Romagna,Maschi e femmine,31,99182,36,0.36476,99164,0.9996326,53.195
8,Emilia-Romagna,Maschi e femmine,32,99146,37,0.37004,99128,0.9996202,52.215
8,Emilia-Romagna,Maschi e femmine,33,99109,39,0.38960,99090,0.9995901,51.234
8,Emilia-Romagna,Maschi e femmine,34,99071,43,0.43020,99049,0.9995491,50.254
8,Emilia-Romagna,Maschi e femmine,35,99028,47,0.47156,99005,0.9995071,49.275
8,Emilia-Romagna,Maschi e femmine,36,98981,51,0.51422,98956,0.9994710,48.298
8,Emilia-Romagna,Maschi e femmine,37,98930,54,0.54385,98904,0.9994426,47.323
8,Emilia-Romagna,Maschi e femmine,38,98877,56,0.57091,98848,0.9994118,46.348
8,Emilia-Romagna,Maschi e femmine,39,98820,60,0.60548,98790,0.9993571,45.374
8,Emilia-Romagna,Maschi e femmine,40,98760,67,0.68036,98727,0.9992901,44.401
8,Emilia-Romagna,Maschi e femmine,41,98693,73,0.73953,98657,0.9992234,43.431
8,Emilia-Romagna,Maschi e femmine,42,98620,80,0.81377,98580,0.9991325,42.463
8,Emilia-Romagna,Maschi e femmine,43,98540,91,0.92123,98495,0.9990225,41.497
8,Emilia-Romagna,Maschi e femmine,44,98449,102,1.03385,98398,0.9989099,40.535
8,Emilia-Romagna,Maschi e femmine,45,98347,113,1.14649,98291,0.9987957,39.577
8,Emilia-Romagna,Maschi e femmine,46,98235,124,1.26210,98173,0.9987003,38.621
8,Emilia-Romagna,Maschi e femmine,47,98111,131,1.33725,98045,0.9986164,37.670
8,Emilia-Romagna,Maschi e femmine,48,97979,140,1.43001,97909,0.9985148,36.719
8,Emilia-Romagna,Maschi e femmine,49,97839,151,1.54055,97764,0.9984133,35.771
8,Emilia-Romagna,Maschi e femmine,50,97689,160,1.63298,97609,0.9982822,34.826
8,Emilia-Romagna,Maschi e femmine,51,97529,176,1.80280,97441,0.9981310,33.882
8,Emilia-Romagna,Maschi e femmine,52,97353,188,1.93536,97259,0.9979367,32.942
8,Emilia-Romagna,Maschi e femmine,53,97165,213,2.19154,97058,0.9976727,32.005
8,Emilia-Romagna,Maschi e femmine,54,96952,239,2.46330,96833,0.9973668,31.074
8,Emilia-Romagna,Maschi e femmine,55,96713,271,2.80350,96578,0.9970420,30.150
8,Emilia-Romagna,Maschi e femmine,56,96442,300,3.11297,96292,0.9966800,29.233
8,Emilia-Romagna,Maschi e femmine,57,96142,339,3.52777,95972,0.9963189,28.323
8,Emilia-Romagna,Maschi e femmine,58,95803,367,3.83505,95619,0.9959752,27.421
8,Emilia-Romagna,Maschi e femmine,59,95435,402,4.21528,95234,0.9956268,26.525
8,Emilia-Romagna,Maschi e femmine,60,95033,431,4.53181,94818,0.9953286,25.635
8,Emilia-Romagna,Maschi e femmine,61,94602,455,4.81156,94375,0.9950304,24.749
8,Emilia-Romagna,Maschi e femmine,62,94147,483,5.12848,93906,0.9945558,23.867
8,Emilia-Romagna,Maschi e femmine,63,93664,540,5.76147,93394,0.9938940,22.987
8,Emilia-Romagna,Maschi e femmine,64,93125,601,6.45254,92824,0.9931318,22.118
8,Emilia-Romagna,Maschi e femmine,65,92524,674,7.28666,92187,0.9922027,21.258
8,Emilia-Romagna,Maschi e femmine,66,91849,763,8.31179,91468,0.9913948,20.410
8,Emilia-Romagna,Maschi e femmine,67,91086,811,8.90115,90681,0.9907687,19.577
8,Emilia-Romagna,Maschi e femmine,68,90275,863,9.56434,89844,0.9899752,18.748
8,Emilia-Romagna,Maschi e femmine,69,89412,938,10.48977,88943,0.9888707,17.925
8,Emilia-Romagna,Maschi e femmine,70,88474,1042,11.77561,87953,0.9874203,17.109
8,Emilia-Romagna,Maschi e femmine,71,87432,1171,13.39331,86847,0.9857704,16.307
8,Emilia-Romagna,Maschi e femmine,72,86261,1301,15.07723,85611,0.9842420,15.522
8,Emilia-Romagna,Maschi e femmine,73,84961,1398,16.44929,84262,0.9825580,14.752
8,Emilia-Romagna,Maschi e femmine,74,83563,1542,18.45133,82792,0.9805564,13.990
8,Emilia-Romagna,Maschi e femmine,75,82021,1678,20.45454,81182,0.9780645,13.244
8,Emilia-Romagna,Maschi e femmine,76,80343,1884,23.44728,79402,0.9750745,12.510
8,Emilia-Romagna,Maschi e femmine,77,78460,2074,26.43921,77422,0.9723003,11.798
8,Emilia-Romagna,Maschi e femmine,78,76385,2215,28.99444,75278,0.9695878,11.105
8,Emilia-Romagna,Maschi e femmine,79,74170,2364,31.87220,72988,0.9654676,10.422
8,Emilia-Romagna,Maschi e femmine,80,71806,2677,37.28017,70468,0.9600890,9.748
8,Emilia-Romagna,Maschi e femmine,81,69130,2948,42.64369,67656,0.9543746,9.107
8,Emilia-Romagna,Maschi e femmine,82,66182,3226,48.73996,64569,0.9484185,8.490
8,Emilia-Romagna,Maschi e femmine,83,62956,3435,54.56861,61238,0.9427158,7.899
8,Emilia-Romagna,Maschi e femmine,84,59520,3581,60.15645,57730,0.9357597,7.326
8,Emilia-Romagna,Maschi e femmine,85,55940,3837,68.58556,54022,0.9259483,6.763
8,Emilia-Romagna,Maschi e femmine,86,52103,4164,79.92030,50021,0.9137448,6.225
8,Emilia-Romagna,Maschi e femmine,87,47939,4465,93.14037,45707,0.9015764,5.722
8,Emilia-Romagna,Maschi e femmine,88,43474,4532,104.24940,41208,0.8892136,5.258
8,Emilia-Romagna,Maschi e femmine,89,38942,4598,118.08426,36643,0.8729031,4.812
8,Emilia-Romagna,Maschi e femmine,90,34344,4716,137.31636,31986,0.8533922,4.389
8,Emilia-Romagna,Maschi e femmine,91,29628,4663,157.37819,27296,0.8326767,4.008
8,Emilia-Romagna,Maschi e femmine,92,24965,4472,179.12579,22729,0.8095611,3.663
8,Emilia-Romagna,Maschi e femmine,93,20493,4185,204.22073,18400,0.7865845,3.354
8,Emilia-Romagna,Maschi e femmine,94,16308,3669,224.96986,14474,0.7645808,3.086
8,Emilia-Romagna,Maschi e femmine,95,12639,3146,248.90169,11066,0.7383847,2.837
8,Emilia-Romagna,Maschi e femmine,96,9493,2644,278.54208,8171,0.7126476,2.611
8,Emilia-Romagna,Maschi e femmine,97,6849,2052,299.56426,5823,0.6923021,2.426
8,Emilia-Romagna,Maschi e femmine,98,4797,1532,319.31022,4031,0.6713549,2.250
8,Emilia-Romagna,Maschi e femmine,99,3265,1118,342.35895,2706,0.6452710,2.071
8,Emilia-Romagna,Maschi e femmine,100,2147,802,373.53879,1746,0.6102637,1.889
8,Emilia-Romagna,Maschi e femmine,101,1345,559,415.59187,1066,0.5724603,1.717
8,Emilia-Romagna,Maschi e femmine,102,786,352,447.98403,610,0.5403068,1.583
8,Emilia-Romagna,Maschi e femmine,103,434,209,480.90479,330,0.5077583,1.462
8,Emilia-Romagna,Maschi e femmine,104,225,116,514.08133,167,0.4750783,1.353
8,Emilia-Romagna,Maschi e femmine,105,109,60,547.23071,80,0.4425336,1.255
8,Emilia-Romagna,Maschi e femmine,106,50,29,580.07340,35,0.4103851,1.167
8,Emilia-Romagna,Maschi e femmine,107,21,13,612.33671,14,0.3788816,1.089
8,Emilia-Romagna,Maschi e femmine,108,8,5,643.77116,5,0.3482484,1.019
8,Emilia-Romagna,Maschi e femmine,109,3,2,674.15425,2,0.3186844,0.957
8,Emilia-Romagna,Maschi e femmine,110,1,1,703.29330,1,0.2903594,0.901
8,Emilia-Romagna,Maschi e femmine,111,0,0,731.03331,0,0.2634082,0.852
8,Emilia-Romagna,Maschi e femmine,112,0,0,757.25790,0,0.2379319,0.808
8,Emilia-Romagna,Maschi e femmine,113,0,0,781.88422,0,0.2140011,0.769
8,Emilia-Romagna,Maschi e femmine,114,0,0,804.86371,0,0.1916561,0.735
8,Emilia-Romagna,Maschi e femmine,115,0,0,826.17861,0,0.1709102,0.705
8,Emilia-Romagna,Maschi e femmine,116,0,0,845.83772,0,0.1517539,0.678
8,Emilia-Romagna,Maschi e femmine,117,0,0,863.86818,0,0.1341606,0.654
8,Emilia-Romagna,Maschi e femmine,118,0,0,880.32003,0,0.1180839,0.633
8,Emilia-Romagna,Maschi e femmine,119,0,0,895.25223,0,0.1034689,0.615
8,Emilia-Romagna,Maschi,0,100000,263,2.63195,99752,0.9997429,81.750
8,Emilia-Romagna,Maschi,1,99737,20,0.20295,99727,0.9998135,80.964
8,Emilia-Romagna,Maschi,2,99717,17,0.17006,99708,0.9998409,79.981
8,Emilia-Romagna,Maschi,3,99700,15,0.14812,99692,0.9998578,78.994
8,Emilia-Romagna,Maschi,4,99685,14,0.13629,99678,0.9998628,78.006
8,Emilia-Romagna,Maschi,5,99671,14,0.13816,99664,0.9998583,77.016
8,Emilia-Romagna,Maschi,6,99657,14,0.14518,99650,0.9998581,76.027
8,Emilia-Romagna,Maschi,7,99643,14,0.13858,99636,0.9998733,75.038
8,Emilia-Romagna,Maschi,8,99629,11,0.11482,99623,0.9998993,74.048
8,Emilia-Romagna,Maschi,9,99618,9,0.08653,99613,0.9999230,73.057
8,Emilia-Romagna,Maschi,10,99609,7,0.06752,99606,0.9999380,72.063
8,Emilia-Romagna,Maschi,11,99602,6,0.05656,99600,0.9999391,71.068
8,Emilia-Romagna,Maschi,12,99597,7,0.06527,99594,0.9999203,70.072
8,Emilia-Romagna,Maschi,13,99590,9,0.09421,99586,0.9998850,69.076
8,Emilia-Romagna,Maschi,14,99581,14,0.13571,99574,0.9998429,68.083
8,Emilia-Romagna,Maschi,15,99567,18,0.17855,99559,0.9998050,67.092
8,Emilia-Romagna,Maschi,16,99550,21,0.21136,99539,0.9997688,66.104
8,Emilia-Romagna,Maschi,17,99529,25,0.25111,99516,0.9997330,65.118
8,Emilia-Romagna,Maschi,18,99504,28,0.28298,99490,0.9996923,64.134
8,Emilia-Romagna,Maschi,19,99475,33,0.33238,99459,0.9996413,63.152
8,Emilia-Romagna,Maschi,20,99442,38,0.38512,99423,0.9995882,62.173
8,Emilia-Romagna,Maschi,21,99404,44,0.43858,99382,0.9995435,61.196
8,Emilia-Romagna,Maschi,22,99360,47,0.47450,99337,0.9995185,60.223
8,Emilia-Romagna,Maschi,23,99313,49,0.48843,99289,0.9995215,59.251
8,Emilia-Romagna,Maschi,24,99265,47,0.46863,99242,0.9995405,58.280
8,Emilia-Romagna,Maschi,25,99218,45,0.45046,99196,0.9995638,57.307
8,Emilia-Romagna,Maschi,26,99174,42,0.42199,99153,0.9995725,56.333
8,Emilia-Romagna,Maschi,27,99132,43,0.43303,99110,0.9995616,55.356
8,Emilia-Romagna,Maschi,28,99089,44,0.44384,99067,0.9995508,54.380
8,Emilia-Romagna,Maschi,29,99045,45,0.45465,99022,0.9995410,53.404
8,Emilia-Romagna,Maschi,30,99000,46,0.46344,98977,0.9995239,52.428
8,Emilia-Romagna,Maschi,31,98954,48,0.48868,98930,0.9995099,51.452
8,Emilia-Romagna,Maschi,32,98906,49,0.49162,98881,0.9995006,50.477
8,Emilia-Romagna,Maschi,33,98857,50,0.50722,98832,0.9994678,49.502
8,Emilia-Romagna,Maschi,34,98807,55,0.55710,98779,0.9994170,48.527
8,Emilia-Romagna,Maschi,35,98752,60,0.60892,98722,0.9993646,47.553
8,Emilia-Romagna,Maschi,36,98692,65,0.66181,98659,0.9993240,46.582
8,Emilia-Romagna,Maschi,37,98626,68,0.69014,98592,0.9993039,45.613
8,Emilia-Romagna,Maschi,38,98558,69,0.70214,98524,0.9992913,44.644
8,Emilia-Romagna,Maschi,39,98489,70,0.71527,98454,0.9992396,43.675
8,Emilia-Romagna,Maschi,40,98419,79,0.80552,98379,0.9991489,42.706
8,Emilia-Romagna,Maschi,41,98339,88,0.89672,98295,0.9990373,41.740
8,Emilia-Romagna,Maschi,42,98251,101,1.02883,98201,0.9988845,40.777
8,Emilia-Romagna,Maschi,43,98150,118,1.20219,98091,0.9987385,39.818
8,Emilia-Romagna,Maschi,44,98032,129,1.32087,97967,0.9986447,38.865
8,Emilia-Romagna,Maschi,45,97903,136,1.38976,97835,0.9985543,37.916
8,Emilia-Romagna,Maschi,46,97767,147,1.50163,97693,0.9984429,36.968
8,Emilia-Romagna,Maschi,47,97620,157,1.61257,97541,0.9983057,36.023
8,Emilia-Romagna,Maschi,48,97462,173,1.77625,97376,0.9981242,35.081
8,Emilia-Romagna,Maschi,49,97289,192,1.97560,97193,0.9979713,34.142
8,Emilia-Romagna,Maschi,50,97097,202,2.08188,96996,0.9978230,33.209
8,Emilia-Romagna,Maschi,51,96895,220,2.27232,96785,0.9976428,32.277
8,Emilia-Romagna,Maschi,52,96675,236,2.44230,96557,0.9973867,31.349
8,Emilia-Romagna,Maschi,53,96439,269,2.78474,96304,0.9970411,30.425
8,Emilia-Romagna,Maschi,54,96170,301,3.13347,96019,0.9966628,29.508
8,Emilia-Romagna,Maschi,55,95869,340,3.54162,95699,0.9962720,28.600
8,Emilia-Romagna,Maschi,56,95529,374,3.91501,95342,0.9957601,27.699
8,Emilia-Romagna,Maschi,57,95155,434,4.56602,94938,0.9952145,26.806
8,Emilia-Romagna,Maschi,58,94721,474,5.00608,94484,0.9947843,25.927
8,Emilia-Romagna,Maschi,59,94246,511,5.42642,93991,0.9944150,25.055
8,Emilia-Romagna,Maschi,60,93735,538,5.74448,93466,0.9941428,24.189
8,Emilia-Romagna,Maschi,61,93197,556,5.97048,92918,0.9938847,23.326
8,Emilia-Romagna,Maschi,62,92640,580,6.26093,92350,0.9932529,22.463
8,Emilia-Romagna,Maschi,63,92060,666,7.23628,91727,0.9923497,21.601
8,Emilia-Romagna,Maschi,64,91394,737,8.06738,91025,0.9913994,20.755
8,Emilia-Romagna,Maschi,65,90657,828,9.13806,90242,0.9902585,19.920
8,Emilia-Romagna,Maschi,66,89828,930,10.35043,89363,0.9893420,19.099
8,Emilia-Romagna,Maschi,67,88898,975,10.96879,88411,0.9886429,18.293
8,Emilia-Romagna,Maschi,68,87923,1033,11.74964,87407,0.9875454,17.491
8,Emilia-Romagna,Maschi,69,86890,1144,13.16800,86318,0.9860824,16.693
8,Emilia-Romagna,Maschi,70,85746,1259,14.67714,85117,0.9841417,15.909
8,Emilia-Romagna,Maschi,71,84488,1441,17.05710,83767,0.9818790,15.138
8,Emilia-Romagna,Maschi,72,83046,1595,19.20331,82249,0.9800239,14.392
8,Emilia-Romagna,Maschi,73,81452,1691,20.76405,80606,0.9778998,13.664
8,Emilia-Romagna,Maschi,74,79760,1872,23.46468,78825,0.9752378,12.943
8,Emilia-Romagna,Maschi,75,77889,2032,26.09091,76873,0.9723873,12.242
8,Emilia-Romagna,Maschi,76,75857,2213,29.17529,74750,0.9690949,11.557
8,Emilia-Romagna,Maschi,77,73644,2407,32.68687,72440,0.9657933,10.889
8,Emilia-Romagna,Maschi,78,71236,2549,35.77788,69962,0.9628639,10.240
8,Emilia-Romagna,Maschi,79,68688,2648,38.54466,67364,0.9581550,9.602
8,Emilia-Romagna,Maschi,80,66040,2990,45.27770,64545,0.9512667,8.967
8,Emilia-Romagna,Maschi,81,63050,3301,52.35282,61400,0.9444733,8.368
8,Emilia-Romagna,Maschi,82,59749,3518,58.87592,57990,0.9379962,7.803
8,Emilia-Romagna,Maschi,83,56231,3673,65.32737,54395,0.9317985,7.260
8,Emilia-Romagna,Maschi,84,52558,3746,71.27647,50685,0.9242578,6.732
8,Emilia-Romagna,Maschi,85,48812,3932,80.55065,46846,0.9130961,6.211
8,Emilia-Romagna,Maschi,86,44880,4210,93.81385,42775,0.8993618,5.711
8,Emilia-Romagna,Maschi,87,40670,4399,108.16895,38470,0.8871905,5.250
8,Emilia-Romagna,Maschi,88,36270,4280,118.01282,34130,0.8751298,4.826
8,Emilia-Romagna,Maschi,89,31990,4243,132.64507,29868,0.8580327,4.405
8,Emilia-Romagna,Maschi,90,27747,4237,152.71525,25628,0.8369922,4.003
8,Emilia-Romagna,Maschi,91,23509,4118,175.15549,21450,0.8121582,3.634
8,Emilia-Romagna,Maschi,92,19392,3941,203.22196,17421,0.7823736,3.299
8,Emilia-Romagna,Maschi,93,15451,3642,235.70472,13630,0.7543658,3.013
8,Emilia-Romagna,Maschi,94,11809,3054,258.62577,10282,0.7328642,2.789
8,Emilia-Romagna,Maschi,95,8755,2439,278.61456,7535,0.7081159,2.587
8,Emilia-Romagna,Maschi,96,6316,1960,310.27852,5336,0.6821807,2.393
8,Emilia-Romagna,Maschi,97,4356,1432,328.75249,3640,0.6647733,2.244
8,Emilia-Romagna,Maschi,98,2924,1008,344.87163,2420,0.6474320,2.099
8,Emilia-Romagna,Maschi,99,1916,698,364.31587,1567,0.6233015,1.940
8,Emilia-Romagna,Maschi,100,1218,482,396.17766,976,0.5860096,1.766
8,Emilia-Romagna,Maschi,101,735,326,443.49042,572,0.5443952,1.597
8,Emilia-Romagna,Maschi,102,409,195,477.37331,312,0.5108447,1.471
8,Emilia-Romagna,Maschi,103,214,109,511.69923,159,0.4769921,1.357
8,Emilia-Romagna,Maschi,104,104,57,546.16708,76,0.4431278,1.255
8,Emilia-Romagna,Maschi,105,47,28,580.46057,34,0.4095479,1.164
8,Emilia-Romagna,Maschi,106,20,12,614.26755,14,0.3765422,1.082
8,Emilia-Romagna,Maschi,107,8,5,647.28313,5,0.3443872,1.010
8,Emilia-Romagna,Maschi,108,3,2,679.22859,2,0.3133345,0.945
8,Emilia-Romagna,Maschi,109,1,1,709.85006,1,0.2836093,0.888
8,Emilia-Romagna,Maschi,110,0,0,738.93292,0,0.2554010,0.838
8,Emilia-Romagna,Maschi,111,0,0,766.30238,0,0.2288621,0.793
8,Emilia-Romagna,Maschi,112,0,0,791.82931,0,0.2041052,0.754
8,Emilia-Romagna,Maschi,113,0,0,815.42443,0,0.1812072,0.720
8,Emilia-Romagna,Maschi,114,0,0,837.04206,0,0.1602073,0.690
8,Emilia-Romagna,Maschi,115,0,0,856.67229,0,0.1411128,0.664
8,Emilia-Romagna,Maschi,116,0,0,874.34056,0,0.1239004,0.641
8,Emilia-Romagna,Maschi,117,0,0,890.09794,0,0.1085235,0.621
8,Emilia-Romagna,Maschi,118,0,0,904.01982,0,0.0949137,0.605
8,Emilia-Romagna,Maschi,119,0,0,916.19732,0,0.0829879,0.590
8,Emilia-Romagna,Femmine,0,100000,190,1.89921,99821,0.9997936,85.588
8,Emilia-Romagna,Femmine,1,99810,19,0.18829,99801,0.9998311,84.750
8,Emilia-Romagna,Femmine,2,99791,15,0.14947,99784,0.9998671,83.766
8,Emilia-Romagna,Femmine,3,99776,12,0.11626,99771,0.9998957,82.779
8,Emilia-Romagna,Femmine,4,99765,9,0.09237,99760,0.9999123,81.788
8,Emilia-Romagna,Femmine,5,99756,8,0.08310,99751,0.9999185,80.796
8,Emilia-Romagna,Femmine,6,99747,8,0.07998,99743,0.9999185,79.802
8,Emilia-Romagna,Femmine,7,99739,8,0.08294,99735,0.9999147,78.809
8,Emilia-Romagna,Femmine,8,99731,9,0.08760,99727,0.9999087,77.815
8,Emilia-Romagna,Femmine,9,99722,9,0.09504,99718,0.9999012,76.822
8,Emilia-Romagna,Femmine,10,99713,10,0.10255,99708,0.9998915,75.829
8,Emilia-Romagna,Femmine,11,99703,11,0.11449,99697,0.9998894,74.837
8,Emilia-Romagna,Femmine,12,99691,11,0.10679,99686,0.9999005,73.845
8,Emilia-Romagna,Femmine,13,99681,9,0.09220,99676,0.9999147,72.853
8,Emilia-Romagna,Femmine,14,99671,8,0.07841,99667,0.9999220,71.860
8,Emilia-Romagna,Femmine,15,99664,8,0.07759,99660,0.9999164,70.866
8,Emilia-Romagna,Femmine,16,99656,9,0.08958,99651,0.9998987,69.871
8,Emilia-Romagna,Femmine,17,99647,11,0.11298,99641,0.9998747,68.877
8,Emilia-Romagna,Femmine,18,99636,14,0.13754,99629,0.9998538,67.885
8,Emilia-Romagna,Femmine,19,99622,15,0.15495,99614,0.9998410,66.894
8,Emilia-Romagna,Femmine,20,99606,16,0.16302,99598,0.9998376,65.905
8,Emilia-Romagna,Femmine,21,99590,16,0.16184,99582,0.9998444,64.915
8,Emilia-Romagna,Femmine,22,99574,15,0.14941,99567,0.9998607,63.926
8,Emilia-Romagna,Femmine,23,99559,13,0.12911,99553,0.9998756,62.935
8,Emilia-Romagna,Femmine,24,99546,12,0.11974,99540,0.9998772,61.943
8,Emilia-Romagna,Femmine,25,99534,13,0.12596,99528,0.9998604,60.950
8,Emilia-Romagna,Femmine,26,99522,15,0.15327,99514,0.9998312,59.958
8,Emilia-Romagna,Femmine,27,99507,18,0.18437,99497,0.9998023,58.967
8,Emilia-Romagna,Femmine,28,99488,21,0.21113,99478,0.9997834,57.978
8,Emilia-Romagna,Femmine,29,99467,22,0.22197,99456,0.9997768,56.990
8,Emilia-Romagna,Femmine,30,99445,22,0.22434,99434,0.9997705,56.003
8,Emilia-Romagna,Femmine,31,99423,23,0.23467,99411,0.9997615,55.015
8,Emilia-Romagna,Femmine,32,99400,24,0.24242,99388,0.9997457,54.028
8,Emilia-Romagna,Femmine,33,99375,26,0.26618,99362,0.9997184,53.041
8,Emilia-Romagna,Femmine,34,99349,30,0.29708,99334,0.9996877,52.055
8,Emilia-Romagna,Femmine,35,99320,33,0.32748,99303,0.9996565,51.070
8,Emilia-Romagna,Femmine,36,99287,36,0.35947,99269,0.9996250,50.087
8,Emilia-Romagna,Femmine,37,99251,39,0.39050,99232,0.9995881,49.105
8,Emilia-Romagna,Femmine,38,99213,43,0.43339,99191,0.9995381,48.124
8,Emilia-Romagna,Femmine,39,99170,49,0.49047,99145,0.9994801,47.144
8,Emilia-Romagna,Femmine,40,99121,54,0.54926,99094,0.9994379,46.167
8,Emilia-Romagna,Femmine,41,99066,57,0.57494,99038,0.9994182,45.192
8,Emilia-Romagna,Femmine,42,99010,58,0.58867,98980,0.9993920,44.218
8,Emilia-Romagna,Femmine,43,98951,62,0.62729,98920,0.9993195,43.244
8,Emilia-Romagna,Femmine,44,98889,73,0.73375,98853,0.9991870,42.271
8,Emilia-Romagna,Femmine,45,98817,88,0.89227,98773,0.9990479,41.301
8,Emilia-Romagna,Femmine,46,98728,100,1.01191,98678,0.9989691,40.338
8,Emilia-Romagna,Femmine,47,98629,104,1.04984,98577,0.9989407,39.378
8,Emilia-Romagna,Femmine,48,98525,105,1.06881,98472,0.9989221,38.419
8,Emilia-Romagna,Femmine,49,98420,107,1.08705,98366,0.9988738,37.459
8,Emilia-Romagna,Femmine,50,98313,115,1.16546,98255,0.9987602,36.500
8,Emilia-Romagna,Femmine,51,98198,129,1.31425,98134,0.9986387,35.542
8,Emilia-Romagna,Femmine,52,98069,138,1.40842,98000,0.9985080,34.588
8,Emilia-Romagna,Femmine,53,97931,154,1.57563,97854,0.9983281,33.636
8,Emilia-Romagna,Femmine,54,97777,173,1.76837,97690,0.9980963,32.688
8,Emilia-Romagna,Femmine,55,97604,199,2.03919,97504,0.9978386,31.745
8,Emilia-Romagna,Femmine,56,97405,222,2.28379,97293,0.9976300,30.809
8,Emilia-Romagna,Femmine,57,97182,239,2.45640,97063,0.9974572,29.878
8,Emilia-Romagna,Femmine,58,96944,255,2.62938,96816,0.9971999,28.951
8,Emilia-Romagna,Femmine,59,96689,287,2.97133,96545,0.9968699,28.026
8,Emilia-Romagna,Femmine,60,96401,317,3.28936,96243,0.9965421,27.108
8,Emilia-Romagna,Femmine,61,96084,349,3.62705,95910,0.9961999,26.196
8,Emilia-Romagna,Femmine,62,95736,380,3.97370,95546,0.9958827,25.289
8,Emilia-Romagna,Femmine,63,95355,406,4.26156,95152,0.9954621,24.388
8,Emilia-Romagna,Femmine,64,94949,457,4.81534,94720,0.9948850,23.490
8,Emilia-Romagna,Femmine,65,94492,512,5.41620,94236,0.9941629,22.601
8,Emilia-Romagna,Femmine,66,93980,588,6.26026,93686,0.9934562,21.722
8,Emilia-Romagna,Femmine,67,93392,638,6.82904,93073,0.9928946,20.856
8,Emilia-Romagna,Femmine,68,92754,685,7.38370,92411,0.9923938,19.995
8,Emilia-Romagna,Femmine,69,92069,721,7.83031,91708,0.9916317,19.141
8,Emilia-Romagna,Femmine,70,91348,814,8.91054,90941,0.9906471,18.288
8,Emilia-Romagna,Femmine,71,90534,887,9.79930,90090,0.9895728,17.448
8,Emilia-Romagna,Femmine,72,89647,992,11.06121,89151,0.9883303,16.615
8,Emilia-Romagna,Femmine,73,88655,1089,12.28494,88111,0.9870330,15.796
8,Emilia-Romagna,Femmine,74,87566,1196,13.65749,86968,0.9856154,14.986
8,Emilia-Romagna,Femmine,75,86370,1306,15.12173,85717,0.9834062,14.186
8,Emilia-Romagna,Femmine,76,85064,1539,18.08849,84295,0.9806360,13.396
8,Emilia-Romagna,Femmine,77,83525,1726,20.66304,82663,0.9782782,12.634
8,Emilia-Romagna,Femmine,78,81800,1865,22.80297,80867,0.9756851,11.890
8,Emilia-Romagna,Femmine,79,79934,2067,25.86206,78901,0.9720077,11.156
8,Emilia-Romagna,Femmine,80,77867,2350,30.17915,76692,0.9678557,10.439
8,Emilia-Romagna,Femmine,81,75517,2580,34.17068,74227,0.9629339,9.748
8,Emilia-Romagna,Femmine,82,72937,2922,40.06405,71476,0.9572516,9.075
8,Emilia-Romagna,Femmine,83,70014,3189,45.54485,68420,0.9517787,8.433
8,Emilia-Romagna,Femmine,84,66826,3410,51.02549,65121,0.9451027,7.812
8,Emilia-Romagna,Femmine,85,63416,3740,58.97738,61546,0.9361450,7.205
8,Emilia-Romagna,Femmine,86,59676,4120,69.03823,57616,0.9248602,6.625
8,Emilia-Romagna,Femmine,87,55556,4539,81.69380,53287,0.9123883,6.079
8,Emilia-Romagna,Femmine,88,51017,4798,94.05596,48618,0.8995098,5.576
8,Emilia-Romagna,Femmine,89,46219,4973,107.59255,43732,0.8834722,5.103
8,Emilia-Romagna,Femmine,90,41246,5219,126.54028,38636,0.8646965,4.657
8,Emilia-Romagna,Femmine,91,36027,5236,145.33629,33409,0.8463109,4.260
8,Emilia-Romagna,Femmine,92,30791,5033,163.46231,28274,0.8267936,3.899
8,Emilia-Romagna,Femmine,93,25758,4761,184.85442,23377,0.8058337,3.563
8,Emilia-Romagna,Femmine,94,20996,4317,205.58980,18838,0.7823311,3.258
8,Emilia-Romagna,Femmine,95,16680,3884,232.87399,14737,0.7542779,2.972
8,Emilia-Romagna,Femmine,96,12795,3358,262.47052,11116,0.7276662,2.722
8,Emilia-Romagna,Femmine,97,9437,2696,285.70709,8089,0.7050590,2.513
8,Emilia-Romagna,Femmine,98,6741,2075,307.86827,5703,0.6818413,2.318
8,Emilia-Romagna,Femmine,99,4665,1554,333.02646,3889,0.6544310,2.127
8,Emilia-Romagna,Femmine,100,3112,1134,364.37417,2545,0.6198711,1.939
8,Emilia-Romagna,Femmine,101,1978,801,404.91498,1577,0.5829358,1.763
8,Emilia-Romagna,Femmine,102,1177,515,437.48024,920,0.5505630,1.623
8,Emilia-Romagna,Femmine,103,662,312,470.69279,506,0.5176833,1.496
8,Emilia-Romagna,Femmine,104,350,177,504.27745,262,0.4845641,1.383
8,Emilia-Romagna,Femmine,105,174,93,537.94549,127,0.4514799,1.280
8,Emilia-Romagna,Femmine,106,80,46,571.40613,57,0.4187041,1.189
8,Emilia-Romagna,Femmine,107,34,21,604.37073,24,0.3865017,1.107
8,Emilia-Romagna,Femmine,108,14,9,636.56939,9,0.3551173,1.034
8,Emilia-Romagna,Femmine,109,5,3,667.75711,3,0.3247716,0.969
8,Emilia-Romagna,Femmine,110,2,1,697.71575,1,0.2956574,0.911
8,Emilia-Romagna,Femmine,111,0,0,726.26528,0,0.2679321,0.860
8,Emilia-Romagna,Femmine,112,0,0,753.26572,0,0.2417178,0.814
8,Emilia-Romagna,Femmine,113,0,0,778.61379,0,0.2171029,0.774
8,Emilia-Romagna,Femmine,114,0,0,802.24485,0,0.1941417,0.739
8,Emilia-Romagna,Femmine,115,0,0,824.13064,0,0.1728565,0.708
8,Emilia-Romagna,Femmine,116,0,0,844.27500,0,0.1532416,0.680
8,Emilia-Romagna,Femmine,117,0,0,862.70543,0,0.1352699,0.656
8,Emilia-Romagna,Femmine,118,0,0,879.47716,0,0.1188900,0.634
8,Emilia-Romagna,Femmine,119,0,0,894.65755,0,0.1040392,0.616
9,Toscana,Maschi e femmine,0,100000,167,1.66913,99843,0.9997934,83.781
9,Toscana,Maschi e femmine,1,99833,22,0.21603,99822,0.9998264,82.920
9,Toscana,Maschi e femmine,2,99812,13,0.13122,99805,0.9998930,81.938
9,Toscana,Maschi e femmine,3,99798,8,0.08285,99794,0.9999276,80.949
9,Toscana,Maschi e femmine,4,99790,6,0.06189,99787,0.9999341,79.955
9,Toscana,Maschi e femmine,5,99784,7,0.06998,99780,0.9999196,78.960
9,Toscana,Maschi e femmine,6,99777,9,0.09072,99772,0.9999018,77.966
9,Toscana,Maschi e femmine,7,99768,11,0.10572,99763,0.9998925,76.973
9,Toscana,Maschi e femmine,8,99757,11,0.10936,99752,0.9998958,75.981
9,Toscana,Maschi e femmine,9,99746,10,0.09902,99742,0.9999104,74.989
9,Toscana,Maschi e femmine,10,99737,8,0.08019,99733,0.9999263,73.996
9,Toscana,Maschi e femmine,11,99729,7,0.06727,99725,0.9999295,73.002
9,Toscana,Maschi e femmine,12,99722,7,0.07372,99718,0.9999121,72.007
9,Toscana,Maschi e femmine,13,99715,10,0.10198,99709,0.9998794,71.013
9,Toscana,Maschi e femmine,14,99704,14,0.13925,99697,0.9998466,70.020
9,Toscana,Maschi e femmine,15,99690,17,0.16759,99682,0.9998231,69.029
9,Toscana,Maschi e femmine,16,99674,19,0.18631,99665,0.9998072,68.041
9,Toscana,Maschi e femmine,17,99655,20,0.19930,99645,0.9997946,67.053
9,Toscana,Maschi e femmine,18,99635,21,0.21143,99625,0.9997705,66.067
9,Toscana,Maschi e femmine,19,99614,25,0.24748,99602,0.9997395,65.081
9,Toscana,Maschi e femmine,20,99590,27,0.27346,99576,0.9997275,64.097
9,Toscana,Maschi e femmine,21,99562,27,0.27145,99549,0.9997389,63.114
9,Toscana,Maschi e femmine,22,99535,25,0.25080,99523,0.9997618,62.131
9,Toscana,Maschi e femmine,23,99510,22,0.22560,99499,0.9997828,61.146
9,Toscana,Maschi e femmine,24,99488,21,0.20884,99478,0.9997761,60.160
9,Toscana,Maschi e femmine,25,99467,24,0.23891,99455,0.9997396,59.173
9,Toscana,Maschi e femmine,26,99443,28,0.28186,99429,0.9996994,58.187
9,Toscana,Maschi e femmine,27,99415,32,0.31936,99400,0.9996720,57.203
9,Toscana,Maschi e femmine,28,99384,33,0.33662,99367,0.9996612,56.221
9,Toscana,Maschi e femmine,29,99350,34,0.34091,99333,0.9996570,55.240
9,Toscana,Maschi e femmine,30,99316,34,0.34509,99299,0.9996490,54.258
9,Toscana,Maschi e femmine,31,99282,35,0.35689,99264,0.9996304,53.277
9,Toscana,Maschi e femmine,32,99247,38,0.38230,99228,0.9996101,52.296
9,Toscana,Maschi e femmine,33,99209,39,0.39755,99189,0.9995897,51.316
9,Toscana,Maschi e femmine,34,99169,42,0.42312,99148,0.9995696,50.336
9,Toscana,Maschi e femmine,35,99127,43,0.43766,99106,0.9995465,49.357
9,Toscana,Maschi e femmine,36,99084,46,0.46925,99061,0.9995177,48.378
9,Toscana,Maschi e femmine,37,99037,49,0.49539,99013,0.9994844,47.401
9,Toscana,Maschi e femmine,38,98988,53,0.53589,98962,0.9994468,46.424
9,Toscana,Maschi e femmine,39,98935,56,0.57051,98907,0.9993924,45.449
9,Toscana,Maschi e femmine,40,98879,64,0.64468,98847,0.9993063,44.474
9,Toscana,Maschi e femmine,41,98815,73,0.74284,98778,0.9992103,43.503
9,Toscana,Maschi e femmine,42,98742,83,0.83653,98700,0.9991226,42.535
9,Toscana,Maschi e femmine,43,98659,91,0.91828,98614,0.9990256,41.570
9,Toscana,Maschi e femmine,44,98568,102,1.03060,98518,0.9989123,40.608
9,Toscana,Maschi e femmine,45,98467,113,1.14487,98411,0.9988035,39.649
9,Toscana,Maschi e femmine,46,98354,123,1.24819,98293,0.9986856,38.694
9,Toscana,Maschi e femmine,47,98231,136,1.38067,98164,0.9985745,37.742
9,Toscana,Maschi e femmine,48,98096,144,1.47046,98024,0.9984846,36.793
9,Toscana,Maschi e femmine,49,97952,153,1.56038,97875,0.9983637,35.847
9,Toscana,Maschi e femmine,50,97799,167,1.71240,97715,0.9982229,34.902
9,Toscana,Maschi e femmine,51,97631,180,1.84201,97541,0.9980769,33.961
9,Toscana,Maschi e femmine,52,97451,195,2.00443,97354,0.9979115,33.023
9,Toscana,Maschi e femmine,53,97256,211,2.17283,97150,0.9977145,32.088
9,Toscana,Maschi e femmine,54,97045,233,2.39845,96928,0.9974656,31.157
9,Toscana,Maschi e femmine,55,96812,259,2.67068,96683,0.9971769,30.230
9,Toscana,Maschi e femmine,56,96553,287,2.97584,96410,0.9968613,29.310
9,Toscana,Maschi e femmine,57,96266,318,3.30202,96107,0.9964518,28.396
9,Toscana,Maschi e femmine,58,95948,364,3.79516,95766,0.9959581,27.488
9,Toscana,Maschi e femmine,59,95584,410,4.28965,95379,0.9954628,26.591
9,Toscana,Maschi e femmine,60,95174,455,4.78580,94946,0.9949848,25.704
9,Toscana,Maschi e femmine,61,94719,497,5.24561,94470,0.9945448,24.825
9,Toscana,Maschi e femmine,62,94222,534,5.66585,93955,0.9941897,23.953
9,Toscana,Maschi e femmine,63,93688,558,5.95558,93409,0.9937865,23.087
9,Toscana,Maschi e femmine,64,93130,603,6.47294,92829,0.9932055,22.222
9,Toscana,Maschi e femmine,65,92527,659,7.11807,92198,0.9925669,21.364
9,Toscana,Maschi e femmine,66,91868,712,7.75043,91512,0.9920154,20.513
9,Toscana,Maschi e femmine,67,91156,749,8.22053,90782,0.9913524,19.669
9,Toscana,Maschi e femmine,68,90407,821,9.07814,89997,0.9904118,18.828
9,Toscana,Maschi e femmine,69,89586,905,10.10284,89134,0.9891245,17.996
9,Toscana,Maschi e femmine,70,88681,1034,11.65597,88164,0.9874927,17.175
9,Toscana,Maschi e femmine,71,87648,1172,13.36862,87062,0.9858000,16.371
9,Toscana,Maschi e femmine,72,86476,1301,15.04267,85825,0.9843783,15.587
9,Toscana,Maschi e femmine,73,85175,1381,16.20954,84485,0.9827279,14.817
9,Toscana,Maschi e femmine,74,83794,1538,18.35215,83026,0.9808625,14.053
9,Toscana,Maschi e femmine,75,82257,1640,19.93757,81437,0.9791185,13.306
9,Toscana,Maschi e femmine,76,80617,1761,21.84466,79736,0.9767688,12.567
9,Toscana,Maschi e femmine,77,78856,1944,24.64880,77884,0.9738263,11.836
9,Toscana,Maschi e femmine,78,76912,2133,27.73722,75845,0.9703575,11.123
9,Toscana,Maschi e femmine,79,74779,2363,31.60212,73597,0.9655701,10.426
9,Toscana,Maschi e femmine,80,72415,2705,37.35002,71063,0.9601243,9.750
9,Toscana,Maschi e femmine,81,69711,2963,42.49932,68229,0.9547823,9.109
9,Toscana,Maschi e femmine,82,66748,3208,48.05671,65144,0.9493071,8.491
9,Toscana,Maschi e femmine,83,63540,3397,53.46211,61842,0.9438745,7.894
9,Toscana,Maschi e femmine,84,60143,3545,58.93933,58371,0.9365643,7.312
9,Toscana,Maschi e femmine,85,56599,3861,68.21359,54668,0.9264624,6.738
9,Toscana,Maschi e femmine,86,52738,4180,79.25134,50648,0.9138490,6.195
9,Toscana,Maschi e femmine,87,48558,4547,93.64461,46285,0.9000097,5.685
9,Toscana,Maschi e femmine,88,44011,4709,106.99159,41657,0.8856156,5.221
9,Toscana,Maschi e femmine,89,39302,4821,122.66291,36892,0.8692682,4.786
9,Toscana,Maschi e femmine,90,34481,4825,139.92889,32069,0.8514575,4.386
9,Toscana,Maschi e femmine,91,29656,4702,158.55744,27305,0.8317955,4.018
9,Toscana,Maschi e femmine,92,24954,4483,179.66937,22712,0.8095441,3.681
9,Toscana,Maschi e femmine,93,20471,4168,203.60497,18387,0.7863640,3.377
9,Toscana,Maschi e femmine,94,16303,3688,226.23164,14459,0.7649777,3.113
9,Toscana,Maschi e femmine,95,12615,3108,246.38305,11061,0.7425894,2.877
9,Toscana,Maschi e femmine,96,9507,2586,272.04342,8213,0.7184458,2.654
9,Toscana,Maschi e femmine,97,6920,2039,294.61918,5901,0.6963139,2.459
9,Toscana,Maschi e femmine,98,4881,1545,316.54006,4109,0.6739678,2.278
9,Toscana,Maschi e femmine,99,3336,1134,339.92068,2769,0.6485486,2.101
9,Toscana,Maschi e femmine,100,2202,812,368.92012,1796,0.6164142,1.925
9,Toscana,Maschi e femmine,101,1390,565,406.82483,1107,0.5813372,1.759
9,Toscana,Maschi e femmine,102,824,362,438.61986,644,0.5497525,1.622
9,Toscana,Maschi e femmine,103,463,218,470.96003,354,0.5177510,1.498
9,Toscana,Maschi e femmine,104,245,123,503.58754,183,0.4855816,1.387
9,Toscana,Maschi e femmine,105,122,65,536.23655,89,0.4534953,1.287
9,Toscana,Maschi e femmine,106,56,32,568.64570,40,0.4217364,1.198
9,Toscana,Maschi e femmine,107,24,15,600.56074,17,0.3905371,1.117
9,Toscana,Maschi e femmine,108,10,6,631.74945,7,0.3601077,1.045
9,Toscana,Maschi e femmine,109,4,2,662.00451,2,0.3306344,0.981
9,Toscana,Maschi e femmine,110,1,1,691.14427,1,0.3022778,0.924
9,Toscana,Maschi e femmine,111,0,0,719.01984,0,0.2751685,0.873
9,Toscana,Maschi e femmine,112,0,0,745.51510,0,0.2494080,0.828
9,Toscana,Maschi e femmine,113,0,0,770.54157,0,0.2250729,0.787
9,Toscana,Maschi e femmine,114,0,0,794.03963,0,0.2022139,0.751
9,Toscana,Maschi e femmine,115,0,0,815.97649,0,0.1808580,0.719
9,Toscana,Maschi e femmine,116,0,0,836.34354,0,0.1610115,0.691
9,Toscana,Maschi e femmine,117,0,0,855.15004,0,0.1426637,0.666
9,Toscana,Maschi e femmine,118,0,0,872.42955,0,0.1257832,0.643
9,Toscana,Maschi e femmine,119,0,0,888.22699,0,0.1103273,0.624
9,Toscana,Maschi,0,100000,176,1.75797,99835,0.9998048,81.924
9,Toscana,Maschi,1,99824,18,0.18267,99815,0.9998491,81.067
9,Toscana,Maschi,2,99806,12,0.11913,99800,0.9998978,80.082
9,Toscana,Maschi,3,99794,9,0.08524,99790,0.9999207,79.091
9,Toscana,Maschi,4,99786,7,0.07342,99782,0.9999202,78.098
9,Toscana,Maschi,5,99778,9,0.08625,99774,0.9999042,77.104
9,Toscana,Maschi,6,99770,11,0.10533,99764,0.9998898,76.110
9,Toscana,Maschi,7,99759,11,0.11511,99753,0.9998862,75.118
9,Toscana,Maschi,8,99748,11,0.11239,99742,0.9998931,74.127
9,Toscana,Maschi,9,99736,10,0.10138,99731,0.9999051,73.135
9,Toscana,Maschi,10,99726,9,0.08850,99722,0.9999131,72.143
9,Toscana,Maschi,11,99717,9,0.08536,99713,0.9999087,71.149
9,Toscana,Maschi,12,99709,10,0.09717,99704,0.9998883,70.155
9,Toscana,Maschi,13,99699,13,0.12626,99693,0.9998549,69.162
9,Toscana,Maschi,14,99687,16,0.16385,99679,0.9998246,68.170
9,Toscana,Maschi,15,99670,19,0.18703,99661,0.9998082,67.182
9,Toscana,Maschi,16,99652,20,0.19653,99642,0.9997975,66.194
9,Toscana,Maschi,17,99632,21,0.20849,99622,0.9997793,65.207
9,Toscana,Maschi,18,99611,23,0.23291,99600,0.9997362,64.220
9,Toscana,Maschi,19,99588,29,0.29463,99574,0.9996790,63.235
9,Toscana,Maschi,20,99559,35,0.34744,99542,0.9996489,62.254
9,Toscana,Maschi,21,99524,35,0.35484,99507,0.9996598,61.275
9,Toscana,Maschi,22,99489,32,0.32563,99473,0.9996938,60.297
9,Toscana,Maschi,23,99457,29,0.28686,99442,0.9997229,59.316
9,Toscana,Maschi,24,99428,27,0.26732,99415,0.9997103,58.333
9,Toscana,Maschi,25,99401,31,0.31199,99386,0.9996583,57.349
9,Toscana,Maschi,26,99370,37,0.37141,99352,0.9996024,56.366
9,Toscana,Maschi,27,99334,42,0.42373,99312,0.9995597,55.387
9,Toscana,Maschi,28,99291,45,0.45684,99269,0.9995277,54.410
9,Toscana,Maschi,29,99246,48,0.48774,99222,0.9994955,53.435
9,Toscana,Maschi,30,99198,52,0.52125,99172,0.9994644,52.461
9,Toscana,Maschi,31,99146,55,0.54997,99119,0.9994387,51.488
9,Toscana,Maschi,32,99091,57,0.57266,99063,0.9994267,50.516
9,Toscana,Maschi,33,99035,57,0.57388,99006,0.9994167,49.545
9,Toscana,Maschi,34,98978,59,0.59276,98948,0.9994042,48.573
9,Toscana,Maschi,35,98919,59,0.59884,98890,0.9993866,47.601
9,Toscana,Maschi,36,98860,62,0.62807,98829,0.9993584,46.630
9,Toscana,Maschi,37,98798,65,0.65516,98765,0.9993180,45.659
9,Toscana,Maschi,38,98733,70,0.70884,98698,0.9992679,44.688
9,Toscana,Maschi,39,98663,75,0.75541,98626,0.9991941,43.719
9,Toscana,Maschi,40,98589,84,0.85642,98546,0.9990920,42.752
9,Toscana,Maschi,41,98504,95,0.95969,98457,0.9989952,41.788
9,Toscana,Maschi,42,98410,103,1.04986,98358,0.9989203,40.828
9,Toscana,Maschi,43,98306,109,1.10954,98252,0.9988448,39.870
9,Toscana,Maschi,44,98197,118,1.20099,98138,0.9987369,38.914
9,Toscana,Maschi,45,98079,130,1.32521,98014,0.9985942,37.960
9,Toscana,Maschi,46,97949,146,1.48657,97877,0.9984169,37.010
9,Toscana,Maschi,47,97804,164,1.67977,97722,0.9982408,36.064
9,Toscana,Maschi,48,97639,180,1.83876,97550,0.9981204,35.124
9,Toscana,Maschi,49,97460,187,1.92055,97366,0.9980077,34.188
9,Toscana,Maschi,50,97273,201,2.06410,97172,0.9978503,33.253
9,Toscana,Maschi,51,97072,217,2.23549,96963,0.9976605,32.321
9,Toscana,Maschi,52,96855,237,2.44369,96737,0.9974496,31.392
9,Toscana,Maschi,53,96618,257,2.65736,96490,0.9971584,30.468
9,Toscana,Maschi,54,96361,292,3.02627,96216,0.9968374,29.547
9,Toscana,Maschi,55,96070,317,3.29925,95911,0.9965120,28.636
9,Toscana,Maschi,56,95753,352,3.67738,95577,0.9961380,27.729
9,Toscana,Maschi,57,95401,386,4.04731,95208,0.9956505,26.829
9,Toscana,Maschi,58,95015,442,4.65284,94794,0.9950241,25.936
9,Toscana,Maschi,59,94573,501,5.30045,94322,0.9943894,25.055
9,Toscana,Maschi,60,94071,557,5.92243,93793,0.9937593,24.186
9,Toscana,Maschi,61,93514,614,6.56082,93207,0.9931806,23.327
9,Toscana,Maschi,62,92901,658,7.07974,92572,0.9927627,22.478
9,Toscana,Maschi,63,92243,682,7.39595,91902,0.9921884,21.635
9,Toscana,Maschi,64,91561,754,8.23030,91184,0.9913418,20.792
9,Toscana,Maschi,65,90807,825,9.08957,90394,0.9904931,19.960
9,Toscana,Maschi,66,89982,893,9.92816,89535,0.9897266,19.139
9,Toscana,Maschi,67,89088,946,10.62210,88615,0.9889661,18.326
9,Toscana,Maschi,68,88142,1009,11.45019,87637,0.9879208,17.517
9,Toscana,Maschi,69,87133,1108,12.71543,86579,0.9861908,16.714
9,Toscana,Maschi,70,86025,1283,14.91709,85383,0.9838804,15.923
9,Toscana,Maschi,71,84742,1469,17.34037,84007,0.9816063,15.157
9,Toscana,Maschi,72,83272,1621,19.46552,82462,0.9799257,14.415
9,Toscana,Maschi,73,81651,1690,20.69516,80806,0.9782198,13.692
9,Toscana,Maschi,74,79962,1830,22.88811,79046,0.9763176,12.970
9,Toscana,Maschi,75,78131,1914,24.49528,77174,0.9743095,12.262
9,Toscana,Maschi,76,76217,2051,26.91579,75192,0.9712169,11.558
9,Toscana,Maschi,77,74166,2277,30.70208,73028,0.9674698,10.864
9,Toscana,Maschi,78,71889,2474,34.41626,70652,0.9634480,10.192
9,Toscana,Maschi,79,69415,2691,38.76383,68069,0.9579497,9.537
9,Toscana,Maschi,80,66724,3034,45.46938,65207,0.9513364,8.902
9,Toscana,Maschi,81,63690,3313,52.00998,62034,0.9447613,8.302
9,Toscana,Maschi,82,60378,3541,58.64450,58607,0.9381252,7.730
9,Toscana,Maschi,83,56837,3712,65.30630,54981,0.9317849,7.181
9,Toscana,Maschi,84,53125,3789,71.32712,51230,0.9243485,6.647
9,Toscana,Maschi,85,49336,3962,80.30806,47355,0.9140164,6.119
9,Toscana,Maschi,86,45374,4181,92.15463,43283,0.8987717,5.610
9,Toscana,Maschi,87,41192,4582,111.22303,38902,0.8817343,5.129
9,Toscana,Maschi,88,36611,4620,126.18973,34301,0.8656097,4.708
9,Toscana,Maschi,89,31991,4599,143.77518,29691,0.8483412,4.316
9,Toscana,Maschi,90,27391,4406,160.86618,25188,0.8294615,3.957
9,Toscana,Maschi,91,22985,4185,182.06497,20893,0.8081680,3.619
9,Toscana,Maschi,92,18800,3831,203.77319,16885,0.7832689,3.314
9,Toscana,Maschi,93,14969,3488,233.00525,13225,0.7577339,3.034
9,Toscana,Maschi,94,11481,2920,254.34040,10021,0.7391256,2.803
9,Toscana,Maschi,95,8561,2308,269.63704,7407,0.7189866,2.589
9,Toscana,Maschi,96,6253,1855,296.58966,5326,0.6891921,2.360
9,Toscana,Maschi,97,4398,1456,331.02110,3670,0.6539687,2.145
9,Toscana,Maschi,98,2942,1084,368.46885,2400,0.6187805,1.958
9,Toscana,Maschi,99,1858,746,401.40954,1485,0.5879988,1.809
9,Toscana,Maschi,100,1112,478,429.69564,873,0.5639915,1.687
9,Toscana,Maschi,101,634,284,447.07784,493,0.5407099,1.581
9,Toscana,Maschi,102,351,169,481.37674,266,0.5067504,1.455
9,Toscana,Maschi,103,182,94,516.14271,135,0.4724674,1.342
9,Toscana,Maschi,104,88,49,551.07234,64,0.4381534,1.240
9,Toscana,Maschi,105,40,23,585.84657,28,0.4041072,1.149
9,Toscana,Maschi,106,16,10,620.15008,11,0.3706212,1.068
9,Toscana,Maschi,107,6,4,653.67456,4,0.3379747,0.996
9,Toscana,Maschi,108,2,1,686.13776,1,0.3064223,0.931
9,Toscana,Maschi,109,1,0,717.28220,0,0.2761921,0.874
9,Toscana,Maschi,110,0,0,746.88977,0,0.2474763,0.824
9,Toscana,Maschi,111,0,0,774.78238,0,0.2204300,0.779
9,Toscana,Maschi,112,0,0,800.82790,0,0.1951682,0.740
9,Toscana,Maschi,113,0,0,824.93439,0,0.1717702,0.706
9,Toscana,Maschi,114,0,0,847.05388,0,0.1502770,0.676
9,Toscana,Maschi,115,0,0,867.17459,0,0.1306978,0.650
9,Toscana,Maschi,116,0,0,885.32048,0,0.1130107,0.627
9,Toscana,Maschi,117,0,0,901.54156,0,0.0971703,0.607
9,Toscana,Maschi,118,0,0,915.91247,0,0.0831093,0.590
9,Toscana,Maschi,119,0,0,928.52394,0,0.0707452,0.576
9,Toscana,Femmine,0,100000,158,1.57543,99852,0.9997813,85.728
9,Toscana,Femmine,1,99842,25,0.25121,99830,0.9998024,84.862
9,Toscana,Femmine,2,99817,14,0.14398,99810,0.9998878,83.884
9,Toscana,Femmine,3,99803,8,0.08032,99799,0.9999350,82.896
9,Toscana,Femmine,4,99795,5,0.04973,99793,0.9999487,81.902
9,Toscana,Femmine,5,99790,5,0.05281,99787,0.9999359,80.906
9,Toscana,Femmine,6,99785,8,0.07532,99781,0.9999144,79.911
9,Toscana,Femmine,7,99777,10,0.09582,99772,0.9998990,78.917
9,Toscana,Femmine,8,99768,11,0.10616,99762,0.9998987,77.924
9,Toscana,Femmine,9,99757,10,0.09653,99752,0.9999160,76.932
9,Toscana,Femmine,10,99747,7,0.07142,99744,0.9999402,75.940
9,Toscana,Femmine,11,99740,5,0.04820,99738,0.9999514,74.945
9,Toscana,Femmine,12,99736,5,0.04899,99733,0.9999373,73.949
9,Toscana,Femmine,13,99731,8,0.07638,99727,0.9999052,72.952
9,Toscana,Femmine,14,99723,11,0.11330,99717,0.9998698,71.958
9,Toscana,Femmine,15,99712,15,0.14709,99704,0.9998387,70.966
9,Toscana,Femmine,16,99697,18,0.17554,99688,0.9998174,69.976
9,Toscana,Femmine,17,99680,19,0.18961,99670,0.9998108,68.988
9,Toscana,Femmine,18,99661,19,0.18877,99651,0.9998067,68.001
9,Toscana,Femmine,19,99642,20,0.19776,99632,0.9998034,67.014
9,Toscana,Femmine,20,99622,19,0.19546,99612,0.9998105,66.027
9,Toscana,Femmine,21,99603,18,0.18356,99594,0.9998223,65.040
9,Toscana,Femmine,22,99584,17,0.17192,99576,0.9998335,64.052
9,Toscana,Femmine,23,99567,16,0.16104,99559,0.9998459,63.063
9,Toscana,Femmine,24,99551,15,0.14722,99544,0.9998454,62.073
9,Toscana,Femmine,25,99537,16,0.16191,99529,0.9998253,61.082
9,Toscana,Femmine,26,99520,19,0.18753,99511,0.9998015,60.092
9,Toscana,Femmine,27,99502,21,0.20945,99491,0.9997903,59.103
9,Toscana,Femmine,28,99481,21,0.21004,99471,0.9998018,58.115
9,Toscana,Femmine,29,99460,19,0.18636,99451,0.9998270,57.127
9,Toscana,Femmine,30,99442,16,0.15972,99434,0.9998432,56.138
9,Toscana,Femmine,31,99426,15,0.15381,99418,0.9998320,55.147
9,Toscana,Femmine,32,99410,18,0.18215,99401,0.9998028,54.155
9,Toscana,Femmine,33,99392,21,0.21223,99382,0.9997714,53.165
9,Toscana,Femmine,34,99371,24,0.24489,99359,0.9997434,52.176
9,Toscana,Femmine,35,99347,27,0.26838,99333,0.9997146,51.189
9,Toscana,Femmine,36,99320,30,0.30250,99305,0.9996849,50.203
9,Toscana,Femmine,37,99290,33,0.32770,99274,0.9996589,49.218
9,Toscana,Femmine,38,99258,35,0.35441,99240,0.9996345,48.234
9,Toscana,Femmine,39,99222,37,0.37658,99204,0.9996004,47.250
9,Toscana,Femmine,40,99185,42,0.42269,99164,0.9995309,46.268
9,Toscana,Femmine,41,99143,51,0.51559,99118,0.9994357,45.287
9,Toscana,Femmine,42,99092,61,0.61307,99062,0.9993345,44.311
9,Toscana,Femmine,43,99031,71,0.71801,98996,0.9992149,43.337
9,Toscana,Femmine,44,98960,84,0.85225,98918,0.9990958,42.368
9,Toscana,Femmine,45,98876,95,0.95618,98829,0.9990225,41.404
9,Toscana,Femmine,46,98781,99,0.99888,98732,0.9989666,40.443
9,Toscana,Femmine,47,98683,105,1.06802,98630,0.9989231,39.483
9,Toscana,Femmine,48,98577,107,1.08574,98524,0.9988649,38.525
9,Toscana,Femmine,49,98470,117,1.18443,98412,0.9987350,37.566
9,Toscana,Femmine,50,98354,132,1.34557,98287,0.9986113,36.610
9,Toscana,Femmine,51,98221,141,1.43191,98151,0.9985106,35.659
9,Toscana,Femmine,52,98081,152,1.54701,98005,0.9983922,34.709
9,Toscana,Femmine,53,97929,163,1.66873,97847,0.9982927,33.762
9,Toscana,Femmine,54,97765,171,1.74602,97680,0.9981180,32.818
9,Toscana,Femmine,55,97595,197,2.01832,97496,0.9978666,31.874
9,Toscana,Femmine,56,97398,219,2.24873,97288,0.9976104,30.938
9,Toscana,Femmine,57,97179,246,2.53070,97056,0.9972804,30.006
9,Toscana,Femmine,58,96933,282,2.90898,96792,0.9969221,29.081
9,Toscana,Femmine,59,96651,314,3.24725,96494,0.9965686,28.164
9,Toscana,Femmine,60,96337,348,3.61620,96163,0.9962443,27.255
9,Toscana,Femmine,61,95989,374,3.89564,95802,0.9959432,26.352
9,Toscana,Femmine,62,95615,403,4.21862,95413,0.9956482,25.453
9,Toscana,Femmine,63,95211,427,4.48550,94998,0.9954149,24.558
9,Toscana,Femmine,64,94784,444,4.68517,94562,0.9950979,23.667
9,Toscana,Femmine,65,94340,483,5.12001,94099,0.9946642,22.776
9,Toscana,Femmine,66,93857,521,5.55263,93597,0.9943200,21.891
9,Toscana,Femmine,67,93336,542,5.80802,93065,0.9937439,21.010
9,Toscana,Femmine,68,92794,622,6.70673,92483,0.9928960,20.130
9,Toscana,Femmine,69,92171,692,7.50405,91826,0.9920341,19.262
9,Toscana,Femmine,70,91480,771,8.43118,91094,0.9910518,18.404
9,Toscana,Femmine,71,90709,859,9.46952,90279,0.9898997,17.556
9,Toscana,Femmine,72,89850,965,10.73711,89367,0.9886937,16.720
9,Toscana,Femmine,73,88885,1056,11.88160,88357,0.9870582,15.896
9,Toscana,Femmine,74,87829,1231,14.01483,87213,0.9851889,15.081
9,Toscana,Femmine,75,86598,1353,15.61869,85922,0.9836540,14.288
9,Toscana,Femmine,76,85245,1456,17.08493,84517,0.9819512,13.507
9,Toscana,Femmine,77,83789,1594,19.02933,82992,0.9796907,12.733
9,Toscana,Femmine,78,82194,1777,21.61418,81306,0.9766494,11.970
9,Toscana,Femmine,79,80418,2021,25.12534,79408,0.9724109,11.223
9,Toscana,Femmine,80,78397,2361,30.11638,77217,0.9678873,10.500
9,Toscana,Femmine,81,76036,2598,34.17104,74737,0.9634735,9.810
9,Toscana,Femmine,82,73438,2862,38.96528,72007,0.9588069,9.140
9,Toscana,Femmine,83,70577,3071,43.51121,69041,0.9539163,8.490
9,Toscana,Femmine,84,67506,3292,48.77320,65859,0.9464751,7.854
9,Toscana,Femmine,85,64213,3758,58.52021,62334,0.9363221,7.231
9,Toscana,Femmine,86,60455,4181,69.15608,58365,0.9254771,6.649
9,Toscana,Femmine,87,56275,4518,80.28847,54015,0.9136625,6.106
9,Toscana,Femmine,88,51756,4809,92.91453,49352,0.9000176,5.595
9,Toscana,Femmine,89,46947,5060,107.77414,44418,0.8837475,5.117
9,Toscana,Femmine,90,41888,5268,125.75508,39254,0.8660536,4.675
9,Toscana,Femmine,91,36620,5248,143.31605,33996,0.8467923,4.275
9,Toscana,Femmine,92,31372,5169,164.75419,28788,0.8254211,3.907
9,Toscana,Femmine,93,26203,4883,186.34146,23762,0.8027521,3.579
9,Toscana,Femmine,94,21320,4491,210.65209,19075,0.7789805,3.284
9,Toscana,Femmine,95,16829,3941,234.15373,14859,0.7547469,3.027
9,Toscana,Femmine,96,12889,3348,259.74614,11215,0.7327165,2.799
9,Toscana,Femmine,97,9541,2647,277.46568,8217,0.7155254,2.606
9,Toscana,Femmine,98,6894,2028,294.17506,5880,0.6966298,2.415
9,Toscana,Femmine,99,4866,1539,316.39774,4096,0.6705544,2.213
9,Toscana,Femmine,100,3326,1159,348.53251,2747,0.6332168,2.006
9,Toscana,Femmine,101,2167,855,394.79787,1739,0.5930714,1.812
9,Toscana,Femmine,102,1311,560,426.97267,1031,0.5610531,1.667
9,Toscana,Femmine,103,751,346,459.84330,579,0.5284781,1.537
9,Toscana,Femmine,104,406,200,493.14263,306,0.4956070,1.419
9,Toscana,Femmine,105,206,108,526.58920,152,0.4627085,1.314
9,Toscana,Femmine,106,97,55,559.89844,70,0.4300508,1.220
9,Toscana,Femmine,107,43,25,592.78671,30,0.3978951,1.135
9,Toscana,Femmine,108,17,11,624.98769,12,0.3664837,1.060
9,Toscana,Femmine,109,7,4,656.25846,4,0.3360358,0.992
9,Toscana,Femmine,110,2,2,686.38155,1,0.3067439,0.933
9,Toscana,Femmine,111,1,1,715.17617,0,0.2787665,0.879
9,Toscana,Femmine,112,0,0,742.50030,0,0.2522274,0.832
9,Toscana,Femmine,113,0,0,768.24758,0,0.2272177,0.790
9,Toscana,Femmine,114,0,0,792.34939,0,0.2037950,0.753
9,Toscana,Femmine,115,0,0,814.77282,0,0.1819853,0.721
9,Toscana,Femmine,116,0,0,835.51659,0,0.1617875,0.692
9,Toscana,Femmine,117,0,0,854.60290,0,0.1431784,0.666
9,Toscana,Femmine,118,0,0,872.08151,0,0.1261115,0.644
9,Toscana,Femmine,119,0,0,888.01443,0,0.1105286,0.624
10,Umbria,Maschi e femmine,0,100000,225,2.24634,99789,0.9997988,83.654
10,Umbria,Maschi e femmine,1,99775,14,0.13679,99769,0.9998828,82.841
10,Umbria,Maschi e femmine,2,99762,10,0.09769,99757,0.9999065,81.852
10,Umbria,Maschi e femmine,3,99752,9,0.08931,99748,0.9999063,80.860
10,Umbria,Maschi e femmine,4,99743,10,0.09808,99738,0.9998875,79.867
10,Umbria,Maschi e femmine,5,99733,13,0.12683,99727,0.9998675,78.875
10,Umbria,Maschi e femmine,6,99721,14,0.13820,99714,0.9998686,77.885
10,Umbria,Maschi e femmine,7,99707,12,0.12454,99701,0.9998917,76.896
10,Umbria,Maschi e femmine,8,99694,9,0.09213,99690,0.9999193,75.905
10,Umbria,Maschi e femmine,9,99685,7,0.06919,99682,0.9999334,74.912
10,Umbria,Maschi e femmine,10,99678,6,0.06404,99675,0.9999268,73.918
10,Umbria,Maschi e femmine,11,99672,8,0.08234,99668,0.9999106,72.922
10,Umbria,Maschi e femmine,12,99664,10,0.09641,99659,0.9998886,71.928
10,Umbria,Maschi e femmine,13,99654,13,0.12630,99648,0.9998573,70.935
10,Umbria,Maschi e femmine,14,99642,16,0.15916,99634,0.9998159,69.944
10,Umbria,Maschi e femmine,15,99626,21,0.20899,99615,0.9997747,68.955
10,Umbria,Maschi e femmine,16,99605,24,0.24167,99593,0.9997443,67.969
10,Umbria,Maschi e femmine,17,99581,27,0.26971,99567,0.9997185,66.986
10,Umbria,Maschi e femmine,18,99554,29,0.29328,99539,0.9996721,66.004
10,Umbria,Maschi e femmine,19,99525,36,0.36249,99507,0.9996100,65.023
10,Umbria,Maschi e femmine,20,99489,42,0.41752,99468,0.9995722,64.046
10,Umbria,Maschi e femmine,21,99447,44,0.43807,99425,0.9995871,63.073
10,Umbria,Maschi e femmine,22,99404,39,0.38781,99384,0.9996427,62.100
10,Umbria,Maschi e femmine,23,99365,32,0.32681,99349,0.9996908,61.124
10,Umbria,Maschi e femmine,24,99333,29,0.29161,99318,0.9996905,60.144
10,Umbria,Maschi e femmine,25,99304,33,0.32733,99287,0.9996521,59.161
10,Umbria,Maschi e femmine,26,99271,37,0.36848,99253,0.9996223,58.180
10,Umbria,Maschi e femmine,27,99235,38,0.38683,99215,0.9996278,57.202
10,Umbria,Maschi e femmine,28,99196,35,0.35765,99178,0.9996521,56.224
10,Umbria,Maschi e femmine,29,99161,34,0.33806,99144,0.9996656,55.244
10,Umbria,Maschi e femmine,30,99127,33,0.33077,99111,0.9996532,54.262
10,Umbria,Maschi e femmine,31,99094,36,0.36291,99076,0.9996303,53.280
10,Umbria,Maschi e femmine,32,99058,37,0.37644,99040,0.9996142,52.299
10,Umbria,Maschi e femmine,33,99021,39,0.39522,99002,0.9995963,51.319
10,Umbria,Maschi e femmine,34,98982,41,0.41214,98962,0.9995527,50.339
10,Umbria,Maschi e femmine,35,98941,48,0.48240,98917,0.9994639,49.359
10,Umbria,Maschi e femmine,36,98893,58,0.58981,98864,0.9993372,48.383
10,Umbria,Maschi e femmine,37,98835,73,0.73592,98799,0.9992028,47.411
10,Umbria,Maschi e femmine,38,98762,85,0.85847,98720,0.9990877,46.446
10,Umbria,Maschi e femmine,39,98678,95,0.96617,98630,0.9990195,45.485
10,Umbria,Maschi e femmine,40,98582,98,0.99485,98533,0.9990179,44.529
10,Umbria,Maschi e femmine,41,98484,95,0.96929,98436,0.9990436,43.572
10,Umbria,Maschi e femmine,42,98389,93,0.94358,98342,0.9990522,42.614
10,Umbria,Maschi e femmine,43,98296,94,0.95198,98249,0.9990078,41.654
10,Umbria,Maschi e femmine,44,98202,101,1.03241,98152,0.9989084,40.693
10,Umbria,Maschi e femmine,45,98101,113,1.15084,98044,0.9988020,39.735
10,Umbria,Maschi e femmine,46,97988,122,1.24523,97927,0.9986872,38.780
10,Umbria,Maschi e femmine,47,97866,135,1.38053,97798,0.9985777,37.828
10,Umbria,Maschi e femmine,48,97731,143,1.46410,97659,0.9984981,36.879
10,Umbria,Maschi e femmine,49,97588,150,1.53974,97513,0.9983926,35.933
10,Umbria,Maschi e femmine,50,97438,163,1.67522,97356,0.9982341,34.987
10,Umbria,Maschi e femmine,51,97274,181,1.85664,97184,0.9979844,34.045
10,Umbria,Maschi e femmine,52,97094,211,2.17484,96988,0.9976299,33.108
10,Umbria,Maschi e femmine,53,96883,249,2.56576,96758,0.9972649,32.179
10,Umbria,Maschi e femmine,54,96634,281,2.90494,96494,0.9969839,31.260
10,Umbria,Maschi e femmine,55,96353,301,3.12750,96203,0.9967908,30.350
10,Umbria,Maschi e femmine,56,96052,316,3.29119,95894,0.9967013,29.443
10,Umbria,Maschi e femmine,57,95736,317,3.30615,95578,0.9966689,28.539
10,Umbria,Maschi e femmine,58,95419,320,3.35616,95259,0.9965695,27.632
10,Umbria,Maschi e femmine,59,95099,333,3.50514,94932,0.9963683,26.723
10,Umbria,Maschi e femmine,60,94766,356,3.75878,94588,0.9960311,25.816
10,Umbria,Maschi e femmine,61,94409,395,4.17977,94212,0.9955720,24.911
10,Umbria,Maschi e femmine,62,94015,440,4.67718,93795,0.9949354,24.014
10,Umbria,Maschi e femmine,63,93575,510,5.45384,93320,0.9942494,23.124
10,Umbria,Maschi e femmine,64,93065,563,6.04902,92783,0.9936717,22.248
10,Umbria,Maschi e femmine,65,92502,611,6.60926,92196,0.9929827,21.380
10,Umbria,Maschi e femmine,66,91890,683,7.42813,91549,0.9920235,20.519
10,Umbria,Maschi e femmine,67,91208,778,8.52892,90819,0.9909755,19.669
10,Umbria,Maschi e femmine,68,90430,861,9.52436,89999,0.9898092,18.834
10,Umbria,Maschi e femmine,69,89569,973,10.86361,89082,0.9882724,18.010
10,Umbria,Maschi e femmine,70,88596,1116,12.60117,88037,0.9868248,17.203
10,Umbria,Maschi e femmine,71,87479,1203,13.75665,86878,0.9852748,16.416
10,Umbria,Maschi e femmine,72,86276,1355,15.70733,85598,0.9835072,15.638
10,Umbria,Maschi e femmine,73,84921,1468,17.29072,84187,0.9822497,14.879
10,Umbria,Maschi e femmine,74,83452,1520,18.21806,82692,0.9812768,14.132
10,Umbria,Maschi e femmine,75,81932,1576,19.23770,81144,0.9797031,13.385
10,Umbria,Maschi e femmine,76,80356,1718,21.37696,79497,0.9777586,12.638
10,Umbria,Maschi e femmine,77,78638,1818,23.12478,77729,0.9750995,11.903
10,Umbria,Maschi e femmine,78,76820,2052,26.71832,75793,0.9714000,11.173
10,Umbria,Maschi e femmine,79,74767,2283,30.53339,73626,0.9666959,10.466
10,Umbria,Maschi e femmine,80,72484,2621,36.16203,71174,0.9611619,9.780
10,Umbria,Maschi e femmine,81,69863,2907,41.61457,68409,0.9555133,9.128
10,Umbria,Maschi e femmine,82,66956,3179,47.48349,65366,0.9495340,8.503
10,Umbria,Maschi e femmine,83,63776,3418,53.59724,62067,0.9429559,7.902
10,Umbria,Maschi e femmine,84,60358,3663,60.68619,58527,0.9350787,7.321
10,Umbria,Maschi e femmine,85,56695,3936,69.43009,54727,0.9250066,6.762
10,Umbria,Maschi e femmine,86,52759,4272,80.97171,50623,0.9133649,6.229
10,Umbria,Maschi e femmine,87,48487,4499,92.79746,46237,0.9011730,5.734
10,Umbria,Maschi e femmine,88,43987,4640,105.47334,41668,0.8872397,5.269
10,Umbria,Maschi e femmine,89,39348,4757,120.90651,36969,0.8708909,4.831
10,Umbria,Maschi e femmine,90,34591,4789,138.43986,32196,0.8529295,4.427
10,Umbria,Maschi e femmine,91,29802,4682,157.08790,27461,0.8336493,4.058
10,Umbria,Maschi e femmine,92,25120,4455,177.33973,22893,0.8130913,3.721
10,Umbria,Maschi e femmine,93,20665,4103,198.54045,18614,0.7915948,3.416
10,Umbria,Maschi e femmine,94,16563,3656,220.71362,14735,0.7681656,3.138
10,Umbria,Maschi e femmine,95,12907,3176,246.10481,11319,0.7449681,2.885
10,Umbria,Maschi e femmine,96,9731,2597,266.87325,8432,0.7224967,2.664
10,Umbria,Maschi e femmine,97,7134,2083,292.00287,6092,0.6969924,2.452
10,Umbria,Maschi e femmine,98,5051,1609,318.55098,4246,0.6702524,2.257
10,Umbria,Maschi e femmine,99,3442,1191,346.17830,2846,0.6421444,2.078
10,Umbria,Maschi e femmine,100,2250,845,375.71568,1828,0.6126758,1.913
10,Umbria,Maschi e femmine,101,1405,570,405.91916,1120,0.5822806,1.764
10,Umbria,Maschi e femmine,102,835,365,437.58231,652,0.5508425,1.627
10,Umbria,Maschi e femmine,103,469,220,469.73857,359,0.5190427,1.504
10,Umbria,Maschi e femmine,104,249,125,502.11442,186,0.4871452,1.393
10,Umbria,Maschi e femmine,105,124,66,534.42678,91,0.4554172,1.294
10,Umbria,Maschi e femmine,106,58,33,566.39673,41,0.4241192,1.205
10,Umbria,Maschi e femmine,107,25,15,597.75362,18,0.3934978,1.125
10,Umbria,Maschi e femmine,108,10,6,628.25162,7,0.3637748,1.054
10,Umbria,Maschi e femmine,109,4,2,657.67408,3,0.3351438,0.991
10,Umbria,Maschi e femmine,110,1,1,685.83659,1,0.3077667,0.935
10,Umbria,Maschi e femmine,111,0,0,712.59460,0,0.2817686,0.886
10,Umbria,Maschi e femmine,112,0,0,737.84398,0,0.2572394,0.841
10,Umbria,Maschi e femmine,113,0,0,761.51514,0,0.2342374,0.802
10,Umbria,Maschi e femmine,114,0,0,783.57258,0,0.2127912,0.768
10,Umbria,Maschi e femmine,115,0,0,804.01006,0,0.1929034,0.737
10,Umbria,Maschi e femmine,116,0,0,822.84522,0,0.1745564,0.710
10,Umbria,Maschi e femmine,117,0,0,840.11057,0,0.1577187,0.686
10,Umbria,Maschi e femmine,118,0,0,855.85769,0,0.1423425,0.665
10,Umbria,Maschi e femmine,119,0,0,870.14369,0,0.1283742,0.647
10,Umbria,Maschi,0,100000,208,2.07649,99805,0.9998115,81.526
10,Umbria,Maschi,1,99792,13,0.13144,99786,0.9998969,80.694
10,Umbria,Maschi,2,99779,7,0.07472,99776,0.9999347,79.705
10,Umbria,Maschi,3,99772,6,0.05579,99769,0.9999441,78.711
10,Umbria,Maschi,4,99766,6,0.05594,99763,0.9999359,77.715
10,Umbria,Maschi,5,99761,7,0.07233,99757,0.9999279,76.719
10,Umbria,Maschi,6,99753,7,0.07186,99750,0.9999369,75.725
10,Umbria,Maschi,7,99746,5,0.05442,99744,0.9999509,74.730
10,Umbria,Maschi,8,99741,4,0.04384,99739,0.9999492,73.734
10,Umbria,Maschi,9,99736,6,0.05773,99734,0.9999229,72.738
10,Umbria,Maschi,10,99731,10,0.09645,99726,0.9998822,71.742
10,Umbria,Maschi,11,99721,14,0.13916,99714,0.9998500,70.749
10,Umbria,Maschi,12,99707,16,0.16076,99699,0.9998350,69.758
10,Umbria,Maschi,13,99691,17,0.16930,99683,0.9998244,68.770
10,Umbria,Maschi,14,99674,18,0.18184,99665,0.9997993,67.781
10,Umbria,Maschi,15,99656,22,0.21966,99645,0.9997541,66.793
10,Umbria,Maschi,16,99634,27,0.27221,99621,0.9996944,65.808
10,Umbria,Maschi,17,99607,34,0.33905,99590,0.9996217,64.826
10,Umbria,Maschi,18,99573,42,0.41753,99553,0.9995123,63.847
10,Umbria,Maschi,19,99532,56,0.55784,99504,0.9993868,62.874
10,Umbria,Maschi,20,99476,67,0.66861,99443,0.9993118,61.909
10,Umbria,Maschi,21,99410,70,0.70788,99375,0.9993230,60.950
10,Umbria,Maschi,22,99339,64,0.64607,99307,0.9993932,59.993
10,Umbria,Maschi,23,99275,56,0.56753,99247,0.9994606,59.031
10,Umbria,Maschi,24,99219,51,0.51129,99194,0.9994717,58.064
10,Umbria,Maschi,25,99168,54,0.54524,99141,0.9994516,57.094
10,Umbria,Maschi,26,99114,55,0.55165,99087,0.9994646,56.125
10,Umbria,Maschi,27,99059,51,0.51923,99034,0.9995243,55.155
10,Umbria,Maschi,28,99008,43,0.43217,98987,0.9995779,54.184
10,Umbria,Maschi,29,98965,41,0.41204,98945,0.9995754,53.207
10,Umbria,Maschi,30,98924,43,0.43720,98903,0.9995120,52.229
10,Umbria,Maschi,31,98881,53,0.53888,98855,0.9994373,51.251
10,Umbria,Maschi,32,98828,58,0.58651,98799,0.9993951,50.279
10,Umbria,Maschi,33,98770,62,0.62339,98739,0.9993692,49.308
10,Umbria,Maschi,34,98708,63,0.63827,98677,0.9993174,48.338
10,Umbria,Maschi,35,98645,72,0.72694,98609,0.9992080,47.369
10,Umbria,Maschi,36,98574,84,0.85701,98531,0.9990547,46.403
10,Umbria,Maschi,37,98489,102,1.03369,98438,0.9988970,45.442
10,Umbria,Maschi,38,98387,115,1.17246,98330,0.9987860,44.489
10,Umbria,Maschi,39,98272,123,1.25549,98210,0.9987479,43.541
10,Umbria,Maschi,40,98149,123,1.24872,98087,0.9987804,42.595
10,Umbria,Maschi,41,98026,117,1.19042,97968,0.9988197,41.647
10,Umbria,Maschi,42,97909,115,1.17021,97852,0.9987976,40.696
10,Umbria,Maschi,43,97795,121,1.23458,97734,0.9986849,39.743
10,Umbria,Maschi,44,97674,136,1.39572,97606,0.9985501,38.792
10,Umbria,Maschi,45,97538,147,1.50417,97464,0.9984879,37.845
10,Umbria,Maschi,46,97391,148,1.52008,97317,0.9984454,36.902
10,Umbria,Maschi,47,97243,155,1.58926,97166,0.9984027,35.957
10,Umbria,Maschi,48,97088,156,1.60537,97010,0.9983489,35.014
10,Umbria,Maschi,49,96933,164,1.69700,96850,0.9981958,34.069
10,Umbria,Maschi,50,96768,185,1.91159,96676,0.9979677,33.126
10,Umbria,Maschi,51,96583,208,2.15328,96479,0.9976450,32.189
10,Umbria,Maschi,52,96375,246,2.55725,96252,0.9971112,31.257
10,Umbria,Maschi,53,96129,310,3.22113,95974,0.9964592,30.336
10,Umbria,Maschi,54,95819,370,3.86142,95634,0.9959293,29.432
10,Umbria,Maschi,55,95449,409,4.28086,95245,0.9956060,28.544
10,Umbria,Maschi,56,95040,428,4.50763,94826,0.9954950,27.665
10,Umbria,Maschi,57,94612,426,4.50233,94399,0.9954684,26.788
10,Umbria,Maschi,58,94186,430,4.56098,93971,0.9953222,25.907
10,Umbria,Maschi,59,93756,450,4.79508,93532,0.9950945,25.023
10,Umbria,Maschi,60,93307,468,5.01642,93073,0.9948238,24.141
10,Umbria,Maschi,61,92839,495,5.33685,92591,0.9944616,23.261
10,Umbria,Maschi,62,92343,530,5.74113,92078,0.9937581,22.383
10,Umbria,Maschi,63,91813,619,6.74550,91504,0.9928161,21.509
10,Umbria,Maschi,64,91194,695,7.62530,90846,0.9919421,20.652
10,Umbria,Maschi,65,90498,769,8.49389,90114,0.9909752,19.807
10,Umbria,Maschi,66,89730,858,9.56017,89301,0.9897412,18.972
10,Umbria,Maschi,67,88872,974,10.96413,88385,0.9883954,18.150
10,Umbria,Maschi,68,87898,1077,12.25220,87359,0.9868880,17.346
10,Umbria,Maschi,69,86821,1214,13.98245,86214,0.9847612,16.555
10,Umbria,Maschi,70,85607,1414,16.51294,84900,0.9826656,15.783
10,Umbria,Maschi,71,84193,1530,18.16958,83428,0.9803500,15.039
10,Umbria,Maschi,72,82663,1749,21.15783,81789,0.9777299,14.308
10,Umbria,Maschi,73,80914,1894,23.40650,79967,0.9759805,13.607
10,Umbria,Maschi,74,79020,1948,24.64717,78047,0.9749868,12.921
10,Umbria,Maschi,75,77073,1957,25.38844,76094,0.9735334,12.235
10,Umbria,Maschi,76,75116,2071,27.57280,74080,0.9717307,11.540
10,Umbria,Maschi,77,73045,2117,28.98547,71986,0.9685455,10.853
10,Umbria,Maschi,78,70928,2411,33.99730,69722,0.9637713,10.163
10,Umbria,Maschi,79,68516,2641,38.53854,67196,0.9584363,9.503
10,Umbria,Maschi,80,65876,2945,44.71016,64403,0.9519577,8.863
10,Umbria,Maschi,81,62930,3243,51.53041,61309,0.9449102,8.255
10,Umbria,Maschi,82,59688,3512,58.84258,57932,0.9381374,7.676
10,Umbria,Maschi,83,56175,3655,65.07147,54348,0.9307737,7.125
10,Umbria,Maschi,84,52520,3869,73.67038,50585,0.9215489,6.586
10,Umbria,Maschi,85,48651,4068,83.61201,46617,0.9111475,6.070
10,Umbria,Maschi,86,44583,4216,94.57114,42475,0.8977842,5.578
10,Umbria,Maschi,87,40367,4467,110.65887,38133,0.8805095,5.109
10,Umbria,Maschi,88,35900,4646,129.42094,33577,0.8616875,4.682
10,Umbria,Maschi,89,31254,4642,148.52579,28933,0.8417451,4.304
10,Umbria,Maschi,90,26612,4515,169.68113,24354,0.8225360,3.967
10,Umbria,Maschi,91,22096,4128,186.83729,20032,0.8050462,3.676
10,Umbria,Maschi,92,17968,3682,204.93519,16127,0.7885613,3.406
10,Umbria,Maschi,93,14286,3137,219.61858,12717,0.7708903,3.154
10,Umbria,Maschi,94,11148,2690,241.27177,9803,0.7479889,2.901
10,Umbria,Maschi,95,8458,2251,266.16539,7333,0.7198364,2.665
10,Umbria,Maschi,96,6207,1857,299.23895,5278,0.6918030,2.450
10,Umbria,Maschi,97,4350,1396,320.98025,3652,0.6711398,2.283
10,Umbria,Maschi,98,2954,1006,340.46503,2451,0.6511601,2.126
10,Umbria,Maschi,99,1948,704,361.53802,1596,0.6264965,1.966
10,Umbria,Maschi,100,1244,488,392.24452,1000,0.5917025,1.796
10,Umbria,Maschi,101,756,329,434.71115,592,0.5531284,1.632
10,Umbria,Maschi,102,427,200,468.38340,327,0.5197553,1.503
10,Umbria,Maschi,103,227,114,502.55656,170,0.4860228,1.386
10,Umbria,Maschi,104,113,61,536.93599,83,0.4522159,1.282
10,Umbria,Maschi,105,52,30,571.21097,37,0.4186266,1.188
10,Umbria,Maschi,106,22,14,605.07361,16,0.3855416,1.104
10,Umbria,Maschi,107,9,6,638.22196,6,0.3532351,1.029
10,Umbria,Maschi,108,3,2,670.37874,2,0.3219581,0.963
10,Umbria,Maschi,109,1,1,701.29012,1,0.2919362,0.904
10,Umbria,Maschi,110,0,0,730.74008,0,0.2633601,0.851
10,Umbria,Maschi,111,0,0,758.55121,0,0.2363844,0.805
10,Umbria,Maschi,112,0,0,784.59064,0,0.2111250,0.765
10,Umbria,Maschi,113,0,0,808.76452,0,0.1876624,0.729
10,Umbria,Maschi,114,0,0,831.02190,0,0.1660400,0.698
10,Umbria,Maschi,115,0,0,851.34723,0,0.1462699,0.670
10,Umbria,Maschi,116,0,0,869.76004,0,0.1283334,0.647
10,Umbria,Maschi,117,0,0,886.30550,0,0.1121889,0.626
10,Umbria,Maschi,118,0,0,901.05316,0,0.0977732,0.608
10,Umbria,Maschi,119,0,0,914.08862,0,0.0850078,0.593
10,Umbria,Femmine,0,100000,243,2.42560,99772,0.9997854,85.884
10,Umbria,Femmine,1,99757,14,0.14244,99750,0.9998678,85.092
10,Umbria,Femmine,2,99743,12,0.12193,99737,0.9998767,84.104
10,Umbria,Femmine,3,99731,12,0.12470,99725,0.9998664,83.114
10,Umbria,Femmine,4,99719,14,0.14255,99712,0.9998365,82.125
10,Umbria,Femmine,5,99704,18,0.18436,99695,0.9998037,81.136
10,Umbria,Femmine,6,99686,21,0.20823,99676,0.9997966,80.151
10,Umbria,Femmine,7,99665,20,0.19858,99655,0.9998291,79.168
10,Umbria,Femmine,8,99645,14,0.14313,99638,0.9998878,78.183
10,Umbria,Femmine,9,99631,8,0.08130,99627,0.9999444,77.194
10,Umbria,Femmine,10,99623,3,0.02981,99622,0.9999739,76.201
10,Umbria,Femmine,11,99620,2,0.02233,99619,0.9999746,75.203
10,Umbria,Femmine,12,99618,3,0.02847,99617,0.9999453,74.205
10,Umbria,Femmine,13,99615,8,0.08090,99611,0.9998919,73.207
10,Umbria,Femmine,14,99607,13,0.13522,99600,0.9998335,72.213
10,Umbria,Femmine,15,99594,20,0.19772,99584,0.9997964,71.222
10,Umbria,Femmine,16,99574,21,0.20942,99563,0.9997970,70.236
10,Umbria,Femmine,17,99553,20,0.19652,99543,0.9998207,69.251
10,Umbria,Femmine,18,99533,16,0.16216,99525,0.9998407,68.264
10,Umbria,Femmine,19,99517,16,0.15640,99510,0.9998454,67.275
10,Umbria,Femmine,20,99502,15,0.15277,99494,0.9998468,66.286
10,Umbria,Femmine,21,99487,15,0.15372,99479,0.9998652,65.296
10,Umbria,Femmine,22,99471,12,0.11579,99466,0.9999054,64.306
10,Umbria,Femmine,23,99460,7,0.07339,99456,0.9999331,63.313
10,Umbria,Femmine,24,99452,6,0.06045,99449,0.9999207,62.318
10,Umbria,Femmine,25,99446,10,0.09813,99442,0.9998630,61.322
10,Umbria,Femmine,26,99437,17,0.17591,99428,0.9997882,60.328
10,Umbria,Femmine,27,99419,25,0.24768,99407,0.9997365,59.338
10,Umbria,Femmine,28,99395,28,0.27935,99381,0.9997302,58.353
10,Umbria,Femmine,29,99367,26,0.26033,99354,0.9997603,57.369
10,Umbria,Femmine,30,99341,22,0.21897,99330,0.9998015,56.384
10,Umbria,Femmine,31,99319,18,0.17811,99310,0.9998330,55.396
10,Umbria,Femmine,32,99301,15,0.15592,99294,0.9998441,54.406
10,Umbria,Femmine,33,99286,15,0.15581,99278,0.9998346,53.414
10,Umbria,Femmine,34,99271,17,0.17498,99262,0.9997995,52.422
10,Umbria,Femmine,35,99253,22,0.22605,99242,0.9997321,51.431
10,Umbria,Femmine,36,99231,31,0.30986,99215,0.9996330,50.443
10,Umbria,Femmine,37,99200,42,0.42413,99179,0.9995230,49.458
10,Umbria,Femmine,38,99158,53,0.52988,99132,0.9994033,48.479
10,Umbria,Femmine,39,99105,66,0.66360,99072,0.9993035,47.505
10,Umbria,Femmine,40,99040,72,0.72949,99003,0.9992661,46.536
10,Umbria,Femmine,41,98967,73,0.73827,98931,0.9992774,45.569
10,Umbria,Femmine,42,98894,70,0.70692,98859,0.9993180,44.603
10,Umbria,Femmine,43,98824,65,0.65702,98792,0.9993447,43.634
10,Umbria,Femmine,44,98759,65,0.65348,98727,0.9992820,42.662
10,Umbria,Femmine,45,98695,77,0.78257,98656,0.9991293,41.690
10,Umbria,Femmine,46,98618,95,0.95895,98570,0.9989390,40.722
10,Umbria,Femmine,47,98523,115,1.16323,98466,0.9987599,39.761
10,Umbria,Femmine,48,98408,130,1.31708,98344,0.9986534,38.806
10,Umbria,Femmine,49,98279,135,1.37614,98211,0.9985972,37.857
10,Umbria,Femmine,50,98144,140,1.42941,98073,0.9985112,36.908
10,Umbria,Femmine,51,98003,152,1.54832,97927,0.9983371,35.961
10,Umbria,Femmine,52,97852,174,1.77765,97765,0.9981683,35.016
10,Umbria,Femmine,53,97678,184,1.88577,97586,0.9981001,34.077
10,Umbria,Femmine,54,97493,187,1.91416,97400,0.9980753,33.140
10,Umbria,Femmine,55,97307,188,1.93534,97213,0.9980139,32.203
10,Umbria,Femmine,56,97119,198,2.03687,97020,0.9979437,31.264
10,Umbria,Femmine,57,96921,201,2.07574,96820,0.9979022,30.327
10,Umbria,Femmine,58,96720,205,2.11988,96617,0.9978477,29.389
10,Umbria,Femmine,59,96514,211,2.18487,96409,0.9976703,28.451
10,Umbria,Femmine,60,96304,238,2.47488,96184,0.9972622,27.512
10,Umbria,Femmine,61,96065,288,3.00143,95921,0.9967017,26.579
10,Umbria,Femmine,62,95777,344,3.59611,95605,0.9961302,25.657
10,Umbria,Femmine,63,95433,396,4.14452,95235,0.9957001,24.748
10,Umbria,Femmine,64,95037,423,4.45583,94825,0.9954168,23.849
10,Umbria,Femmine,65,94614,446,4.71105,94391,0.9950004,22.954
10,Umbria,Femmine,66,94168,498,5.28943,93919,0.9943077,22.060
10,Umbria,Femmine,67,93670,571,6.09732,93384,0.9935451,21.175
10,Umbria,Femmine,68,93099,634,6.81468,92781,0.9927025,20.301
10,Umbria,Femmine,69,92464,720,7.78367,92104,0.9917274,19.437
10,Umbria,Femmine,70,91744,804,8.76532,91342,0.9908862,18.586
10,Umbria,Femmine,71,90940,861,9.46529,90510,0.9900403,17.746
10,Umbria,Femmine,72,90079,942,10.45884,89608,0.9890388,16.911
10,Umbria,Femmine,73,89137,1022,11.46895,88626,0.9881808,16.084
10,Umbria,Femmine,74,88115,1073,12.17359,87579,0.9871542,15.265
10,Umbria,Femmine,75,87042,1177,13.52621,86454,0.9853978,14.447
10,Umbria,Femmine,76,85865,1347,15.69288,85191,0.9832564,13.638
10,Umbria,Femmine,77,84518,1505,17.81118,83765,0.9810038,12.847
10,Umbria,Femmine,78,83012,1677,20.20265,82174,0.9781788,12.071
10,Umbria,Femmine,79,81335,1909,23.47322,80381,0.9739232,11.310
10,Umbria,Femmine,80,79426,2283,28.74286,78284,0.9690806,10.570
10,Umbria,Femmine,81,77143,2558,33.16040,75864,0.9644630,9.868
10,Umbria,Femmine,82,74585,2834,37.99516,73168,0.9589523,9.189
10,Umbria,Femmine,83,71751,3173,44.22078,70165,0.9527980,8.532
10,Umbria,Femmine,84,68578,3451,50.32108,66853,0.9457445,7.904
10,Umbria,Femmine,85,65127,3803,58.39849,63226,0.9356502,7.296
10,Umbria,Femmine,86,61324,4334,70.67023,59157,0.9249968,6.718
10,Umbria,Femmine,87,56990,4540,79.66560,54720,0.9160763,6.191
10,Umbria,Femmine,88,52450,4644,88.55043,50128,0.9048834,5.683
10,Umbria,Femmine,89,47805,4891,102.32066,45360,0.8899991,5.187
10,Umbria,Femmine,90,42914,5088,118.55650,40370,0.8717613,4.721
10,Umbria,Femmine,91,37826,5266,139.22317,35193,0.8504014,4.289
10,Umbria,Femmine,92,32560,5263,161.65226,29928,0.8267376,3.901
10,Umbria,Femmine,93,27297,5107,187.11127,24743,0.8026224,3.557
10,Umbria,Femmine,94,22189,4660,210.00709,19859,0.7784918,3.261
10,Umbria,Femmine,95,17529,4138,236.06676,15460,0.7572588,2.995
10,Umbria,Femmine,96,13391,3368,251.47823,11707,0.7367144,2.766
10,Umbria,Femmine,97,10024,2797,279.05979,8625,0.7082819,2.527
10,Umbria,Femmine,98,7226,2235,309.27611,6109,0.6781979,2.312
10,Umbria,Femmine,99,4991,1697,339.93664,4143,0.6484175,2.123
10,Umbria,Femmine,100,3295,1216,369.22600,2686,0.6207492,1.959
10,Umbria,Femmine,101,2078,821,395.14361,1668,0.5929147,1.813
10,Umbria,Femmine,102,1257,537,426.82838,989,0.5614026,1.670
10,Umbria,Femmine,103,720,331,459.13046,555,0.5294086,1.542
10,Umbria,Femmine,104,390,192,491.78110,294,0.4971942,1.426
10,Umbria,Femmine,105,198,104,524.49854,146,0.4650276,1.322
10,Umbria,Femmine,106,94,52,556.99927,68,0.4331759,1.229
10,Umbria,Femmine,107,42,25,589.00214,29,0.4018975,1.146
10,Umbria,Femmine,108,17,11,620.24449,12,0.3714314,1.072
10,Umbria,Femmine,109,7,4,650.48818,4,0.3419925,1.006
10,Umbria,Femmine,110,2,2,679.52139,2,0.3137684,0.947
10,Umbria,Femmine,111,1,1,707.16964,0,0.2869123,0.895
10,Umbria,Femmine,112,0,0,733.29758,0,0.2615423,0.849
10,Umbria,Femmine,113,0,0,757.80568,0,0.2377438,0.808
10,Umbria,Femmine,114,0,0,780.63213,0,0.2155686,0.772
10,Umbria,Femmine,115,0,0,801.75056,0,0.1950372,0.740
10,Umbria,Femmine,116,0,0,821.16580,0,0.1761430,0.712
10,Umbria,Femmine,117,0,0,838.90577,0,0.1588578,0.688
10,Umbria,Femmine,118,0,0,855.02524,0,0.1431305,0.666
10,Umbria,Femmine,119,0,0,869.59077,0,0.1288984,0.647
11,Marche,Maschi e femmine,0,100000,179,1.78710,99832,0.9997586,83.852
11,Marche,Maschi e femmine,1,99821,27,0.27167,99808,0.9997633,83.002
11,Marche,Maschi e femmine,2,99794,20,0.20179,99784,0.9998264,82.024
11,Marche,Maschi e femmine,3,99774,15,0.14538,99767,0.9998747,81.041
11,Marche,Maschi e femmine,4,99760,10,0.10522,99754,0.9999040,80.052
11,Marche,Maschi e femmine,5,99749,9,0.08680,99745,0.9999141,79.061
11,Marche,Maschi e femmine,6,99740,8,0.08493,99736,0.9999168,78.067
11,Marche,Maschi e femmine,7,99732,8,0.08148,99728,0.9999227,77.074
11,Marche,Maschi e femmine,8,99724,7,0.07307,99720,0.9999375,76.080
11,Marche,Maschi e femmine,9,99716,5,0.05201,99714,0.9999543,75.086
11,Marche,Maschi e femmine,10,99711,4,0.03943,99709,0.9999593,74.090
11,Marche,Maschi e femmine,11,99707,4,0.04197,99705,0.9999448,73.093
11,Marche,Maschi e femmine,12,99703,7,0.06836,99700,0.9999132,72.096
11,Marche,Maschi e femmine,13,99696,10,0.10527,99691,0.9998742,71.101
11,Marche,Maschi e femmine,14,99686,15,0.14634,99679,0.9998327,70.108
11,Marche,Maschi e femmine,15,99671,19,0.18824,99662,0.9997946,69.118
11,Marche,Maschi e femmine,16,99653,22,0.22259,99641,0.9997699,68.131
11,Marche,Maschi e femmine,17,99630,24,0.23760,99619,0.9997624,67.146
11,Marche,Maschi e femmine,18,99607,24,0.23764,99595,0.9997692,66.162
11,Marche,Maschi e femmine,19,99583,22,0.22395,99572,0.9997776,65.178
11,Marche,Maschi e femmine,20,99561,22,0.22082,99550,0.9997744,64.192
11,Marche,Maschi e femmine,21,99539,23,0.23033,99527,0.9997600,63.206
11,Marche,Maschi e femmine,22,99516,25,0.24961,99503,0.9997394,62.221
11,Marche,Maschi e femmine,23,99491,27,0.27168,99477,0.9997062,61.236
11,Marche,Maschi e femmine,24,99464,31,0.31590,99448,0.9996712,60.252
11,Marche,Maschi e femmine,25,99432,34,0.34170,99416,0.9996472,59.271
11,Marche,Maschi e femmine,26,99399,36,0.36389,99380,0.9996399,58.291
11,Marche,Maschi e femmine,27,99362,35,0.35625,99345,0.9996490,57.312
11,Marche,Maschi e femmine,28,99327,34,0.34567,99310,0.9996516,56.333
11,Marche,Maschi e femmine,29,99293,35,0.35118,99275,0.9996266,55.352
11,Marche,Maschi e femmine,30,99258,39,0.39556,99238,0.9995936,54.371
11,Marche,Maschi e femmine,31,99218,41,0.41719,99198,0.9995824,53.393
11,Marche,Maschi e femmine,32,99177,41,0.41801,99156,0.9995918,52.415
11,Marche,Maschi e femmine,33,99136,39,0.39838,99116,0.9996019,51.436
11,Marche,Maschi e femmine,34,99096,39,0.39789,99076,0.9995926,50.457
11,Marche,Maschi e femmine,35,99057,41,0.41682,99036,0.9995632,49.477
11,Marche,Maschi e femmine,36,99015,45,0.45678,98993,0.9995180,48.497
11,Marche,Maschi e femmine,37,98970,50,0.50718,98945,0.9994671,47.519
11,Marche,Maschi e femmine,38,98920,55,0.55860,98892,0.9994224,46.543
11,Marche,Maschi e femmine,39,98865,59,0.59665,98835,0.9993731,45.569
11,Marche,Maschi e femmine,40,98806,65,0.65713,98773,0.9992898,44.595
11,Marche,Maschi e femmine,41,98741,75,0.76338,98703,0.9991516,43.624
11,Marche,Maschi e femmine,42,98665,92,0.93354,98619,0.9990046,42.657
11,Marche,Maschi e femmine,43,98573,104,1.05735,98521,0.9988812,41.697
11,Marche,Maschi e femmine,44,98469,116,1.18040,98411,0.9987804,40.740
11,Marche,Maschi e femmine,45,98353,124,1.25876,98291,0.9987300,39.788
11,Marche,Maschi e femmine,46,98229,126,1.28123,98166,0.9987047,38.837
11,Marche,Maschi e femmine,47,98103,128,1.30943,98039,0.9986581,37.887
11,Marche,Maschi e femmine,48,97975,135,1.37442,97907,0.9986177,36.936
11,Marche,Maschi e femmine,49,97840,136,1.39011,97772,0.9985375,35.986
11,Marche,Maschi e femmine,50,97704,150,1.53498,97629,0.9983100,35.035
11,Marche,Maschi e femmine,51,97554,180,1.84531,97464,0.9979868,34.088
11,Marche,Maschi e femmine,52,97374,212,2.18143,97268,0.9976429,33.150
11,Marche,Maschi e femmine,53,97162,246,2.53322,97039,0.9973338,32.222
11,Marche,Maschi e femmine,54,96916,271,2.79956,96780,0.9971279,31.302
11,Marche,Maschi e femmine,55,96644,285,2.94477,96502,0.9970073,30.389
11,Marche,Maschi e femmine,56,96360,293,3.04070,96213,0.9968958,29.477
11,Marche,Maschi e femmine,57,96067,304,3.16785,95914,0.9967378,28.565
11,Marche,Maschi e femmine,58,95762,321,3.35679,95602,0.9964857,27.655
11,Marche,Maschi e femmine,59,95441,350,3.67238,95266,0.9959896,26.746
11,Marche,Maschi e femmine,60,95090,414,4.34961,94884,0.9952640,25.843
11,Marche,Maschi e femmine,61,94677,485,5.12399,94434,0.9946860,24.954
11,Marche,Maschi e femmine,62,94192,519,5.50505,93932,0.9944368,24.080
11,Marche,Maschi e femmine,63,93673,527,5.62166,93410,0.9942496,23.210
11,Marche,Maschi e femmine,64,93147,548,5.87990,92873,0.9939111,22.338
11,Marche,Maschi e femmine,65,92599,583,6.29920,92307,0.9932194,21.468
11,Marche,Maschi e femmine,66,92016,668,7.26507,91681,0.9921635,20.601
11,Marche,Maschi e femmine,67,91347,768,8.41212,90963,0.9911190,19.748
11,Marche,Maschi e femmine,68,90579,847,9.35380,90155,0.9902218,18.911
11,Marche,Maschi e femmine,69,89731,916,10.20658,89273,0.9894101,18.085
11,Marche,Maschi e femmine,70,88815,975,10.97712,88328,0.9884221,17.266
11,Marche,Maschi e femmine,71,87841,1070,12.18544,87305,0.9869800,16.452
11,Marche,Maschi e femmine,72,86770,1203,13.86485,86169,0.9853094,15.649
11,Marche,Maschi e femmine,73,85567,1329,15.52798,84903,0.9834125,14.862
11,Marche,Maschi e femmine,74,84238,1488,17.66366,83494,0.9813906,14.088
11,Marche,Maschi e femmine,75,82750,1620,19.57207,81941,0.9796265,13.333
11,Marche,Maschi e femmine,76,81131,1719,21.19098,80271,0.9772523,12.589
11,Marche,Maschi e femmine,77,79412,1933,24.33822,78445,0.9740803,11.851
11,Marche,Maschi e femmine,78,77479,2134,27.54069,76412,0.9708253,11.134
11,Marche,Maschi e femmine,79,75345,2325,30.85504,74183,0.9663603,10.435
11,Marche,Maschi e femmine,80,73020,2666,36.51307,71687,0.9607641,9.751
11,Marche,Maschi e femmine,81,70354,2959,42.06183,68875,0.9556815,9.102
11,Marche,Maschi e femmine,82,67395,3146,46.67425,65822,0.9497252,8.480
11,Marche,Maschi e femmine,83,64249,3473,54.05165,62513,0.9430514,7.870
11,Marche,Maschi e femmine,84,60777,3647,60.01104,58953,0.9352879,7.291
11,Marche,Maschi e femmine,85,57129,3983,69.71329,55138,0.9250548,6.725
11,Marche,Maschi e femmine,86,53147,4282,80.56909,51006,0.9139387,6.191
11,Marche,Maschi e femmine,87,48865,4497,92.03488,46616,0.9030596,5.690
11,Marche,Maschi e femmine,88,44367,4541,102.34314,42097,0.8904644,5.216
11,Marche,Maschi e femmine,89,39827,4682,117.54810,37486,0.8722768,4.754
11,Marche,Maschi e femmine,90,35145,4894,139.25369,32698,0.8489914,4.321
11,Marche,Maschi e femmine,91,30251,4981,164.66525,27760,0.8263924,3.939
11,Marche,Maschi e femmine,92,25270,4658,184.31270,22941,0.8042166,3.617
11,Marche,Maschi e femmine,93,20612,4325,209.84610,18450,0.7836067,3.321
11,Marche,Maschi e femmine,94,16287,3659,224.67937,14457,0.7665324,3.070
11,Marche,Maschi e femmine,95,12628,3091,244.80245,11082,0.7418196,2.815
11,Marche,Maschi e femmine,96,9536,2631,275.89491,8221,0.7120513,2.565
11,Marche,Maschi e femmine,97,6905,2103,304.59507,5854,0.6835801,2.352
11,Marche,Maschi e femmine,98,4802,1601,333.42426,4001,0.6554119,2.164
11,Marche,Maschi e femmine,99,3201,1157,361.33619,2623,0.6274897,1.996
11,Marche,Maschi e femmine,100,2044,797,390.00639,1646,0.5987325,1.842
11,Marche,Maschi e femmine,101,1247,523,419.72846,985,0.5684091,1.700
11,Marche,Maschi e femmine,102,724,327,452.03373,560,0.5363550,1.568
11,Marche,Maschi e femmine,103,397,192,484.83473,300,0.5039347,1.449
11,Marche,Maschi e femmine,104,204,106,517.86531,151,0.4714043,1.341
11,Marche,Maschi e femmine,105,98,54,550.85181,71,0.4390213,1.245
11,Marche,Maschi e femmine,106,44,26,583.52573,31,0.4070360,1.159
11,Marche,Maschi e femmine,107,18,11,615.62635,13,0.3756860,1.081
11,Marche,Maschi e femmine,108,7,5,646.91591,5,0.3451861,1.012
11,Marche,Maschi e femmine,109,3,2,677.18246,2,0.3157262,0.951
11,Marche,Maschi e femmine,110,1,1,706.24066,1,0.2874701,0.896
11,Marche,Maschi e femmine,111,0,0,733.93917,0,0.2605504,0.847
11,Marche,Maschi e femmine,112,0,0,760.16074,0,0.2350696,0.803
11,Marche,Maschi e femmine,113,0,0,784.81715,0,0.2111041,0.765
11,Marche,Maschi e femmine,114,0,0,807.85065,0,0.1887032,0.731
11,Marche,Maschi e femmine,115,0,0,829.23186,0,0.1678910,0.700
11,Marche,Maschi e femmine,116,0,0,848.95704,0,0.1486699,0.674
11,Marche,Maschi e femmine,117,0,0,867.04153,0,0.1310239,0.650
11,Marche,Maschi e femmine,118,0,0,883.52594,0,0.1149158,0.629
11,Marche,Maschi e femmine,119,0,0,898.46269,0,0.1002965,0.611
11,Marche,Maschi,0,100000,205,2.04687,99807,0.9997278,81.918
11,Marche,Maschi,1,99795,30,0.30243,99780,0.9997428,81.085
11,Marche,Maschi,2,99765,21,0.21204,99755,0.9998227,80.109
11,Marche,Maschi,3,99744,14,0.14247,99737,0.9998822,79.126
11,Marche,Maschi,4,99730,9,0.09309,99725,0.9999205,78.138
11,Marche,Maschi,5,99720,7,0.06600,99717,0.9999386,77.145
11,Marche,Maschi,6,99714,6,0.05671,99711,0.9999440,76.150
11,Marche,Maschi,7,99708,6,0.05527,99705,0.9999444,75.154
11,Marche,Maschi,8,99703,6,0.05589,99700,0.9999462,74.158
11,Marche,Maschi,9,99697,5,0.05168,99695,0.9999508,73.162
11,Marche,Maschi,10,99692,5,0.04680,99690,0.9999563,72.166
11,Marche,Maschi,11,99687,4,0.04052,99685,0.9999574,71.169
11,Marche,Maschi,12,99683,4,0.04472,99681,0.9999426,70.172
11,Marche,Maschi,13,99679,7,0.07002,99675,0.9999045,69.175
11,Marche,Maschi,14,99672,12,0.12097,99666,0.9998461,68.180
11,Marche,Maschi,15,99660,19,0.18682,99651,0.9997851,67.188
11,Marche,Maschi,16,99641,24,0.24299,99629,0.9997463,66.201
11,Marche,Maschi,17,99617,26,0.26448,99604,0.9997339,65.217
11,Marche,Maschi,18,99591,27,0.26771,99577,0.9997336,64.234
11,Marche,Maschi,19,99564,26,0.26509,99551,0.9997239,63.251
11,Marche,Maschi,20,99538,29,0.28717,99523,0.9996951,62.268
11,Marche,Maschi,21,99509,32,0.32257,99493,0.9996579,61.285
11,Marche,Maschi,22,99477,36,0.36168,99459,0.9996216,60.305
11,Marche,Maschi,23,99441,39,0.39510,99421,0.9995695,59.327
11,Marche,Maschi,24,99402,46,0.46593,99378,0.9995144,58.350
11,Marche,Maschi,25,99355,50,0.50527,99330,0.9994741,57.377
11,Marche,Maschi,26,99305,54,0.54653,99278,0.9994600,56.406
11,Marche,Maschi,27,99251,53,0.53355,99224,0.9994812,55.436
11,Marche,Maschi,28,99198,50,0.50399,99173,0.9995083,54.466
11,Marche,Maschi,29,99148,48,0.47932,99124,0.9995003,53.493
11,Marche,Maschi,30,99100,52,0.52016,99075,0.9994799,52.518
11,Marche,Maschi,31,99049,52,0.52006,99023,0.9994809,51.545
11,Marche,Maschi,32,98997,51,0.51805,98972,0.9994931,50.572
11,Marche,Maschi,33,98946,49,0.49574,98921,0.9995038,49.598
11,Marche,Maschi,34,98897,49,0.49672,98872,0.9995018,48.622
11,Marche,Maschi,35,98848,49,0.49977,98823,0.9994794,47.646
11,Marche,Maschi,36,98798,53,0.54141,98772,0.9994433,46.670
11,Marche,Maschi,37,98745,56,0.57199,98717,0.9993966,45.695
11,Marche,Maschi,38,98688,63,0.63481,98657,0.9993286,44.721
11,Marche,Maschi,39,98626,70,0.70803,98591,0.9992392,43.749
11,Marche,Maschi,40,98556,80,0.81352,98516,0.9991141,42.779
11,Marche,Maschi,41,98476,94,0.95836,98429,0.9989141,41.814
11,Marche,Maschi,42,98381,119,1.21351,98322,0.9987080,40.853
11,Marche,Maschi,43,98262,135,1.37064,98195,0.9985515,39.902
11,Marche,Maschi,44,98127,150,1.52644,98052,0.9984308,38.956
11,Marche,Maschi,45,97978,158,1.61200,97899,0.9983967,38.015
11,Marche,Maschi,46,97820,156,1.59460,97742,0.9984031,37.076
11,Marche,Maschi,47,97664,156,1.59928,97586,0.9983424,36.134
11,Marche,Maschi,48,97507,167,1.71600,97424,0.9982608,35.191
11,Marche,Maschi,49,97340,172,1.76253,97254,0.9981222,34.251
11,Marche,Maschi,50,97169,194,1.99337,97072,0.9978259,33.310
11,Marche,Maschi,51,96975,228,2.35521,96861,0.9974556,32.376
11,Marche,Maschi,52,96746,265,2.73411,96614,0.9970534,31.451
11,Marche,Maschi,53,96482,305,3.15963,96330,0.9966846,30.536
11,Marche,Maschi,54,96177,334,3.47174,96010,0.9964505,29.631
11,Marche,Maschi,55,95843,348,3.62759,95669,0.9962998,28.733
11,Marche,Maschi,56,95496,360,3.77317,95315,0.9961513,27.836
11,Marche,Maschi,57,95135,373,3.92449,94949,0.9959693,26.939
11,Marche,Maschi,58,94762,392,4.13736,94566,0.9956419,26.043
11,Marche,Maschi,59,94370,432,4.57970,94154,0.9950001,25.149
11,Marche,Maschi,60,93938,509,5.42207,93683,0.9940901,24.263
11,Marche,Maschi,61,93428,598,6.40042,93129,0.9932972,23.392
11,Marche,Maschi,62,92830,650,7.00714,92505,0.9928853,22.540
11,Marche,Maschi,63,92180,666,7.22310,91847,0.9925421,21.695
11,Marche,Maschi,64,91514,704,7.69449,91162,0.9919446,20.850
11,Marche,Maschi,65,90810,765,8.41910,90428,0.9909532,20.007
11,Marche,Maschi,66,90045,872,9.67975,89610,0.9897059,19.173
11,Marche,Maschi,67,89174,973,10.91445,88687,0.9884059,18.356
11,Marche,Maschi,68,88200,1083,12.28120,87659,0.9871834,17.553
11,Marche,Maschi,69,87117,1164,13.35873,86535,0.9862136,16.765
11,Marche,Maschi,70,85953,1222,14.21983,85342,0.9850794,15.985
11,Marche,Maschi,71,84731,1324,15.63148,84069,0.9833587,15.208
11,Marche,Maschi,72,83407,1474,17.66712,82670,0.9814052,14.442
11,Marche,Maschi,73,81933,1601,19.53909,81133,0.9790738,13.692
11,Marche,Maschi,74,80332,1795,22.34100,79435,0.9765011,12.955
11,Marche,Maschi,75,78538,1939,24.68328,77568,0.9744199,12.240
11,Marche,Maschi,76,76599,2030,26.49961,75584,0.9715876,11.537
11,Marche,Maschi,77,74569,2265,30.37717,73437,0.9677065,10.838
11,Marche,Maschi,78,72304,2478,34.26991,71065,0.9637026,10.161
11,Marche,Maschi,79,69826,2681,38.39679,68486,0.9582143,9.504
11,Marche,Maschi,80,67145,3042,45.30990,65624,0.9510201,8.864
11,Marche,Maschi,81,64103,3386,52.82408,62410,0.9445398,8.261
11,Marche,Maschi,82,60717,3536,58.24333,58948,0.9376682,7.694
11,Marche,Maschi,83,57180,3812,66.67308,55274,0.9304953,7.138
11,Marche,Maschi,84,53368,3871,72.53858,51432,0.9229672,6.613
11,Marche,Maschi,85,49497,4053,81.87851,47470,0.9118561,6.091
11,Marche,Maschi,86,45444,4316,94.96806,43286,0.8982635,5.589
11,Marche,Maschi,87,41128,4492,109.21525,38882,0.8859558,5.123
11,Marche,Maschi,88,36636,4377,119.46528,34448,0.8733625,4.690
11,Marche,Maschi,89,32260,4348,134.78276,30086,0.8544080,4.259
11,Marche,Maschi,90,27912,4412,158.08517,25705,0.8260511,3.844
11,Marche,Maschi,91,23499,4530,192.79130,21234,0.7948269,3.472
11,Marche,Maschi,92,18969,4183,220.51219,16877,0.7674165,3.182
11,Marche,Maschi,93,14786,3668,248.06978,12952,0.7470136,2.941
11,Marche,Maschi,94,11118,2885,259.52512,9675,0.7360321,2.746
11,Marche,Maschi,95,8233,2223,269.96775,7121,0.7142507,2.533
11,Marche,Maschi,96,6010,1847,307.36700,5086,0.6783795,2.285
11,Marche,Maschi,97,4163,1424,342.19918,3451,0.6429363,2.078
11,Marche,Maschi,98,2738,1040,379.66108,2218,0.6077396,1.899
11,Marche,Maschi,99,1699,701,412.57076,1348,0.5768119,1.755
11,Marche,Maschi,100,998,440,441.26223,778,0.5521050,1.636
11,Marche,Maschi,101,558,256,459.76598,429,0.5280890,1.532
11,Marche,Maschi,102,301,149,494.39195,227,0.4938498,1.411
11,Marche,Maschi,103,152,81,529.40580,112,0.4593656,1.302
11,Marche,Maschi,104,72,40,564.49502,51,0.4249359,1.204
11,Marche,Maschi,105,31,19,599.33272,22,0.3908657,1.116
11,Marche,Maschi,106,13,8,633.59758,9,0.3574517,1.038
11,Marche,Maschi,107,5,3,666.97705,3,0.3249761,0.968
11,Marche,Maschi,108,2,1,699.18681,1,0.2936947,0.907
11,Marche,Maschi,109,0,0,729.96925,0,0.2638353,0.852
11,Marche,Maschi,110,0,0,759.10810,0,0.2355882,0.804
11,Marche,Maschi,111,0,0,786.42888,0,0.2091054,0.761
11,Marche,Maschi,112,0,0,811.80462,0,0.1844978,0.724
11,Marche,Maschi,113,0,0,835.14970,0,0.1618396,0.692
11,Marche,Maschi,114,0,0,856.42347,0,0.1411661,0.664
11,Marche,Maschi,115,0,0,875.62201,0,0.1224803,0.639
11,Marche,Maschi,116,0,0,892.77751,0,0.1057534,0.618
11,Marche,Maschi,117,0,0,907.94823,0,0.0909333,0.600
11,Marche,Maschi,118,0,0,921.21692,0,0.0779458,0.584
11,Marche,Maschi,119,0,0,932.68210,0,0.0667015,0.571
11,Marche,Femmine,0,100000,151,1.51317,99858,0.9997910,85.880
11,Marche,Femmine,1,99849,24,0.23925,99837,0.9997849,85.009
11,Marche,Femmine,2,99825,19,0.19099,99815,0.9998303,84.029
11,Marche,Femmine,3,99806,15,0.14845,99798,0.9998668,83.045
11,Marche,Femmine,4,99791,12,0.11801,99785,0.9998866,82.058
11,Marche,Femmine,5,99779,11,0.10873,99774,0.9998883,81.067
11,Marche,Femmine,6,99768,11,0.11467,99763,0.9998881,80.076
11,Marche,Femmine,7,99757,11,0.10913,99751,0.9998998,79.085
11,Marche,Femmine,8,99746,9,0.09119,99741,0.9999282,78.094
11,Marche,Femmine,9,99737,5,0.05235,99734,0.9999580,77.101
11,Marche,Femmine,10,99732,3,0.03165,99730,0.9999624,76.105
11,Marche,Femmine,11,99728,4,0.04349,99726,0.9999316,75.107
11,Marche,Femmine,12,99724,9,0.09330,99719,0.9998821,74.110
11,Marche,Femmine,13,99715,14,0.14244,99708,0.9998422,73.117
11,Marche,Femmine,14,99701,17,0.17310,99692,0.9998186,72.128
11,Marche,Femmine,15,99683,19,0.18974,99674,0.9998046,71.140
11,Marche,Femmine,16,99664,20,0.20107,99654,0.9997948,70.153
11,Marche,Femmine,17,99644,21,0.20926,99634,0.9997924,69.167
11,Marche,Femmine,18,99624,21,0.20592,99613,0.9998068,68.182
11,Marche,Femmine,19,99603,18,0.18057,99594,0.9998343,67.196
11,Marche,Femmine,20,99585,15,0.15087,99578,0.9998580,66.208
11,Marche,Femmine,21,99570,13,0.13309,99563,0.9998677,65.218
11,Marche,Femmine,22,99557,13,0.13149,99550,0.9998634,64.226
11,Marche,Femmine,23,99544,14,0.14162,99537,0.9998503,63.235
11,Marche,Femmine,24,99530,16,0.15784,99522,0.9998364,62.244
11,Marche,Femmine,25,99514,17,0.16943,99505,0.9998295,61.253
11,Marche,Femmine,26,99497,17,0.17162,99489,0.9998294,60.264
11,Marche,Femmine,27,99480,17,0.16966,99472,0.9998256,59.274
11,Marche,Femmine,28,99463,18,0.17911,99454,0.9998022,58.284
11,Marche,Femmine,29,99445,22,0.21642,99435,0.9997595,57.294
11,Marche,Femmine,30,99424,26,0.26455,99411,0.9997132,56.307
11,Marche,Femmine,31,99397,31,0.30906,99382,0.9996890,55.321
11,Marche,Femmine,32,99367,31,0.31288,99351,0.9996955,54.338
11,Marche,Femmine,33,99336,29,0.29607,99321,0.9997049,53.355
11,Marche,Femmine,34,99306,29,0.29407,99292,0.9996881,52.371
11,Marche,Femmine,35,99277,33,0.32968,99261,0.9996512,51.386
11,Marche,Femmine,36,99244,37,0.36791,99226,0.9995965,50.403
11,Marche,Femmine,37,99208,44,0.43913,99186,0.9995411,49.421
11,Marche,Femmine,38,99164,47,0.47859,99140,0.9995208,48.443
11,Marche,Femmine,39,99117,48,0.47974,99093,0.9995136,47.466
11,Marche,Femmine,40,99069,49,0.49301,99045,0.9994741,46.488
11,Marche,Femmine,41,99020,55,0.55885,98993,0.9994006,45.511
11,Marche,Femmine,42,98965,63,0.64001,98933,0.9993155,44.536
11,Marche,Femmine,43,98902,72,0.72907,98866,0.9992265,43.564
11,Marche,Femmine,44,98830,81,0.81805,98789,0.9991464,42.596
11,Marche,Femmine,45,98749,88,0.88913,98705,0.9990787,41.630
11,Marche,Femmine,46,98661,94,0.95355,98614,0.9990200,40.667
11,Marche,Femmine,47,98567,99,1.00653,98517,0.9989879,39.705
11,Marche,Femmine,48,98468,100,1.01770,98418,0.9989904,38.745
11,Marche,Femmine,49,98367,99,1.00146,98318,0.9989708,37.783
11,Marche,Femmine,50,98269,104,1.05703,98217,0.9988145,36.821
11,Marche,Femmine,51,98165,129,1.31417,98101,0.9985398,35.859
11,Marche,Femmine,52,98036,157,1.60634,97957,0.9982558,34.906
11,Marche,Femmine,53,97879,184,1.88220,97786,0.9980081,33.961
11,Marche,Femmine,54,97694,205,2.10190,97592,0.9978306,33.024
11,Marche,Femmine,55,97489,218,2.23704,97380,0.9977402,32.093
11,Marche,Femmine,56,97271,222,2.28262,97160,0.9976658,31.164
11,Marche,Femmine,57,97049,232,2.38593,96933,0.9975314,30.234
11,Marche,Femmine,58,96817,247,2.55140,96694,0.9973555,29.305
11,Marche,Femmine,59,96570,264,2.73784,96438,0.9970078,28.379
11,Marche,Femmine,60,96306,313,3.24719,96150,0.9964693,27.455
11,Marche,Femmine,61,95993,366,3.81504,95810,0.9961081,26.543
11,Marche,Femmine,62,95627,380,3.96903,95437,0.9960209,25.643
11,Marche,Femmine,63,95247,380,3.98921,95057,0.9959872,24.743
11,Marche,Femmine,64,94867,383,4.03657,94676,0.9959047,23.840
11,Marche,Femmine,65,94485,393,4.15427,94288,0.9955070,22.935
11,Marche,Femmine,66,94092,455,4.83307,93865,0.9946326,22.028
11,Marche,Femmine,67,93637,553,5.90432,93361,0.9938306,21.133
11,Marche,Femmine,68,93084,599,6.43602,92785,0.9932411,20.255
11,Marche,Femmine,69,92485,655,7.08395,92158,0.9925666,19.383
11,Marche,Femmine,70,91830,715,7.78534,91473,0.9917013,18.518
11,Marche,Femmine,71,91115,803,8.81617,90714,0.9905079,17.659
11,Marche,Femmine,72,90312,919,10.17411,89853,0.9890844,16.812
11,Marche,Femmine,73,89393,1043,11.66475,88872,0.9875734,15.980
11,Marche,Femmine,74,88350,1166,13.19754,87767,0.9860369,15.162
11,Marche,Femmine,75,87184,1285,14.73887,86542,0.9845248,14.358
11,Marche,Femmine,76,85899,1394,16.22263,85203,0.9825244,13.566
11,Marche,Femmine,77,84506,1584,18.74927,83714,0.9799425,12.781
11,Marche,Femmine,78,82921,1774,21.39066,82035,0.9772900,12.016
11,Marche,Femmine,79,81148,1952,24.05827,80172,0.9736438,11.267
11,Marche,Femmine,80,79195,2274,28.71081,78058,0.9693253,10.533
11,Marche,Femmine,81,76922,2515,32.69662,75664,0.9652744,9.830
11,Marche,Femmine,82,74407,2740,36.82319,73037,0.9598749,9.145
11,Marche,Femmine,83,71667,3121,43.55316,70106,0.9533730,8.475
11,Marche,Femmine,84,68545,3416,49.84071,66837,0.9451758,7.839
11,Marche,Femmine,85,65129,3912,60.06915,63173,0.9353899,7.223
11,Marche,Femmine,86,61217,4251,69.44132,59091,0.9258772,6.653
11,Marche,Femmine,87,56966,4509,79.15357,54711,0.9156840,6.112
11,Marche,Femmine,88,52457,4717,89.92227,50098,0.9026786,5.595
11,Marche,Femmine,89,47740,5034,105.45165,45223,0.8846157,5.098
11,Marche,Femmine,90,42705,5402,126.48783,40005,0.8642094,4.640
11,Marche,Femmine,91,37304,5463,146.44048,34572,0.8462644,4.240
11,Marche,Femmine,92,31841,5167,162.28230,29257,0.8258892,3.881
11,Marche,Femmine,93,26674,5021,188.23077,24163,0.8036451,3.536
11,Marche,Femmine,94,21653,4468,206.36284,19419,0.7821367,3.240
11,Marche,Femmine,95,17185,3993,232.35417,15188,0.7551319,2.953
11,Marche,Femmine,96,13192,3445,261.16972,11469,0.7273513,2.695
11,Marche,Femmine,97,9746,2809,288.18542,8342,0.7007015,2.471
11,Marche,Femmine,98,6938,2185,314.91083,5845,0.6737379,2.270
11,Marche,Femmine,99,4753,1629,342.83122,3938,0.6450260,2.083
11,Marche,Femmine,100,3123,1166,373.45152,2540,0.6132074,1.909
11,Marche,Femmine,101,1957,799,408.08548,1558,0.5797454,1.748
11,Marche,Femmine,102,1158,511,440.81344,903,0.5472201,1.609
11,Marche,Femmine,103,648,307,474.17976,494,0.5141974,1.484
11,Marche,Femmine,104,341,173,507.90689,254,0.4809469,1.371
11,Marche,Femmine,105,168,91,541.70383,122,0.4477449,1.269
11,Marche,Femmine,106,77,44,575.27780,55,0.4148665,1.178
11,Marche,Femmine,107,33,20,608.33839,23,0.3825781,1.097
11,Marche,Femmine,108,13,8,640.61430,9,0.3511253,1.025
11,Marche,Femmine,109,5,3,671.85953,3,0.3207295,0.960
11,Marche,Femmine,110,2,1,701.85528,1,0.2915840,0.903
11,Marche,Femmine,111,0,0,730.42127,0,0.2638464,0.852
11,Marche,Femmine,112,0,0,757.41764,0,0.2376385,0.808
11,Marche,Femmine,113,0,0,782.74154,0,0.2130485,0.768
11,Marche,Femmine,114,0,0,806.32906,0,0.1901301,0.733
11,Marche,Femmine,115,0,0,828.15289,0,0.1689046,0.702
11,Marche,Femmine,116,0,0,848.21797,0,0.1493658,0.675
11,Marche,Femmine,117,0,0,866.55305,0,0.1314853,0.651
11,Marche,Femmine,118,0,0,883.21467,0,0.1152108,0.630
11,Marche,Femmine,119,0,0,898.27150,0,0.1004784,0.611
12,Lazio,Maschi e femmine,0,100000,177,1.76695,99834,0.9998278,82.885
12,Lazio,Maschi e femmine,1,99823,14,0.13562,99817,0.9998714,82.030
12,Lazio,Maschi e femmine,2,99810,12,0.12153,99804,0.9998858,81.041
12,Lazio,Maschi e femmine,3,99798,11,0.10676,99792,0.9999005,80.051
12,Lazio,Maschi e femmine,4,99787,9,0.09231,99782,0.9999155,79.060
12,Lazio,Maschi e femmine,5,99778,8,0.07665,99774,0.9999281,78.067
12,Lazio,Maschi e femmine,6,99770,7,0.06713,99767,0.9999350,77.073
12,Lazio,Maschi e femmine,7,99763,6,0.06289,99760,0.9999361,76.078
12,Lazio,Maschi e femmine,8,99757,6,0.06495,99754,0.9999337,75.083
12,Lazio,Maschi e femmine,9,99751,7,0.06765,99747,0.9999326,74.088
12,Lazio,Maschi e femmine,10,99744,7,0.06705,99741,0.9999313,73.093
12,Lazio,Maschi e femmine,11,99737,7,0.07043,99734,0.9999262,72.097
12,Lazio,Maschi e femmine,12,99730,8,0.07714,99726,0.9999192,71.103
12,Lazio,Maschi e femmine,13,99723,8,0.08437,99718,0.9999114,70.108
12,Lazio,Maschi e femmine,14,99714,9,0.09282,99709,0.9998997,69.114
12,Lazio,Maschi e femmine,15,99705,11,0.10780,99699,0.9998769,68.120
12,Lazio,Maschi e femmine,16,99694,14,0.13848,99687,0.9998431,67.127
12,Lazio,Maschi e femmine,17,99680,17,0.17529,99672,0.9998026,66.137
12,Lazio,Maschi e femmine,18,99663,22,0.21947,99652,0.9997656,65.148
12,Lazio,Maschi e femmine,19,99641,25,0.24925,99629,0.9997424,64.162
12,Lazio,Maschi e femmine,20,99616,27,0.26602,99603,0.9997334,63.178
12,Lazio,Maschi e femmine,21,99590,27,0.26727,99576,0.9997295,62.195
12,Lazio,Maschi e femmine,22,99563,27,0.27371,99549,0.9997215,61.211
12,Lazio,Maschi e femmine,23,99536,28,0.28327,99522,0.9997078,60.228
12,Lazio,Maschi e femmine,24,99508,30,0.30119,99493,0.9996949,59.245
12,Lazio,Maschi e femmine,25,99478,31,0.30893,99462,0.9996795,58.263
12,Lazio,Maschi e femmine,26,99447,33,0.33211,99430,0.9996629,57.281
12,Lazio,Maschi e femmine,27,99414,34,0.34217,99397,0.9996588,56.299
12,Lazio,Maschi e femmine,28,99380,34,0.34029,99363,0.9996585,55.319
12,Lazio,Maschi e femmine,29,99346,34,0.34269,99329,0.9996601,54.337
12,Lazio,Maschi e femmine,30,99312,33,0.33706,99295,0.9996560,53.356
12,Lazio,Maschi e femmine,31,99278,35,0.35097,99261,0.9996185,52.373
12,Lazio,Maschi e femmine,32,99244,41,0.41200,99223,0.9995584,51.392
12,Lazio,Maschi e femmine,33,99203,47,0.47126,99179,0.9995094,50.413
12,Lazio,Maschi e femmine,34,99156,51,0.51005,99131,0.9994819,49.436
12,Lazio,Maschi e femmine,35,99105,52,0.52624,99079,0.9994684,48.461
12,Lazio,Maschi e femmine,36,99053,53,0.53704,99027,0.9994370,47.486
12,Lazio,Maschi e femmine,37,99000,58,0.58890,98971,0.9993811,46.512
12,Lazio,Maschi e femmine,38,98942,64,0.64896,98910,0.9993304,45.539
12,Lazio,Maschi e femmine,39,98878,68,0.69026,98843,0.9992829,44.568
12,Lazio,Maschi e femmine,40,98809,74,0.74392,98773,0.9992293,43.598
12,Lazio,Maschi e femmine,41,98736,79,0.79757,98696,0.9991614,42.631
12,Lazio,Maschi e femmine,42,98657,87,0.87958,98614,0.9990619,41.664
12,Lazio,Maschi e femmine,43,98570,98,0.99675,98521,0.9989145,40.700
12,Lazio,Maschi e femmine,44,98472,116,1.17439,98414,0.9987540,39.741
12,Lazio,Maschi e femmine,45,98356,130,1.31762,98292,0.9986288,38.787
12,Lazio,Maschi e femmine,46,98227,140,1.42477,98157,0.9985281,37.837
12,Lazio,Maschi e femmine,47,98087,149,1.51918,98012,0.9983794,36.890
12,Lazio,Maschi e femmine,48,97938,169,1.72217,97853,0.9982073,35.946
12,Lazio,Maschi e femmine,49,97769,182,1.86337,97678,0.9980208,35.007
12,Lazio,Maschi e femmine,50,97587,204,2.09531,97485,0.9978293,34.071
12,Lazio,Maschi e femmine,51,97382,219,2.24634,97273,0.9977064,33.142
12,Lazio,Maschi e femmine,52,97164,227,2.34104,97050,0.9975902,32.215
12,Lazio,Maschi e femmine,53,96936,240,2.47870,96816,0.9973487,31.290
12,Lazio,Maschi e femmine,54,96696,273,2.82440,96559,0.9970018,30.366
12,Lazio,Maschi e femmine,55,96423,306,3.17253,96270,0.9966023,29.451
12,Lazio,Maschi e femmine,56,96117,348,3.62358,95943,0.9962098,28.543
12,Lazio,Maschi e femmine,57,95769,379,3.95745,95579,0.9958815,27.645
12,Lazio,Maschi e femmine,58,95390,408,4.28014,95186,0.9955599,26.753
12,Lazio,Maschi e femmine,59,94981,437,4.60066,94763,0.9952198,25.866
12,Lazio,Maschi e femmine,60,94544,469,4.96063,94310,0.9948025,24.983
12,Lazio,Maschi e femmine,61,94075,511,5.43553,93820,0.9943168,24.105
12,Lazio,Maschi e femmine,62,93564,555,5.93230,93287,0.9937437,23.234
12,Lazio,Maschi e femmine,63,93009,612,6.58216,92703,0.9929623,22.370
12,Lazio,Maschi e femmine,64,92397,693,7.49620,92051,0.9920427,21.515
12,Lazio,Maschi e femmine,65,91704,772,8.42181,91318,0.9910345,20.673
12,Lazio,Maschi e femmine,66,90932,865,9.51376,90499,0.9900546,19.845
12,Lazio,Maschi e femmine,67,90067,935,10.38109,89599,0.9892777,19.030
12,Lazio,Maschi e femmine,68,89132,986,11.06719,88639,0.9883883,18.225
12,Lazio,Maschi e femmine,69,88145,1072,12.16230,87609,0.9872076,17.423
12,Lazio,Maschi e femmine,70,87073,1169,13.43027,86489,0.9858459,16.632
12,Lazio,Maschi e femmine,71,85904,1279,14.88781,85264,0.9841357,15.851
12,Lazio,Maschi e femmine,72,84625,1426,16.85545,83912,0.9823961,15.083
12,Lazio,Maschi e femmine,73,83199,1528,18.36518,82435,0.9804710,14.333
12,Lazio,Maschi e femmine,74,81671,1692,20.71468,80825,0.9782543,13.592
12,Lazio,Maschi e femmine,75,79979,1823,22.79859,79067,0.9762030,12.869
12,Lazio,Maschi e femmine,76,78155,1940,24.81863,77186,0.9734110,12.157
12,Lazio,Maschi e femmine,77,76216,2165,28.40445,75133,0.9699060,11.454
12,Lazio,Maschi e femmine,78,74051,2357,31.83290,72872,0.9660330,10.774
12,Lazio,Maschi e femmine,79,71694,2593,36.17136,70397,0.9607027,10.112
12,Lazio,Maschi e femmine,80,69100,2940,42.54050,67631,0.9549851,9.473
12,Lazio,Maschi e femmine,81,66161,3149,47.59927,64586,0.9497847,8.872
12,Lazio,Maschi e femmine,82,63012,3337,52.96212,61343,0.9438521,8.290
12,Lazio,Maschi e femmine,83,59674,3551,59.51184,57899,0.9378496,7.726
12,Lazio,Maschi e femmine,84,56123,3646,64.95583,54300,0.9307628,7.183
12,Lazio,Maschi e femmine,85,52478,3874,73.81595,50541,0.9214505,6.647
12,Lazio,Maschi e femmine,86,48604,4066,83.66036,46571,0.9105622,6.137
12,Lazio,Maschi e femmine,87,44538,4264,95.74279,42406,0.8981635,5.652
12,Lazio,Maschi e femmine,88,40273,4373,108.57549,38087,0.8838173,5.197
12,Lazio,Maschi e femmine,89,35901,4477,124.71643,33662,0.8657874,4.769
12,Lazio,Maschi e femmine,90,31423,4558,145.06181,29144,0.8464519,4.378
12,Lazio,Maschi e femmine,91,26865,4392,163.47422,24669,0.8290764,4.036
12,Lazio,Maschi e femmine,92,22473,4041,179.82880,20453,0.8106410,3.726
12,Lazio,Maschi e femmine,93,18432,3704,200.97887,16580,0.7910470,3.434
12,Lazio,Maschi e femmine,94,14728,3224,218.93278,13115,0.7714881,3.172
12,Lazio,Maschi e femmine,95,11503,2770,240.77600,10118,0.7456879,2.921
12,Lazio,Maschi e femmine,96,8733,2377,272.14108,7545,0.7194983,2.688
12,Lazio,Maschi e femmine,97,6357,1856,291.98840,5429,0.7008337,2.507
12,Lazio,Maschi e femmine,98,4501,1392,309.30444,3805,0.6825209,2.334
12,Lazio,Maschi e femmine,99,3109,1024,329.31451,2597,0.6590461,2.156
12,Lazio,Maschi e femmine,100,2085,747,358.30832,1711,0.6249356,1.969
12,Lazio,Maschi e femmine,101,1338,537,401.17680,1069,0.5872594,1.789
12,Lazio,Maschi e femmine,102,801,346,432.05140,628,0.5565822,1.652
12,Lazio,Maschi e femmine,103,455,211,463.43084,350,0.5255189,1.529
12,Lazio,Maschi e femmine,104,244,121,495.07548,184,0.4943005,1.418
12,Lazio,Maschi e femmine,105,123,65,526.74017,91,0.4631586,1.318
12,Lazio,Maschi e femmine,106,58,33,558.18523,42,0.4323178,1.228
12,Lazio,Maschi e femmine,107,26,15,589.17751,18,0.4019918,1.147
12,Lazio,Maschi e femmine,108,11,7,619.50318,7,0.3723754,1.074
12,Lazio,Maschi e femmine,109,4,3,648.96898,3,0.3436435,1.010
12,Lazio,Maschi e femmine,110,1,1,677.40153,1,0.3159512,0.952
12,Lazio,Maschi e femmine,111,0,0,704.65401,0,0.2894287,0.900
12,Lazio,Maschi e femmine,112,0,0,730.60644,0,0.2641823,0.854
12,Lazio,Maschi e femmine,113,0,0,755.16192,0,0.2402971,0.812
12,Lazio,Maschi e femmine,114,0,0,778.24968,0,0.2178343,0.776
12,Lazio,Maschi e femmine,115,0,0,799.82507,0,0.1968319,0.743
12,Lazio,Maschi e femmine,116,0,0,819.86869,0,0.1773056,0.714
12,Lazio,Maschi e femmine,117,0,0,838.38136,0,0.1592521,0.688
12,Lazio,Maschi e femmine,118,0,0,855.39084,0,0.1426448,0.666
12,Lazio,Maschi e femmine,119,0,0,870.93893,0,0.1274437,0.646
12,Lazio,Maschi,0,100000,190,1.90335,99821,0.9998080,80.926
12,Lazio,Maschi,1,99810,16,0.15906,99802,0.9998454,80.079
12,Lazio,Maschi,2,99794,15,0.15019,99786,0.9998573,79.092
12,Lazio,Maschi,3,99779,13,0.13519,99772,0.9998736,78.103
12,Lazio,Maschi,4,99765,12,0.11757,99759,0.9998937,77.114
12,Lazio,Maschi,5,99754,9,0.09494,99749,0.9999110,76.123
12,Lazio,Maschi,6,99744,8,0.08306,99740,0.9999188,75.130
12,Lazio,Maschi,7,99736,8,0.07926,99732,0.9999158,74.136
12,Lazio,Maschi,8,99728,9,0.08905,99723,0.9999069,73.142
12,Lazio,Maschi,9,99719,10,0.09717,99714,0.9999041,72.149
12,Lazio,Maschi,10,99709,9,0.09464,99705,0.9999075,71.156
12,Lazio,Maschi,11,99700,9,0.09034,99695,0.9999090,70.162
12,Lazio,Maschi,12,99691,9,0.09160,99686,0.9999068,69.169
12,Lazio,Maschi,13,99682,9,0.09476,99677,0.9999002,68.175
12,Lazio,Maschi,14,99672,10,0.10492,99667,0.9998865,67.181
12,Lazio,Maschi,15,99662,12,0.12209,99656,0.9998576,66.188
12,Lazio,Maschi,16,99650,16,0.16273,99642,0.9998142,65.196
12,Lazio,Maschi,17,99633,21,0.20881,99623,0.9997589,64.207
12,Lazio,Maschi,18,99613,27,0.27342,99599,0.9996989,63.220
12,Lazio,Maschi,19,99585,33,0.32883,99569,0.9996490,62.237
12,Lazio,Maschi,20,99553,37,0.37321,99534,0.9996216,61.258
12,Lazio,Maschi,21,99516,38,0.38364,99496,0.9996111,60.280
12,Lazio,Maschi,22,99477,39,0.39426,99458,0.9996012,59.303
12,Lazio,Maschi,23,99438,40,0.40342,99418,0.9995909,58.326
12,Lazio,Maschi,24,99398,41,0.41473,99377,0.9995821,57.350
12,Lazio,Maschi,25,99357,42,0.42100,99336,0.9995587,56.373
12,Lazio,Maschi,26,99315,46,0.46159,99292,0.9995287,55.397
12,Lazio,Maschi,27,99269,48,0.48101,99245,0.9995173,54.422
12,Lazio,Maschi,28,99221,48,0.48447,99197,0.9995082,53.448
12,Lazio,Maschi,29,99173,50,0.49916,99149,0.9995024,52.474
12,Lazio,Maschi,30,99124,49,0.49595,99099,0.9994983,51.500
12,Lazio,Maschi,31,99075,50,0.50743,99050,0.9994528,50.525
12,Lazio,Maschi,32,99024,58,0.58695,98995,0.9993834,49.551
12,Lazio,Maschi,33,98966,64,0.64627,98934,0.9993463,48.579
12,Lazio,Maschi,34,98902,65,0.66123,98870,0.9993353,47.610
12,Lazio,Maschi,35,98837,66,0.66823,98804,0.9993271,46.642
12,Lazio,Maschi,36,98771,67,0.67757,98737,0.9992853,45.672
12,Lazio,Maschi,37,98704,74,0.75181,98667,0.9991939,44.703
12,Lazio,Maschi,38,98630,85,0.86047,98587,0.9991076,43.736
12,Lazio,Maschi,39,98545,91,0.92437,98499,0.9990433,42.774
12,Lazio,Maschi,40,98454,97,0.98907,98405,0.9989933,41.813
12,Lazio,Maschi,41,98356,101,1.02438,98306,0.9989515,40.854
12,Lazio,Maschi,42,98256,105,1.07257,98203,0.9988708,39.895
12,Lazio,Maschi,43,98150,116,1.18582,98092,0.9986938,38.937
12,Lazio,Maschi,44,98034,140,1.42666,97964,0.9984833,37.983
12,Lazio,Maschi,45,97894,157,1.60678,97815,0.9983120,37.036
12,Lazio,Maschi,46,97737,173,1.76925,97650,0.9981577,36.095
12,Lazio,Maschi,47,97564,187,1.91543,97470,0.9979433,35.158
12,Lazio,Maschi,48,97377,214,2.19831,97270,0.9977218,34.225
12,Lazio,Maschi,49,97163,229,2.35832,97048,0.9974991,33.299
12,Lazio,Maschi,50,96934,256,2.64385,96806,0.9972862,32.377
12,Lazio,Maschi,51,96677,269,2.78401,96543,0.9971842,31.461
12,Lazio,Maschi,52,96408,275,2.84769,96271,0.9970767,30.548
12,Lazio,Maschi,53,96134,288,2.99919,95990,0.9967708,29.633
12,Lazio,Maschi,54,95845,332,3.45996,95680,0.9963003,28.721
12,Lazio,Maschi,55,95514,376,3.94032,95326,0.9957966,27.819
12,Lazio,Maschi,56,95137,425,4.46743,94925,0.9953301,26.927
12,Lazio,Maschi,57,94712,462,4.87326,94482,0.9948680,26.046
12,Lazio,Maschi,58,94251,508,5.39205,93997,0.9944248,25.171
12,Lazio,Maschi,59,93743,540,5.75924,93473,0.9940248,24.305
12,Lazio,Maschi,60,93203,577,6.19248,92914,0.9934476,23.442
12,Lazio,Maschi,61,92626,640,6.91465,92305,0.9927890,22.585
12,Lazio,Maschi,62,91985,691,7.50936,91640,0.9921615,21.739
12,Lazio,Maschi,63,91294,746,8.17023,90921,0.9911881,20.900
12,Lazio,Maschi,64,90548,856,9.45880,90120,0.9899193,20.068
12,Lazio,Maschi,65,89692,960,10.70857,89212,0.9886660,19.255
12,Lazio,Maschi,66,88732,1062,11.96629,88201,0.9874796,18.458
12,Lazio,Maschi,67,87670,1147,13.08128,87096,0.9863930,17.675
12,Lazio,Maschi,68,86523,1223,14.13977,85911,0.9851639,16.903
12,Lazio,Maschi,69,85300,1326,15.54232,84637,0.9836055,16.138
12,Lazio,Maschi,70,83974,1449,17.26007,83249,0.9819070,15.385
12,Lazio,Maschi,71,82524,1563,18.94056,81743,0.9798710,14.647
12,Lazio,Maschi,72,80961,1728,21.34032,80097,0.9777171,13.920
12,Lazio,Maschi,73,79234,1842,23.24613,78313,0.9752745,13.212
12,Lazio,Maschi,74,77392,2031,26.24009,76376,0.9723627,12.515
12,Lazio,Maschi,75,75361,2191,29.07220,74265,0.9698886,11.839
12,Lazio,Maschi,76,73170,2282,31.18177,72029,0.9669136,11.178
12,Lazio,Maschi,77,70888,2485,35.05239,69646,0.9629097,10.522
12,Lazio,Maschi,78,68404,2682,39.20233,67063,0.9581500,9.886
12,Lazio,Maschi,79,65722,2932,44.60565,64256,0.9517329,9.269
12,Lazio,Maschi,80,62790,3271,52.09958,61155,0.9451013,8.678
12,Lazio,Maschi,81,59519,3443,57.85162,57797,0.9394429,8.128
12,Lazio,Maschi,82,56076,3557,63.42878,54297,0.9328122,7.596
12,Lazio,Maschi,83,52519,3739,71.20131,50649,0.9259561,7.077
12,Lazio,Maschi,84,48780,3761,77.10449,46899,0.9179436,6.581
12,Lazio,Maschi,85,45018,3936,87.42194,43051,0.9079911,6.089
12,Lazio,Maschi,86,41083,3986,97.03524,39090,0.8973504,5.624
12,Lazio,Maschi,87,37096,4039,108.86736,35077,0.8846092,5.175
12,Lazio,Maschi,88,33058,4057,122.71120,31030,0.8688330,4.746
12,Lazio,Maschi,89,29001,4084,140.80549,26959,0.8482808,4.340
12,Lazio,Maschi,90,24918,4097,164.42146,22869,0.8260913,3.969
12,Lazio,Maschi,91,20821,3857,185.26282,18892,0.8071839,3.652
12,Lazio,Maschi,92,16963,3428,202.08698,15249,0.7881210,3.368
12,Lazio,Maschi,93,13535,3034,224.15106,12018,0.7672697,3.095
12,Lazio,Maschi,94,10501,2560,243.78823,9221,0.7476985,2.844
12,Lazio,Maschi,95,7941,2093,263.55938,6895,0.7199491,2.600
12,Lazio,Maschi,96,5848,1769,302.44449,4964,0.6844829,2.352
12,Lazio,Maschi,97,4079,1364,334.25778,3398,0.6535711,2.155
12,Lazio,Maschi,98,2716,991,364.71100,2221,0.6247392,1.986
12,Lazio,Maschi,99,1725,676,391.86700,1387,0.5972808,1.839
12,Lazio,Maschi,100,1049,441,420.56432,829,0.5688263,1.701
12,Lazio,Maschi,101,608,273,449.48355,471,0.5384603,1.573
12,Lazio,Maschi,102,335,162,483.43932,254,0.5048607,1.450
12,Lazio,Maschi,103,173,90,517.78906,128,0.4710071,1.338
12,Lazio,Maschi,104,83,46,552.22733,60,0.4371930,1.238
12,Lazio,Maschi,105,37,22,586.43432,26,0.4037175,1.149
12,Lazio,Maschi,106,15,10,620.09539,11,0.3708719,1.069
12,Lazio,Maschi,107,6,4,652.90424,4,0.3389336,0.998
12,Lazio,Maschi,108,2,1,684.58193,1,0.3081541,0.935
12,Lazio,Maschi,109,1,0,714.87543,0,0.2787578,0.879
12,Lazio,Maschi,110,0,0,743.57201,0,0.2509322,0.830
12,Lazio,Maschi,111,0,0,770.49969,0,0.2248276,0.787
12,Lazio,Maschi,112,0,0,795.53288,0,0.2005536,0.748
12,Lazio,Maschi,113,0,0,818.58645,0,0.1781838,0.715
12,Lazio,Maschi,114,0,0,839.61925,0,0.1577537,0.686
12,Lazio,Maschi,115,0,0,858.62612,0,0.1392668,0.661
12,Lazio,Maschi,116,0,0,875.63735,0,0.1226956,0.639
12,Lazio,Maschi,117,0,0,890.70876,0,0.1079896,0.621
12,Lazio,Maschi,118,0,0,903.92032,0,0.0950762,0.605
12,Lazio,Maschi,119,0,0,915.36750,0,0.0838686,0.591
12,Lazio,Femmine,0,100000,162,1.62309,99847,0.9998486,84.940
12,Lazio,Femmine,1,99838,11,0.11090,99832,0.9998989,84.077
12,Lazio,Femmine,2,99827,9,0.09131,99822,0.9999160,83.086
12,Lazio,Femmine,3,99818,8,0.07678,99814,0.9999288,82.094
12,Lazio,Femmine,4,99810,7,0.06567,99807,0.9999385,81.100
12,Lazio,Femmine,5,99803,6,0.05736,99800,0.9999462,80.105
12,Lazio,Femmine,6,99798,5,0.05032,99795,0.9999520,79.110
12,Lazio,Femmine,7,99793,5,0.04563,99790,0.9999574,78.114
12,Lazio,Femmine,8,99788,4,0.03954,99786,0.9999620,77.117
12,Lazio,Femmine,9,99784,4,0.03653,99782,0.9999628,76.120
12,Lazio,Femmine,10,99780,4,0.03796,99778,0.9999563,75.123
12,Lazio,Femmine,11,99777,5,0.04944,99774,0.9999443,74.126
12,Lazio,Femmine,12,99772,6,0.06190,99769,0.9999323,73.130
12,Lazio,Femmine,13,99765,7,0.07343,99762,0.9999233,72.134
12,Lazio,Femmine,14,99758,8,0.08006,99754,0.9999136,71.139
12,Lazio,Femmine,15,99750,9,0.09274,99746,0.9998972,70.145
12,Lazio,Femmine,16,99741,11,0.11291,99735,0.9998736,69.151
12,Lazio,Femmine,17,99730,14,0.13997,99723,0.9998487,68.159
12,Lazio,Femmine,18,99716,16,0.16262,99708,0.9998360,67.169
12,Lazio,Femmine,19,99699,16,0.16539,99691,0.9998408,66.179
12,Lazio,Femmine,20,99683,15,0.15310,99675,0.9998511,65.190
12,Lazio,Femmine,21,99668,14,0.14470,99661,0.9998543,64.200
12,Lazio,Femmine,22,99653,15,0.14677,99646,0.9998482,63.209
12,Lazio,Femmine,23,99639,16,0.15678,99631,0.9998308,62.219
12,Lazio,Femmine,24,99623,18,0.18169,99614,0.9998136,61.228
12,Lazio,Femmine,25,99605,19,0.19102,99595,0.9998065,60.239
12,Lazio,Femmine,26,99586,20,0.19590,99576,0.9998040,59.251
12,Lazio,Femmine,27,99566,20,0.19616,99557,0.9998076,58.262
12,Lazio,Femmine,28,99547,19,0.18869,99538,0.9998165,57.274
12,Lazio,Femmine,29,99528,18,0.17823,99519,0.9998258,56.284
12,Lazio,Femmine,30,99510,17,0.17010,99502,0.9998216,55.294
12,Lazio,Femmine,31,99493,19,0.18663,99484,0.9997925,54.304
12,Lazio,Femmine,32,99475,23,0.22830,99464,0.9997421,53.314
12,Lazio,Femmine,33,99452,29,0.28755,99438,0.9996805,52.326
12,Lazio,Femmine,34,99424,35,0.35142,99406,0.9996356,51.341
12,Lazio,Femmine,35,99389,37,0.37730,99370,0.9996165,50.359
12,Lazio,Femmine,36,99351,39,0.38968,99332,0.9995961,49.377
12,Lazio,Femmine,37,99312,42,0.41811,99292,0.9995773,48.396
12,Lazio,Femmine,38,99271,42,0.42731,99250,0.9995638,47.416
12,Lazio,Femmine,39,99228,44,0.44503,99206,0.9995339,46.436
12,Lazio,Femmine,40,99184,48,0.48726,99160,0.9994763,45.457
12,Lazio,Femmine,41,99136,56,0.56022,99108,0.9993810,44.479
12,Lazio,Femmine,42,99080,67,0.67771,99047,0.9992616,43.504
12,Lazio,Femmine,43,99013,79,0.79906,98974,0.9991451,42.533
12,Lazio,Femmine,44,98934,90,0.91074,98889,0.9990369,41.566
12,Lazio,Femmine,45,98844,100,1.01559,98794,0.9989596,40.604
12,Lazio,Femmine,46,98744,105,1.06517,98691,0.9989145,39.644
12,Lazio,Femmine,47,98639,109,1.10587,98584,0.9988341,38.686
12,Lazio,Femmine,48,98529,121,1.22595,98469,0.9987130,37.729
12,Lazio,Femmine,49,98409,133,1.34807,98342,0.9985636,36.774
12,Lazio,Femmine,50,98276,150,1.52482,98201,0.9983938,35.823
12,Lazio,Femmine,51,98126,166,1.68778,98043,0.9982485,34.877
12,Lazio,Femmine,52,97961,178,1.81526,97872,0.9981229,33.935
12,Lazio,Femmine,53,97783,190,1.93913,97688,0.9979474,32.996
12,Lazio,Femmine,54,97593,211,2.16633,97487,0.9977276,32.059
12,Lazio,Femmine,55,97382,232,2.37867,97266,0.9974346,31.128
12,Lazio,Femmine,56,97150,267,2.75251,97016,0.9971170,30.201
12,Lazio,Femmine,57,96883,292,3.01379,96737,0.9969248,29.283
12,Lazio,Femmine,58,96591,303,3.13679,96439,0.9967258,28.370
12,Lazio,Femmine,59,96288,329,3.41205,96123,0.9964443,27.457
12,Lazio,Femmine,60,95959,355,3.69992,95782,0.9961873,26.550
12,Lazio,Femmine,61,95604,375,3.92594,95416,0.9958736,25.646
12,Lazio,Femmine,62,95229,412,4.32774,95023,0.9953510,24.746
12,Lazio,Femmine,63,94817,471,4.97158,94581,0.9947584,23.851
12,Lazio,Femmine,64,94345,520,5.51291,94085,0.9941840,22.968
12,Lazio,Femmine,65,93825,574,6.12087,93538,0.9934121,22.092
12,Lazio,Femmine,66,93251,658,7.05780,92922,0.9926267,21.225
12,Lazio,Femmine,67,92593,712,7.69114,92237,0.9921431,20.372
12,Lazio,Femmine,68,91881,737,8.02401,91512,0.9915715,19.526
12,Lazio,Femmine,69,91143,805,8.83625,90741,0.9907394,18.680
12,Lazio,Femmine,70,90338,875,9.68877,89900,0.9896789,17.842
12,Lazio,Femmine,71,89463,980,10.95959,88972,0.9882520,17.012
12,Lazio,Femmine,72,88482,1110,12.54524,87927,0.9868722,16.195
12,Lazio,Femmine,73,87372,1199,13.71784,86773,0.9853934,15.394
12,Lazio,Femmine,74,86174,1336,15.50774,85505,0.9837742,14.602
12,Lazio,Femmine,75,84837,1438,16.95516,84118,0.9820484,13.824
12,Lazio,Femmine,76,83399,1582,18.96519,82608,0.9793503,13.054
12,Lazio,Femmine,77,81817,1830,22.36670,80902,0.9762173,12.296
12,Lazio,Femmine,78,79987,2018,25.23111,78978,0.9730412,11.566
12,Lazio,Femmine,79,77969,2240,28.73127,76849,0.9685473,10.853
12,Lazio,Femmine,80,75729,2594,34.25459,74432,0.9634721,10.159
12,Lazio,Femmine,81,73135,2844,38.88186,71713,0.9584925,9.501
12,Lazio,Femmine,82,70291,3110,44.23938,68736,0.9529572,8.866
12,Lazio,Femmine,83,67182,3357,49.97596,65503,0.9474448,8.253
12,Lazio,Femmine,84,63824,3528,55.27013,62060,0.9408618,7.661
12,Lazio,Femmine,85,60296,3813,63.23261,58390,0.9317904,7.080
12,Lazio,Femmine,86,56484,4153,73.52250,54407,0.9204555,6.524
12,Lazio,Femmine,87,52331,4503,86.04438,50080,0.9080557,6.002
12,Lazio,Femmine,88,47828,4706,98.39961,45475,0.8944569,5.520
12,Lazio,Femmine,89,43122,4893,113.46618,40675,0.8778335,5.067
12,Lazio,Femmine,90,38229,5045,131.98035,35706,0.8599571,4.652
12,Lazio,Femmine,91,33184,4955,149.33128,30706,0.8430091,4.283
12,Lazio,Femmine,92,28228,4686,165.99505,25885,0.8243575,3.948
12,Lazio,Femmine,93,23542,4407,187.21011,21339,0.8048790,3.634
12,Lazio,Femmine,94,19135,3920,204.85395,17175,0.7846815,3.355
12,Lazio,Femmine,95,15215,3476,228.47908,13477,0.7592599,3.091
12,Lazio,Femmine,96,11739,3013,256.63218,10233,0.7368606,2.858
12,Lazio,Femmine,97,8726,2373,271.89320,7540,0.7223852,2.673
12,Lazio,Femmine,98,6354,1814,285.47292,5447,0.7061758,2.484
12,Lazio,Femmine,99,4540,1387,305.51209,3846,0.6813604,2.277
12,Lazio,Femmine,100,3153,1064,337.54201,2621,0.6427828,2.058
12,Lazio,Femmine,101,2089,808,386.91739,1685,0.6010931,1.852
12,Lazio,Femmine,102,1281,536,418.46305,1013,0.5696860,1.706
12,Lazio,Femmine,103,745,336,450.69267,577,0.5377306,1.574
12,Lazio,Femmine,104,409,198,483.34449,310,0.5054827,1.455
12,Lazio,Femmine,105,211,109,516.14268,157,0.4732057,1.348
12,Lazio,Femmine,106,102,56,548.80829,74,0.4411633,1.252
12,Lazio,Femmine,107,46,27,581.06332,33,0.4096118,1.166
12,Lazio,Femmine,108,19,12,612.64665,13,0.3787892,1.089
12,Lazio,Femmine,109,7,5,643.32008,5,0.3489110,1.021
12,Lazio,Femmine,110,3,2,672.87033,2,0.3201663,0.960
12,Lazio,Femmine,111,1,1,701.12009,1,0.2927108,0.906
12,Lazio,Femmine,112,0,0,727.92997,0,0.2666662,0.858
12,Lazio,Femmine,113,0,0,753.19558,0,0.2421221,0.815
12,Lazio,Femmine,114,0,0,776.84948,0,0.2191351,0.778
12,Lazio,Femmine,115,0,0,798.85927,0,0.1977306,0.744
12,Lazio,Femmine,116,0,0,819.22353,0,0.1779073,0.715
12,Lazio,Femmine,117,0,0,837.96387,0,0.1596426,0.689
12,Lazio,Femmine,118,0,0,855.12893,0,0.1428907,0.666
12,Lazio,Femmine,119,0,0,870.77938,0,0.1275940,0.646
13,Abruzzo,Maschi e femmine,0,100000,286,2.85791,99731,0.9997069,82.961
13,Abruzzo,Maschi e femmine,1,99714,25,0.24817,99702,0.9997933,82.197
13,Abruzzo,Maschi e femmine,2,99689,16,0.16529,99681,0.9998642,81.217
13,Abruzzo,Maschi e femmine,3,99673,11,0.10624,99668,0.9999127,80.231
13,Abruzzo,Maschi e femmine,4,99662,7,0.06845,99659,0.9999387,79.239
13,Abruzzo,Maschi e femmine,5,99656,5,0.05419,99653,0.9999453,78.244
13,Abruzzo,Maschi e femmine,6,99650,6,0.05528,99647,0.9999421,77.249
13,Abruzzo,Maschi e femmine,7,99645,6,0.06050,99642,0.9999339,76.253
13,Abruzzo,Maschi e femmine,8,99639,7,0.07174,99635,0.9999264,75.257
13,Abruzzo,Maschi e femmine,9,99631,8,0.07556,99628,0.9999238,74.263
13,Abruzzo,Maschi e femmine,10,99624,8,0.07688,99620,0.9999256,73.268
13,Abruzzo,Maschi e femmine,11,99616,7,0.07184,99613,0.9999284,72.274
13,Abruzzo,Maschi e femmine,12,99609,7,0.07137,99606,0.9999278,71.279
13,Abruzzo,Maschi e femmine,13,99602,7,0.07309,99598,0.9999229,70.284
13,Abruzzo,Maschi e femmine,14,99595,8,0.08118,99591,0.9999130,69.289
13,Abruzzo,Maschi e femmine,15,99587,9,0.09288,99582,0.9998953,68.295
13,Abruzzo,Maschi e femmine,16,99577,12,0.11645,99572,0.9998669,67.301
13,Abruzzo,Maschi e femmine,17,99566,15,0.14980,99558,0.9998235,66.309
13,Abruzzo,Maschi e femmine,18,99551,20,0.20326,99541,0.9997777,65.319
13,Abruzzo,Maschi e femmine,19,99531,24,0.24142,99519,0.9997409,64.332
13,Abruzzo,Maschi e femmine,20,99507,28,0.27686,99493,0.9997137,63.347
13,Abruzzo,Maschi e femmine,21,99479,29,0.29572,99464,0.9997013,62.365
13,Abruzzo,Maschi e femmine,22,99450,30,0.30177,99435,0.9996985,61.383
13,Abruzzo,Maschi e femmine,23,99420,30,0.30131,99405,0.9996948,60.402
13,Abruzzo,Maschi e femmine,24,99390,31,0.30900,99374,0.9997022,59.420
13,Abruzzo,Maschi e femmine,25,99359,28,0.28654,99345,0.9997091,58.438
13,Abruzzo,Maschi e femmine,26,99331,29,0.29519,99316,0.9996937,57.454
13,Abruzzo,Maschi e femmine,27,99301,32,0.31750,99285,0.9996620,56.471
13,Abruzzo,Maschi e femmine,28,99270,36,0.35843,99252,0.9996315,55.489
13,Abruzzo,Maschi e femmine,29,99234,38,0.37853,99215,0.9996170,54.509
13,Abruzzo,Maschi e femmine,30,99197,38,0.38750,99177,0.9996253,53.529
13,Abruzzo,Maschi e femmine,31,99158,36,0.36187,99140,0.9996422,52.550
13,Abruzzo,Maschi e femmine,32,99122,35,0.35365,99105,0.9996458,51.569
13,Abruzzo,Maschi e femmine,33,99087,35,0.35472,99070,0.9996160,50.587
13,Abruzzo,Maschi e femmine,34,99052,41,0.41322,99032,0.9995551,49.604
13,Abruzzo,Maschi e femmine,35,99011,47,0.47667,98987,0.9994862,48.625
13,Abruzzo,Maschi e femmine,36,98964,55,0.55102,98937,0.9994260,47.648
13,Abruzzo,Maschi e femmine,37,98909,59,0.59693,98880,0.9993706,46.674
13,Abruzzo,Maschi e femmine,38,98850,65,0.66187,98818,0.9992839,45.701
13,Abruzzo,Maschi e femmine,39,98785,76,0.77038,98747,0.9991448,44.731
13,Abruzzo,Maschi e femmine,40,98709,93,0.94012,98662,0.9989885,43.765
13,Abruzzo,Maschi e femmine,41,98616,107,1.08298,98563,0.9988956,42.806
13,Abruzzo,Maschi e femmine,42,98509,111,1.12576,98454,0.9988961,41.852
13,Abruzzo,Maschi e femmine,43,98398,106,1.08197,98345,0.9989397,40.898
13,Abruzzo,Maschi e femmine,44,98292,102,1.03863,98241,0.9989302,39.942
13,Abruzzo,Maschi e femmine,45,98190,108,1.10096,98136,0.9987843,38.983
13,Abruzzo,Maschi e femmine,46,98082,131,1.33064,98016,0.9985433,38.026
13,Abruzzo,Maschi e femmine,47,97951,155,1.58294,97874,0.9983586,37.076
13,Abruzzo,Maschi e femmine,48,97796,166,1.69986,97713,0.9982536,36.134
13,Abruzzo,Maschi e femmine,49,97630,175,1.79299,97542,0.9981155,35.194
13,Abruzzo,Maschi e femmine,50,97455,193,1.97621,97358,0.9978965,34.257
13,Abruzzo,Maschi e femmine,51,97262,217,2.23097,97154,0.9975756,33.323
13,Abruzzo,Maschi e femmine,52,97045,254,2.61835,96918,0.9972181,32.397
13,Abruzzo,Maschi e femmine,53,96791,285,2.94588,96649,0.9969908,31.481
13,Abruzzo,Maschi e femmine,54,96506,297,3.07281,96358,0.9969462,30.572
13,Abruzzo,Maschi e femmine,55,96209,292,3.03468,96063,0.9969285,29.665
13,Abruzzo,Maschi e femmine,56,95917,298,3.10836,95768,0.9967325,28.754
13,Abruzzo,Maschi e femmine,57,95619,328,3.42723,95455,0.9963984,27.842
13,Abruzzo,Maschi e femmine,58,95292,360,3.77647,95112,0.9959876,26.936
13,Abruzzo,Maschi e femmine,59,94932,403,4.24926,94730,0.9954984,26.036
13,Abruzzo,Maschi e femmine,60,94528,449,4.75492,94304,0.9948909,25.145
13,Abruzzo,Maschi e femmine,61,94079,514,5.46491,93822,0.9941978,24.263
13,Abruzzo,Maschi e femmine,62,93565,575,6.14133,93277,0.9934880,23.393
13,Abruzzo,Maschi e femmine,63,92990,640,6.88500,92670,0.9929309,22.535
13,Abruzzo,Maschi e femmine,64,92350,670,7.25439,92015,0.9925822,21.687
13,Abruzzo,Maschi e femmine,65,91680,695,7.58231,91332,0.9921858,20.842
13,Abruzzo,Maschi e femmine,66,90985,732,8.04783,90619,0.9914417,19.998
13,Abruzzo,Maschi e femmine,67,90253,819,9.07298,89843,0.9903126,19.156
13,Abruzzo,Maschi e femmine,68,89434,922,10.30739,88973,0.9890575,18.327
13,Abruzzo,Maschi e femmine,69,88512,1025,11.58430,87999,0.9876322,17.512
13,Abruzzo,Maschi e femmine,70,87487,1151,13.16048,86911,0.9861030,16.712
13,Abruzzo,Maschi e femmine,71,86335,1264,14.64328,85703,0.9842768,15.928
13,Abruzzo,Maschi e femmine,72,85071,1431,16.81908,84356,0.9822087,15.157
13,Abruzzo,Maschi e femmine,73,83640,1571,18.78024,82855,0.9806010,14.408
13,Abruzzo,Maschi e femmine,74,82069,1644,20.02967,81247,0.9794637,13.674
13,Abruzzo,Maschi e femmine,75,80426,1693,21.05320,79579,0.9780233,12.943
13,Abruzzo,Maschi e femmine,76,78732,1805,22.92003,77830,0.9758590,12.211
13,Abruzzo,Maschi e femmine,77,76928,1953,25.39052,75951,0.9726562,11.486
13,Abruzzo,Maschi e femmine,78,74975,2200,29.34787,73874,0.9687363,10.772
13,Abruzzo,Maschi e femmine,79,72774,2419,33.23756,71565,0.9643819,10.082
13,Abruzzo,Maschi e femmine,80,70355,2679,38.08054,69016,0.9586194,9.412
13,Abruzzo,Maschi e femmine,81,67676,3033,44.81136,66160,0.9523527,8.765
13,Abruzzo,Maschi e femmine,82,64644,3272,50.61621,63008,0.9461308,8.152
13,Abruzzo,Maschi e femmine,83,61372,3516,57.29571,59613,0.9389847,7.560
13,Abruzzo,Maschi e femmine,84,57855,3758,64.96101,55976,0.9291548,6.990
13,Abruzzo,Maschi e femmine,85,54097,4173,77.13823,52010,0.9168623,6.440
13,Abruzzo,Maschi e femmine,86,49924,4475,89.63870,47686,0.9039786,5.937
13,Abruzzo,Maschi e femmine,87,45449,4683,103.03261,43107,0.8921759,5.472
13,Abruzzo,Maschi e femmine,88,40766,4613,113.16605,38459,0.8792958,5.043
13,Abruzzo,Maschi e femmine,89,36153,4671,129.20434,33817,0.8622170,4.623
13,Abruzzo,Maschi e femmine,90,31482,4648,147.63451,29158,0.8431463,4.235
13,Abruzzo,Maschi e femmine,91,26834,4499,167.66965,24584,0.8214918,3.882
13,Abruzzo,Maschi e femmine,92,22335,4278,191.53004,20196,0.8000526,3.563
13,Abruzzo,Maschi e femmine,93,18057,3798,210.35888,16158,0.7806524,3.289
13,Abruzzo,Maschi e femmine,94,14258,3290,230.73089,12614,0.7575546,3.032
13,Abruzzo,Maschi e femmine,95,10969,2826,257.67359,9555,0.7328051,2.791
13,Abruzzo,Maschi e femmine,96,8142,2280,280.02111,7002,0.7107432,2.586
13,Abruzzo,Maschi e femmine,97,5862,1771,302.08454,4977,0.6888763,2.398
13,Abruzzo,Maschi e femmine,98,4091,1326,324.07525,3428,0.6660120,2.220
13,Abruzzo,Maschi e femmine,99,2765,964,348.65357,2283,0.6392556,2.044
13,Abruzzo,Maschi e femmine,100,1801,683,379.30710,1460,0.6059111,1.870
13,Abruzzo,Maschi e femmine,101,1118,467,417.90401,884,0.5702041,1.708
13,Abruzzo,Maschi e femmine,102,651,293,450.22540,504,0.5381424,1.575
13,Abruzzo,Maschi e femmine,103,358,173,483.01583,271,0.5057467,1.455
13,Abruzzo,Maschi e femmine,104,185,95,515.98980,137,0.4732926,1.348
13,Abruzzo,Maschi e femmine,105,90,49,548.85086,65,0.4410593,1.251
13,Abruzzo,Maschi e femmine,106,40,23,581.30543,29,0.4093209,1.165
13,Abruzzo,Maschi e femmine,107,17,10,613.06683,12,0.3783389,1.088
13,Abruzzo,Maschi e femmine,108,7,4,643.87248,4,0.3483502,1.019
13,Abruzzo,Maschi e femmine,109,2,2,673.48856,2,0.3195640,0.959
13,Abruzzo,Maschi e femmine,110,1,1,701.71392,0,0.2921574,0.905
13,Abruzzo,Maschi e femmine,111,0,0,728.38886,0,0.2662695,0.857
13,Abruzzo,Maschi e femmine,112,0,0,753.39699,0,0.2420010,0.815
13,Abruzzo,Maschi e femmine,113,0,0,776.66061,0,0.2194177,0.778
13,Abruzzo,Maschi e femmine,114,0,0,798.14158,0,0.1985504,0.746
13,Abruzzo,Maschi e femmine,115,0,0,817.83725,0,0.1793986,0.717
13,Abruzzo,Maschi e femmine,116,0,0,835.77519,0,0.1619357,0.692
13,Abruzzo,Maschi e femmine,117,0,0,852.00346,0,0.1461157,0.670
13,Abruzzo,Maschi e femmine,118,0,0,866.59327,0,0.1318730,0.651
13,Abruzzo,Maschi e femmine,119,0,0,879.62344,0,0.1191343,0.635
13,Abruzzo,Maschi,0,100000,297,2.96757,99721,0.9997052,80.587
13,Abruzzo,Maschi,1,99703,24,0.23856,99691,0.9997966,79.826
13,Abruzzo,Maschi,2,99679,17,0.16823,99671,0.9998561,78.845
13,Abruzzo,Maschi,3,99663,12,0.11966,99657,0.9998949,77.858
13,Abruzzo,Maschi,4,99651,9,0.09062,99646,0.9999112,76.867
13,Abruzzo,Maschi,5,99642,9,0.08692,99637,0.9999103,75.874
13,Abruzzo,Maschi,6,99633,9,0.09248,99628,0.9999096,74.881
13,Abruzzo,Maschi,7,99624,9,0.08830,99619,0.9999140,73.887
13,Abruzzo,Maschi,8,99615,8,0.08371,99611,0.9999244,72.894
13,Abruzzo,Maschi,9,99607,7,0.06749,99603,0.9999351,71.900
13,Abruzzo,Maschi,10,99600,6,0.06240,99597,0.9999370,70.905
13,Abruzzo,Maschi,11,99594,6,0.06352,99591,0.9999359,69.909
13,Abruzzo,Maschi,12,99587,6,0.06462,99584,0.9999397,68.914
13,Abruzzo,Maschi,13,99581,6,0.05603,99578,0.9999482,67.918
13,Abruzzo,Maschi,14,99575,5,0.04760,99573,0.9999457,66.922
13,Abruzzo,Maschi,15,99571,6,0.06104,99568,0.9999139,65.925
13,Abruzzo,Maschi,16,99565,11,0.11117,99559,0.9998489,64.929
13,Abruzzo,Maschi,17,99554,19,0.19111,99544,0.9997579,63.936
13,Abruzzo,Maschi,18,99535,29,0.29314,99520,0.9996756,62.948
13,Abruzzo,Maschi,19,99505,35,0.35558,99488,0.9996202,61.967
13,Abruzzo,Maschi,20,99470,40,0.40395,99450,0.9995764,60.988
13,Abruzzo,Maschi,21,99430,44,0.44322,99408,0.9995583,60.013
13,Abruzzo,Maschi,22,99386,44,0.44011,99364,0.9995662,59.039
13,Abruzzo,Maschi,23,99342,42,0.42752,99321,0.9995752,58.065
13,Abruzzo,Maschi,24,99300,42,0.42206,99279,0.9995980,57.090
13,Abruzzo,Maschi,25,99258,38,0.38188,99239,0.9996034,56.114
13,Abruzzo,Maschi,26,99220,41,0.41127,99199,0.9995595,55.135
13,Abruzzo,Maschi,27,99179,47,0.46966,99156,0.9994964,54.157
13,Abruzzo,Maschi,28,99132,53,0.53753,99106,0.9994515,53.182
13,Abruzzo,Maschi,29,99079,55,0.55944,99051,0.9994414,52.211
13,Abruzzo,Maschi,30,99024,55,0.55774,98996,0.9994698,51.240
13,Abruzzo,Maschi,31,98968,50,0.50269,98943,0.9995065,50.268
13,Abruzzo,Maschi,32,98919,48,0.48440,98895,0.9995201,49.293
13,Abruzzo,Maschi,33,98871,47,0.47541,98847,0.9994743,48.317
13,Abruzzo,Maschi,34,98824,57,0.57594,98795,0.9993703,47.339
13,Abruzzo,Maschi,35,98767,68,0.68344,98733,0.9992556,46.366
13,Abruzzo,Maschi,36,98699,79,0.80546,98660,0.9991776,45.398
13,Abruzzo,Maschi,37,98620,83,0.83935,98578,0.9991344,44.434
13,Abruzzo,Maschi,38,98537,88,0.89183,98493,0.9990477,43.471
13,Abruzzo,Maschi,39,98449,100,1.01276,98399,0.9988814,42.509
13,Abruzzo,Maschi,40,98349,120,1.22457,98289,0.9986928,41.552
13,Abruzzo,Maschi,41,98229,137,1.39002,98161,0.9985941,40.602
13,Abruzzo,Maschi,42,98092,139,1.42190,98023,0.9986417,39.658
13,Abruzzo,Maschi,43,97953,127,1.29467,97890,0.9987582,38.714
13,Abruzzo,Maschi,44,97826,116,1.18887,97768,0.9987827,37.763
13,Abruzzo,Maschi,45,97710,122,1.24579,97649,0.9985825,36.808
13,Abruzzo,Maschi,46,97588,155,1.58933,97511,0.9982117,35.853
13,Abruzzo,Maschi,47,97433,194,1.98754,97336,0.9978992,34.909
13,Abruzzo,Maschi,48,97239,215,2.21437,97132,0.9977125,33.978
13,Abruzzo,Maschi,49,97024,229,2.36087,96910,0.9975072,33.052
13,Abruzzo,Maschi,50,96795,254,2.62505,96668,0.9972343,32.129
13,Abruzzo,Maschi,51,96541,281,2.90681,96401,0.9967970,31.212
13,Abruzzo,Maschi,52,96260,337,3.50006,96092,0.9962515,30.302
13,Abruzzo,Maschi,53,95923,383,3.99773,95732,0.9959284,29.407
13,Abruzzo,Maschi,54,95540,396,4.14585,95342,0.9959111,28.523
13,Abruzzo,Maschi,55,95144,384,4.03169,94952,0.9959304,27.639
13,Abruzzo,Maschi,56,94760,389,4.10763,94566,0.9956577,26.749
13,Abruzzo,Maschi,57,94371,432,4.57795,94155,0.9952070,25.857
13,Abruzzo,Maschi,58,93939,471,5.00906,93704,0.9947909,24.974
13,Abruzzo,Maschi,59,93468,506,5.41013,93216,0.9943529,24.097
13,Abruzzo,Maschi,60,92963,547,5.88532,92689,0.9935740,23.226
13,Abruzzo,Maschi,61,92416,644,6.96979,92094,0.9924326,22.360
13,Abruzzo,Maschi,62,91771,750,8.16923,91397,0.9911049,21.514
13,Abruzzo,Maschi,63,91022,876,9.62688,90584,0.9900326,20.687
13,Abruzzo,Maschi,64,90146,930,10.31117,89681,0.9895841,19.883
13,Abruzzo,Maschi,65,89216,939,10.52174,88747,0.9892490,19.085
13,Abruzzo,Maschi,66,88277,970,10.98270,87793,0.9883092,18.282
13,Abruzzo,Maschi,67,87308,1083,12.40667,86766,0.9867521,17.480
13,Abruzzo,Maschi,68,86225,1216,14.09974,85617,0.9851778,16.693
13,Abruzzo,Maschi,69,85009,1322,15.55499,84348,0.9833671,15.925
13,Abruzzo,Maschi,70,83687,1484,17.72780,82945,0.9813216,15.168
13,Abruzzo,Maschi,71,82203,1615,19.64609,81395,0.9790320,14.433
13,Abruzzo,Maschi,72,80588,1798,22.31634,79689,0.9765738,13.712
13,Abruzzo,Maschi,73,78790,1935,24.56132,77822,0.9747377,13.014
13,Abruzzo,Maschi,74,76854,1997,25.98091,75856,0.9736581,12.329
13,Abruzzo,Maschi,75,74858,2000,26.71244,73858,0.9715746,11.645
13,Abruzzo,Maschi,76,72858,2199,30.18528,71758,0.9676471,10.951
13,Abruzzo,Maschi,77,70659,2444,34.58809,69437,0.9625721,10.276
13,Abruzzo,Maschi,78,68215,2754,40.36941,66838,0.9569863,9.626
13,Abruzzo,Maschi,79,65461,2996,45.76920,63963,0.9510410,9.010
13,Abruzzo,Maschi,80,62465,3267,52.30187,60831,0.9445248,8.418
13,Abruzzo,Maschi,81,59198,3482,58.82366,57457,0.9381693,7.855
13,Abruzzo,Maschi,82,55716,3623,65.02578,53904,0.9317884,7.315
13,Abruzzo,Maschi,83,52093,3731,71.61898,50227,0.9246177,6.789
13,Abruzzo,Maschi,84,48362,3842,79.43584,46441,0.9133232,6.274
13,Abruzzo,Maschi,85,44520,4209,94.54267,42416,0.8986813,5.772
13,Abruzzo,Maschi,86,40311,4386,108.80227,38118,0.8834289,5.323
13,Abruzzo,Maschi,87,35925,4501,125.28844,33675,0.8694736,4.911
13,Abruzzo,Maschi,88,31424,4290,136.51460,29279,0.8552541,4.543
13,Abruzzo,Maschi,89,27134,4186,154.27861,25041,0.8363545,4.182
13,Abruzzo,Maschi,90,22948,4010,174.72123,20943,0.8160916,3.854
13,Abruzzo,Maschi,91,18939,3694,195.04064,17092,0.7956473,3.564
13,Abruzzo,Maschi,92,15245,3292,215.92099,13599,0.7767234,3.307
13,Abruzzo,Maschi,93,11953,2781,232.65786,10563,0.7623337,3.080
13,Abruzzo,Maschi,94,9172,2240,244.19318,8052,0.7445183,2.862
13,Abruzzo,Maschi,95,6932,1875,270.41746,5995,0.7190501,2.625
13,Abruzzo,Maschi,96,5058,1494,295.38627,4311,0.6925299,2.413
13,Abruzzo,Maschi,97,3564,1157,324.61962,2985,0.6631825,2.215
13,Abruzzo,Maschi,98,2407,854,354.87824,1980,0.6341066,2.039
13,Abruzzo,Maschi,99,1553,595,382.96795,1255,0.6060305,1.886
13,Abruzzo,Maschi,100,958,395,411.79916,761,0.5783865,1.746
13,Abruzzo,Maschi,101,564,247,438.29873,440,0.5496200,1.618
13,Abruzzo,Maschi,102,317,149,471.88826,242,0.5163468,1.491
13,Abruzzo,Maschi,103,167,85,505.93051,125,0.4827608,1.376
13,Abruzzo,Maschi,104,83,45,540.12799,60,0.4491491,1.273
13,Abruzzo,Maschi,105,38,22,574.16797,27,0.4158051,1.180
13,Abruzzo,Maschi,106,16,10,607.74147,11,0.3830160,1.098
13,Abruzzo,Maschi,107,6,4,640.54648,4,0.3510558,1.025
13,Abruzzo,Maschi,108,2,2,672.30662,2,0.3201746,0.959
13,Abruzzo,Maschi,109,1,1,702.76984,0,0.2905963,0.901
13,Abruzzo,Maschi,110,0,0,731.72278,0,0.2625091,0.850
13,Abruzzo,Maschi,111,0,0,758.99130,0,0.2360652,0.805
13,Abruzzo,Maschi,112,0,0,784.44637,0,0.2113772,0.765
13,Abruzzo,Maschi,113,0,0,807.99835,0,0.1885221,0.730
13,Abruzzo,Maschi,114,0,0,829.60068,0,0.1675397,0.700
13,Abruzzo,Maschi,115,0,0,849.24227,0,0.1484383,0.673
13,Abruzzo,Maschi,116,0,0,866.94705,0,0.1311955,0.650
13,Abruzzo,Maschi,117,0,0,882.76440,0,0.1157662,0.631
13,Abruzzo,Maschi,118,0,0,896.76785,0,0.1020832,0.613
13,Abruzzo,Maschi,119,0,0,909.04663,0,0.0900650,0.599
13,Abruzzo,Femmine,0,100000,274,2.74223,99742,0.9997087,85.447
13,Abruzzo,Femmine,1,99726,26,0.25832,99713,0.9997897,84.681
13,Abruzzo,Femmine,2,99700,16,0.16220,99692,0.9998729,83.702
13,Abruzzo,Femmine,3,99684,9,0.09208,99679,0.9999314,82.716
13,Abruzzo,Femmine,4,99675,4,0.04507,99672,0.9999676,81.723
13,Abruzzo,Femmine,5,99670,2,0.01967,99669,0.9999821,80.727
13,Abruzzo,Femmine,6,99668,2,0.01605,99667,0.9999764,79.729
13,Abruzzo,Femmine,7,99667,3,0.03119,99665,0.9999549,78.730
13,Abruzzo,Femmine,8,99664,6,0.05910,99661,0.9999284,77.732
13,Abruzzo,Femmine,9,99658,8,0.08406,99653,0.9999119,76.737
13,Abruzzo,Femmine,10,99649,9,0.09214,99645,0.9999136,75.743
13,Abruzzo,Femmine,11,99640,8,0.08062,99636,0.9999204,74.750
13,Abruzzo,Femmine,12,99632,8,0.07849,99628,0.9999152,73.756
13,Abruzzo,Femmine,13,99624,9,0.09108,99620,0.9998962,72.762
13,Abruzzo,Femmine,14,99615,12,0.11658,99609,0.9998785,71.769
13,Abruzzo,Femmine,15,99604,13,0.12646,99597,0.9998758,70.777
13,Abruzzo,Femmine,16,99591,12,0.12202,99585,0.9998859,69.786
13,Abruzzo,Femmine,17,99579,11,0.10624,99573,0.9998926,68.794
13,Abruzzo,Femmine,18,99568,11,0.10849,99563,0.9998852,67.801
13,Abruzzo,Femmine,19,99557,12,0.12106,99551,0.9998680,66.809
13,Abruzzo,Femmine,20,99545,14,0.14289,99538,0.9998584,65.817
13,Abruzzo,Femmine,21,99531,14,0.14029,99524,0.9998518,64.826
13,Abruzzo,Femmine,22,99517,16,0.15605,99509,0.9998378,63.835
13,Abruzzo,Femmine,23,99502,17,0.16839,99493,0.9998208,62.845
13,Abruzzo,Femmine,24,99485,19,0.18996,99475,0.9998119,61.856
13,Abruzzo,Femmine,25,99466,19,0.18617,99457,0.9998204,60.867
13,Abruzzo,Femmine,26,99447,17,0.17302,99439,0.9998348,59.878
13,Abruzzo,Femmine,27,99430,16,0.15741,99422,0.9998363,58.889
13,Abruzzo,Femmine,28,99415,17,0.17005,99406,0.9998208,57.898
13,Abruzzo,Femmine,29,99398,19,0.18832,99388,0.9998016,56.908
13,Abruzzo,Femmine,30,99379,21,0.20856,99369,0.9997888,55.918
13,Abruzzo,Femmine,31,99358,21,0.21392,99348,0.9997849,54.930
13,Abruzzo,Femmine,32,99337,21,0.21631,99326,0.9997779,53.941
13,Abruzzo,Femmine,33,99315,23,0.22797,99304,0.9997648,52.953
13,Abruzzo,Femmine,34,99293,24,0.24239,99281,0.9997490,51.965
13,Abruzzo,Femmine,35,99269,26,0.25966,99256,0.9997281,50.977
13,Abruzzo,Femmine,36,99243,28,0.28413,99229,0.9996865,49.991
13,Abruzzo,Femmine,37,99215,34,0.34278,99198,0.9996182,49.005
13,Abruzzo,Femmine,38,99181,42,0.42090,99160,0.9995313,48.021
13,Abruzzo,Femmine,39,99139,51,0.51651,99113,0.9994206,47.041
13,Abruzzo,Femmine,40,99088,64,0.64235,99056,0.9992980,46.065
13,Abruzzo,Femmine,41,99024,75,0.76176,98986,0.9992111,45.095
13,Abruzzo,Femmine,42,98949,81,0.81613,98908,0.9991621,44.129
13,Abruzzo,Femmine,43,98868,85,0.85969,98826,0.9991293,43.164
13,Abruzzo,Femmine,44,98783,87,0.88168,98739,0.9990843,42.201
13,Abruzzo,Femmine,45,98696,94,0.94972,98649,0.9989949,41.238
13,Abruzzo,Femmine,46,98602,105,1.06061,98550,0.9988893,40.277
13,Abruzzo,Femmine,47,98498,114,1.16088,98440,0.9988377,39.319
13,Abruzzo,Femmine,48,98383,114,1.16364,98326,0.9988173,38.364
13,Abruzzo,Femmine,49,98269,118,1.20180,98210,0.9987483,37.408
13,Abruzzo,Femmine,50,98151,128,1.30158,98087,0.9985847,36.452
13,Abruzzo,Femmine,51,98023,150,1.52922,97948,0.9983833,35.499
13,Abruzzo,Femmine,52,97873,167,1.70430,97790,0.9982191,34.553
13,Abruzzo,Femmine,53,97706,181,1.85759,97615,0.9980888,33.611
13,Abruzzo,Femmine,54,97525,192,1.96500,97429,0.9980138,32.673
13,Abruzzo,Femmine,55,97333,195,2.00753,97235,0.9979558,31.736
13,Abruzzo,Femmine,56,97138,202,2.08097,97037,0.9978362,30.799
13,Abruzzo,Femmine,57,96936,218,2.24672,96827,0.9976193,29.862
13,Abruzzo,Femmine,58,96718,243,2.51503,96596,0.9972108,28.928
13,Abruzzo,Femmine,59,96475,296,3.06411,96327,0.9966666,28.000
13,Abruzzo,Femmine,60,96179,347,3.60353,96006,0.9962304,27.084
13,Abruzzo,Femmine,61,95832,377,3.93619,95644,0.9959877,26.180
13,Abruzzo,Femmine,62,95455,390,4.08865,95260,0.9958942,25.282
13,Abruzzo,Femmine,63,95065,392,4.12299,94869,0.9958420,24.384
13,Abruzzo,Femmine,64,94673,397,4.19310,94474,0.9955758,23.483
13,Abruzzo,Femmine,65,94276,439,4.65627,94056,0.9951007,22.579
13,Abruzzo,Femmine,66,93837,483,5.14353,93596,0.9945318,21.683
13,Abruzzo,Femmine,67,93354,541,5.79464,93084,0.9938016,20.792
13,Abruzzo,Femmine,68,92813,613,6.60445,92507,0.9928311,19.910
13,Abruzzo,Femmine,69,92200,713,7.73713,91844,0.9917471,19.039
13,Abruzzo,Femmine,70,91487,803,8.77263,91086,0.9906749,18.184
13,Abruzzo,Femmine,71,90684,896,9.88241,90236,0.9892423,17.340
13,Abruzzo,Femmine,72,89788,1045,11.64169,89266,0.9874864,16.509
13,Abruzzo,Femmine,73,88743,1189,13.39571,88149,0.9860310,15.697
13,Abruzzo,Femmine,74,87554,1274,14.55013,86917,0.9847792,14.903
13,Abruzzo,Femmine,75,86280,1372,15.90135,85594,0.9838569,14.116
13,Abruzzo,Femmine,76,84908,1392,16.38873,84212,0.9831828,13.336
13,Abruzzo,Femmine,77,83517,1441,17.25278,82796,0.9814925,12.550
13,Abruzzo,Femmine,78,82076,1624,19.78430,81264,0.9788188,11.762
13,Abruzzo,Femmine,79,80452,1819,22.60620,79543,0.9755587,10.989
13,Abruzzo,Femmine,80,78633,2070,26.31892,77599,0.9701244,10.231
13,Abruzzo,Femmine,81,76564,2567,33.52842,75280,0.9636252,9.495
13,Abruzzo,Femmine,82,73997,2910,39.31991,72542,0.9572280,8.807
13,Abruzzo,Femmine,83,71087,3296,46.36546,69439,0.9498063,8.147
13,Abruzzo,Femmine,84,67791,3675,54.20804,65954,0.9407476,7.518
13,Abruzzo,Femmine,85,64116,4141,64.58585,62046,0.9297624,6.921
13,Abruzzo,Femmine,86,59975,4575,76.27963,57688,0.9180432,6.364
13,Abruzzo,Femmine,87,55400,4881,88.10287,52960,0.9071036,5.848
13,Abruzzo,Femmine,88,50519,4959,98.15304,48040,0.8944330,5.365
13,Abruzzo,Femmine,89,45561,5184,113.78791,42969,0.8777651,4.894
13,Abruzzo,Femmine,90,40377,5320,131.76644,37716,0.8586307,4.458
13,Abruzzo,Femmine,91,35056,5344,152.42947,32384,0.8355658,4.059
13,Abruzzo,Femmine,92,29713,5307,178.59795,27059,0.8121778,3.699
13,Abruzzo,Femmine,93,24406,4858,199.05208,21977,0.7897895,3.395
13,Abruzzo,Femmine,94,19548,4382,224.14207,17357,0.7638643,3.114
13,Abruzzo,Femmine,95,15166,3816,251.59435,13259,0.7392891,2.870
13,Abruzzo,Femmine,96,11351,3098,272.89209,9802,0.7190574,2.666
13,Abruzzo,Femmine,97,8253,2410,292.01459,7048,0.7001005,2.479
13,Abruzzo,Femmine,98,5843,1817,311.03657,4934,0.6791508,2.296
13,Abruzzo,Femmine,99,4026,1349,335.09191,3351,0.6520168,2.107
13,Abruzzo,Femmine,100,2677,983,367.37136,2185,0.6157745,1.916
13,Abruzzo,Femmine,101,1693,696,410.86703,1345,0.5771805,1.739
13,Abruzzo,Femmine,102,998,442,443.10777,777,0.5451680,1.603
13,Abruzzo,Femmine,103,556,264,475.88493,423,0.5127558,1.480
13,Abruzzo,Femmine,104,291,148,508.91756,217,0.4802155,1.369
13,Abruzzo,Femmine,105,143,77,541.91308,104,0.4478243,1.270
13,Abruzzo,Femmine,106,66,38,574.57899,47,0.4158562,1.182
13,Abruzzo,Femmine,107,28,17,606.62701,19,0.3845752,1.103
13,Abruzzo,Femmine,108,11,7,637.78977,7,0.3542234,1.032
13,Abruzzo,Femmine,109,4,3,667.82673,3,0.3250172,0.970
13,Abruzzo,Femmine,110,1,1,696.52591,1,0.2971440,0.914
13,Abruzzo,Femmine,111,0,0,723.71490,0,0.2707547,0.865
13,Abruzzo,Femmine,112,0,0,749.26235,0,0.2459640,0.822
13,Abruzzo,Femmine,113,0,0,773.07437,0,0.2228526,0.784
13,Abruzzo,Femmine,114,0,0,795.09606,0,0.2014666,0.750
13,Abruzzo,Femmine,115,0,0,815.30894,0,0.1818198,0.721
13,Abruzzo,Femmine,116,0,0,833.72640,0,0.1638986,0.695
13,Abruzzo,Femmine,117,0,0,850.38508,0,0.1476675,0.673
13,Abruzzo,Femmine,118,0,0,865.34870,0,0.1330678,0.653
13,Abruzzo,Femmine,119,0,0,878.69244,0,0.1200292,0.636
14,Molise,Maschi e femmine,0,100000,178,1.78068,99832,0.9996739,82.319
14,Molise,Maschi e femmine,1,99822,44,0.44170,99800,0.9996546,81.465
14,Molise,Maschi e femmine,2,99778,25,0.24909,99765,0.9998049,80.501
14,Molise,Maschi e femmine,3,99753,14,0.14114,99746,0.9998849,79.521
14,Molise,Maschi e femmine,4,99739,9,0.08899,99734,0.9999112,78.532
14,Molise,Maschi e femmine,5,99730,9,0.08864,99726,0.9999076,77.539
14,Molise,Maschi e femmine,6,99721,10,0.09607,99716,0.9998995,76.546
14,Molise,Maschi e femmine,7,99712,10,0.10497,99706,0.9998827,75.553
14,Molise,Maschi e femmine,8,99701,13,0.12962,99695,0.9998553,74.561
14,Molise,Maschi e femmine,9,99688,16,0.15975,99680,0.9998291,73.571
14,Molise,Maschi e femmine,10,99672,18,0.18200,99663,0.9998165,72.582
14,Molise,Maschi e femmine,11,99654,18,0.18492,99645,0.9998154,71.595
14,Molise,Maschi e femmine,12,99636,18,0.18433,99627,0.9998182,70.609
14,Molise,Maschi e femmine,13,99617,18,0.17937,99608,0.9998131,69.621
14,Molise,Maschi e femmine,14,99599,19,0.19439,99590,0.9997954,68.634
14,Molise,Maschi e femmine,15,99580,21,0.21474,99569,0.9997773,67.647
14,Molise,Maschi e femmine,16,99559,23,0.23076,99547,0.9997821,66.662
14,Molise,Maschi e femmine,17,99536,20,0.20513,99526,0.9998156,65.677
14,Molise,Maschi e femmine,18,99515,16,0.16372,99507,0.9998433,64.690
14,Molise,Maschi e femmine,19,99499,15,0.14963,99492,0.9998170,63.701
14,Molise,Maschi e femmine,20,99484,22,0.21645,99473,0.9997217,62.710
14,Molise,Maschi e femmine,21,99463,34,0.34022,99446,0.9996018,61.724
14,Molise,Maschi e femmine,22,99429,45,0.45629,99406,0.9995242,60.744
14,Molise,Maschi e femmine,23,99383,49,0.49524,99359,0.9995190,59.772
14,Molise,Maschi e femmine,24,99334,46,0.46666,99311,0.9995596,58.801
14,Molise,Maschi e femmine,25,99288,41,0.41416,99267,0.9996029,57.829
14,Molise,Maschi e femmine,26,99247,38,0.38002,99228,0.9996015,56.852
14,Molise,Maschi e femmine,27,99209,41,0.41701,99188,0.9995617,55.874
14,Molise,Maschi e femmine,28,99168,46,0.45964,99145,0.9995349,54.897
14,Molise,Maschi e femmine,29,99122,47,0.47063,99099,0.9995188,53.922
14,Molise,Maschi e femmine,30,99075,49,0.49182,99051,0.9994963,52.947
14,Molise,Maschi e femmine,31,99027,51,0.51564,99001,0.9994549,51.973
14,Molise,Maschi e femmine,32,98976,57,0.57454,98947,0.9993854,50.999
14,Molise,Maschi e femmine,33,98919,65,0.65478,98886,0.9993085,50.028
14,Molise,Maschi e femmine,34,98854,72,0.72820,98818,0.9992744,49.061
14,Molise,Maschi e femmine,35,98782,71,0.72296,98746,0.9993031,48.096
14,Molise,Maschi e femmine,36,98711,66,0.67087,98677,0.9993523,47.131
14,Molise,Maschi e femmine,37,98644,62,0.62458,98614,0.9993344,46.162
14,Molise,Maschi e femmine,38,98583,70,0.70656,98548,0.9992137,45.190
14,Molise,Maschi e femmine,39,98513,85,0.86614,98470,0.9990170,44.222
14,Molise,Maschi e femmine,40,98428,108,1.09989,98374,0.9988174,43.260
14,Molise,Maschi e femmine,41,98320,124,1.26530,98257,0.9986809,42.307
14,Molise,Maschi e femmine,42,98195,135,1.37291,98128,0.9985814,41.360
14,Molise,Maschi e femmine,43,98060,144,1.46425,97989,0.9984724,40.416
14,Molise,Maschi e femmine,44,97917,156,1.59099,97839,0.9983512,39.475
14,Molise,Maschi e femmine,45,97761,167,1.70670,97678,0.9982281,38.537
14,Molise,Maschi e femmine,46,97594,179,1.83715,97504,0.9981322,37.602
14,Molise,Maschi e femmine,47,97415,185,1.89860,97322,0.9980314,36.670
14,Molise,Maschi e femmine,48,97230,198,2.03868,97131,0.9978798,35.739
14,Molise,Maschi e femmine,49,97032,214,2.20191,96925,0.9976855,34.811
14,Molise,Maschi e femmine,50,96818,235,2.42731,96700,0.9975292,33.887
14,Molise,Maschi e femmine,51,96583,243,2.51443,96462,0.9974420,32.968
14,Molise,Maschi e femmine,52,96340,251,2.60168,96215,0.9973630,32.050
14,Molise,Maschi e femmine,53,96089,257,2.67247,95961,0.9972067,31.132
14,Molise,Maschi e femmine,54,95833,279,2.91454,95693,0.9969439,30.214
14,Molise,Maschi e femmine,55,95553,306,3.19813,95401,0.9966206,29.301
14,Molise,Maschi e femmine,56,95248,339,3.56123,95078,0.9961590,28.393
14,Molise,Maschi e femmine,57,94909,391,4.12182,94713,0.9955092,27.493
14,Molise,Maschi e femmine,58,94517,459,4.86123,94288,0.9947770,26.605
14,Molise,Maschi e femmine,59,94058,525,5.58653,93795,0.9942011,25.732
14,Molise,Maschi e femmine,60,93532,562,6.01244,93251,0.9938979,24.874
14,Molise,Maschi e femmine,61,92970,576,6.19233,92682,0.9937745,24.022
14,Molise,Maschi e femmine,62,92394,578,6.25884,92105,0.9933640,23.168
14,Molise,Maschi e femmine,63,91816,644,7.01552,91494,0.9925193,22.311
14,Molise,Maschi e femmine,64,91172,725,7.94914,90810,0.9916148,21.465
14,Molise,Maschi e femmine,65,90447,798,8.82466,90048,0.9908842,20.633
14,Molise,Maschi e femmine,66,89649,844,9.40953,89227,0.9899957,19.812
14,Molise,Maschi e femmine,67,88806,942,10.60470,88335,0.9887949,18.996
14,Molise,Maschi e femmine,68,87864,1038,11.81184,87345,0.9875285,18.194
14,Molise,Maschi e femmine,69,86826,1141,13.13909,86256,0.9862658,17.405
14,Molise,Maschi e femmine,70,85685,1228,14.33719,85071,0.9853474,16.630
14,Molise,Maschi e femmine,71,84457,1265,14.97255,83824,0.9843282,15.865
14,Molise,Maschi e femmine,72,83192,1363,16.38159,82511,0.9825504,15.099
14,Molise,Maschi e femmine,73,81829,1517,18.53536,81071,0.9802422,14.342
14,Molise,Maschi e femmine,74,80313,1687,21.00328,79469,0.9779769,13.603
14,Molise,Maschi e femmine,75,78626,1813,23.06484,77719,0.9753761,12.884
14,Molise,Maschi e femmine,76,76812,2014,26.21982,75805,0.9729257,12.177
14,Molise,Maschi e femmine,77,74798,2091,27.95171,73753,0.9707225,11.491
14,Molise,Maschi e femmine,78,72707,2228,30.64145,71594,0.9676001,10.807
14,Molise,Maschi e femmine,79,70480,2411,34.21392,69274,0.9631496,10.133
14,Molise,Maschi e femmine,80,68068,2694,39.58036,66721,0.9581929,9.474
14,Molise,Maschi e femmine,81,65374,2885,44.12561,63932,0.9531830,8.844
14,Molise,Maschi e femmine,82,62489,3102,49.63270,60939,0.9472041,8.229
14,Molise,Maschi e femmine,83,59388,3333,56.12439,57721,0.9402376,7.633
14,Molise,Maschi e femmine,84,56055,3566,63.61671,54272,0.9327719,7.057
14,Molise,Maschi e femmine,85,52489,3731,71.08493,50623,0.9238016,6.502
14,Molise,Maschi e femmine,86,48758,3984,81.70313,46766,0.9101869,5.962
14,Molise,Maschi e femmine,87,44774,4417,98.64466,42566,0.8922730,5.448
14,Molise,Maschi e femmine,88,40357,4754,117.80340,37980,0.8735311,4.989
14,Molise,Maschi e femmine,89,35603,4852,136.29144,33177,0.8543494,4.589
14,Molise,Maschi e femmine,90,30751,4812,156.48656,28345,0.8380331,4.234
14,Molise,Maschi e femmine,91,25939,4370,168.46401,23754,0.8258269,3.927
14,Molise,Maschi e femmine,92,21569,3905,181.03887,19616,0.8078602,3.621
14,Molise,Maschi e femmine,93,17664,3633,205.69478,15847,0.7827160,3.311
14,Molise,Maschi e femmine,94,14031,3253,231.87439,12404,0.7572368,3.039
14,Molise,Maschi e femmine,95,10777,2769,256.93906,9393,0.7328025,2.805
14,Molise,Maschi e femmine,96,8008,2250,281.00325,6883,0.7105867,2.602
14,Molise,Maschi e femmine,97,5758,1734,301.11024,4891,0.6913141,2.423
14,Molise,Maschi e femmine,98,4024,1286,319.52536,3381,0.6717683,2.252
14,Molise,Maschi e femmine,99,2738,934,341.02632,2271,0.6467927,2.075
14,Molise,Maschi e femmine,100,1804,671,371.69218,1469,0.6108549,1.890
14,Molise,Maschi e femmine,101,1134,473,416.92273,897,0.5711447,1.712
14,Molise,Maschi e femmine,102,661,297,449.32016,513,0.5389981,1.578
14,Molise,Maschi e femmine,103,364,176,482.21511,276,0.5064900,1.457
14,Molise,Maschi e femmine,104,188,97,515.32377,140,0.4738946,1.349
14,Molise,Maschi e femmine,105,91,50,548.35048,66,0.4414909,1.252
14,Molise,Maschi e femmine,106,41,24,581.00130,29,0.4095538,1.165
14,Molise,Maschi e femmine,107,17,11,612.98791,12,0.3783465,1.088
14,Molise,Maschi e femmine,108,7,4,644.04460,5,0.3481094,1.019
14,Molise,Maschi e femmine,109,2,2,673.93273,2,0.3190564,0.958
14,Molise,Maschi e femmine,110,1,1,702.44491,1,0.2913706,0.903
14,Molise,Maschi e femmine,111,0,0,729.41373,0,0.2651983,0.855
14,Molise,Maschi e femmine,112,0,0,754.71393,0,0.2406485,0.813
14,Molise,Maschi e femmine,113,0,0,778.25827,0,0.2177959,0.776
14,Molise,Maschi e femmine,114,0,0,799.99907,0,0.1966800,0.743
14,Molise,Maschi e femmine,115,0,0,819.92466,0,0.1773087,0.714
14,Molise,Maschi e femmine,116,0,0,838.05517,0,0.1596621,0.689
14,Molise,Maschi e femmine,117,0,0,854.43346,0,0.1436993,0.667
14,Molise,Maschi e femmine,118,0,0,869.12807,0,0.1293570,0.648
14,Molise,Maschi e femmine,119,0,0,882.21829,0,0.1165614,0.632
14,Molise,Maschi,0,100000,228,2.27869,99786,0.9994923,79.957
14,Molise,Maschi,1,99772,74,0.74595,99735,0.9994423,79.139
14,Molise,Maschi,2,99698,37,0.36924,99679,0.9997344,78.197
14,Molise,Maschi,3,99661,16,0.16182,99653,0.9998864,77.226
14,Molise,Maschi,4,99645,7,0.06535,99642,0.9999316,76.238
14,Molise,Maschi,5,99638,7,0.07150,99635,0.9999181,75.243
14,Molise,Maschi,6,99631,9,0.09226,99627,0.9998983,74.249
14,Molise,Maschi,7,99622,11,0.11112,99616,0.9998644,73.255
14,Molise,Maschi,8,99611,16,0.15999,99603,0.9998104,72.264
14,Molise,Maschi,9,99595,22,0.21922,99584,0.9997578,71.275
14,Molise,Maschi,10,99573,26,0.26522,99560,0.9997299,70.291
14,Molise,Maschi,11,99547,27,0.27495,99533,0.9997217,69.309
14,Molise,Maschi,12,99519,28,0.28171,99505,0.9997242,68.328
14,Molise,Maschi,13,99491,27,0.26997,99478,0.9997247,67.347
14,Molise,Maschi,14,99464,28,0.28062,99450,0.9997256,66.365
14,Molise,Maschi,15,99437,27,0.26828,99423,0.9997417,65.384
14,Molise,Maschi,16,99410,25,0.24835,99397,0.9997889,64.401
14,Molise,Maschi,17,99385,17,0.17391,99377,0.9998534,63.417
14,Molise,Maschi,18,99368,12,0.11937,99362,0.9998675,62.428
14,Molise,Maschi,19,99356,14,0.14557,99349,0.9997621,61.435
14,Molise,Maschi,20,99342,33,0.33026,99325,0.9995379,60.444
14,Molise,Maschi,21,99309,59,0.59390,99279,0.9992877,59.464
14,Molise,Maschi,22,99250,82,0.83071,99209,0.9991348,58.499
14,Molise,Maschi,23,99167,89,0.89978,99123,0.9991370,57.547
14,Molise,Maschi,24,99078,82,0.82626,99037,0.9992450,56.599
14,Molise,Maschi,25,98996,68,0.68378,98962,0.9993700,55.645
14,Molise,Maschi,26,98929,57,0.57610,98900,0.9994151,54.683
14,Molise,Maschi,27,98872,59,0.59370,98842,0.9993812,53.714
14,Molise,Maschi,28,98813,64,0.64398,98781,0.9993364,52.746
14,Molise,Maschi,29,98749,67,0.68329,98715,0.9992954,51.779
14,Molise,Maschi,30,98682,72,0.72598,98646,0.9992679,50.814
14,Molise,Maschi,31,98610,73,0.73830,98574,0.9992599,49.851
14,Molise,Maschi,32,98537,73,0.74195,98501,0.9992474,48.887
14,Molise,Maschi,33,98464,75,0.76317,98427,0.9992088,47.923
14,Molise,Maschi,34,98389,81,0.81921,98349,0.9991816,46.959
14,Molise,Maschi,35,98308,80,0.81759,98268,0.9991817,45.998
14,Molise,Maschi,36,98228,80,0.81894,98188,0.9991684,45.035
14,Molise,Maschi,37,98148,83,0.84434,98106,0.9990441,44.071
14,Molise,Maschi,38,98065,105,1.06748,98012,0.9987918,43.108
14,Molise,Maschi,39,97960,132,1.34916,97894,0.9984883,42.154
14,Molise,Maschi,40,97828,164,1.67441,97746,0.9982820,41.210
14,Molise,Maschi,41,97664,172,1.76160,97578,0.9982392,40.278
14,Molise,Maschi,42,97492,172,1.76009,97406,0.9982616,39.348
14,Molise,Maschi,43,97320,167,1.71663,97237,0.9982107,38.417
14,Molise,Maschi,44,97153,181,1.86207,97063,0.9980252,37.482
14,Molise,Maschi,45,96972,202,2.08774,96871,0.9977319,36.551
14,Molise,Maschi,46,96770,237,2.44886,96652,0.9974351,35.626
14,Molise,Maschi,47,96533,259,2.68131,96404,0.9971439,34.713
14,Molise,Maschi,48,96274,292,3.03142,96128,0.9968404,33.805
14,Molise,Maschi,49,95982,316,3.28810,95825,0.9965482,32.906
14,Molise,Maschi,50,95667,346,3.61599,95494,0.9963436,32.013
14,Molise,Maschi,51,95321,352,3.69688,95145,0.9962318,31.127
14,Molise,Maschi,52,94968,365,3.83976,94786,0.9961028,30.241
14,Molise,Maschi,53,94604,374,3.95493,94417,0.9958307,29.356
14,Molise,Maschi,54,94230,413,4.38442,94023,0.9954569,28.470
14,Molise,Maschi,55,93816,441,4.70256,93596,0.9951557,27.593
14,Molise,Maschi,56,93375,466,4.98664,93142,0.9948251,26.721
14,Molise,Maschi,57,92910,498,5.36413,92660,0.9943319,25.853
14,Molise,Maschi,58,92411,552,5.97374,92135,0.9937034,24.989
14,Molise,Maschi,59,91859,608,6.62142,91555,0.9931690,24.137
14,Molise,Maschi,60,91251,643,7.04199,90930,0.9928970,23.294
14,Molise,Maschi,61,90608,649,7.16448,90284,0.9926215,22.456
14,Molise,Maschi,62,89959,683,7.59407,89618,0.9916278,21.614
14,Molise,Maschi,63,89276,817,9.15630,88867,0.9899793,20.776
14,Molise,Maschi,64,88459,964,10.89309,87977,0.9884118,19.963
14,Molise,Maschi,65,87495,1075,12.29101,86957,0.9872975,19.178
14,Molise,Maschi,66,86420,1134,13.11910,85853,0.9861243,18.410
14,Molise,Maschi,67,85286,1249,14.64235,84662,0.9847973,17.648
14,Molise,Maschi,68,84037,1325,15.77132,83374,0.9838085,16.903
14,Molise,Maschi,69,82712,1375,16.61849,82024,0.9831765,16.166
14,Molise,Maschi,70,81337,1385,17.03200,80645,0.9826160,15.430
14,Molise,Maschi,71,79952,1419,17.74204,79243,0.9809869,14.689
14,Molise,Maschi,72,78533,1595,20.30712,77736,0.9780517,13.945
14,Molise,Maschi,73,76939,1818,23.62359,76030,0.9745911,13.224
14,Molise,Maschi,74,75121,2046,27.23736,74098,0.9715716,12.532
14,Molise,Maschi,75,73075,2167,29.65278,71991,0.9689568,11.869
14,Molise,Maschi,76,70908,2303,32.47602,69757,0.9667148,11.216
14,Molise,Maschi,77,68605,2341,34.12154,67435,0.9642746,10.576
14,Molise,Maschi,78,66264,2477,37.38592,65026,0.9599331,9.932
14,Molise,Maschi,79,63787,2733,42.85202,62420,0.9529727,9.298
14,Molise,Maschi,80,61054,3138,51.38952,59485,0.9459933,8.692
14,Molise,Maschi,81,57916,3288,56.76564,56272,0.9414924,8.136
14,Molise,Maschi,82,54628,3297,60.35442,52980,0.9384182,7.596
14,Molise,Maschi,83,51331,3228,62.88804,49717,0.9344285,7.051
14,Molise,Maschi,84,48103,3292,68.43503,46457,0.9272511,6.491
14,Molise,Maschi,85,44811,3467,77.37969,43078,0.9162375,5.931
14,Molise,Maschi,86,41344,3749,90.68068,39469,0.9009170,5.386
14,Molise,Maschi,87,37595,4072,108.32329,35559,0.8810887,4.874
14,Molise,Maschi,88,33522,4384,130.78558,31330,0.8571504,4.405
14,Molise,Maschi,89,29138,4567,156.72883,26855,0.8255224,3.993
14,Molise,Maschi,90,24571,4804,195.52502,22169,0.7946705,3.642
14,Molise,Maschi,91,19767,4300,217.51696,17617,0.7768492,3.405
14,Molise,Maschi,92,15467,3563,230.35084,13686,0.7627083,3.213
14,Molise,Maschi,93,11904,2932,246.30981,10438,0.7491686,3.025
14,Molise,Maschi,94,8972,2304,256.83077,7820,0.7389533,2.850
14,Molise,Maschi,95,6668,1778,266.71956,5779,0.7254094,2.663
14,Molise,Maschi,96,4889,1395,285.32455,4192,0.7008245,2.449
14,Molise,Maschi,97,3494,1113,318.55636,2938,0.6664653,2.228
14,Molise,Maschi,98,2381,847,355.51490,1958,0.6317206,2.035
14,Molise,Maschi,99,1535,596,388.08507,1237,0.6015932,1.882
14,Molise,Maschi,100,939,390,415.27481,744,0.5792107,1.759
14,Molise,Maschi,101,549,236,430.22013,431,0.5578021,1.653
14,Molise,Maschi,102,313,145,463.21961,240,0.5250974,1.524
14,Molise,Maschi,103,168,83,496.66766,126,0.4920811,1.407
14,Molise,Maschi,104,85,45,530.27232,62,0.4590357,1.303
14,Molise,Maschi,105,40,22,563.72653,29,0.4262495,1.209
14,Molise,Maschi,106,17,10,596.72694,12,0.3940051,1.125
14,Molise,Maschi,107,7,4,628.97686,5,0.3625723,1.051
14,Molise,Maschi,108,3,2,660.20477,2,0.3321973,0.984
14,Molise,Maschi,109,1,1,690.16294,1,0.3031005,0.926
14,Molise,Maschi,110,0,0,718.64158,0,0.2754676,0.874
14,Molise,Maschi,111,0,0,745.46940,0,0.2494482,0.828
14,Molise,Maschi,112,0,0,770.51932,0,0.2251535,0.787
14,Molise,Maschi,113,0,0,793.70295,0,0.2026593,0.752
14,Molise,Maschi,114,0,0,814.97422,0,0.1820049,0.721
14,Molise,Maschi,115,0,0,834.32186,0,0.1631984,0.694
14,Molise,Maschi,116,0,0,851.76903,0,0.1462178,0.671
14,Molise,Maschi,117,0,0,867.36388,0,0.1310184,0.650
14,Molise,Maschi,118,0,0,881.17832,0,0.1175344,0.633
14,Molise,Maschi,119,0,0,893.29970,0,0.1056853,0.618
14,Molise,Femmine,0,100000,126,1.25578,99882,0.9998653,84.797
14,Molise,Femmine,1,99874,12,0.12115,99868,0.9998781,83.903
14,Molise,Femmine,2,99862,12,0.12255,99856,0.9998790,82.913
14,Molise,Femmine,3,99850,12,0.11937,99844,0.9998834,81.923
14,Molise,Femmine,4,99838,11,0.11388,99832,0.9998897,80.933
14,Molise,Femmine,5,99827,11,0.10669,99821,0.9998966,79.942
14,Molise,Femmine,6,99816,10,0.10009,99811,0.9999007,78.950
14,Molise,Femmine,7,99806,10,0.09850,99801,0.9999019,77.958
14,Molise,Femmine,8,99796,10,0.09764,99791,0.9999026,76.966
14,Molise,Femmine,9,99787,10,0.09714,99782,0.9999042,75.973
14,Molise,Femmine,10,99777,9,0.09439,99772,0.9999077,74.981
14,Molise,Femmine,11,99767,9,0.09015,99763,0.9999140,73.988
14,Molise,Femmine,12,99758,8,0.08186,99754,0.9999171,72.994
14,Molise,Femmine,13,99750,8,0.08404,99746,0.9999061,72.000
14,Molise,Femmine,14,99742,10,0.10368,99737,0.9998690,71.006
14,Molise,Femmine,15,99732,16,0.15842,99724,0.9998147,70.014
14,Molise,Femmine,16,99716,21,0.21225,99705,0.9997749,69.025
14,Molise,Femmine,17,99695,24,0.23796,99683,0.9997758,68.039
14,Molise,Femmine,18,99671,21,0.21037,99660,0.9998179,67.055
14,Molise,Femmine,19,99650,15,0.15391,99642,0.9998747,66.069
14,Molise,Femmine,20,99635,10,0.09676,99630,0.9999149,65.079
14,Molise,Femmine,21,99625,7,0.07351,99621,0.9999318,64.086
14,Molise,Femmine,22,99618,6,0.06288,99614,0.9999333,63.090
14,Molise,Femmine,23,99611,7,0.07053,99608,0.9999200,62.094
14,Molise,Femmine,24,99604,9,0.08942,99600,0.9998895,61.098
14,Molise,Femmine,25,99595,13,0.13151,99589,0.9998470,60.104
14,Molise,Femmine,26,99582,17,0.17456,99574,0.9997968,59.112
14,Molise,Femmine,27,99565,23,0.23193,99553,0.9997507,58.122
14,Molise,Femmine,28,99542,27,0.26662,99529,0.9997427,57.135
14,Molise,Femmine,29,99515,25,0.24805,99503,0.9997525,56.150
14,Molise,Femmine,30,99491,25,0.24685,99478,0.9997352,55.164
14,Molise,Femmine,31,99466,28,0.28281,99452,0.9996588,54.178
14,Molise,Femmine,32,99438,40,0.39955,99418,0.9995295,53.193
14,Molise,Femmine,33,99398,54,0.54150,99371,0.9994127,52.214
14,Molise,Femmine,34,99344,63,0.63312,99313,0.9993714,51.242
14,Molise,Femmine,35,99281,62,0.62411,99251,0.9994298,50.274
14,Molise,Femmine,36,99220,51,0.51624,99194,0.9995443,49.305
14,Molise,Femmine,37,99168,39,0.39518,99149,0.9996374,48.330
14,Molise,Femmine,38,99129,33,0.33001,99113,0.9996537,47.349
14,Molise,Femmine,39,99096,36,0.36264,99078,0.9995679,46.365
14,Molise,Femmine,40,99060,50,0.50166,99036,0.9993747,45.381
14,Molise,Femmine,41,99011,74,0.74909,98974,0.9991402,44.404
14,Molise,Femmine,42,98937,96,0.97057,98889,0.9989137,43.437
14,Molise,Femmine,43,98841,119,1.20215,98781,0.9987441,42.479
14,Molise,Femmine,44,98722,129,1.30963,98657,0.9986895,41.529
14,Molise,Femmine,45,98592,129,1.31146,98528,0.9987426,40.583
14,Molise,Femmine,46,98463,118,1.20329,98404,0.9988540,39.636
14,Molise,Femmine,47,98345,107,1.08870,98291,0.9989490,38.683
14,Molise,Femmine,48,98238,100,1.01331,98188,0.9989522,37.724
14,Molise,Femmine,49,98138,106,1.08238,98085,0.9988563,36.762
14,Molise,Femmine,50,98032,118,1.20499,97973,0.9987468,35.801
14,Molise,Femmine,51,97914,127,1.30144,97850,0.9986819,34.844
14,Molise,Femmine,52,97786,131,1.33474,97721,0.9986509,33.889
14,Molise,Femmine,53,97656,133,1.36346,97589,0.9986091,32.933
14,Molise,Femmine,54,97523,138,1.41840,97453,0.9984552,31.978
14,Molise,Femmine,55,97384,163,1.67143,97303,0.9981050,31.022
14,Molise,Femmine,56,97222,206,2.11899,97119,0.9975068,30.073
14,Molise,Femmine,57,97016,278,2.86822,96876,0.9966959,29.136
14,Molise,Femmine,58,96737,362,3.74128,96556,0.9958566,28.219
14,Molise,Femmine,59,96375,438,4.54697,96156,0.9952368,27.323
14,Molise,Femmine,60,95937,478,4.98039,95698,0.9949002,26.445
14,Molise,Femmine,61,95459,498,5.21977,95210,0.9949267,25.575
14,Molise,Femmine,62,94961,468,4.92615,94727,0.9950938,24.707
14,Molise,Femmine,63,94493,462,4.88625,94262,0.9950391,23.827
14,Molise,Femmine,64,94032,474,5.03592,93795,0.9947743,22.941
14,Molise,Femmine,65,93558,507,5.41643,93305,0.9943982,22.055
14,Molise,Femmine,66,93051,539,5.78821,92782,0.9937605,21.172
14,Molise,Femmine,67,92513,619,6.69339,92203,0.9926522,20.292
14,Molise,Femmine,68,91893,736,8.00661,91526,0.9910904,19.426
14,Molise,Femmine,69,91158,895,9.81981,90710,0.9892039,18.579
14,Molise,Femmine,70,90263,1063,11.78206,89731,0.9879303,17.758
14,Molise,Femmine,71,89199,1103,12.36073,88648,0.9874688,16.964
14,Molise,Femmine,72,88096,1119,12.70385,87537,0.9867465,16.170
14,Molise,Femmine,73,86977,1201,13.81031,86377,0.9854609,15.371
14,Molise,Femmine,74,85776,1310,15.27802,85121,0.9838230,14.579
14,Molise,Femmine,75,84466,1444,17.08994,83744,0.9811620,13.798
14,Molise,Femmine,76,83022,1712,20.61639,82166,0.9784556,13.029
14,Molise,Femmine,77,81311,1829,22.49193,80396,0.9763932,12.293
14,Molise,Femmine,78,79482,1967,24.74723,78498,0.9742512,11.564
14,Molise,Femmine,79,77515,2076,26.77577,76477,0.9718269,10.845
14,Molise,Femmine,80,75439,2234,29.60891,74322,0.9683766,10.130
14,Molise,Femmine,81,73206,2467,33.69930,71972,0.9627209,9.423
14,Molise,Femmine,82,70739,2899,40.98374,69289,0.9542310,8.735
14,Molise,Femmine,83,67839,3443,50.75873,66118,0.9448207,8.087
14,Molise,Femmine,84,64396,3853,59.83634,62469,0.9370809,7.492
14,Molise,Femmine,85,60543,4008,66.19798,58539,0.9296319,6.937
14,Molise,Femmine,86,56535,4231,74.83381,54420,0.9172192,6.394
14,Molise,Femmine,87,52304,4779,91.37052,49915,0.9005901,5.870
14,Molise,Femmine,88,47525,5145,108.25771,44953,0.8853854,5.410
14,Molise,Femmine,89,42380,5160,121.74321,39800,0.8742805,5.006
14,Molise,Femmine,90,37221,4848,130.24706,34797,0.8660485,4.631
14,Molise,Femmine,91,32373,4474,138.21070,30136,0.8547594,4.250
14,Molise,Femmine,92,27899,4280,153.39791,25759,0.8321918,3.851
14,Molise,Femmine,93,23619,4365,184.82958,21436,0.7994388,3.458
14,Molise,Femmine,94,19253,4233,219.85973,17137,0.7658814,3.129
14,Molise,Femmine,95,15020,3791,252.39602,13125,0.7362122,2.870
14,Molise,Femmine,96,11229,3133,279.02546,9663,0.7150013,2.670
14,Molise,Femmine,97,8096,2374,293.28375,6909,0.7021954,2.510
14,Molise,Femmine,98,5722,1741,304.20165,4851,0.6882351,2.344
14,Molise,Femmine,99,3981,1284,322.63486,3339,0.6637884,2.150
14,Molise,Femmine,100,2697,961,356.25518,2216,0.6217039,1.936
14,Molise,Femmine,101,1736,716,412.53471,1378,0.5754975,1.731
14,Molise,Femmine,102,1020,454,444.87449,793,0.5433908,1.595
14,Molise,Femmine,103,566,270,477.74816,431,0.5108872,1.473
14,Molise,Femmine,104,296,151,510.87359,220,0.4782596,1.363
14,Molise,Femmine,105,145,79,543.95703,105,0.4457861,1.264
14,Molise,Femmine,106,66,38,576.70489,47,0.4137416,1.176
14,Molise,Femmine,107,28,17,608.82794,19,0.3823907,1.097
14,Molise,Femmine,108,11,7,640.05798,7,0.3519764,1.027
14,Molise,Femmine,109,4,3,670.15383,3,0.3227154,0.965
14,Molise,Femmine,110,1,1,698.90303,1,0.2947955,0.910
14,Molise,Femmine,111,0,0,726.13288,0,0.2683679,0.861
14,Molise,Femmine,112,0,0,751.71192,0,0.2435474,0.818
14,Molise,Femmine,113,0,0,775.54632,0,0.2204145,0.780
14,Molise,Femmine,114,0,0,797.58138,0,0.1990151,0.746
14,Molise,Femmine,115,0,0,817.79895,0,0.1793631,0.717
14,Molise,Femmine,116,0,0,836.21284,0,0.1614443,0.691
14,Molise,Femmine,117,0,0,852.86021,0,0.1452228,0.669
14,Molise,Femmine,118,0,0,867.80531,0,0.1306396,0.650
14,Molise,Femmine,119,0,0,881.12391,0,0.1176240,0.633
15,Campania,Maschi e femmine,0,100000,277,2.77026,99739,0.9997405,81.316
15,Campania,Maschi e femmine,1,99723,19,0.19128,99713,0.9998293,80.541
15,Campania,Maschi e femmine,2,99704,15,0.15012,99696,0.9998699,79.556
15,Campania,Maschi e femmine,3,99689,11,0.11011,99683,0.9999061,78.568
15,Campania,Maschi e femmine,4,99678,8,0.07763,99674,0.9999340,77.576
15,Campania,Maschi e femmine,5,99670,5,0.05432,99668,0.9999475,76.582
15,Campania,Maschi e femmine,6,99665,5,0.05068,99662,0.9999434,75.586
15,Campania,Maschi e femmine,7,99660,6,0.06251,99657,0.9999302,74.590
15,Campania,Maschi e femmine,8,99654,8,0.07719,99650,0.9999150,73.595
15,Campania,Maschi e femmine,9,99646,9,0.09288,99641,0.9999032,72.601
15,Campania,Maschi e femmine,10,99637,10,0.10075,99632,0.9998992,71.607
15,Campania,Maschi e femmine,11,99627,10,0.10082,99622,0.9998997,70.614
15,Campania,Maschi e femmine,12,99616,10,0.09983,99612,0.9998993,69.621
15,Campania,Maschi e femmine,13,99607,10,0.10151,99601,0.9998917,68.628
15,Campania,Maschi e femmine,14,99596,11,0.11519,99591,0.9998720,67.635
15,Campania,Maschi e femmine,15,99585,14,0.14088,99578,0.9998428,66.643
15,Campania,Maschi e femmine,16,99571,17,0.17345,99562,0.9998124,65.652
15,Campania,Maschi e femmine,17,99554,20,0.20181,99544,0.9997860,64.664
15,Campania,Maschi e femmine,18,99534,23,0.22627,99522,0.9997660,63.677
15,Campania,Maschi e femmine,19,99511,24,0.24173,99499,0.9997507,62.691
15,Campania,Maschi e femmine,20,99487,26,0.25687,99474,0.9997350,61.706
15,Campania,Maschi e femmine,21,99461,27,0.27323,99448,0.9997160,60.722
15,Campania,Maschi e femmine,22,99434,29,0.29470,99420,0.9997002,59.738
15,Campania,Maschi e femmine,23,99405,30,0.30491,99390,0.9996956,58.756
15,Campania,Maschi e femmine,24,99375,30,0.30388,99360,0.9996972,57.773
15,Campania,Maschi e femmine,25,99344,30,0.30166,99329,0.9996919,56.791
15,Campania,Maschi e femmine,26,99314,31,0.31456,99299,0.9996661,55.808
15,Campania,Maschi e femmine,27,99283,35,0.35322,99266,0.9996189,54.825
15,Campania,Maschi e femmine,28,99248,41,0.40903,99228,0.9995701,53.844
15,Campania,Maschi e femmine,29,99208,45,0.45072,99185,0.9995419,52.866
15,Campania,Maschi e femmine,30,99163,46,0.46551,99140,0.9995370,51.890
15,Campania,Maschi e femmine,31,99117,46,0.46046,99094,0.9995361,50.914
15,Campania,Maschi e femmine,32,99071,46,0.46728,99048,0.9995248,49.937
15,Campania,Maschi e femmine,33,99025,48,0.48318,99001,0.9995010,48.960
15,Campania,Maschi e femmine,34,98977,51,0.51479,98951,0.9994586,47.983
15,Campania,Maschi e femmine,35,98926,56,0.56810,98898,0.9993885,47.008
15,Campania,Maschi e femmine,36,98870,65,0.65499,98837,0.9993038,46.034
15,Campania,Maschi e femmine,37,98805,73,0.73742,98769,0.9992182,45.064
15,Campania,Maschi e femmine,38,98732,82,0.82624,98691,0.9991411,44.097
15,Campania,Maschi e femmine,39,98651,88,0.89156,98607,0.9990811,43.133
15,Campania,Maschi e femmine,40,98563,93,0.94630,98516,0.9990233,42.171
15,Campania,Maschi e femmine,41,98469,99,1.00722,98420,0.9989209,41.211
15,Campania,Maschi e femmine,42,98370,113,1.15099,98314,0.9987728,40.252
15,Campania,Maschi e femmine,43,98257,128,1.30349,98193,0.9986082,39.298
15,Campania,Maschi e femmine,44,98129,145,1.48016,98056,0.9984493,38.348
15,Campania,Maschi e femmine,45,97984,159,1.62138,97904,0.9982880,37.404
15,Campania,Maschi e femmine,46,97825,176,1.80280,97737,0.9981343,36.464
15,Campania,Maschi e femmine,47,97648,188,1.92870,97554,0.9979626,35.529
15,Campania,Maschi e femmine,48,97460,209,2.14626,97355,0.9977498,34.597
15,Campania,Maschi e femmine,49,97251,229,2.35443,97136,0.9975297,33.670
15,Campania,Maschi e femmine,50,97022,251,2.58636,96896,0.9973211,32.748
15,Campania,Maschi e femmine,51,96771,268,2.77164,96637,0.9971101,31.832
15,Campania,Maschi e femmine,52,96503,290,3.00840,96358,0.9968681,30.919
15,Campania,Maschi e femmine,53,96212,313,3.25584,96056,0.9965707,30.011
15,Campania,Maschi e femmine,54,95899,346,3.60329,95726,0.9962122,29.107
15,Campania,Maschi e femmine,55,95554,380,3.97297,95364,0.9957998,28.211
15,Campania,Maschi e femmine,56,95174,421,4.42829,94963,0.9953172,27.321
15,Campania,Maschi e femmine,57,94753,468,4.93835,94519,0.9948638,26.441
15,Campania,Maschi e femmine,58,94285,503,5.33504,94033,0.9944694,25.569
15,Campania,Maschi e femmine,59,93782,537,5.72724,93513,0.9940890,24.704
15,Campania,Maschi e femmine,60,93245,568,6.09582,92960,0.9936313,23.843
15,Campania,Maschi e femmine,61,92676,616,6.64331,92368,0.9930721,22.986
15,Campania,Maschi e femmine,62,92060,664,7.21438,91728,0.9923887,22.137
15,Campania,Maschi e femmine,63,91396,732,8.01110,91030,0.9916074,21.294
15,Campania,Maschi e femmine,64,90664,796,8.77720,90266,0.9908265,20.462
15,Campania,Maschi e femmine,65,89868,860,9.57327,89438,0.9898693,19.639
15,Campania,Maschi e femmine,66,89008,952,10.69357,88532,0.9886649,18.824
15,Campania,Maschi e femmine,67,88056,1055,11.98366,87529,0.9874696,18.022
15,Campania,Maschi e femmine,68,87001,1138,13.08385,86432,0.9861894,17.234
15,Campania,Maschi e femmine,69,85863,1249,14.54697,85238,0.9845850,16.456
15,Campania,Maschi e femmine,70,84614,1379,16.29577,83924,0.9829465,15.692
15,Campania,Maschi e femmine,71,83235,1484,17.82384,82493,0.9812906,14.943
15,Campania,Maschi e femmine,72,81751,1603,19.61094,80950,0.9792632,14.205
15,Campania,Maschi e femmine,73,80148,1754,21.88526,79271,0.9768973,13.480
15,Campania,Maschi e femmine,74,78394,1909,24.34744,77440,0.9746001,12.770
15,Campania,Maschi e femmine,75,76485,2025,26.47858,75473,0.9723286,12.076
15,Campania,Maschi e femmine,76,74460,2152,28.89669,73384,0.9689446,11.391
15,Campania,Maschi e femmine,77,72308,2406,33.27835,71105,0.9644490,10.715
15,Campania,Maschi e femmine,78,69902,2649,37.90179,68577,0.9599350,10.067
15,Campania,Maschi e femmine,79,67253,2846,42.31351,65830,0.9545082,9.444
15,Campania,Maschi e femmine,80,64407,3144,48.81046,62835,0.9485259,8.839
15,Campania,Maschi e femmine,81,61263,3325,54.27435,59601,0.9435652,8.267
15,Campania,Maschi e femmine,82,57938,3402,58.71920,56237,0.9374146,7.713
15,Campania,Maschi e femmine,83,54536,3637,66.69283,52718,0.9293721,7.162
15,Campania,Maschi e femmine,84,50899,3809,74.84422,48994,0.9196021,6.639
15,Campania,Maschi e femmine,85,47089,4069,86.40090,45055,0.9080389,6.135
15,Campania,Maschi e femmine,86,43021,4218,98.04710,40912,0.8949840,5.668
15,Campania,Maschi e femmine,87,38803,4375,112.74248,36615,0.8809090,5.230
15,Campania,Maschi e femmine,88,34428,4346,126.24625,32255,0.8657852,4.831
15,Campania,Maschi e femmine,89,30082,4312,143.33476,27926,0.8491149,4.457
15,Campania,Maschi e femmine,90,25770,4115,159.69873,23712,0.8324652,4.119
15,Campania,Maschi e femmine,91,21654,3830,176.86009,19740,0.8157070,3.806
15,Campania,Maschi e femmine,92,17825,3446,193.32295,16102,0.7982776,3.517
15,Campania,Maschi e femmine,93,14379,3050,212.13490,12854,0.7778339,3.240
15,Campania,Maschi e femmine,94,11329,2661,234.89817,9998,0.7503261,2.978
15,Campania,Maschi e femmine,95,8667,2331,268.98600,7502,0.7219383,2.738
15,Campania,Maschi e femmine,96,6336,1840,290.47691,5416,0.7030469,2.562
15,Campania,Maschi e femmine,97,4496,1376,306.08072,3808,0.6883318,2.406
15,Campania,Maschi e femmine,98,3120,997,319.72034,2621,0.6723100,2.247
15,Campania,Maschi e femmine,99,2122,720,339.40527,1762,0.6475942,2.068
15,Campania,Maschi e femmine,100,1402,522,372.08576,1141,0.6084211,1.873
15,Campania,Maschi e femmine,101,880,372,422.62306,694,0.5654889,1.687
15,Campania,Maschi e femmine,102,508,231,455.10080,393,0.5332839,1.556
15,Campania,Maschi e femmine,103,277,135,488.03261,209,0.5007587,1.438
15,Campania,Maschi e femmine,104,142,74,521.13475,105,0.4681864,1.331
15,Campania,Maschi e femmine,105,68,38,554.11398,49,0.4358428,1.236
15,Campania,Maschi e femmine,106,30,18,586.68154,21,0.4039966,1.151
15,Campania,Maschi e femmine,107,13,8,618.55704,9,0.3729030,1.075
15,Campania,Maschi e femmine,108,5,3,649.48542,3,0.3427918,1.007
15,Campania,Maschi e femmine,109,2,1,679.24108,1,0.3138641,0.947
15,Campania,Maschi e femmine,110,1,0,707.63122,0,0.2862895,0.894
15,Campania,Maschi e femmine,111,0,0,734.50380,0,0.2601999,0.846
15,Campania,Maschi e femmine,112,0,0,759.74856,0,0.2356909,0.805
15,Campania,Maschi e femmine,113,0,0,783.29159,0,0.2128249,0.768
15,Campania,Maschi e femmine,114,0,0,805.09560,0,0.1916324,0.735
15,Campania,Maschi e femmine,115,0,0,825.15553,0,0.1721153,0.707
15,Campania,Maschi e femmine,116,0,0,843.49350,0,0.1542525,0.681
15,Campania,Maschi e femmine,117,0,0,860.14956,0,0.1380057,0.659
15,Campania,Maschi e femmine,118,0,0,875.18548,0,0.1233182,0.640
15,Campania,Maschi e femmine,119,0,0,888.67030,0,0.1101259,0.624
15,Campania,Maschi,0,100000,298,2.98009,99720,0.9997054,79.271
15,Campania,Maschi,1,99702,24,0.23654,99690,0.9997841,78.507
15,Campania,Maschi,2,99678,19,0.19524,99669,0.9998302,77.525
15,Campania,Maschi,3,99659,14,0.14430,99652,0.9998794,76.540
15,Campania,Maschi,4,99645,10,0.09684,99640,0.9999235,75.551
15,Campania,Maschi,5,99635,6,0.05609,99632,0.9999511,74.559
15,Campania,Maschi,6,99629,4,0.04178,99627,0.9999525,73.563
15,Campania,Maschi,7,99625,5,0.05332,99623,0.9999346,72.566
15,Campania,Maschi,8,99620,8,0.07742,99616,0.9999087,71.570
15,Campania,Maschi,9,99612,10,0.10517,99607,0.9998867,70.575
15,Campania,Maschi,10,99602,12,0.12152,99596,0.9998743,69.583
15,Campania,Maschi,11,99590,13,0.12985,99583,0.9998695,68.591
15,Campania,Maschi,12,99577,13,0.13123,99570,0.9998681,67.600
15,Campania,Maschi,13,99564,13,0.13265,99557,0.9998596,66.609
15,Campania,Maschi,14,99550,15,0.14813,99543,0.9998356,65.617
15,Campania,Maschi,15,99536,18,0.18060,99527,0.9997956,64.627
15,Campania,Maschi,16,99518,23,0.22817,99506,0.9997491,63.639
15,Campania,Maschi,17,99495,27,0.27370,99481,0.9997029,62.653
15,Campania,Maschi,18,99468,32,0.32048,99452,0.9996657,61.670
15,Campania,Maschi,19,99436,35,0.34812,99419,0.9996403,60.690
15,Campania,Maschi,20,99401,37,0.37129,99383,0.9996178,59.711
15,Campania,Maschi,21,99364,39,0.39312,99345,0.9995872,58.733
15,Campania,Maschi,22,99325,43,0.43247,99304,0.9995593,57.755
15,Campania,Maschi,23,99282,45,0.44894,99260,0.9995537,56.780
15,Campania,Maschi,24,99238,44,0.44370,99216,0.9995700,55.806
15,Campania,Maschi,25,99194,41,0.41633,99173,0.9995812,54.830
15,Campania,Maschi,26,99152,42,0.42127,99131,0.9995501,53.853
15,Campania,Maschi,27,99111,47,0.47856,99087,0.9994651,52.875
15,Campania,Maschi,28,99063,59,0.59121,99034,0.9993645,51.900
15,Campania,Maschi,29,99005,67,0.67991,98971,0.9993051,50.931
15,Campania,Maschi,30,98937,70,0.70987,98902,0.9993097,49.965
15,Campania,Maschi,31,98867,66,0.67077,98834,0.9993491,49.000
15,Campania,Maschi,32,98801,62,0.63093,98770,0.9993714,48.033
15,Campania,Maschi,33,98738,62,0.62634,98707,0.9993528,47.063
15,Campania,Maschi,34,98677,66,0.66808,98644,0.9992999,46.092
15,Campania,Maschi,35,98611,72,0.73213,98575,0.9992031,45.122
15,Campania,Maschi,36,98538,85,0.86175,98496,0.9990758,44.155
15,Campania,Maschi,37,98454,97,0.98674,98405,0.9989608,43.193
15,Campania,Maschi,38,98356,107,1.09172,98303,0.9988702,42.235
15,Campania,Maschi,39,98249,115,1.16783,98192,0.9987951,41.280
15,Campania,Maschi,40,98134,122,1.24191,98073,0.9987295,40.328
15,Campania,Maschi,41,98012,127,1.29909,97949,0.9985967,39.378
15,Campania,Maschi,42,97885,148,1.50760,97811,0.9984143,38.428
15,Campania,Maschi,43,97737,163,1.66388,97656,0.9982373,37.486
15,Campania,Maschi,44,97575,182,1.86163,97484,0.9980691,36.547
15,Campania,Maschi,45,97393,195,2.00036,97296,0.9978851,35.614
15,Campania,Maschi,46,97198,217,2.22966,97090,0.9976707,34.685
15,Campania,Maschi,47,96982,236,2.42920,96864,0.9973808,33.761
15,Campania,Maschi,48,96746,272,2.80962,96610,0.9970963,32.842
15,Campania,Maschi,49,96474,289,2.99798,96330,0.9968758,31.933
15,Campania,Maschi,50,96185,313,3.25088,96029,0.9966452,31.028
15,Campania,Maschi,51,95872,332,3.45900,95707,0.9964130,30.127
15,Campania,Maschi,52,95541,355,3.71545,95363,0.9961318,29.230
15,Campania,Maschi,53,95186,383,4.02150,94994,0.9956798,28.337
15,Campania,Maschi,54,94803,438,4.62016,94584,0.9951553,27.450
15,Campania,Maschi,55,94365,478,5.07023,94126,0.9946296,26.575
15,Campania,Maschi,56,93887,533,5.67211,93620,0.9939976,25.708
15,Campania,Maschi,57,93354,591,6.33463,93058,0.9934076,24.852
15,Campania,Maschi,58,92763,636,6.85183,92445,0.9929911,24.007
15,Campania,Maschi,59,92127,660,7.16702,91797,0.9925733,23.169
15,Campania,Maschi,60,91467,703,7.68831,91115,0.9920252,22.333
15,Campania,Maschi,61,90764,750,8.26351,90389,0.9914287,21.502
15,Campania,Maschi,62,90013,799,8.88166,89614,0.9905456,20.677
15,Campania,Maschi,63,89214,895,10.03231,88767,0.9893669,19.858
15,Campania,Maschi,64,88319,993,11.24001,87823,0.9882545,19.054
15,Campania,Maschi,65,87326,1070,12.25676,86791,0.9870092,18.265
15,Campania,Maschi,66,86256,1185,13.73396,85664,0.9855053,17.485
15,Campania,Maschi,67,85071,1299,15.26610,84422,0.9841102,16.722
15,Campania,Maschi,68,83773,1384,16.52323,83081,0.9824854,15.973
15,Campania,Maschi,69,82388,1526,18.52270,81625,0.9803403,15.233
15,Campania,Maschi,70,80862,1683,20.81817,80021,0.9781506,14.511
15,Campania,Maschi,71,79179,1813,22.90247,78272,0.9759457,13.809
15,Campania,Maschi,72,77366,1952,25.23310,76389,0.9733631,13.121
15,Campania,Maschi,73,75413,2117,28.07702,74355,0.9705221,12.448
15,Campania,Maschi,74,73296,2266,30.91931,72163,0.9679026,11.793
15,Campania,Maschi,75,71030,2366,33.31307,69847,0.9655235,11.153
15,Campania,Maschi,76,68664,2450,35.68006,67439,0.9620696,10.520
15,Campania,Maschi,77,66214,2666,40.26403,64881,0.9569806,9.891
15,Campania,Maschi,78,63548,2916,45.89045,62089,0.9516441,9.285
15,Campania,Maschi,79,60631,3089,50.93996,59087,0.9452893,8.707
15,Campania,Maschi,80,57543,3377,58.68378,55854,0.9380614,8.148
15,Campania,Maschi,81,54166,3542,65.39637,52395,0.9323631,7.625
15,Campania,Maschi,82,50624,3545,70.03421,48851,0.9259355,7.123
15,Campania,Maschi,83,47078,3691,78.39824,45233,0.9172875,6.622
15,Campania,Maschi,84,43387,3792,87.39386,41492,0.9061260,6.143
15,Campania,Maschi,85,39596,3998,100.97472,37597,0.8929428,5.683
15,Campania,Maschi,86,35598,4052,113.82282,33572,0.8789858,5.265
15,Campania,Maschi,87,31546,4073,129.12924,29509,0.8646590,4.877
15,Campania,Maschi,88,27472,3914,142.47381,25515,0.8508995,4.527
15,Campania,Maschi,89,23558,3695,156.82824,21711,0.8377229,4.196
15,Campania,Maschi,90,19864,3352,168.73947,18188,0.8224493,3.883
15,Campania,Maschi,91,16512,3107,188.15055,14958,0.8047798,3.570
15,Campania,Maschi,92,13405,2734,203.92823,12038,0.7861716,3.281
15,Campania,Maschi,93,10671,2415,226.26463,9464,0.7586419,2.993
15,Campania,Maschi,94,8257,2154,260.86541,7180,0.7226999,2.723
15,Campania,Maschi,95,6103,1828,299.53517,5189,0.6937581,2.507
15,Campania,Maschi,96,4275,1350,315.81664,3600,0.6773456,2.365
15,Campania,Maschi,97,2925,973,332.64855,2438,0.6616492,2.226
15,Campania,Maschi,98,1952,677,346.89535,1613,0.6458231,2.087
15,Campania,Maschi,99,1275,466,365.32593,1042,0.6220930,1.930
15,Campania,Maschi,100,809,322,397.72998,648,0.5834614,1.753
15,Campania,Maschi,101,487,218,447.76810,378,0.5401548,1.580
15,Campania,Maschi,102,269,130,481.71494,204,0.5065570,1.455
15,Campania,Maschi,103,139,72,516.07145,103,0.4726901,1.343
15,Campania,Maschi,104,67,37,550.53339,49,0.4388464,1.243
15,Campania,Maschi,105,30,18,584.78194,21,0.4053244,1.153
15,Campania,Maschi,106,13,8,618.50310,9,0.3724150,1.073
15,Campania,Maschi,107,5,3,651.39088,3,0.3403953,1.001
15,Campania,Maschi,108,2,1,683.16628,1,0.3095171,0.938
15,Campania,Maschi,109,1,0,713.57589,0,0.2800050,0.881
15,Campania,Maschi,110,0,0,742.40628,0,0.2520473,0.832
15,Campania,Maschi,111,0,0,769.48450,0,0.2257949,0.788
15,Campania,Maschi,112,0,0,794.68379,0,0.2013585,0.750
15,Campania,Maschi,113,0,0,817.91765,0,0.1788128,0.716
15,Campania,Maschi,114,0,0,839.14347,0,0.1581945,0.687
15,Campania,Maschi,115,0,0,858.35460,0,0.1395083,0.661
15,Campania,Maschi,116,0,0,875.57978,0,0.1227279,0.639
15,Campania,Maschi,117,0,0,890.87337,0,0.1078042,0.621
15,Campania,Maschi,118,0,0,904.31390,0,0.0946659,0.604
15,Campania,Maschi,119,0,0,915.99553,0,0.0832273,0.591
15,Campania,Femmine,0,100000,255,2.54898,99760,0.9997775,83.463
15,Campania,Femmine,1,99745,14,0.14356,99738,0.9998769,82.675
15,Campania,Femmine,2,99731,10,0.10255,99726,0.9999117,81.687
15,Campania,Femmine,3,99721,7,0.07406,99717,0.9999343,80.695
15,Campania,Femmine,4,99713,6,0.05738,99710,0.9999451,79.701
15,Campania,Femmine,5,99707,5,0.05245,99705,0.9999437,78.705
15,Campania,Femmine,6,99702,6,0.06007,99699,0.9999339,77.709
15,Campania,Femmine,7,99696,7,0.07220,99693,0.9999254,76.714
15,Campania,Femmine,8,99689,8,0.07695,99685,0.9999216,75.720
15,Campania,Femmine,9,99681,8,0.07991,99677,0.9999206,74.725
15,Campania,Femmine,10,99673,8,0.07886,99669,0.9999255,73.731
15,Campania,Femmine,11,99666,7,0.07021,99662,0.9999315,72.737
15,Campania,Femmine,12,99659,7,0.06672,99655,0.9999323,71.742
15,Campania,Femmine,13,99652,7,0.06868,99648,0.9999254,70.747
15,Campania,Femmine,14,99645,8,0.08048,99641,0.9999102,69.752
15,Campania,Femmine,15,99637,10,0.09902,99632,0.9998926,68.757
15,Campania,Femmine,16,99627,12,0.11578,99621,0.9998791,67.764
15,Campania,Femmine,17,99616,13,0.12607,99609,0.9998735,66.772
15,Campania,Femmine,18,99603,13,0.12703,99597,0.9998716,65.780
15,Campania,Femmine,19,99590,13,0.12968,99584,0.9998670,64.789
15,Campania,Femmine,20,99577,14,0.13638,99571,0.9998583,63.797
15,Campania,Femmine,21,99564,15,0.14702,99557,0.9998516,62.805
15,Campania,Femmine,22,99549,15,0.14972,99542,0.9998485,61.815
15,Campania,Femmine,23,99534,15,0.15336,99527,0.9998449,60.824
15,Campania,Femmine,24,99519,16,0.15681,99511,0.9998311,59.833
15,Campania,Femmine,25,99504,18,0.18108,99494,0.9998083,58.842
15,Campania,Femmine,26,99485,20,0.20237,99475,0.9997881,57.853
15,Campania,Femmine,27,99465,22,0.22147,99454,0.9997805,56.865
15,Campania,Femmine,28,99443,22,0.21761,99433,0.9997862,55.877
15,Campania,Femmine,29,99422,21,0.20999,99411,0.9997905,54.889
15,Campania,Femmine,30,99401,21,0.20898,99390,0.9997756,53.901
15,Campania,Femmine,31,99380,24,0.23978,99368,0.9997323,52.912
15,Campania,Femmine,32,99356,29,0.29563,99342,0.9996856,51.924
15,Campania,Femmine,33,99327,33,0.33307,99310,0.9996564,50.939
15,Campania,Femmine,34,99294,35,0.35410,99276,0.9996249,49.956
15,Campania,Femmine,35,99259,39,0.39620,99239,0.9995827,48.974
15,Campania,Femmine,36,99219,43,0.43840,99198,0.9995426,47.993
15,Campania,Femmine,37,99176,47,0.47637,99152,0.9994876,47.014
15,Campania,Femmine,38,99129,54,0.54842,99101,0.9994245,46.036
15,Campania,Femmine,39,99074,60,0.60260,99044,0.9993801,45.061
15,Campania,Femmine,40,99014,63,0.63730,98983,0.9993302,44.088
15,Campania,Femmine,41,98951,69,0.70232,98917,0.9992595,43.116
15,Campania,Femmine,42,98882,77,0.77869,98843,0.9991469,42.146
15,Campania,Femmine,43,98805,92,0.92753,98759,0.9989950,41.178
15,Campania,Femmine,44,98713,107,1.08250,98660,0.9988455,40.216
15,Campania,Femmine,45,98606,121,1.22663,98546,0.9987075,39.259
15,Campania,Femmine,46,98485,134,1.35855,98419,0.9986166,38.306
15,Campania,Femmine,47,98352,139,1.40830,98282,0.9985672,37.358
15,Campania,Femmine,48,98213,143,1.45732,98142,0.9984279,36.410
15,Campania,Femmine,49,98070,165,1.68696,97987,0.9982076,35.462
15,Campania,Femmine,50,97905,186,1.89807,97812,0.9980207,34.521
15,Campania,Femmine,51,97719,201,2.06067,97618,0.9978307,33.586
15,Campania,Femmine,52,97517,222,2.27812,97406,0.9976279,32.654
15,Campania,Femmine,53,97295,240,2.46620,97175,0.9974887,31.728
15,Campania,Femmine,54,97055,248,2.55647,96931,0.9972990,30.805
15,Campania,Femmine,55,96807,275,2.84581,96669,0.9970005,29.883
15,Campania,Femmine,56,96532,304,3.15363,96379,0.9966678,28.967
15,Campania,Femmine,57,96227,338,3.51128,96058,0.9963499,28.057
15,Campania,Femmine,58,95889,363,3.78938,95708,0.9959735,27.154
15,Campania,Femmine,59,95526,407,4.26446,95322,0.9956266,26.255
15,Campania,Femmine,60,95119,426,4.48284,94905,0.9952554,25.365
15,Campania,Femmine,61,94692,474,5.00759,94455,0.9947285,24.477
15,Campania,Femmine,62,94218,522,5.53672,93957,0.9942398,23.598
15,Campania,Femmine,63,93696,561,5.98485,93416,0.9938484,22.727
15,Campania,Femmine,64,93136,589,6.31939,92841,0.9933867,21.860
15,Campania,Femmine,65,92547,639,6.90906,92227,0.9927007,20.996
15,Campania,Femmine,66,91908,707,7.69233,91554,0.9917739,20.139
15,Campania,Femmine,67,91201,799,8.76396,90801,0.9907537,19.291
15,Campania,Femmine,68,90401,880,9.73283,89961,0.9897850,18.457
15,Campania,Femmine,69,89521,958,10.70195,89042,0.9886729,17.634
15,Campania,Femmine,70,88563,1059,11.95892,88034,0.9875238,16.819
15,Campania,Femmine,71,87504,1138,12.99982,86936,0.9863410,16.017
15,Campania,Femmine,72,86367,1237,14.32693,85748,0.9847764,15.221
15,Campania,Femmine,73,85129,1373,16.13333,84443,0.9827829,14.435
15,Campania,Femmine,74,83756,1534,18.31858,82989,0.9807045,13.663
15,Campania,Femmine,75,82222,1668,20.29064,81388,0.9784496,12.909
15,Campania,Femmine,76,80553,1840,22.83617,79634,0.9750466,12.166
15,Campania,Femmine,77,78714,2135,27.12015,77646,0.9709858,11.439
15,Campania,Femmine,78,76579,2371,30.96099,75394,0.9670817,10.744
15,Campania,Femmine,79,74208,2593,34.93821,72912,0.9623212,10.071
15,Campania,Femmine,80,71615,2902,40.51854,70165,0.9572279,9.417
15,Campania,Femmine,81,68714,3100,45.12076,67163,0.9526886,8.794
15,Campania,Femmine,82,65613,3255,49.60546,63986,0.9465622,8.186
15,Campania,Femmine,83,62358,3584,57.47009,60567,0.9387877,7.587
15,Campania,Femmine,84,58775,3831,65.18275,56859,0.9298482,7.019
15,Campania,Femmine,85,54944,4146,75.46734,52870,0.9192086,6.474
15,Campania,Femmine,86,50797,4396,86.55004,48599,0.9064743,5.961
15,Campania,Femmine,87,46401,4694,101.16225,44054,0.8922246,5.479
15,Campania,Femmine,88,41707,4802,115.13282,39306,0.8758423,5.039
15,Campania,Femmine,89,36905,4958,134.35693,34426,0.8566141,4.630
15,Campania,Femmine,90,31946,4914,153.81617,29490,0.8389229,4.271
15,Campania,Femmine,91,27033,4586,169.65796,24739,0.8226088,3.956
15,Campania,Femmine,92,22446,4191,186.70451,20351,0.8057484,3.663
15,Campania,Femmine,93,18255,3716,203.53121,16398,0.7893000,3.389
15,Campania,Femmine,94,14540,3194,219.70070,12943,0.7660902,3.127
15,Campania,Femmine,95,11345,2860,252.11957,9915,0.7371023,2.866
15,Campania,Femmine,96,8485,2353,277.30933,7309,0.7160990,2.664
15,Campania,Femmine,97,6132,1797,293.02210,5234,0.7011408,2.494
15,Campania,Femmine,98,4335,1331,307.11561,3670,0.6843126,2.321
15,Campania,Femmine,99,3004,985,328.05859,2511,0.6585092,2.128
15,Campania,Femmine,100,2018,730,361.48088,1654,0.6185150,1.923
15,Campania,Femmine,101,1289,532,412.81392,1023,0.5751491,1.729
15,Campania,Femmine,102,757,337,445.35027,588,0.5428420,1.593
15,Campania,Femmine,103,420,201,478.44675,319,0.5101132,1.470
15,Campania,Femmine,104,219,112,511.82135,163,0.4772358,1.359
15,Campania,Femmine,105,107,58,545.17999,78,0.4444881,1.260
15,Campania,Femmine,106,49,28,578.22827,35,0.4121461,1.172
15,Campania,Femmine,107,21,13,610.67569,14,0.3804757,1.093
15,Campania,Femmine,108,8,5,642.25241,5,0.3497210,1.022
15,Campania,Femmine,109,3,2,672.71529,2,0.3201007,0.959
15,Campania,Femmine,110,1,1,701.84965,1,0.2918043,0.904
15,Campania,Femmine,111,0,0,729.48041,0,0.2649851,0.855
15,Campania,Femmine,112,0,0,755.47368,0,0.2397598,0.811
15,Campania,Femmine,113,0,0,779.73317,0,0.2162111,0.773
15,Campania,Femmine,114,0,0,802.20182,0,0.1943869,0.739
15,Campania,Femmine,115,0,0,822.85925,0,0.1743029,0.710
15,Campania,Femmine,116,0,0,841.71721,0,0.1559469,0.684
15,Campania,Femmine,117,0,0,858.81100,0,0.1392847,0.661
15,Campania,Femmine,118,0,0,874.20326,0,0.1242586,0.641
15,Campania,Femmine,119,0,0,887.96832,0,0.1107996,0.624
16,Puglia,Maschi e femmine,0,100000,256,2.56062,99759,0.9997609,82.781
16,Puglia,Maschi e femmine,1,99744,17,0.17525,99735,0.9998546,81.993
16,Puglia,Maschi e femmine,2,99726,12,0.11545,99721,0.9999004,81.007
16,Puglia,Maschi e femmine,3,99715,8,0.08372,99711,0.9999228,80.016
16,Puglia,Maschi e femmine,4,99707,7,0.07071,99703,0.9999265,79.023
16,Puglia,Maschi e femmine,5,99700,8,0.07636,99696,0.9999187,78.028
16,Puglia,Maschi e femmine,6,99692,9,0.08618,99688,0.9999134,77.034
16,Puglia,Maschi e femmine,7,99683,9,0.08707,99679,0.9999131,76.041
16,Puglia,Maschi e femmine,8,99675,9,0.08667,99670,0.9999186,75.048
16,Puglia,Maschi e femmine,9,99666,8,0.07622,99662,0.9999262,74.054
16,Puglia,Maschi e femmine,10,99658,7,0.07130,99655,0.9999288,73.060
16,Puglia,Maschi e femmine,11,99651,7,0.07101,99648,0.9999202,72.065
16,Puglia,Maschi e femmine,12,99644,9,0.08854,99640,0.9998996,71.070
16,Puglia,Maschi e femmine,13,99635,11,0.11216,99630,0.9998726,70.076
16,Puglia,Maschi e femmine,14,99624,14,0.14272,99617,0.9998391,69.084
16,Puglia,Maschi e femmine,15,99610,18,0.17901,99601,0.9997966,68.094
16,Puglia,Maschi e femmine,16,99592,23,0.22776,99581,0.9997555,67.106
16,Puglia,Maschi e femmine,17,99570,26,0.26134,99557,0.9997310,66.121
16,Puglia,Maschi e femmine,18,99543,28,0.27670,99530,0.9997166,65.138
16,Puglia,Maschi e femmine,19,99516,29,0.29015,99502,0.9997082,64.156
16,Puglia,Maschi e femmine,20,99487,29,0.29346,99472,0.9997082,63.175
16,Puglia,Maschi e femmine,21,99458,29,0.29017,99443,0.9997065,62.193
16,Puglia,Maschi e femmine,22,99429,30,0.29675,99414,0.9997039,61.211
16,Puglia,Maschi e femmine,23,99400,29,0.29535,99385,0.9996999,60.229
16,Puglia,Maschi e femmine,24,99370,30,0.30481,99355,0.9996798,59.246
16,Puglia,Maschi e femmine,25,99340,33,0.33559,99323,0.9996357,58.264
16,Puglia,Maschi e femmine,26,99307,39,0.39307,99287,0.9995858,57.284
16,Puglia,Maschi e femmine,27,99267,43,0.43525,99246,0.9995555,56.306
16,Puglia,Maschi e femmine,28,99224,45,0.45375,99202,0.9995486,55.330
16,Puglia,Maschi e femmine,29,99179,45,0.44903,99157,0.9995558,54.355
16,Puglia,Maschi e femmine,30,99135,44,0.43942,99113,0.9995576,53.379
16,Puglia,Maschi e femmine,31,99091,44,0.44547,99069,0.9995200,52.403
16,Puglia,Maschi e femmine,32,99047,51,0.51458,99022,0.9994526,51.426
16,Puglia,Maschi e femmine,33,98996,57,0.58016,98967,0.9994092,50.452
16,Puglia,Maschi e femmine,34,98939,60,0.60150,98909,0.9994032,49.481
16,Puglia,Maschi e femmine,35,98879,59,0.59205,98850,0.9994113,48.511
16,Puglia,Maschi e femmine,36,98821,58,0.58540,98792,0.9994096,47.539
16,Puglia,Maschi e femmine,37,98763,59,0.59548,98733,0.9993645,46.567
16,Puglia,Maschi e femmine,38,98704,67,0.67546,98671,0.9992773,45.594
16,Puglia,Maschi e femmine,39,98637,76,0.77002,98599,0.9991792,44.624
16,Puglia,Maschi e femmine,40,98561,86,0.87161,98518,0.9990820,43.658
16,Puglia,Maschi e femmine,41,98475,95,0.96438,98428,0.9989697,42.696
16,Puglia,Maschi e femmine,42,98380,108,1.09633,98326,0.9988653,41.737
16,Puglia,Maschi e femmine,43,98273,115,1.17308,98215,0.9987651,40.782
16,Puglia,Maschi e femmine,44,98157,127,1.29685,98094,0.9986462,39.829
16,Puglia,Maschi e femmine,45,98030,138,1.41080,97961,0.9985147,38.881
16,Puglia,Maschi e femmine,46,97892,153,1.55997,97815,0.9983867,37.935
16,Puglia,Maschi e femmine,47,97739,163,1.66671,97658,0.9982749,36.993
16,Puglia,Maschi e femmine,48,97576,174,1.78365,97489,0.9981380,36.054
16,Puglia,Maschi e femmine,49,97402,189,1.94054,97308,0.9979443,35.118
16,Puglia,Maschi e femmine,50,97213,211,2.17111,97107,0.9977624,34.185
16,Puglia,Maschi e femmine,51,97002,224,2.30418,96890,0.9976090,33.258
16,Puglia,Maschi e femmine,52,96778,240,2.47811,96659,0.9974288,32.334
16,Puglia,Maschi e femmine,53,96539,257,2.66444,96410,0.9972171,31.413
16,Puglia,Maschi e femmine,54,96281,279,2.90169,96142,0.9969111,30.496
16,Puglia,Maschi e femmine,55,96002,315,3.27660,95845,0.9965484,29.583
16,Puglia,Maschi e femmine,56,95687,347,3.62716,95514,0.9962693,28.679
16,Puglia,Maschi e femmine,57,95340,366,3.83461,95158,0.9960246,27.781
16,Puglia,Maschi e femmine,58,94975,391,4.11674,94779,0.9956824,26.886
16,Puglia,Maschi e femmine,59,94584,427,4.51935,94370,0.9952727,25.995
16,Puglia,Maschi e femmine,60,94156,465,4.93618,93924,0.9947285,25.111
16,Puglia,Maschi e femmine,61,93692,525,5.60843,93429,0.9941846,24.233
16,Puglia,Maschi e femmine,62,93166,561,6.02356,92886,0.9937801,23.367
16,Puglia,Maschi e femmine,63,92605,594,6.41742,92308,0.9933699,22.505
16,Puglia,Maschi e femmine,64,92011,630,6.84417,91696,0.9927979,21.648
16,Puglia,Maschi e femmine,65,91381,691,7.56244,91035,0.9921187,20.793
16,Puglia,Maschi e femmine,66,90690,744,8.20250,90318,0.9913017,19.948
16,Puglia,Maschi e femmine,67,89946,827,9.19825,89532,0.9903897,19.109
16,Puglia,Maschi e femmine,68,89119,894,10.02625,88672,0.9894377,18.282
16,Puglia,Maschi e femmine,69,88225,980,11.10380,87735,0.9882090,17.462
16,Puglia,Maschi e femmine,70,87245,1089,12.48597,86701,0.9867678,16.652
16,Puglia,Maschi e femmine,71,86156,1205,13.98790,85554,0.9851097,15.856
16,Puglia,Maschi e femmine,72,84951,1343,15.80546,84280,0.9833131,15.074
16,Puglia,Maschi e femmine,73,83608,1470,17.58242,82873,0.9815618,14.308
16,Puglia,Maschi e femmine,74,82138,1586,19.30937,81345,0.9797106,13.555
16,Puglia,Maschi e femmine,75,80552,1715,21.28872,79695,0.9773223,12.812
16,Puglia,Maschi e femmine,76,78837,1900,24.09698,77887,0.9741999,12.080
16,Puglia,Maschi e femmine,77,76938,2119,27.54529,75878,0.9701376,11.366
16,Puglia,Maschi e femmine,78,74818,2413,32.24521,73612,0.9659471,10.674
16,Puglia,Maschi e femmine,79,72406,2601,35.92088,71105,0.9613723,10.013
16,Puglia,Maschi e femmine,80,69805,2892,41.43530,68359,0.9558586,9.367
16,Puglia,Maschi e femmine,81,66913,3143,46.96446,65341,0.9501665,8.751
16,Puglia,Maschi e femmine,82,63770,3370,52.84394,62085,0.9440804,8.157
16,Puglia,Maschi e femmine,83,60400,3574,59.16694,58613,0.9371938,7.584
16,Puglia,Maschi e femmine,84,56826,3789,66.67431,54932,0.9291383,7.030
16,Puglia,Maschi e femmine,85,53038,3996,75.34825,51039,0.9190036,6.496
16,Puglia,Maschi e femmine,86,49041,4272,87.10478,46905,0.9065994,5.985
16,Puglia,Maschi e femmine,87,44770,4490,100.29724,42524,0.8927053,5.508
16,Puglia,Maschi e femmine,88,40279,4635,115.07232,37962,0.8777478,5.067
16,Puglia,Maschi e femmine,89,35644,4647,130.36562,33321,0.8602974,4.661
16,Puglia,Maschi e femmine,90,30997,4663,150.43927,28666,0.8424881,4.284
16,Puglia,Maschi e femmine,91,26334,4367,165.83700,24151,0.8265713,3.955
16,Puglia,Maschi e femmine,92,21967,4010,182.52962,19962,0.8071849,3.641
16,Puglia,Maschi e femmine,93,17957,3688,205.39716,16113,0.7856341,3.343
16,Puglia,Maschi e femmine,94,14269,3220,225.65298,12659,0.7644870,3.078
16,Puglia,Maschi e femmine,95,11049,2743,248.24642,9678,0.7388308,2.829
16,Puglia,Maschi e femmine,96,8306,2312,278.35949,7150,0.7122025,2.598
16,Puglia,Maschi e femmine,97,5994,1803,300.87596,5092,0.6902483,2.407
16,Puglia,Maschi e femmine,98,4191,1351,322.44725,3515,0.6677968,2.227
16,Puglia,Maschi e femmine,99,2839,984,346.60202,2347,0.6410885,2.049
16,Puglia,Maschi e femmine,100,1855,701,377.75056,1505,0.6066461,1.871
16,Puglia,Maschi e femmine,101,1154,483,418.42967,913,0.5695173,1.703
16,Puglia,Maschi e femmine,102,671,303,451.20758,520,0.5369910,1.569
16,Puglia,Maschi e femmine,103,368,179,484.51321,279,0.5040764,1.448
16,Puglia,Maschi e femmine,104,190,98,518.05875,141,0.4710519,1.340
16,Puglia,Maschi e femmine,105,92,50,551.54300,66,0.4382019,1.242
16,Puglia,Maschi e femmine,106,41,24,584.66549,29,0.4058076,1.155
16,Puglia,Maschi e femmine,107,17,11,617.13049,12,0.3741388,1.078
16,Puglia,Maschi e femmine,108,7,4,648.66440,4,0.3434434,1.008
16,Puglia,Maschi e femmine,109,2,2,679.02004,2,0.3139426,0.947
16,Puglia,Maschi e femmine,110,1,1,707.98213,0,0.2858264,0.893
16,Puglia,Maschi e femmine,111,0,0,735.37579,0,0.2592477,0.845
16,Puglia,Maschi e femmine,112,0,0,761.06967,0,0.2343207,0.802
16,Puglia,Maschi e femmine,113,0,0,784.97218,0,0.2111235,0.765
16,Puglia,Maschi e femmine,114,0,0,807.03383,0,0.1896971,0.732
16,Puglia,Maschi e femmine,115,0,0,827.24397,0,0.1700481,0.704
16,Puglia,Maschi e femmine,116,0,0,845.62707,0,0.1521522,0.679
16,Puglia,Maschi e femmine,117,0,0,862.23363,0,0.1359611,0.657
16,Puglia,Maschi e femmine,118,0,0,877.14274,0,0.1214016,0.638
16,Puglia,Maschi e femmine,119,0,0,890.44630,0,0.1083880,0.621
16,Puglia,Maschi,0,100000,249,2.48840,99766,0.9997191,80.824
16,Puglia,Maschi,1,99751,27,0.26759,99738,0.9997874,80.025
16,Puglia,Maschi,2,99724,16,0.15755,99717,0.9998720,79.046
16,Puglia,Maschi,3,99709,10,0.09835,99704,0.9999134,78.058
16,Puglia,Maschi,4,99699,7,0.07484,99695,0.9999182,77.066
16,Puglia,Maschi,5,99691,9,0.08876,99687,0.9998991,76.072
16,Puglia,Maschi,6,99683,11,0.11297,99677,0.9998830,75.078
16,Puglia,Maschi,7,99671,12,0.12095,99665,0.9998786,74.087
16,Puglia,Maschi,8,99659,12,0.12186,99653,0.9998879,73.096
16,Puglia,Maschi,9,99647,10,0.10225,99642,0.9999074,72.105
16,Puglia,Maschi,10,99637,8,0.08301,99633,0.9999249,71.112
16,Puglia,Maschi,11,99629,7,0.06714,99625,0.9999258,70.118
16,Puglia,Maschi,12,99622,8,0.08125,99618,0.9999010,69.122
16,Puglia,Maschi,13,99614,12,0.11670,99608,0.9998535,68.128
16,Puglia,Maschi,14,99602,18,0.17629,99594,0.9997887,67.136
16,Puglia,Maschi,15,99585,25,0.24625,99572,0.9997146,66.148
16,Puglia,Maschi,16,99560,32,0.32460,99544,0.9996548,65.164
16,Puglia,Maschi,17,99528,36,0.36582,99510,0.9996265,64.185
16,Puglia,Maschi,18,99492,38,0.38117,99473,0.9996010,63.208
16,Puglia,Maschi,19,99454,41,0.41693,99433,0.9995701,62.232
16,Puglia,Maschi,20,99412,44,0.44290,99390,0.9995536,61.258
16,Puglia,Maschi,21,99368,45,0.45000,99346,0.9995509,60.285
16,Puglia,Maschi,22,99323,45,0.44829,99301,0.9995707,59.312
16,Puglia,Maschi,23,99279,41,0.41020,99258,0.9996022,58.338
16,Puglia,Maschi,24,99238,38,0.38538,99219,0.9995955,57.362
16,Puglia,Maschi,25,99200,42,0.42364,99179,0.9995241,56.384
16,Puglia,Maschi,26,99158,52,0.52824,99132,0.9994271,55.407
16,Puglia,Maschi,27,99105,61,0.61761,99075,0.9993637,54.436
16,Puglia,Maschi,28,99044,65,0.65509,99012,0.9993486,53.470
16,Puglia,Maschi,29,98979,64,0.64771,98947,0.9993692,52.504
16,Puglia,Maschi,30,98915,61,0.61397,98885,0.9993949,51.538
16,Puglia,Maschi,31,98855,59,0.59629,98825,0.9993524,50.569
16,Puglia,Maschi,32,98796,69,0.69888,98761,0.9992469,49.599
16,Puglia,Maschi,33,98727,80,0.80732,98687,0.9991751,48.634
16,Puglia,Maschi,34,98647,83,0.84253,98605,0.9991685,47.673
16,Puglia,Maschi,35,98564,81,0.82051,98523,0.9992081,46.712
16,Puglia,Maschi,36,98483,75,0.76318,98445,0.9992512,45.750
16,Puglia,Maschi,37,98408,72,0.73434,98372,0.9992144,44.785
16,Puglia,Maschi,38,98335,82,0.83684,98294,0.9990959,43.817
16,Puglia,Maschi,39,98253,95,0.97143,98205,0.9989654,42.854
16,Puglia,Maschi,40,98158,108,1.09792,98104,0.9988469,41.895
16,Puglia,Maschi,41,98050,118,1.20838,97991,0.9987045,40.940
16,Puglia,Maschi,42,97931,135,1.38264,97864,0.9985650,39.989
16,Puglia,Maschi,43,97796,145,1.48753,97723,0.9984411,39.044
16,Puglia,Maschi,44,97651,159,1.63046,97571,0.9983175,38.101
16,Puglia,Maschi,45,97491,169,1.73457,97407,0.9981907,37.163
16,Puglia,Maschi,46,97322,183,1.88415,97231,0.9980542,36.227
16,Puglia,Maschi,47,97139,195,2.00749,97041,0.9979094,35.294
16,Puglia,Maschi,48,96944,211,2.17391,96838,0.9977466,34.364
16,Puglia,Maschi,49,96733,226,2.33316,96620,0.9975213,33.438
16,Puglia,Maschi,50,96507,253,2.62456,96381,0.9972768,32.515
16,Puglia,Maschi,51,96254,272,2.82208,96118,0.9970166,31.599
16,Puglia,Maschi,52,95983,302,3.14528,95832,0.9966701,30.687
16,Puglia,Maschi,53,95681,336,3.51501,95512,0.9963206,29.782
16,Puglia,Maschi,54,95344,367,3.84429,95161,0.9959710,28.886
16,Puglia,Maschi,55,94978,400,4.21442,94778,0.9955783,27.995
16,Puglia,Maschi,56,94577,438,4.62994,94359,0.9952307,27.111
16,Puglia,Maschi,57,94140,462,4.90940,93909,0.9948586,26.235
16,Puglia,Maschi,58,93677,503,5.37458,93426,0.9944064,25.362
16,Puglia,Maschi,59,93174,542,5.81371,92903,0.9940055,24.497
16,Puglia,Maschi,60,92632,572,6.17645,92346,0.9934714,23.637
16,Puglia,Maschi,61,92060,634,6.88287,91743,0.9928283,22.781
16,Puglia,Maschi,62,91426,682,7.46252,91085,0.9922255,21.935
16,Puglia,Maschi,63,90744,734,8.08885,90377,0.9915448,21.096
16,Puglia,Maschi,64,90010,794,8.82457,89613,0.9907173,20.264
16,Puglia,Maschi,65,89216,869,9.74500,88781,0.9898197,19.440
16,Puglia,Maschi,66,88346,938,10.61987,87877,0.9886820,18.627
16,Puglia,Maschi,67,87408,1051,12.02372,86883,0.9872534,17.821
16,Puglia,Maschi,68,86357,1164,13.47835,85775,0.9857424,17.032
16,Puglia,Maschi,69,85193,1282,15.04759,84552,0.9840635,16.258
16,Puglia,Maschi,70,83911,1413,16.83904,83205,0.9824447,15.499
16,Puglia,Maschi,71,82498,1508,18.28390,81744,0.9805505,14.755
16,Puglia,Maschi,72,80990,1671,20.63671,80154,0.9783967,14.021
16,Puglia,Maschi,73,79319,1792,22.59021,78423,0.9763286,13.306
16,Puglia,Maschi,74,77527,1921,24.77749,76566,0.9740347,12.602
16,Puglia,Maschi,75,75606,2055,27.18338,74578,0.9712895,11.909
16,Puglia,Maschi,76,73551,2227,30.28023,72437,0.9677670,11.228
16,Puglia,Maschi,77,71324,2443,34.24673,70102,0.9630049,10.563
16,Puglia,Maschi,78,68881,2744,39.84088,67509,0.9582853,9.920
16,Puglia,Maschi,79,66137,2888,43.66621,64693,0.9531171,9.311
16,Puglia,Maschi,80,63249,3178,50.24644,61660,0.9469734,8.713
16,Puglia,Maschi,81,60071,3361,55.95374,58390,0.9411510,8.148
16,Puglia,Maschi,82,56710,3511,61.91580,54954,0.9348980,7.601
16,Puglia,Maschi,83,53198,3644,68.49849,51376,0.9274602,7.070
16,Puglia,Maschi,84,49554,3810,76.87831,47649,0.9192563,6.553
16,Puglia,Maschi,85,45745,3885,84.93109,43802,0.9091845,6.057
16,Puglia,Maschi,86,41860,4071,97.24612,39824,0.8959505,5.572
16,Puglia,Maschi,87,37789,4217,111.58584,35680,0.8808703,5.119
16,Puglia,Maschi,88,33572,4285,127.62100,31430,0.8653139,4.699
16,Puglia,Maschi,89,29288,4182,142.78484,27197,0.8458675,4.313
16,Puglia,Maschi,90,25106,4202,167.37023,23005,0.8244936,3.948
16,Puglia,Maschi,91,20904,3873,185.27800,18967,0.8058628,3.642
16,Puglia,Maschi,92,17031,3492,205.01110,15285,0.7825712,3.356
16,Puglia,Maschi,93,13539,3155,233.04875,11962,0.7592714,3.093
16,Puglia,Maschi,94,10384,2604,250.74217,9082,0.7400869,2.880
16,Puglia,Maschi,95,7780,2117,272.15309,6722,0.7148174,2.677
16,Puglia,Maschi,96,5663,1716,303.08410,4805,0.6914909,2.491
16,Puglia,Maschi,97,3947,1248,316.29334,3322,0.6797794,2.357
16,Puglia,Maschi,98,2698,880,325.96463,2259,0.6678050,2.216
16,Puglia,Maschi,99,1819,621,341.43846,1508,0.6455917,2.046
16,Puglia,Maschi,100,1198,448,374.10261,974,0.6045677,1.848
16,Puglia,Maschi,101,750,322,429.51081,589,0.5582914,1.654
16,Puglia,Maschi,102,428,198,463.08980,329,0.5249908,1.522
16,Puglia,Maschi,103,230,114,497.20909,173,0.4912920,1.404
16,Puglia,Maschi,104,115,61,531.57804,85,0.4574768,1.297
16,Puglia,Maschi,105,54,31,565.88927,39,0.4238345,1.202
16,Puglia,Maschi,106,23,14,599.83738,16,0.3906499,1.116
16,Puglia,Maschi,107,9,6,633.12207,6,0.3581964,1.040
16,Puglia,Maschi,108,3,2,665.46672,2,0.3267246,0.972
16,Puglia,Maschi,109,1,1,696.61725,1,0.2964605,0.912
16,Puglia,Maschi,110,0,0,726.35651,0,0.2675957,0.859
16,Puglia,Maschi,111,0,0,754.50516,0,0.2402868,0.812
16,Puglia,Maschi,112,0,0,780.92769,0,0.2146517,0.770
16,Puglia,Maschi,113,0,0,805.52716,0,0.1907735,0.734
16,Puglia,Maschi,114,0,0,828.24909,0,0.1686984,0.702
16,Puglia,Maschi,115,0,0,849.07416,0,0.1484417,0.673
16,Puglia,Maschi,116,0,0,868.01803,0,0.1299878,0.649
16,Puglia,Maschi,117,0,0,885.12200,0,0.1132984,0.627
16,Puglia,Maschi,118,0,0,900.45188,0,0.0983134,0.609
16,Puglia,Maschi,119,0,0,914.08965,0,0.0849578,0.593
16,Puglia,Femmine,0,100000,264,2.63683,99752,0.9998051,84.837
16,Puglia,Femmine,1,99736,8,0.07784,99732,0.9999256,84.060
16,Puglia,Femmine,2,99729,7,0.07104,99725,0.9999303,83.066
16,Puglia,Femmine,3,99721,7,0.06828,99718,0.9999327,82.072
16,Puglia,Femmine,4,99715,7,0.06635,99711,0.9999352,81.078
16,Puglia,Femmine,5,99708,6,0.06327,99705,0.9999394,80.083
16,Puglia,Femmine,6,99702,6,0.05793,99699,0.9999454,79.088
16,Puglia,Femmine,7,99696,5,0.05134,99693,0.9999495,78.092
16,Puglia,Femmine,8,99691,5,0.04957,99688,0.9999508,77.096
16,Puglia,Femmine,9,99686,5,0.04876,99683,0.9999461,76.100
16,Puglia,Femmine,10,99681,6,0.05895,99678,0.9999330,75.104
16,Puglia,Femmine,11,99675,7,0.07508,99671,0.9999143,74.108
16,Puglia,Femmine,12,99668,10,0.09623,99663,0.9998982,73.114
16,Puglia,Femmine,13,99658,11,0.10737,99653,0.9998927,72.121
16,Puglia,Femmine,14,99647,11,0.10731,99642,0.9998923,71.129
16,Puglia,Femmine,15,99637,11,0.10812,99631,0.9998831,70.136
16,Puglia,Femmine,16,99626,13,0.12567,99620,0.9998616,69.144
16,Puglia,Femmine,17,99613,15,0.15122,99606,0.9998411,68.152
16,Puglia,Femmine,18,99598,17,0.16662,99590,0.9998384,67.162
16,Puglia,Femmine,19,99582,16,0.15658,99574,0.9998537,66.174
16,Puglia,Femmine,20,99566,14,0.13607,99559,0.9998710,65.184
16,Puglia,Femmine,21,99553,12,0.12189,99547,0.9998704,64.193
16,Puglia,Femmine,22,99540,14,0.13724,99534,0.9998441,63.200
16,Puglia,Femmine,23,99527,17,0.17451,99518,0.9998027,62.209
16,Puglia,Femmine,24,99509,22,0.22005,99498,0.9997685,61.220
16,Puglia,Femmine,25,99488,24,0.24298,99475,0.9997531,60.233
16,Puglia,Femmine,26,99463,25,0.25092,99451,0.9997528,59.248
16,Puglia,Femmine,27,99438,24,0.24353,99426,0.9997571,58.262
16,Puglia,Femmine,28,99414,24,0.24218,99402,0.9997587,57.277
16,Puglia,Femmine,29,99390,24,0.24034,99378,0.9997518,56.290
16,Puglia,Femmine,30,99366,25,0.25613,99354,0.9997284,55.304
16,Puglia,Femmine,31,99341,29,0.28715,99327,0.9996958,54.318
16,Puglia,Femmine,32,99312,32,0.32120,99296,0.9996684,53.333
16,Puglia,Femmine,33,99280,34,0.34191,99263,0.9996546,52.350
16,Puglia,Femmine,34,99246,35,0.34880,99229,0.9996493,51.368
16,Puglia,Femmine,35,99212,35,0.35265,99194,0.9996241,50.386
16,Puglia,Femmine,36,99177,40,0.39919,99157,0.9995754,49.403
16,Puglia,Femmine,37,99137,45,0.45008,99115,0.9995217,48.423
16,Puglia,Femmine,38,99093,50,0.50654,99068,0.9994671,47.444
16,Puglia,Femmine,39,99042,55,0.55927,99015,0.9994029,46.468
16,Puglia,Femmine,40,98987,63,0.63490,98956,0.9993279,45.494
16,Puglia,Femmine,41,98924,70,0.70930,98889,0.9992468,44.522
16,Puglia,Femmine,42,98854,79,0.79718,98815,0.9991791,43.554
16,Puglia,Femmine,43,98775,83,0.84474,98733,0.9991033,42.588
16,Puglia,Femmine,44,98692,94,0.94872,98645,0.9989891,41.624
16,Puglia,Femmine,45,98598,106,1.07318,98545,0.9988524,40.663
16,Puglia,Femmine,46,98492,120,1.22213,98432,0.9987331,39.706
16,Puglia,Femmine,47,98372,129,1.31182,98307,0.9986553,38.754
16,Puglia,Femmine,48,98243,135,1.37753,98175,0.9985451,37.804
16,Puglia,Femmine,49,98108,150,1.53228,98032,0.9983839,36.856
16,Puglia,Femmine,50,97957,167,1.70002,97874,0.9982667,35.911
16,Puglia,Femmine,51,97791,173,1.76666,97704,0.9982234,34.972
16,Puglia,Femmine,52,97618,174,1.78651,97531,0.9982147,34.033
16,Puglia,Femmine,53,97444,174,1.78409,97357,0.9981441,33.093
16,Puglia,Femmine,54,97270,188,1.92787,97176,0.9978815,32.151
16,Puglia,Femmine,55,97082,224,2.30957,96970,0.9975478,31.212
16,Puglia,Femmine,56,96858,251,2.59519,96732,0.9973371,30.283
16,Puglia,Femmine,57,96607,264,2.73087,96475,0.9972206,29.361
16,Puglia,Femmine,58,96343,272,2.82808,96207,0.9969879,28.440
16,Puglia,Femmine,59,96070,307,3.19670,95917,0.9965660,27.519
16,Puglia,Femmine,60,95763,352,3.67206,95587,0.9960082,26.606
16,Puglia,Femmine,61,95412,411,4.31279,95206,0.9955615,25.702
16,Puglia,Femmine,62,95000,434,4.56468,94783,0.9953538,24.811
16,Puglia,Femmine,63,94566,447,4.72819,94343,0.9952110,23.922
16,Puglia,Femmine,64,94119,456,4.85004,93891,0.9948886,23.034
16,Puglia,Femmine,65,93663,503,5.37396,93411,0.9944187,22.143
16,Puglia,Femmine,66,93159,539,5.78979,92890,0.9939095,21.260
16,Puglia,Femmine,67,92620,592,6.39306,92324,0.9934936,20.381
16,Puglia,Femmine,68,92028,609,6.62046,91723,0.9930700,19.509
16,Puglia,Femmine,69,91419,662,7.24162,91088,0.9922520,18.636
16,Puglia,Femmine,70,90757,749,8.25816,90382,0.9909486,17.768
16,Puglia,Femmine,71,90007,887,9.85132,89564,0.9894799,16.912
16,Puglia,Femmine,72,89121,998,11.19547,88622,0.9879818,16.075
16,Puglia,Femmine,73,88123,1132,12.85034,87557,0.9864814,15.252
16,Puglia,Femmine,74,86990,1235,14.19549,86373,0.9849895,14.444
16,Puglia,Femmine,75,85755,1358,15.83723,85076,0.9828688,13.644
16,Puglia,Femmine,76,84397,1557,18.44599,83619,0.9800425,12.856
16,Puglia,Femmine,77,82841,1781,21.49742,81950,0.9765303,12.088
16,Puglia,Femmine,78,81060,2066,25.48526,80027,0.9727159,11.343
16,Puglia,Femmine,79,78994,2301,29.12999,77843,0.9685532,10.626
16,Puglia,Femmine,80,76693,2595,33.83307,75395,0.9634602,9.930
16,Puglia,Femmine,81,74098,2915,39.34125,72640,0.9577470,9.260
16,Puglia,Femmine,82,71183,3223,45.28400,69571,0.9516665,8.619
16,Puglia,Femmine,83,67959,3502,51.52762,66209,0.9450898,8.004
16,Puglia,Femmine,84,64458,3769,58.47657,62573,0.9370044,7.412
16,Puglia,Femmine,85,60688,4114,67.79538,58631,0.9266722,6.841
16,Puglia,Femmine,86,56574,4484,79.26256,54332,0.9147527,6.302
16,Puglia,Femmine,87,52090,4779,91.74726,49700,0.9015708,5.802
16,Puglia,Femmine,88,47311,5005,105.78619,44808,0.8868436,5.337
16,Puglia,Femmine,89,42306,5136,121.39841,39738,0.8705747,4.910
16,Puglia,Femmine,90,37170,5150,138.56133,34595,0.8549033,4.519
16,Puglia,Femmine,91,32020,4889,152.68329,29575,0.8403177,4.166
16,Puglia,Femmine,92,27131,4556,167.94240,24853,0.8227971,3.826
16,Puglia,Femmine,93,22574,4251,188.33246,20449,0.8015184,3.497
16,Puglia,Femmine,94,18323,3866,210.98573,16390,0.7784412,3.193
16,Puglia,Femmine,95,14457,3397,234.95907,12759,0.7518920,2.913
16,Puglia,Femmine,96,11060,2934,265.29513,9593,0.7229354,2.654
16,Puglia,Femmine,97,8126,2382,293.08384,6935,0.6954750,2.432
16,Puglia,Femmine,98,5744,1842,320.70965,4823,0.6677848,2.233
16,Puglia,Femmine,99,3902,1362,349.15292,3221,0.6388545,2.051
16,Puglia,Femmine,100,2540,964,379.57173,2058,0.6076577,1.882
16,Puglia,Femmine,101,1576,651,412.92575,1250,0.5750330,1.728
16,Puglia,Femmine,102,925,412,445.47761,719,0.5427104,1.592
16,Puglia,Femmine,103,513,245,478.59076,390,0.5099652,1.469
16,Puglia,Femmine,104,267,137,511.98311,199,0.4770703,1.359
16,Puglia,Femmine,105,131,71,545.36050,95,0.4443043,1.260
16,Puglia,Femmine,106,59,34,578.42842,42,0.4119431,1.171
16,Puglia,Femmine,107,25,15,610.89626,17,0.3802528,1.092
16,Puglia,Femmine,108,10,6,642.49406,7,0.3494777,1.022
16,Puglia,Femmine,109,3,2,672.97853,2,0.3198364,0.959
16,Puglia,Femmine,110,1,1,702.13485,1,0.2915187,0.903
16,Puglia,Femmine,111,0,0,729.78782,0,0.2646779,0.854
16,Puglia,Femmine,112,0,0,755.80341,0,0.2394308,0.811
16,Puglia,Femmine,113,0,0,780.08523,0,0.2158603,0.772
16,Puglia,Femmine,114,0,0,802.57610,0,0.1940144,0.739
16,Puglia,Femmine,115,0,0,823.25555,0,0.1739088,0.709
16,Puglia,Femmine,116,0,0,842.13527,0,0.1555312,0.683
16,Puglia,Femmine,117,0,0,859.25047,0,0.1388478,0.661
16,Puglia,Femmine,118,0,0,874.66377,0,0.1238008,0.641
16,Puglia,Femmine,119,0,0,888.44945,0,0.1103212,0.624
17,Basilicata,Maschi e femmine,0,100000,269,2.69012,99747,0.9997693,82.462
17,Basilicata,Maschi e femmine,1,99731,14,0.14326,99724,0.9998658,81.683
17,Basilicata,Maschi e femmine,2,99717,12,0.12505,99710,0.9998871,80.695
17,Basilicata,Maschi e femmine,3,99704,10,0.10083,99699,0.9999104,79.705
17,Basilicata,Maschi e femmine,4,99694,8,0.07841,99690,0.9999312,78.713
17,Basilicata,Maschi e femmine,5,99686,6,0.05918,99683,0.9999413,77.719
17,Basilicata,Maschi e femmine,6,99680,6,0.05832,99678,0.9999359,76.723
17,Basilicata,Maschi e femmine,7,99675,7,0.06981,99671,0.9999241,75.728
17,Basilicata,Maschi e femmine,8,99668,8,0.08209,99664,0.9999185,74.733
17,Basilicata,Maschi e femmine,9,99660,8,0.08095,99655,0.9999266,73.739
17,Basilicata,Maschi e femmine,10,99651,7,0.06583,99648,0.9999400,72.745
17,Basilicata,Maschi e femmine,11,99645,5,0.05412,99642,0.9999456,71.750
17,Basilicata,Maschi e femmine,12,99639,5,0.05470,99637,0.9999368,70.754
17,Basilicata,Maschi e femmine,13,99634,7,0.07173,99630,0.9999232,69.758
17,Basilicata,Maschi e femmine,14,99627,8,0.08194,99623,0.9999130,68.763
17,Basilicata,Maschi e femmine,15,99619,9,0.09203,99614,0.9998973,67.768
17,Basilicata,Maschi e femmine,16,99610,11,0.11339,99604,0.9998550,66.774
17,Basilicata,Maschi e femmine,17,99598,18,0.17662,99589,0.9997826,65.782
17,Basilicata,Maschi e femmine,18,99581,26,0.25822,99568,0.9997087,64.793
17,Basilicata,Maschi e femmine,19,99555,32,0.32439,99539,0.9996646,63.810
17,Basilicata,Maschi e femmine,20,99523,34,0.34631,99505,0.9996508,62.831
17,Basilicata,Maschi e femmine,21,99488,35,0.35202,99471,0.9996503,61.852
17,Basilicata,Maschi e femmine,22,99453,35,0.34746,99436,0.9996412,60.874
17,Basilicata,Maschi e femmine,23,99419,37,0.37021,99400,0.9996223,59.895
17,Basilicata,Maschi e femmine,24,99382,38,0.38526,99363,0.9996108,58.917
17,Basilicata,Maschi e femmine,25,99344,39,0.39310,99324,0.9996017,57.939
17,Basilicata,Maschi e femmine,26,99304,40,0.40351,99284,0.9995660,56.962
17,Basilicata,Maschi e femmine,27,99264,46,0.46448,99241,0.9995123,55.985
17,Basilicata,Maschi e femmine,28,99218,51,0.51099,99193,0.9994898,55.010
17,Basilicata,Maschi e femmine,29,99168,51,0.50950,99142,0.9995214,54.038
17,Basilicata,Maschi e femmine,30,99117,44,0.44777,99095,0.9995725,53.066
17,Basilicata,Maschi e femmine,31,99073,40,0.40729,99053,0.9995775,52.089
17,Basilicata,Maschi e femmine,32,99032,43,0.43778,99011,0.9994886,51.110
17,Basilicata,Maschi e femmine,33,98989,58,0.58510,98960,0.9993403,50.132
17,Basilicata,Maschi e femmine,34,98931,73,0.73443,98895,0.9992375,49.161
17,Basilicata,Maschi e femmine,35,98858,78,0.79051,98819,0.9992318,48.197
17,Basilicata,Maschi e femmine,36,98780,74,0.74584,98743,0.9992872,47.235
17,Basilicata,Maschi e femmine,37,98707,67,0.67968,98673,0.9993145,46.270
17,Basilicata,Maschi e femmine,38,98640,68,0.69127,98605,0.9992487,45.301
17,Basilicata,Maschi e femmine,39,98571,80,0.81139,98531,0.9991279,44.332
17,Basilicata,Maschi e femmine,40,98491,92,0.93281,98445,0.9990125,43.367
17,Basilicata,Maschi e femmine,41,98399,103,1.04233,98348,0.9988907,42.407
17,Basilicata,Maschi e femmine,42,98297,116,1.17633,98239,0.9987248,41.451
17,Basilicata,Maschi e femmine,43,98181,135,1.37419,98114,0.9985433,40.499
17,Basilicata,Maschi e femmine,44,98046,151,1.53935,97971,0.9983860,39.554
17,Basilicata,Maschi e femmine,45,97895,165,1.68871,97813,0.9982966,38.615
17,Basilicata,Maschi e femmine,46,97730,168,1.71821,97646,0.9982859,37.679
17,Basilicata,Maschi e femmine,47,97562,167,1.70997,97479,0.9982578,36.743
17,Basilicata,Maschi e femmine,48,97395,173,1.77450,97309,0.9981269,35.805
17,Basilicata,Maschi e femmine,49,97223,192,1.97181,97127,0.9979319,34.868
17,Basilicata,Maschi e femmine,50,97031,210,2.16451,96926,0.9976832,33.936
17,Basilicata,Maschi e femmine,51,96821,239,2.46933,96701,0.9974438,33.008
17,Basilicata,Maschi e femmine,52,96582,255,2.64320,96454,0.9973254,32.089
17,Basilicata,Maschi e femmine,53,96326,261,2.70600,96196,0.9971991,31.173
17,Basilicata,Maschi e femmine,54,96066,278,2.89607,95927,0.9968958,30.256
17,Basilicata,Maschi e femmine,55,95788,317,3.31295,95629,0.9964486,29.342
17,Basilicata,Maschi e femmine,56,95470,362,3.79068,95289,0.9960262,28.438
17,Basilicata,Maschi e femmine,57,95108,395,4.15765,94911,0.9957766,27.544
17,Basilicata,Maschi e femmine,58,94713,406,4.28952,94510,0.9955933,26.657
17,Basilicata,Maschi e femmine,59,94307,427,4.52444,94093,0.9953155,25.770
17,Basilicata,Maschi e femmine,60,93880,455,4.84537,93652,0.9948477,24.885
17,Basilicata,Maschi e femmine,61,93425,510,5.46073,93170,0.9940444,24.004
17,Basilicata,Maschi e femmine,62,92915,600,6.45327,92615,0.9932350,23.133
17,Basilicata,Maschi e femmine,63,92315,653,7.07876,91989,0.9927636,22.280
17,Basilicata,Maschi e femmine,64,91662,678,7.39515,91323,0.9923812,21.435
17,Basilicata,Maschi e femmine,65,90984,714,7.84416,90627,0.9917750,20.591
17,Basilicata,Maschi e femmine,66,90270,777,8.60889,89882,0.9908797,19.750
17,Basilicata,Maschi e femmine,67,89493,862,9.63607,89062,0.9897793,18.917
17,Basilicata,Maschi e femmine,68,88631,958,10.81100,88152,0.9886634,18.096
17,Basilicata,Maschi e femmine,69,87673,1040,11.86802,87152,0.9877589,17.288
17,Basilicata,Maschi e femmine,70,86632,1093,12.61872,86085,0.9867864,16.490
17,Basilicata,Maschi e femmine,71,85539,1182,13.81618,84948,0.9853885,15.694
17,Basilicata,Maschi e femmine,72,84357,1301,15.41796,83707,0.9836759,14.907
17,Basilicata,Maschi e femmine,73,83056,1432,17.24436,82340,0.9818441,14.133
17,Basilicata,Maschi e femmine,74,81624,1558,19.08345,80845,0.9799142,13.372
17,Basilicata,Maschi e femmine,75,80067,1690,21.10764,79222,0.9776102,12.623
17,Basilicata,Maschi e femmine,76,78377,1857,23.69952,77448,0.9738143,11.884
17,Basilicata,Maschi e femmine,77,76519,2199,28.73231,75420,0.9689895,11.160
17,Basilicata,Maschi e femmine,78,74320,2479,33.35606,73081,0.9644124,10.476
17,Basilicata,Maschi e femmine,79,71841,2723,37.89609,70480,0.9590165,9.820
17,Basilicata,Maschi e femmine,80,69119,3055,44.19251,67592,0.9526506,9.187
17,Basilicata,Maschi e femmine,81,66064,3346,50.65230,64391,0.9466707,8.589
17,Basilicata,Maschi e femmine,82,62718,3522,56.14910,60957,0.9406940,8.020
17,Basilicata,Maschi e femmine,83,59197,3709,62.65068,57342,0.9344619,7.468
17,Basilicata,Maschi e femmine,84,55488,3807,68.61845,53584,0.9274221,6.933
17,Basilicata,Maschi e femmine,85,51680,3971,76.82907,49695,0.9167161,6.407
17,Basilicata,Maschi e femmine,86,47710,4307,90.27584,45556,0.9012843,5.899
17,Basilicata,Maschi e femmine,87,43403,4687,107.99318,41059,0.8846298,5.435
17,Basilicata,Maschi e femmine,88,38716,4787,123.64038,36322,0.8714913,5.032
17,Basilicata,Maschi e femmine,89,33929,4549,134.06393,31654,0.8579912,4.671
17,Basilicata,Maschi e femmine,90,29380,4442,151.18364,27159,0.8392956,4.317
17,Basilicata,Maschi e femmine,91,24938,4287,171.92085,22795,0.8205981,3.997
17,Basilicata,Maschi e femmine,92,20651,3891,188.43605,18705,0.8043388,3.723
17,Basilicata,Maschi e femmine,93,16760,3428,204.56398,15045,0.7865581,3.471
17,Basilicata,Maschi e femmine,94,13331,2994,224.60301,11834,0.7700015,3.236
17,Basilicata,Maschi e femmine,95,10337,2449,236.95686,9112,0.7559792,3.028
17,Basilicata,Maschi e femmine,96,7888,1998,253.27833,6889,0.7376009,2.813
17,Basilicata,Maschi e femmine,97,5890,1617,274.61358,5081,0.7151447,2.598
17,Basilicata,Maschi e femmine,98,4272,1277,298.97423,3634,0.6899391,2.392
17,Basilicata,Maschi e femmine,99,2995,976,325.87576,2507,0.6622200,2.198
17,Basilicata,Maschi e femmine,100,2019,718,355.43881,1660,0.6325787,2.019
17,Basilicata,Maschi e femmine,101,1301,502,386.01148,1050,0.6020169,1.857
17,Basilicata,Maschi e femmine,102,799,334,417.48134,632,0.5706817,1.710
17,Basilicata,Maschi e femmine,103,465,209,449.63873,361,0.5387927,1.578
17,Basilicata,Maschi e femmine,104,256,124,482.22733,194,0.5066006,1.458
17,Basilicata,Maschi e femmine,105,133,68,514.97658,98,0.4743636,1.351
17,Basilicata,Maschi e femmine,106,64,35,547.61437,47,0.4423385,1.255
17,Basilicata,Maschi e femmine,107,29,17,579.87060,21,0.4107742,1.169
17,Basilicata,Maschi e femmine,108,12,7,611.49325,8,0.3799002,1.092
17,Basilicata,Maschi e femmine,109,5,3,642.25278,3,0.3499234,1.023
17,Basilicata,Maschi e femmine,110,2,1,671.94629,1,0.3210236,0.962
17,Basilicata,Maschi e femmine,111,1,0,700.40608,0,0.2933475,0.907
17,Basilicata,Maschi e femmine,112,0,0,727.50208,0,0.2670081,0.858
17,Basilicata,Maschi e femmine,113,0,0,753.13815,0,0.2420872,0.815
17,Basilicata,Maschi e femmine,114,0,0,777.25395,0,0.2186349,0.777
17,Basilicata,Maschi e femmine,115,0,0,799.82192,0,0.1966719,0.743
17,Basilicata,Maschi e femmine,116,0,0,820.84355,0,0.1761941,0.712
17,Basilicata,Maschi e femmine,117,0,0,840.34103,0,0.1571781,0.685
17,Basilicata,Maschi e femmine,118,0,0,858.36077,0,0.1395799,0.662
17,Basilicata,Maschi e femmine,119,0,0,874.95922,0,0.1233459,0.640
17,Basilicata,Maschi,0,100000,356,3.56270,99665,0.9997596,80.337
17,Basilicata,Maschi,1,99644,6,0.05894,99641,0.9999423,79.622
17,Basilicata,Maschi,2,99638,6,0.05647,99635,0.9999444,78.627
17,Basilicata,Maschi,3,99632,5,0.05478,99630,0.9999459,77.631
17,Basilicata,Maschi,4,99627,5,0.05342,99624,0.9999474,76.635
17,Basilicata,Maschi,5,99621,5,0.05184,99619,0.9999487,75.639
17,Basilicata,Maschi,6,99616,5,0.05073,99614,0.9999499,74.643
17,Basilicata,Maschi,7,99611,5,0.04953,99609,0.9999509,73.647
17,Basilicata,Maschi,8,99606,5,0.04865,99604,0.9999519,72.651
17,Basilicata,Maschi,9,99601,5,0.04750,99599,0.9999545,71.654
17,Basilicata,Maschi,10,99597,4,0.04342,99595,0.9999565,70.658
17,Basilicata,Maschi,11,99592,4,0.04365,99590,0.9999518,69.661
17,Basilicata,Maschi,12,99588,5,0.05281,99585,0.9999361,68.664
17,Basilicata,Maschi,13,99583,7,0.07492,99579,0.9999173,67.667
17,Basilicata,Maschi,14,99575,9,0.09048,99571,0.9998978,66.672
17,Basilicata,Maschi,15,99566,11,0.11388,99561,0.9998633,65.678
17,Basilicata,Maschi,16,99555,16,0.15960,99547,0.9997845,64.686
17,Basilicata,Maschi,17,99539,27,0.27143,99526,0.9996567,63.696
17,Basilicata,Maschi,18,99512,41,0.41515,99491,0.9995329,62.713
17,Basilicata,Maschi,19,99471,52,0.51912,99445,0.9994705,61.739
17,Basilicata,Maschi,20,99419,54,0.53988,99392,0.9994710,60.771
17,Basilicata,Maschi,21,99365,51,0.51802,99340,0.9995012,59.803
17,Basilicata,Maschi,22,99314,48,0.47961,99290,0.9995161,58.834
17,Basilicata,Maschi,23,99266,48,0.48827,99242,0.9995089,57.862
17,Basilicata,Maschi,24,99218,49,0.49384,99193,0.9995087,56.890
17,Basilicata,Maschi,25,99169,48,0.48883,99145,0.9995060,55.918
17,Basilicata,Maschi,26,99120,49,0.49922,99096,0.9994535,54.945
17,Basilicata,Maschi,27,99071,59,0.59377,99042,0.9993694,53.972
17,Basilicata,Maschi,28,99012,66,0.66746,98979,0.9993274,53.004
17,Basilicata,Maschi,29,98946,67,0.67766,98912,0.9993746,52.039
17,Basilicata,Maschi,30,98879,57,0.57301,98851,0.9994670,51.074
17,Basilicata,Maschi,31,98822,49,0.49306,98798,0.9994914,50.103
17,Basilicata,Maschi,32,98774,52,0.52413,98748,0.9993683,49.128
17,Basilicata,Maschi,33,98722,73,0.73926,98685,0.9991441,48.153
17,Basilicata,Maschi,34,98649,96,0.97268,98601,0.9989697,47.188
17,Basilicata,Maschi,35,98553,107,1.08790,98499,0.9989424,46.234
17,Basilicata,Maschi,36,98446,101,1.02717,98395,0.9990439,45.284
17,Basilicata,Maschi,37,98345,87,0.88502,98301,0.9991565,44.330
17,Basilicata,Maschi,38,98257,79,0.80201,98218,0.9991379,43.368
17,Basilicata,Maschi,39,98179,91,0.92214,98133,0.9989873,42.403
17,Basilicata,Maschi,40,98088,108,1.10340,98034,0.9988025,41.442
17,Basilicata,Maschi,41,97980,127,1.29161,97917,0.9986050,40.487
17,Basilicata,Maschi,42,97853,147,1.49844,97780,0.9983803,39.538
17,Basilicata,Maschi,43,97707,170,1.74106,97622,0.9981902,38.597
17,Basilicata,Maschi,44,97537,183,1.87857,97445,0.9980339,37.663
17,Basilicata,Maschi,45,97353,200,2.05374,97253,0.9979077,36.733
17,Basilicata,Maschi,46,97153,207,2.13086,97050,0.9978855,35.808
17,Basilicata,Maschi,47,96946,203,2.09809,96845,0.9979176,34.883
17,Basilicata,Maschi,48,96743,200,2.06674,96643,0.9978863,33.956
17,Basilicata,Maschi,49,96543,209,2.16079,96439,0.9977626,33.025
17,Basilicata,Maschi,50,96334,223,2.31426,96223,0.9973811,32.095
17,Basilicata,Maschi,51,96112,281,2.92428,95971,0.9968062,31.169
17,Basilicata,Maschi,52,95830,332,3.46405,95665,0.9963588,30.259
17,Basilicata,Maschi,53,95499,365,3.81906,95316,0.9960141,29.362
17,Basilicata,Maschi,54,95134,395,4.15345,94936,0.9956483,28.473
17,Basilicata,Maschi,55,94739,431,4.55082,94523,0.9953394,27.589
17,Basilicata,Maschi,56,94308,450,4.77088,94083,0.9951636,26.713
17,Basilicata,Maschi,57,93858,460,4.90217,93628,0.9951820,25.839
17,Basilicata,Maschi,58,93398,442,4.73335,93176,0.9952573,24.964
17,Basilicata,Maschi,59,92955,442,4.75207,92735,0.9950825,24.080
17,Basilicata,Maschi,60,92514,470,5.08378,92279,0.9944063,23.193
17,Basilicata,Maschi,61,92043,562,6.10621,91762,0.9929183,22.309
17,Basilicata,Maschi,62,91481,738,8.06313,91113,0.9911009,21.443
17,Basilicata,Maschi,63,90744,884,9.74184,90302,0.9897060,20.613
17,Basilicata,Maschi,64,89860,975,10.85151,89372,0.9888387,19.811
17,Basilicata,Maschi,65,88885,1020,11.47453,88375,0.9881392,19.023
17,Basilicata,Maschi,66,87865,1076,12.25152,87326,0.9876154,18.238
17,Basilicata,Maschi,67,86788,1087,12.51939,86245,0.9869114,17.458
17,Basilicata,Maschi,68,85702,1171,13.66496,85116,0.9856746,16.673
17,Basilicata,Maschi,69,84531,1268,14.99496,83897,0.9843521,15.897
17,Basilicata,Maschi,70,83263,1358,16.31078,82584,0.9825569,15.131
17,Basilicata,Maschi,71,81905,1523,18.59410,81143,0.9800928,14.374
17,Basilicata,Maschi,72,80382,1708,21.24519,79528,0.9780107,13.636
17,Basilicata,Maschi,73,78674,1790,22.74954,77779,0.9761489,12.922
17,Basilicata,Maschi,74,76884,1920,24.97826,75924,0.9737415,12.211
17,Basilicata,Maschi,75,74964,2067,27.57160,73931,0.9707627,11.511
17,Basilicata,Maschi,76,72897,2256,30.95023,71769,0.9652915,10.823
17,Basilicata,Maschi,77,70641,2726,38.58683,69278,0.9583036,10.153
17,Basilicata,Maschi,78,67915,3051,44.93078,66389,0.9529045,9.540
17,Basilicata,Maschi,79,64864,3202,49.36197,63263,0.9478414,8.965
17,Basilicata,Maschi,80,61662,3398,55.10047,59963,0.9423834,8.405
17,Basilicata,Maschi,81,58264,3512,60.27937,56508,0.9377499,7.866
17,Basilicata,Maschi,82,54752,3523,64.34730,52991,0.9327353,7.338
17,Basilicata,Maschi,83,51229,3606,70.38265,49426,0.9266314,6.809
17,Basilicata,Maschi,84,47623,3647,76.58068,45800,0.9183449,6.286
17,Basilicata,Maschi,85,43976,3833,87.15042,42060,0.9037712,5.766
17,Basilicata,Maschi,86,40144,4262,106.17390,38013,0.8806540,5.269
17,Basilicata,Maschi,87,35882,4811,134.08268,33476,0.8567272,4.835
17,Basilicata,Maschi,88,31070,4781,153.88599,28680,0.8427406,4.507
17,Basilicata,Maschi,89,26289,4239,161.24624,24170,0.8327803,4.235
17,Basilicata,Maschi,90,22050,3844,174.34158,20128,0.8186042,3.954
17,Basilicata,Maschi,91,18206,3458,189.93965,16477,0.8013506,3.683
17,Basilicata,Maschi,92,14748,3088,209.40142,13204,0.7805182,3.429
17,Basilicata,Maschi,93,11660,2708,232.23213,10306,0.7644267,3.205
17,Basilicata,Maschi,94,8952,2148,239.92513,7878,0.7521975,3.023
17,Basilicata,Maschi,95,6804,1757,258.16651,5926,0.7348805,2.820
17,Basilicata,Maschi,96,5048,1386,274.49215,4355,0.7162331,2.627
17,Basilicata,Maschi,97,3662,1086,296.55071,3119,0.6931572,2.432
17,Basilicata,Maschi,98,2576,828,321.47380,2162,0.6680794,2.246
17,Basilicata,Maschi,99,1748,607,347.31689,1444,0.6412049,2.073
17,Basilicata,Maschi,100,1141,429,376.38122,926,0.6124368,1.910
17,Basilicata,Maschi,101,711,288,405.49408,567,0.5824043,1.761
17,Basilicata,Maschi,102,423,185,437.95149,330,0.5501457,1.622
17,Basilicata,Maschi,103,238,112,471.03180,182,0.5174025,1.496
17,Basilicata,Maschi,104,126,63,504.46214,94,0.4844413,1.382
17,Basilicata,Maschi,105,62,34,537.95181,46,0.4515377,1.281
17,Basilicata,Maschi,106,29,16,571.21002,21,0.4189648,1.190
17,Basilicata,Maschi,107,12,7,603.94879,9,0.3869866,1.108
17,Basilicata,Maschi,108,5,3,635.90081,3,0.3558468,1.036
17,Basilicata,Maschi,109,2,1,666.81849,1,0.3257667,0.971
17,Basilicata,Maschi,110,1,0,696.48797,0,0.2969361,0.914
17,Basilicata,Maschi,111,0,0,724.73022,0,0.2695115,0.863
17,Basilicata,Maschi,112,0,0,751.40721,0,0.2436134,0.818
17,Basilicata,Maschi,113,0,0,776.41711,0,0.2193287,0.778
17,Basilicata,Maschi,114,0,0,799.69844,0,0.1967096,0.743
17,Basilicata,Maschi,115,0,0,821.22333,0,0.1757776,0.712
17,Basilicata,Maschi,116,0,0,840.99763,0,0.1565255,0.685
17,Basilicata,Maschi,117,0,0,859.05217,0,0.1389231,0.661
17,Basilicata,Maschi,118,0,0,875.44181,0,0.1229194,0.640
17,Basilicata,Maschi,119,0,0,890.23762,0,0.1084483,0.621
17,Basilicata,Femmine,0,100000,177,1.77112,99833,0.9997793,84.690
17,Basilicata,Femmine,1,99823,23,0.23206,99811,0.9997853,83.839
17,Basilicata,Femmine,2,99800,20,0.19728,99790,0.9998267,82.858
17,Basilicata,Femmine,3,99780,15,0.14934,99773,0.9998730,81.875
17,Basilicata,Femmine,4,99765,10,0.10474,99760,0.9999142,80.887
17,Basilicata,Femmine,5,99755,7,0.06691,99751,0.9999334,79.895
17,Basilicata,Femmine,6,99748,7,0.06630,99745,0.9999213,78.900
17,Basilicata,Femmine,7,99741,9,0.09117,99737,0.9998958,77.906
17,Basilicata,Femmine,8,99732,12,0.11733,99726,0.9998832,76.913
17,Basilicata,Femmine,9,99721,12,0.11619,99715,0.9998972,75.922
17,Basilicata,Femmine,10,99709,9,0.08944,99705,0.9999227,74.930
17,Basilicata,Femmine,11,99700,6,0.06515,99697,0.9999391,73.937
17,Basilicata,Femmine,12,99694,6,0.05670,99691,0.9999375,72.942
17,Basilicata,Femmine,13,99688,7,0.06837,99685,0.9999293,71.946
17,Basilicata,Femmine,14,99681,7,0.07293,99677,0.9999290,70.951
17,Basilicata,Femmine,15,99674,7,0.06900,99670,0.9999332,69.956
17,Basilicata,Femmine,16,99667,6,0.06469,99664,0.9999293,68.961
17,Basilicata,Femmine,17,99661,8,0.07672,99657,0.9999152,67.965
17,Basilicata,Femmine,18,99653,9,0.09291,99648,0.9998939,66.970
17,Basilicata,Femmine,19,99644,12,0.11935,99638,0.9998690,65.977
17,Basilicata,Femmine,20,99632,14,0.14258,99625,0.9998400,64.984
17,Basilicata,Femmine,21,99618,18,0.17736,99609,0.9998071,63.994
17,Basilicata,Femmine,22,99600,21,0.20847,99589,0.9997727,63.005
17,Basilicata,Femmine,23,99579,25,0.24606,99567,0.9997414,62.018
17,Basilicata,Femmine,24,99555,27,0.27110,99541,0.9997182,61.033
17,Basilicata,Femmine,25,99528,29,0.29247,99513,0.9997023,60.049
17,Basilicata,Femmine,26,99499,30,0.30293,99483,0.9996842,59.067
17,Basilicata,Femmine,27,99468,33,0.32865,99452,0.9996624,58.085
17,Basilicata,Femmine,28,99436,34,0.34664,99418,0.9996602,57.104
17,Basilicata,Femmine,29,99401,33,0.33293,99385,0.9996754,56.123
17,Basilicata,Femmine,30,99368,31,0.31631,99352,0.9996832,55.142
17,Basilicata,Femmine,31,99337,32,0.31728,99321,0.9996678,54.159
17,Basilicata,Femmine,32,99305,34,0.34717,99288,0.9996147,53.176
17,Basilicata,Femmine,33,99271,42,0.42339,99250,0.9995460,52.194
17,Basilicata,Femmine,34,99229,48,0.48461,99205,0.9995183,51.216
17,Basilicata,Femmine,35,99181,47,0.47883,99157,0.9995350,50.241
17,Basilicata,Femmine,36,99133,45,0.45119,99111,0.9995420,49.265
17,Basilicata,Femmine,37,99088,46,0.46472,99065,0.9994800,48.287
17,Basilicata,Femmine,38,99042,57,0.57538,99014,0.9993646,47.309
17,Basilicata,Femmine,39,98985,69,0.69552,98951,0.9992751,46.336
17,Basilicata,Femmine,40,98916,75,0.75437,98879,0.9992320,45.368
17,Basilicata,Femmine,41,98842,77,0.78170,98803,0.9991893,44.402
17,Basilicata,Femmine,42,98765,83,0.83976,98723,0.9990846,43.436
17,Basilicata,Femmine,43,98682,98,0.99110,98633,0.9989118,42.472
17,Basilicata,Femmine,44,98584,117,1.18539,98525,0.9987533,41.514
17,Basilicata,Femmine,45,98467,129,1.30810,98403,0.9987018,40.562
17,Basilicata,Femmine,46,98338,127,1.28829,98275,0.9987029,39.615
17,Basilicata,Femmine,47,98211,128,1.30594,98147,0.9986118,38.665
17,Basilicata,Femmine,48,98083,144,1.47049,98011,0.9983772,37.715
17,Basilicata,Femmine,49,97939,174,1.77532,97852,0.9981080,36.770
17,Basilicata,Femmine,50,97765,196,2.00885,97667,0.9979972,35.835
17,Basilicata,Femmine,51,97569,195,1.99673,97471,0.9981057,34.906
17,Basilicata,Femmine,52,97374,174,1.79165,97287,0.9983273,33.974
17,Basilicata,Femmine,53,97199,151,1.55358,97124,0.9984245,33.035
17,Basilicata,Femmine,54,97048,155,1.59736,96971,0.9981827,32.085
17,Basilicata,Femmine,55,96893,197,2.03764,96795,0.9975900,31.136
17,Basilicata,Femmine,56,96696,269,2.78311,96561,0.9969120,30.198
17,Basilicata,Femmine,57,96427,327,3.39368,96263,0.9963862,29.281
17,Basilicata,Femmine,58,96100,369,3.83466,95915,0.9959375,28.379
17,Basilicata,Femmine,59,95731,411,4.29130,95526,0.9955540,27.486
17,Basilicata,Femmine,60,95320,439,4.60131,95101,0.9952993,26.603
17,Basilicata,Femmine,61,94882,455,4.80054,94654,0.9951945,25.723
17,Basilicata,Femmine,62,94426,454,4.81053,94199,0.9954077,24.845
17,Basilicata,Femmine,63,93972,411,4.37304,93767,0.9958604,23.963
17,Basilicata,Femmine,64,93561,365,3.90514,93378,0.9959454,23.066
17,Basilicata,Femmine,65,93196,392,4.20460,93000,0.9954067,22.154
17,Basilicata,Femmine,66,92804,463,4.98369,92573,0.9941177,21.246
17,Basilicata,Femmine,67,92341,627,6.78533,92028,0.9926067,20.350
17,Basilicata,Femmine,68,91715,734,8.00547,91348,0.9915926,19.485
17,Basilicata,Femmine,69,90981,802,8.81249,90580,0.9910765,18.638
17,Basilicata,Femmine,70,90179,815,9.03545,89771,0.9908737,17.800
17,Basilicata,Femmine,71,89364,824,9.21798,88952,0.9904582,16.957
17,Basilicata,Femmine,72,88540,874,9.86860,88103,0.9890411,16.111
17,Basilicata,Femmine,73,87666,1057,12.06017,87138,0.9871774,15.266
17,Basilicata,Femmine,74,86609,1177,13.59434,86020,0.9856276,14.446
17,Basilicata,Femmine,75,85432,1295,15.16115,84784,0.9838678,13.639
17,Basilicata,Femmine,76,84137,1440,17.11812,83416,0.9814856,12.841
17,Basilicata,Femmine,77,82696,1649,19.93504,81872,0.9784312,12.056
17,Basilicata,Femmine,78,81048,1883,23.23569,80106,0.9743648,11.291
17,Basilicata,Femmine,79,79165,2224,28.09169,78053,0.9684719,10.548
17,Basilicata,Femmine,80,76941,2698,35.06387,75592,0.9611602,9.838
17,Basilicata,Femmine,81,74243,3174,42.75301,72656,0.9539294,9.177
17,Basilicata,Femmine,82,71069,3520,49.53633,69308,0.9470662,8.565
17,Basilicata,Femmine,83,67548,3817,56.50835,65640,0.9406376,7.985
17,Basilicata,Femmine,84,63731,3976,62.38739,61743,0.9344654,7.434
17,Basilicata,Femmine,85,59755,4117,68.89115,57697,0.9265483,6.895
17,Basilicata,Femmine,86,55639,4359,78.34958,53459,0.9164531,6.368
17,Basilicata,Femmine,87,51279,4573,89.18610,48993,0.9042375,5.867
17,Basilicata,Femmine,88,46706,4810,102.98288,44301,0.8906270,5.392
17,Basilicata,Femmine,89,41896,4881,116.49684,39456,0.8739223,4.954
17,Basilicata,Femmine,90,37015,5068,136.92194,34481,0.8518049,4.541
17,Basilicata,Femmine,91,31947,5152,161.25658,29371,0.8317983,4.182
17,Basilicata,Femmine,92,26795,4729,176.48209,24431,0.8176369,3.890
17,Basilicata,Femmine,93,22066,4182,189.50442,19976,0.7983579,3.617
17,Basilicata,Femmine,94,17885,3874,216.61775,15948,0.7791356,3.346
17,Basilicata,Femmine,95,14011,3170,226.28542,12425,0.7664044,3.133
17,Basilicata,Femmine,96,10840,2635,243.04383,9523,0.7477225,2.903
17,Basilicata,Femmine,97,8206,2170,264.47583,7120,0.7251159,2.674
17,Basilicata,Femmine,98,6035,1744,289.03482,5163,0.6994160,2.456
17,Basilicata,Femmine,99,4291,1359,316.82831,3611,0.6709282,2.251
17,Basilicata,Femmine,100,2931,1017,346.99330,2423,0.6405604,2.063
17,Basilicata,Femmine,101,1914,725,378.49962,1552,0.6094501,1.894
17,Basilicata,Femmine,102,1190,488,409.93897,946,0.5781123,1.743
17,Basilicata,Femmine,103,702,310,442.13762,547,0.5461513,1.607
17,Basilicata,Femmine,104,392,186,474.84146,299,0.5138164,1.484
17,Basilicata,Femmine,105,206,104,507.78108,153,0.4813662,1.373
17,Basilicata,Femmine,106,101,55,540.68248,74,0.4490603,1.274
17,Basilicata,Femmine,107,46,27,573.27102,33,0.4171531,1.185
17,Basilicata,Femmine,108,20,12,605.28717,14,0.3858815,1.106
17,Basilicata,Femmine,109,8,5,636.49266,5,0.3554615,1.035
17,Basilicata,Femmine,110,3,2,666.67253,2,0.3260841,0.972
17,Basilicata,Femmine,111,1,1,695.64630,1,0.2979080,0.916
17,Basilicata,Femmine,112,0,0,723.27018,0,0.2710588,0.866
17,Basilicata,Femmine,113,0,0,749.43436,0,0.2456305,0.821
17,Basilicata,Femmine,114,0,0,774.06532,0,0.2216851,0.782
17,Basilicata,Femmine,115,0,0,797.12402,0,0.1992535,0.747
17,Basilicata,Femmine,116,0,0,818.60222,0,0.1783403,0.715
17,Basilicata,Femmine,117,0,0,838.51470,0,0.1589286,0.688
17,Basilicata,Femmine,118,0,0,856.90342,0,0.1409786,0.663
17,Basilicata,Femmine,119,0,0,873.82266,0,0.1244382,0.642
18,Calabria,Maschi e femmine,0,100000,328,3.27526,99692,0.9997186,81.891
18,Calabria,Maschi e femmine,1,99672,17,0.17524,99664,0.9998459,81.158
18,Calabria,Maschi e femmine,2,99655,13,0.13287,99648,0.9998864,80.173
18,Calabria,Maschi e femmine,3,99642,9,0.09427,99637,0.9999209,79.183
18,Calabria,Maschi e femmine,4,99632,6,0.06401,99629,0.9999463,78.191
18,Calabria,Maschi e femmine,5,99626,4,0.04345,99624,0.9999590,77.195
18,Calabria,Maschi e femmine,6,99622,4,0.03862,99620,0.9999554,76.199
18,Calabria,Maschi e femmine,7,99618,5,0.05059,99615,0.9999369,75.202
18,Calabria,Maschi e femmine,8,99613,8,0.07558,99609,0.9999149,74.206
18,Calabria,Maschi e femmine,9,99605,9,0.09452,99601,0.9999005,73.211
18,Calabria,Maschi e femmine,10,99596,10,0.10453,99591,0.9998961,72.218
18,Calabria,Maschi e femmine,11,99585,10,0.10337,99580,0.9998996,71.225
18,Calabria,Maschi e femmine,12,99575,10,0.09741,99570,0.9998999,70.233
18,Calabria,Maschi e femmine,13,99565,10,0.10277,99560,0.9998856,69.240
18,Calabria,Maschi e femmine,14,99555,13,0.12605,99549,0.9998537,68.247
18,Calabria,Maschi e femmine,15,99543,17,0.16649,99534,0.9998125,67.255
18,Calabria,Maschi e femmine,16,99526,21,0.20848,99516,0.9997768,66.266
18,Calabria,Maschi e femmine,17,99505,24,0.23801,99493,0.9997551,65.280
18,Calabria,Maschi e femmine,18,99482,25,0.25170,99469,0.9997416,64.295
18,Calabria,Maschi e femmine,19,99457,26,0.26514,99443,0.9997288,63.311
18,Calabria,Maschi e femmine,20,99430,28,0.27732,99416,0.9997188,62.328
18,Calabria,Maschi e femmine,21,99403,28,0.28508,99388,0.9997113,61.345
18,Calabria,Maschi e femmine,22,99374,29,0.29233,99360,0.9996985,60.363
18,Calabria,Maschi e femmine,23,99345,31,0.31064,99330,0.9996684,59.380
18,Calabria,Maschi e femmine,24,99314,35,0.35264,99297,0.9996201,58.398
18,Calabria,Maschi e femmine,25,99279,40,0.40709,99259,0.9995695,57.419
18,Calabria,Maschi e femmine,26,99239,45,0.45393,99216,0.9995377,56.442
18,Calabria,Maschi e femmine,27,99194,47,0.47063,99171,0.9995338,55.467
18,Calabria,Maschi e femmine,28,99147,46,0.46179,99124,0.9995487,54.493
18,Calabria,Maschi e femmine,29,99101,44,0.44087,99080,0.9995635,53.518
18,Calabria,Maschi e femmine,30,99058,43,0.43208,99036,0.9995636,52.542
18,Calabria,Maschi e femmine,31,99015,44,0.44070,98993,0.9995326,51.564
18,Calabria,Maschi e femmine,32,98971,49,0.49419,98947,0.9994827,50.587
18,Calabria,Maschi e femmine,33,98922,53,0.54032,98896,0.9994355,49.611
18,Calabria,Maschi e femmine,34,98869,58,0.58874,98840,0.9993952,48.638
18,Calabria,Maschi e femmine,35,98811,61,0.62089,98780,0.9993549,47.666
18,Calabria,Maschi e femmine,36,98749,66,0.66934,98716,0.9992943,46.696
18,Calabria,Maschi e femmine,37,98683,73,0.74206,98647,0.9992247,45.727
18,Calabria,Maschi e femmine,38,98610,80,0.80853,98570,0.9991672,44.760
18,Calabria,Maschi e femmine,39,98530,84,0.85706,98488,0.9991235,43.796
18,Calabria,Maschi e femmine,40,98446,88,0.89599,98402,0.9990701,42.833
18,Calabria,Maschi e femmine,41,98358,95,0.96377,98310,0.9989671,41.871
18,Calabria,Maschi e femmine,42,98263,108,1.10203,98209,0.9988195,40.911
18,Calabria,Maschi e femmine,43,98155,124,1.25905,98093,0.9986628,39.956
18,Calabria,Maschi e femmine,44,98031,139,1.41544,97962,0.9985099,39.005
18,Calabria,Maschi e femmine,45,97892,153,1.56486,97816,0.9983328,38.060
18,Calabria,Maschi e femmine,46,97739,173,1.76978,97653,0.9981346,37.119
18,Calabria,Maschi e femmine,47,97566,191,1.96126,97470,0.9979146,36.184
18,Calabria,Maschi e femmine,48,97375,215,2.20988,97267,0.9977055,35.254
18,Calabria,Maschi e femmine,49,97160,231,2.37938,97044,0.9975246,34.331
18,Calabria,Maschi e femmine,50,96928,249,2.57173,96804,0.9973426,33.411
18,Calabria,Maschi e femmine,51,96679,265,2.74323,96547,0.9970987,32.496
18,Calabria,Maschi e femmine,52,96414,295,3.05982,96266,0.9968278,31.584
18,Calabria,Maschi e femmine,53,96119,316,3.28488,95961,0.9965569,30.680
18,Calabria,Maschi e femmine,54,95803,345,3.60180,95631,0.9962784,29.779
18,Calabria,Maschi e femmine,55,95458,367,3.84193,95275,0.9959433,28.885
18,Calabria,Maschi e femmine,56,95091,406,4.27227,94888,0.9955550,27.995
18,Calabria,Maschi e femmine,57,94685,437,4.61857,94466,0.9951839,27.113
18,Calabria,Maschi e femmine,58,94248,473,5.01463,94011,0.9949374,26.236
18,Calabria,Maschi e femmine,59,93775,479,5.11085,93536,0.9947725,25.366
18,Calabria,Maschi e femmine,60,93296,499,5.34468,93047,0.9945072,24.493
18,Calabria,Maschi e femmine,61,92797,524,5.64167,92536,0.9939992,23.622
18,Calabria,Maschi e femmine,62,92274,587,6.36189,91980,0.9931278,22.754
18,Calabria,Maschi e femmine,63,91687,677,7.38573,91348,0.9920314,21.896
18,Calabria,Maschi e femmine,64,91010,779,8.55575,90620,0.9910232,21.055
18,Calabria,Maschi e femmine,65,90231,848,9.40143,89807,0.9903193,20.233
18,Calabria,Maschi e femmine,66,89383,890,9.96258,88937,0.9896640,19.420
18,Calabria,Maschi e femmine,67,88492,948,10.71314,88018,0.9887581,18.610
18,Calabria,Maschi e femmine,68,87544,1031,11.77629,87029,0.9875759,17.806
18,Calabria,Maschi e femmine,69,86513,1132,13.07954,85947,0.9860351,17.013
18,Calabria,Maschi e femmine,70,85382,1269,14.86199,84747,0.9842821,16.231
18,Calabria,Maschi e femmine,71,84113,1395,16.58674,83415,0.9828116,15.469
18,Calabria,Maschi e femmine,72,82717,1472,17.80015,81981,0.9813449,14.721
18,Calabria,Maschi e femmine,73,81245,1586,19.52556,80452,0.9792964,13.979
18,Calabria,Maschi e femmine,74,79659,1745,21.90504,78786,0.9773284,13.247
18,Calabria,Maschi e femmine,75,77914,1827,23.45536,77000,0.9753619,12.533
18,Calabria,Maschi e femmine,76,76086,1967,25.84916,75103,0.9726830,11.822
18,Calabria,Maschi e femmine,77,74120,2136,28.82384,73051,0.9691305,11.122
18,Calabria,Maschi e femmine,78,71983,2374,32.97582,70796,0.9644827,10.438
18,Calabria,Maschi e femmine,79,69609,2655,38.14543,68282,0.9581116,9.776
18,Calabria,Maschi e femmine,80,66954,3065,45.77975,65422,0.9511709,9.144
18,Calabria,Maschi e femmine,81,63889,3324,52.02471,62227,0.9447834,8.559
18,Calabria,Maschi e femmine,82,60565,3548,58.58360,58791,0.9386161,8.001
18,Calabria,Maschi e femmine,83,57017,3670,64.35843,55182,0.9324076,7.468
18,Calabria,Maschi e femmine,84,53348,3790,71.04877,51452,0.9254575,6.948
18,Calabria,Maschi e femmine,85,49557,3881,78.30352,47617,0.9164951,6.441
18,Calabria,Maschi e femmine,86,45677,4072,89.14824,43641,0.9039177,5.945
18,Calabria,Maschi e femmine,87,41605,4314,103.69494,39448,0.8884607,5.478
18,Calabria,Maschi e femmine,88,37291,4486,120.29113,35048,0.8725855,5.054
18,Calabria,Maschi e femmine,89,32805,4445,135.51191,30582,0.8569555,4.677
18,Calabria,Maschi e femmine,90,28359,4304,151.75794,26208,0.8414978,4.332
18,Calabria,Maschi e femmine,91,24056,4004,166.45298,22054,0.8262781,4.017
18,Calabria,Maschi e femmine,92,20051,3658,182.44226,18222,0.8103996,3.720
18,Calabria,Maschi e femmine,93,16393,3252,198.35581,14767,0.7936278,3.438
18,Calabria,Maschi e femmine,94,13142,2843,216.37213,11720,0.7721028,3.165
18,Calabria,Maschi e femmine,95,10298,2498,242.60461,9049,0.7419049,2.901
18,Calabria,Maschi e femmine,96,7800,2173,278.54753,6713,0.7151379,2.670
18,Calabria,Maschi e femmine,97,5627,1652,293.61479,4801,0.7013725,2.508
18,Calabria,Maschi e femmine,98,3975,1215,305.72376,3367,0.6867988,2.342
18,Calabria,Maschi e femmine,99,2760,894,323.97125,2313,0.6629589,2.154
18,Calabria,Maschi e femmine,100,1866,665,356.37437,1533,0.6230060,1.946
18,Calabria,Maschi e femmine,101,1201,491,409.03058,955,0.5790026,1.747
18,Calabria,Maschi e femmine,102,710,313,441.24700,553,0.5470104,1.610
18,Calabria,Maschi e femmine,103,397,188,474.00533,303,0.5146131,1.487
18,Calabria,Maschi e femmine,104,209,106,507.02505,156,0.4820826,1.375
18,Calabria,Maschi e femmine,105,103,56,540.01241,75,0.4496971,1.276
18,Calabria,Maschi e femmine,106,47,27,572.67423,34,0.4177311,1.187
18,Calabria,Maschi e femmine,107,20,12,604.72186,14,0.3864488,1.107
18,Calabria,Maschi e femmine,108,8,5,635.88823,5,0.3560923,1.037
18,Calabria,Maschi e femmine,109,3,2,665.93233,2,0.3268778,0.974
18,Calabria,Maschi e femmine,110,1,1,694.64430,1,0.2989907,0.918
18,Calabria,Maschi e femmine,111,0,0,721.85398,0,0.2725794,0.869
18,Calabria,Maschi e femmine,112,0,0,747.43384,0,0.2477548,0.825
18,Calabria,Maschi e femmine,113,0,0,771.29519,0,0.2245922,0.786
18,Calabria,Maschi e femmine,114,0,0,793.39014,0,0.2031308,0.753
18,Calabria,Maschi e femmine,115,0,0,813.70820,0,0.1833766,0.723
18,Calabria,Maschi e femmine,116,0,0,832.27219,0,0.1653066,0.697
18,Calabria,Maschi e femmine,117,0,0,849.12885,0,0.1488756,0.674
18,Calabria,Maschi e femmine,118,0,0,864.35132,0,0.1340156,0.654
18,Calabria,Maschi e femmine,119,0,0,878.02344,0,0.1206480,0.637
18,Calabria,Maschi,0,100000,357,3.56627,99664,0.9996910,79.757
18,Calabria,Maschi,1,99643,20,0.19590,99634,0.9998243,79.040
18,Calabria,Maschi,2,99624,15,0.15549,99616,0.9998660,78.056
18,Calabria,Maschi,3,99608,11,0.11251,99603,0.9999069,77.068
18,Calabria,Maschi,4,99597,7,0.07372,99593,0.9999442,76.076
18,Calabria,Maschi,5,99590,4,0.03794,99588,0.9999702,75.082
18,Calabria,Maschi,6,99586,2,0.02176,99585,0.9999736,74.085
18,Calabria,Maschi,7,99584,3,0.03101,99582,0.9999520,73.086
18,Calabria,Maschi,8,99581,6,0.06496,99578,0.9999207,72.089
18,Calabria,Maschi,9,99574,9,0.09372,99570,0.9998979,71.093
18,Calabria,Maschi,10,99565,11,0.11055,99559,0.9998883,70.100
18,Calabria,Maschi,11,99554,11,0.11288,99548,0.9998867,69.108
18,Calabria,Maschi,12,99543,11,0.11379,99537,0.9998734,68.115
18,Calabria,Maschi,13,99531,14,0.13942,99524,0.9998325,67.123
18,Calabria,Maschi,14,99518,19,0.19558,99508,0.9997668,66.132
18,Calabria,Maschi,15,99498,27,0.27085,99485,0.9996971,65.145
18,Calabria,Maschi,16,99471,33,0.33486,99454,0.9996527,64.163
18,Calabria,Maschi,17,99438,36,0.35979,99420,0.9996471,63.184
18,Calabria,Maschi,18,99402,34,0.34605,99385,0.9996606,62.207
18,Calabria,Maschi,19,99368,33,0.33279,99351,0.9996756,61.228
18,Calabria,Maschi,20,99335,31,0.31603,99319,0.9996879,60.248
18,Calabria,Maschi,21,99303,31,0.30823,99288,0.9996882,59.267
18,Calabria,Maschi,22,99273,31,0.31535,99257,0.9996664,58.285
18,Calabria,Maschi,23,99241,35,0.35178,99224,0.9996086,57.303
18,Calabria,Maschi,24,99206,43,0.43103,99185,0.9995146,56.323
18,Calabria,Maschi,25,99164,54,0.53972,99137,0.9994153,55.348
18,Calabria,Maschi,26,99110,62,0.62961,99079,0.9993560,54.377
18,Calabria,Maschi,27,99048,65,0.65841,99015,0.9993533,53.411
18,Calabria,Maschi,28,98982,63,0.63500,98951,0.9993853,52.446
18,Calabria,Maschi,29,98920,59,0.59442,98890,0.9994160,51.479
18,Calabria,Maschi,30,98861,57,0.57359,98832,0.9994238,50.509
18,Calabria,Maschi,31,98804,57,0.57888,98775,0.9993907,49.538
18,Calabria,Maschi,32,98747,63,0.63976,98715,0.9993484,48.566
18,Calabria,Maschi,33,98684,65,0.66340,98651,0.9993233,47.597
18,Calabria,Maschi,34,98618,68,0.68992,98584,0.9992963,46.628
18,Calabria,Maschi,35,98550,71,0.71757,98515,0.9992489,45.660
18,Calabria,Maschi,36,98479,77,0.78466,98441,0.9991646,44.693
18,Calabria,Maschi,37,98402,87,0.88618,98359,0.9990698,43.727
18,Calabria,Maschi,38,98315,96,0.97431,98267,0.9990125,42.766
18,Calabria,Maschi,39,98219,98,1.00061,98170,0.9989855,41.807
18,Calabria,Maschi,40,98121,101,1.02833,98071,0.9989207,40.848
18,Calabria,Maschi,41,98020,111,1.13041,97965,0.9987595,39.890
18,Calabria,Maschi,42,97909,132,1.35073,97843,0.9985322,38.934
18,Calabria,Maschi,43,97777,155,1.58508,97700,0.9983117,37.986
18,Calabria,Maschi,44,97622,175,1.79166,97535,0.9981331,37.046
18,Calabria,Maschi,45,97447,189,1.94224,97352,0.9979381,36.112
18,Calabria,Maschi,46,97258,212,2.18174,97152,0.9977228,35.181
18,Calabria,Maschi,47,97046,230,2.37281,96931,0.9974597,34.257
18,Calabria,Maschi,48,96815,262,2.70824,96684,0.9971815,33.337
18,Calabria,Maschi,49,96553,283,2.92916,96412,0.9969662,32.426
18,Calabria,Maschi,50,96270,302,3.13875,96119,0.9967461,31.520
18,Calabria,Maschi,51,95968,323,3.36945,95807,0.9964119,30.618
18,Calabria,Maschi,52,95645,364,3.80758,95463,0.9960224,29.719
18,Calabria,Maschi,53,95281,395,4.14828,95083,0.9955563,28.831
18,Calabria,Maschi,54,94885,450,4.74034,94661,0.9950314,27.949
18,Calabria,Maschi,55,94436,491,5.19791,94190,0.9944384,27.080
18,Calabria,Maschi,56,93945,557,5.92709,93666,0.9938520,26.219
18,Calabria,Maschi,57,93388,595,6.37017,93090,0.9933922,25.372
18,Calabria,Maschi,58,92793,635,6.84699,92475,0.9931909,24.532
18,Calabria,Maschi,59,92158,624,6.77101,91846,0.9931712,23.697
18,Calabria,Maschi,60,91534,630,6.88701,91218,0.9929680,22.855
18,Calabria,Maschi,61,90903,653,7.17798,90577,0.9923349,22.010
18,Calabria,Maschi,62,90251,736,8.15578,89883,0.9909918,21.166
18,Calabria,Maschi,63,89515,883,9.86754,89073,0.9891905,20.336
18,Calabria,Maschi,64,88631,1042,11.76093,88110,0.9876640,19.534
18,Calabria,Maschi,65,87589,1131,12.91785,87023,0.9867876,18.760
18,Calabria,Maschi,66,86458,1168,13.51073,85874,0.9861582,17.999
18,Calabria,Maschi,67,85289,1209,14.17736,84685,0.9853176,17.239
18,Calabria,Maschi,68,84080,1278,15.19461,83442,0.9839882,16.479
18,Calabria,Maschi,69,82803,1395,16.84168,82105,0.9821495,15.726
18,Calabria,Maschi,70,81408,1537,18.87654,80640,0.9797532,14.987
18,Calabria,Maschi,71,79871,1729,21.64344,79007,0.9772830,14.265
18,Calabria,Maschi,72,78143,1861,23.81424,77212,0.9750795,13.570
18,Calabria,Maschi,73,76282,1987,26.05377,75288,0.9726600,12.889
18,Calabria,Maschi,74,74294,2129,28.66056,73230,0.9707142,12.220
18,Calabria,Maschi,75,72165,2160,29.92954,71085,0.9688142,11.566
18,Calabria,Maschi,76,70005,2274,32.48087,68868,0.9658805,10.907
18,Calabria,Maschi,77,67731,2426,35.81311,66519,0.9619043,10.257
18,Calabria,Maschi,78,65306,2642,40.46314,63985,0.9568043,9.619
18,Calabria,Maschi,79,62663,2885,46.04343,61221,0.9496948,9.004
18,Calabria,Maschi,80,59778,3274,54.77268,58141,0.9417849,8.414
18,Calabria,Maschi,81,56504,3495,61.85705,54756,0.9342759,7.873
18,Calabria,Maschi,82,53009,3702,69.84612,51157,0.9266864,7.359
18,Calabria,Maschi,83,49306,3799,77.04153,47407,0.9198938,6.874
18,Calabria,Maschi,84,45508,3797,83.42673,43609,0.9135652,6.406
18,Calabria,Maschi,85,41711,3742,89.71658,39840,0.9043305,5.944
18,Calabria,Maschi,86,37969,3881,102.20923,36028,0.8900599,5.480
18,Calabria,Maschi,87,34088,4041,118.55108,32068,0.8735775,5.047
18,Calabria,Maschi,88,30047,4067,135.35265,28013,0.8556722,4.659
18,Calabria,Maschi,89,25980,4019,154.70787,23970,0.8382524,4.310
18,Calabria,Maschi,90,21961,3735,170.07572,20093,0.8244321,4.007
18,Calabria,Maschi,91,18226,3320,182.18559,16565,0.8081970,3.726
18,Calabria,Maschi,92,14905,3034,203.56282,13388,0.7884364,3.444
18,Calabria,Maschi,93,11871,2631,221.60925,10556,0.7725540,3.197
18,Calabria,Maschi,94,9240,2171,234.94443,8155,0.7501004,2.965
18,Calabria,Maschi,95,7069,1905,269.44735,6117,0.7165075,2.722
18,Calabria,Maschi,96,5165,1563,302.71789,4383,0.6939087,2.541
18,Calabria,Maschi,97,3601,1120,310.92916,3041,0.6877889,2.427
18,Calabria,Maschi,98,2481,779,314.07150,2092,0.6813404,2.297
18,Calabria,Maschi,99,1702,554,325.34839,1425,0.6611875,2.119
18,Calabria,Maschi,100,1148,412,358.76969,942,0.6162880,1.900
18,Calabria,Maschi,101,736,311,422.60952,581,0.5652589,1.684
18,Calabria,Maschi,102,425,194,455.75226,328,0.5323743,1.551
18,Calabria,Maschi,103,231,113,489.44187,175,0.4990830,1.430
18,Calabria,Maschi,104,118,62,523.39254,87,0.4656625,1.322
18,Calabria,Maschi,105,56,31,557.30174,41,0.4323981,1.226
18,Calabria,Maschi,106,25,15,590.86859,18,0.3995709,1.139
18,Calabria,Maschi,107,10,6,623.79699,7,0.3674508,1.062
18,Calabria,Maschi,108,4,3,655.81388,3,0.3362857,0.993
18,Calabria,Maschi,109,1,1,686.66819,1,0.3062993,0.932
18,Calabria,Maschi,110,0,0,716.14502,0,0.2776816,0.877
18,Calabria,Maschi,111,0,0,744.06657,0,0.2505880,0.829
18,Calabria,Maschi,112,0,0,770.29814,0,0.2251357,0.787
18,Calabria,Maschi,113,0,0,794.74289,0,0.2014078,0.750
18,Calabria,Maschi,114,0,0,817.34587,0,0.1794508,0.717
18,Calabria,Maschi,115,0,0,838.08674,0,0.1592805,0.688
18,Calabria,Maschi,116,0,0,856.97969,0,0.1408826,0.663
18,Calabria,Maschi,117,0,0,874.06426,0,0.1242200,0.641
18,Calabria,Maschi,118,0,0,889.40420,0,0.1092340,0.622
18,Calabria,Maschi,119,0,0,903.07932,0,0.0958513,0.606
18,Calabria,Femmine,0,100000,297,2.96842,99721,0.9997477,84.131
18,Calabria,Femmine,1,99703,15,0.15346,99696,0.9998688,83.380
18,Calabria,Femmine,2,99688,11,0.10901,99682,0.9999080,82.393
18,Calabria,Femmine,3,99677,7,0.07504,99673,0.9999356,81.402
18,Calabria,Femmine,4,99670,5,0.05377,99667,0.9999485,80.408
18,Calabria,Femmine,5,99664,5,0.04927,99662,0.9999472,79.412
18,Calabria,Femmine,6,99659,6,0.05640,99656,0.9999362,78.416
18,Calabria,Femmine,7,99654,7,0.07124,99650,0.9999210,77.420
18,Calabria,Femmine,8,99647,9,0.08678,99642,0.9999089,76.426
18,Calabria,Femmine,9,99638,10,0.09537,99633,0.9999032,75.432
18,Calabria,Femmine,10,99628,10,0.09819,99623,0.9999042,74.440
18,Calabria,Femmine,11,99619,9,0.09333,99614,0.9999133,73.447
18,Calabria,Femmine,12,99609,8,0.08014,99605,0.9999279,72.454
18,Calabria,Femmine,13,99601,6,0.06414,99598,0.9999416,71.459
18,Calabria,Femmine,14,99595,5,0.05276,99592,0.9999454,70.464
18,Calabria,Femmine,15,99590,6,0.05650,99587,0.9999341,69.468
18,Calabria,Femmine,16,99584,8,0.07532,99580,0.9999075,68.472
18,Calabria,Femmine,17,99577,11,0.10972,99571,0.9998690,67.477
18,Calabria,Femmine,18,99566,15,0.15232,99558,0.9998269,66.484
18,Calabria,Femmine,19,99550,19,0.19390,99541,0.9997848,65.494
18,Calabria,Femmine,20,99531,24,0.23656,99519,0.9997514,64.507
18,Calabria,Femmine,21,99508,26,0.26071,99495,0.9997356,63.522
18,Calabria,Femmine,22,99482,27,0.26809,99468,0.9997323,62.538
18,Calabria,Femmine,23,99455,27,0.26732,99442,0.9997313,61.555
18,Calabria,Femmine,24,99428,27,0.27013,99415,0.9997312,60.571
18,Calabria,Femmine,25,99402,27,0.26752,99388,0.9997317,59.587
18,Calabria,Femmine,26,99375,27,0.26911,99362,0.9997289,58.603
18,Calabria,Femmine,27,99348,27,0.27315,99335,0.9997236,57.619
18,Calabria,Femmine,28,99321,28,0.27971,99307,0.9997204,56.634
18,Calabria,Femmine,29,99293,28,0.27950,99279,0.9997185,55.650
18,Calabria,Femmine,30,99266,28,0.28342,99251,0.9997105,54.666
18,Calabria,Femmine,31,99237,29,0.29557,99223,0.9996815,53.681
18,Calabria,Femmine,32,99208,34,0.34135,99191,0.9996238,52.697
18,Calabria,Femmine,33,99174,41,0.41114,99154,0.9995532,51.715
18,Calabria,Femmine,34,99133,48,0.48257,99110,0.9994990,50.736
18,Calabria,Femmine,35,99086,51,0.51946,99060,0.9994661,49.760
18,Calabria,Femmine,36,99034,54,0.54837,99007,0.9994304,48.785
18,Calabria,Femmine,37,98980,58,0.59093,98951,0.9993872,47.812
18,Calabria,Femmine,38,98921,63,0.63474,98890,0.9993293,46.840
18,Calabria,Femmine,39,98859,70,0.70662,98824,0.9992680,45.869
18,Calabria,Femmine,40,98789,75,0.75734,98751,0.9992267,44.901
18,Calabria,Femmine,41,98714,78,0.78922,98675,0.9991846,43.935
18,Calabria,Femmine,42,98636,83,0.84165,98594,0.9991202,42.969
18,Calabria,Femmine,43,98553,90,0.91791,98508,0.9990300,42.005
18,Calabria,Femmine,44,98462,101,1.02208,98412,0.9989037,41.043
18,Calabria,Femmine,45,98362,115,1.17058,98304,0.9987449,40.085
18,Calabria,Femmine,46,98247,132,1.33972,98181,0.9985642,39.131
18,Calabria,Femmine,47,98115,150,1.53198,98040,0.9983888,38.183
18,Calabria,Femmine,48,97965,166,1.69055,97882,0.9982512,37.241
18,Calabria,Femmine,49,97799,177,1.80708,97711,0.9981055,36.303
18,Calabria,Femmine,50,97622,194,1.98215,97526,0.9979625,35.368
18,Calabria,Femmine,51,97429,204,2.09290,97327,0.9978115,34.437
18,Calabria,Femmine,52,97225,222,2.28435,97114,0.9976624,33.508
18,Calabria,Femmine,53,97003,232,2.39095,96887,0.9975918,32.584
18,Calabria,Femmine,54,96771,235,2.42542,96654,0.9975651,31.661
18,Calabria,Femmine,55,96536,236,2.44442,96418,0.9974919,30.736
18,Calabria,Femmine,56,96300,248,2.57199,96176,0.9973016,29.811
18,Calabria,Femmine,57,96053,271,2.82509,95917,0.9970150,28.886
18,Calabria,Femmine,58,95781,301,3.14527,95631,0.9967160,27.967
18,Calabria,Femmine,59,95480,327,3.42315,95317,0.9963978,27.053
18,Calabria,Femmine,60,95153,360,3.78185,94973,0.9960645,26.144
18,Calabria,Femmine,61,94793,388,4.08977,94599,0.9956776,25.242
18,Calabria,Femmine,62,94406,430,4.55589,94191,0.9952735,24.343
18,Calabria,Femmine,63,93976,460,4.89791,93745,0.9948710,23.453
18,Calabria,Femmine,64,93515,501,5.36116,93265,0.9943601,22.566
18,Calabria,Femmine,65,93014,551,5.92024,92739,0.9938033,21.684
18,Calabria,Femmine,66,92463,599,6.47477,92164,0.9930982,20.811
18,Calabria,Femmine,67,91865,674,7.33162,91528,0.9921051,19.943
18,Calabria,Femmine,68,91191,772,8.46241,90805,0.9910418,19.087
18,Calabria,Femmine,69,90419,855,9.45831,89992,0.9897608,18.245
18,Calabria,Femmine,70,89564,988,11.02751,89070,0.9885884,17.415
18,Calabria,Femmine,71,88576,1045,11.80003,88054,0.9880166,16.603
18,Calabria,Femmine,72,87531,1065,12.16900,86999,0.9871756,15.796
18,Calabria,Femmine,73,86466,1166,13.48793,85883,0.9853947,14.984
18,Calabria,Femmine,74,85300,1342,15.73793,84629,0.9833281,14.182
18,Calabria,Femmine,75,83957,1479,17.62090,83218,0.9812257,13.401
18,Calabria,Femmine,76,82478,1645,19.94833,81655,0.9786965,12.632
18,Calabria,Femmine,77,80833,1834,22.68630,79916,0.9754326,11.879
18,Calabria,Femmine,78,78999,2093,26.49210,77952,0.9710836,11.143
18,Calabria,Femmine,79,76906,2415,31.40666,75698,0.9652360,10.433
18,Calabria,Femmine,80,74491,2848,38.23029,73067,0.9589810,9.755
18,Calabria,Femmine,81,71643,3146,43.91859,70070,0.9533610,9.123
18,Calabria,Femmine,82,68496,3389,49.48427,66802,0.9481478,8.519
18,Calabria,Femmine,83,65107,3538,54.34331,63338,0.9421755,7.936
18,Calabria,Femmine,84,61569,3787,61.50576,59675,0.9345263,7.364
18,Calabria,Femmine,85,57782,4028,69.70177,55768,0.9255614,6.814
18,Calabria,Femmine,86,53754,4275,79.53028,51617,0.9139939,6.287
18,Calabria,Femmine,87,49479,4604,93.04154,47178,0.8989901,5.787
18,Calabria,Femmine,88,44876,4927,109.79574,42412,0.8841896,5.329
18,Calabria,Femmine,89,39949,4896,122.56694,37500,0.8693570,4.924
18,Calabria,Femmine,90,35052,4902,139.84715,32601,0.8524251,4.543
18,Calabria,Femmine,91,30150,4720,156.55908,27790,0.8374632,4.200
18,Calabria,Femmine,92,25430,4314,169.62417,23273,0.8234713,3.887
18,Calabria,Femmine,93,21116,3903,184.84369,19165,0.8056449,3.578
18,Calabria,Femmine,94,17213,3546,206.02339,15440,0.7841190,3.276
18,Calabria,Femmine,95,13667,3120,228.29638,12107,0.7551403,2.997
18,Calabria,Femmine,96,10547,2809,266.32292,9142,0.7256711,2.735
18,Calabria,Femmine,97,7738,2207,285.24102,6634,0.7078563,2.547
18,Calabria,Femmine,98,5531,1669,301.80098,4696,0.6893469,2.364
18,Calabria,Femmine,99,3862,1249,323.33162,3237,0.6637803,2.169
18,Calabria,Femmine,100,2613,928,355.26617,2149,0.6260824,1.967
18,Calabria,Femmine,101,1685,679,402.84658,1345,0.5851818,1.776
18,Calabria,Femmine,102,1006,437,434.86605,787,0.5533606,1.636
18,Calabria,Femmine,103,569,266,467.47224,436,0.5210892,1.510
18,Calabria,Femmine,104,303,151,500.39050,227,0.4886342,1.397
18,Calabria,Femmine,105,151,81,533.33367,111,0.4562682,1.295
18,Calabria,Femmine,106,71,40,566.01357,51,0.4242620,1.204
18,Calabria,Femmine,107,31,18,598.14516,21,0.3928773,1.123
18,Calabria,Femmine,108,12,8,629.46290,8,0.3623550,1.051
18,Calabria,Femmine,109,5,3,659.72681,3,0.3329112,0.986
18,Calabria,Femmine,110,2,1,688.72422,1,0.3047343,0.929
18,Calabria,Femmine,111,0,0,716.28084,0,0.2779769,0.878
18,Calabria,Femmine,112,0,0,742.26243,0,0.2527562,0.833
18,Calabria,Femmine,113,0,0,766.57135,0,0.2291559,0.794
18,Calabria,Femmine,114,0,0,789.14835,0,0.2072258,0.759
18,Calabria,Femmine,115,0,0,809.97012,0,0.1869839,0.728
18,Calabria,Femmine,116,0,0,829.04497,0,0.1684206,0.701
18,Calabria,Femmine,117,0,0,846.40440,0,0.1515049,0.678
18,Calabria,Femmine,118,0,0,862.10700,0,0.1361824,0.657
18,Calabria,Femmine,119,0,0,876.22302,0,0.1223873,0.639
19,Sicilia,Maschi e femmine,0,100000,336,3.35910,99684,0.9996855,81.638
19,Sicilia,Maschi e femmine,1,99664,23,0.23145,99653,0.9998031,80.912
19,Sicilia,Maschi e femmine,2,99641,16,0.16243,99633,0.9998585,79.931
19,Sicilia,Maschi e femmine,3,99625,12,0.12054,99619,0.9998906,78.943
19,Sicilia,Maschi e femmine,4,99613,10,0.09827,99608,0.9999021,77.953
19,Sicilia,Maschi e femmine,5,99603,10,0.09752,99598,0.9999010,76.960
19,Sicilia,Maschi e femmine,6,99593,10,0.10040,99588,0.9999003,75.968
19,Sicilia,Maschi e femmine,7,99583,10,0.09897,99578,0.9999051,74.976
19,Sicilia,Maschi e femmine,8,99573,9,0.09089,99569,0.9999130,73.983
19,Sicilia,Maschi e femmine,9,99564,8,0.08319,99560,0.9999153,72.990
19,Sicilia,Maschi e femmine,10,99556,9,0.08629,99552,0.9999064,71.996
19,Sicilia,Maschi e femmine,11,99548,10,0.10085,99543,0.9998877,71.002
19,Sicilia,Maschi e femmine,12,99538,12,0.12378,99531,0.9998698,70.009
19,Sicilia,Maschi e femmine,13,99525,14,0.13659,99518,0.9998578,69.018
19,Sicilia,Maschi e femmine,14,99512,15,0.14788,99504,0.9998444,68.027
19,Sicilia,Maschi e femmine,15,99497,16,0.16337,99489,0.9998245,67.037
19,Sicilia,Maschi e femmine,16,99481,19,0.18764,99471,0.9998003,66.048
19,Sicilia,Maschi e femmine,17,99462,21,0.21173,99451,0.9997803,65.060
19,Sicilia,Maschi e femmine,18,99441,23,0.22765,99430,0.9997666,64.074
19,Sicilia,Maschi e femmine,19,99418,24,0.23906,99406,0.9997454,63.088
19,Sicilia,Maschi e femmine,20,99394,27,0.27012,99381,0.9997143,62.103
19,Sicilia,Maschi e femmine,21,99368,30,0.30124,99353,0.9996856,61.120
19,Sicilia,Maschi e femmine,22,99338,33,0.32763,99321,0.9996740,60.138
19,Sicilia,Maschi e femmine,23,99305,32,0.32447,99289,0.9996815,59.158
19,Sicilia,Maschi e femmine,24,99273,31,0.31254,99257,0.9996948,58.177
19,Sicilia,Maschi e femmine,25,99242,30,0.29781,99227,0.9996976,57.195
19,Sicilia,Maschi e femmine,26,99212,30,0.30695,99197,0.9996779,56.212
19,Sicilia,Maschi e femmine,27,99182,33,0.33717,99165,0.9996459,55.229
19,Sicilia,Maschi e femmine,28,99148,37,0.37112,99130,0.9996103,54.247
19,Sicilia,Maschi e femmine,29,99112,40,0.40832,99091,0.9995689,53.267
19,Sicilia,Maschi e femmine,30,99071,45,0.45382,99049,0.9995375,52.289
19,Sicilia,Maschi e femmine,31,99026,47,0.47121,99003,0.9995306,51.312
19,Sicilia,Maschi e femmine,32,98980,46,0.46750,98956,0.9995332,50.336
19,Sicilia,Maschi e femmine,33,98933,46,0.46606,98910,0.9995316,49.359
19,Sicilia,Maschi e femmine,34,98887,47,0.47077,98864,0.9995110,48.382
19,Sicilia,Maschi e femmine,35,98841,50,0.50734,98816,0.9994312,47.405
19,Sicilia,Maschi e femmine,36,98791,62,0.63026,98759,0.9993210,46.429
19,Sicilia,Maschi e femmine,37,98728,72,0.72770,98692,0.9992307,45.458
19,Sicilia,Maschi e femmine,38,98656,80,0.81100,98616,0.9991621,44.490
19,Sicilia,Maschi e femmine,39,98576,85,0.86485,98534,0.9991195,43.526
19,Sicilia,Maschi e femmine,40,98491,88,0.89616,98447,0.9990910,42.563
19,Sicilia,Maschi e femmine,41,98403,91,0.92179,98358,0.9990208,41.601
19,Sicilia,Maschi e femmine,42,98312,102,1.03667,98261,0.9988563,40.639
19,Sicilia,Maschi e femmine,43,98210,123,1.25084,98149,0.9986402,39.681
19,Sicilia,Maschi e femmine,44,98087,144,1.46883,98015,0.9984509,38.730
19,Sicilia,Maschi e femmine,45,97943,160,1.62945,97864,0.9983009,37.786
19,Sicilia,Maschi e femmine,46,97784,173,1.76878,97697,0.9981921,36.847
19,Sicilia,Maschi e femmine,47,97611,180,1.84703,97521,0.9980799,35.911
19,Sicilia,Maschi e femmine,48,97430,194,1.99333,97333,0.9979062,34.977
19,Sicilia,Maschi e femmine,49,97236,213,2.19452,97130,0.9977688,34.045
19,Sicilia,Maschi e femmine,50,97023,220,2.26792,96913,0.9976959,33.119
19,Sicilia,Maschi e femmine,51,96803,227,2.34041,96690,0.9975365,32.193
19,Sicilia,Maschi e femmine,52,96576,250,2.58681,96451,0.9972176,31.268
19,Sicilia,Maschi e femmine,53,96326,287,2.97845,96183,0.9967581,30.348
19,Sicilia,Maschi e femmine,54,96040,337,3.50624,95871,0.9962399,29.437
19,Sicilia,Maschi e femmine,55,95703,384,4.01477,95511,0.9958261,28.539
19,Sicilia,Maschi e femmine,56,95319,413,4.33372,95112,0.9956162,27.652
19,Sicilia,Maschi e femmine,57,94906,421,4.43414,94695,0.9955269,26.770
19,Sicilia,Maschi e femmine,58,94485,426,4.51228,94272,0.9952604,25.887
19,Sicilia,Maschi e femmine,59,94058,467,4.96788,93825,0.9948171,25.002
19,Sicilia,Maschi e femmine,60,93591,505,5.39904,93338,0.9942711,24.124
19,Sicilia,Maschi e femmine,61,93086,564,6.06062,92804,0.9935697,23.252
19,Sicilia,Maschi e femmine,62,92522,629,6.80232,92207,0.9928826,22.391
19,Sicilia,Maschi e femmine,63,91892,683,7.43468,91551,0.9922446,21.541
19,Sicilia,Maschi e femmine,64,91209,737,8.07861,90841,0.9913982,20.699
19,Sicilia,Maschi e femmine,65,90472,826,9.12918,90059,0.9904238,19.863
19,Sicilia,Maschi e femmine,66,89646,899,10.02741,89197,0.9895974,19.042
19,Sicilia,Maschi e femmine,67,88747,957,10.78154,88269,0.9887844,18.229
19,Sicilia,Maschi e femmine,68,87791,1023,11.65446,87279,0.9877856,17.423
19,Sicilia,Maschi e femmine,69,86767,1109,12.78094,86213,0.9863892,16.622
19,Sicilia,Maschi e femmine,70,85658,1238,14.45133,85039,0.9845004,15.831
19,Sicilia,Maschi e femmine,71,84421,1398,16.56324,83721,0.9822473,15.056
19,Sicilia,Maschi e femmine,72,83022,1574,18.96215,82235,0.9801519,14.301
19,Sicilia,Maschi e femmine,73,81448,1690,20.75114,80603,0.9782116,13.568
19,Sicilia,Maschi e femmine,74,79758,1822,22.84772,78847,0.9760924,12.844
19,Sicilia,Maschi e femmine,75,77936,1948,24.99224,76962,0.9733323,12.133
19,Sicilia,Maschi e femmine,76,75988,2157,28.38601,74909,0.9699405,11.431
19,Sicilia,Maschi e femmine,77,73831,2346,31.78183,72658,0.9658999,10.751
19,Sicilia,Maschi e femmine,78,71484,2609,36.49439,70180,0.9614660,10.087
19,Sicilia,Maschi e femmine,79,68876,2800,40.65084,67476,0.9559916,9.450
19,Sicilia,Maschi e femmine,80,66076,3139,47.50813,64506,0.9494158,8.829
19,Sicilia,Maschi e femmine,81,62937,3387,53.81362,61243,0.9422717,8.245
19,Sicilia,Maschi e femmine,82,59550,3684,61.86554,57708,0.9350688,7.685
19,Sicilia,Maschi e femmine,83,55866,3810,68.19908,53961,0.9282405,7.159
19,Sicilia,Maschi e femmine,84,52056,3934,75.58052,50088,0.9202456,6.647
19,Sicilia,Maschi e femmine,85,48121,4055,84.26944,46094,0.9092967,6.149
19,Sicilia,Maschi e femmine,86,44066,4307,97.72931,41913,0.8953832,5.669
19,Sicilia,Maschi e femmine,87,39760,4463,112.25030,37528,0.8812943,5.229
19,Sicilia,Maschi e femmine,88,35297,4447,125.97736,33073,0.8673318,4.827
19,Sicilia,Maschi e femmine,89,30850,4329,140.32339,28685,0.8495127,4.451
19,Sicilia,Maschi e femmine,90,26521,4305,162.31028,24369,0.8293442,4.095
19,Sicilia,Maschi e femmine,91,22216,4013,180.61828,20210,0.8110737,3.792
19,Sicilia,Maschi e femmine,92,18204,3624,199.06570,16392,0.7937912,3.518
19,Sicilia,Maschi e femmine,93,14580,3137,215.12729,13012,0.7762518,3.268
19,Sicilia,Maschi e femmine,94,11443,2686,234.73206,10100,0.7558612,3.026
19,Sicilia,Maschi e femmine,95,8757,2246,256.43093,7634,0.7301416,2.801
19,Sicilia,Maschi e femmine,96,6512,1875,287.91663,5574,0.7059065,2.595
19,Sicilia,Maschi e femmine,97,4637,1404,302.76776,3935,0.6922892,2.442
19,Sicilia,Maschi e femmine,98,3233,1018,314.80020,2724,0.6777998,2.285
19,Sicilia,Maschi e femmine,99,2215,738,332.99994,1846,0.6541677,2.106
19,Sicilia,Maschi e femmine,100,1478,539,365.07126,1208,0.6149477,1.908
19,Sicilia,Maschi e femmine,101,938,391,416.52199,743,0.5718159,1.717
19,Sicilia,Maschi e femmine,102,547,245,448.17120,425,0.5404255,1.585
19,Sicilia,Maschi e femmine,103,302,145,480.23901,230,0.5087415,1.467
19,Sicilia,Maschi e femmine,104,157,80,512.45952,117,0.4770191,1.360
19,Sicilia,Maschi e femmine,105,77,42,544.56152,56,0.4455126,1.265
19,Sicilia,Maschi e femmine,106,35,20,576.28166,25,0.4144669,1.179
19,Sicilia,Maschi e femmine,107,15,9,607.36719,10,0.3841117,1.102
19,Sicilia,Maschi e femmine,108,6,4,637.59086,4,0.3546518,1.034
19,Sicilia,Maschi e femmine,109,2,1,666.75327,1,0.3262656,0.973
19,Sicilia,Maschi e femmine,110,1,0,694.68318,0,0.2991043,0.918
19,Sicilia,Maschi e femmine,111,0,0,721.24355,0,0.2732877,0.870
19,Sicilia,Maschi e femmine,112,0,0,746.33064,0,0.2489068,0.827
19,Sicilia,Maschi e femmine,113,0,0,769.86794,0,0.2260278,0.789
19,Sicilia,Maschi e femmine,114,0,0,791.80677,0,0.2046922,0.755
19,Sicilia,Maschi e femmine,115,0,0,812.12384,0,0.1849194,0.725
19,Sicilia,Maschi e femmine,116,0,0,830.81858,0,0.1667087,0.699
19,Sicilia,Maschi e femmine,117,0,0,847.90711,0,0.1500438,0.676
19,Sicilia,Maschi e femmine,118,0,0,863.42898,0,0.1348881,0.655
19,Sicilia,Maschi e femmine,119,0,0,877.43460,0,0.1211942,0.638
19,Sicilia,Maschi,0,100000,368,3.68402,99653,0.9996345,79.716
19,Sicilia,Maschi,1,99632,29,0.29480,99617,0.9997471,79.009
19,Sicilia,Maschi,2,99602,21,0.21103,99592,0.9998167,78.032
19,Sicilia,Maschi,3,99581,15,0.15550,99573,0.9998623,77.048
19,Sicilia,Maschi,4,99566,12,0.11981,99560,0.9998880,76.060
19,Sicilia,Maschi,5,99554,10,0.10423,99549,0.9999022,75.069
19,Sicilia,Maschi,6,99543,9,0.09145,99539,0.9999147,74.077
19,Sicilia,Maschi,7,99534,8,0.07921,99530,0.9999286,73.084
19,Sicilia,Maschi,8,99526,6,0.06362,99523,0.9999391,72.089
19,Sicilia,Maschi,9,99520,6,0.05810,99517,0.9999382,71.094
19,Sicilia,Maschi,10,99514,7,0.06556,99511,0.9999220,70.098
19,Sicilia,Maschi,11,99508,9,0.09047,99503,0.9998898,69.103
19,Sicilia,Maschi,12,99499,13,0.12991,99492,0.9998535,68.109
19,Sicilia,Maschi,13,99486,16,0.16311,99478,0.9998204,67.118
19,Sicilia,Maschi,14,99470,20,0.19617,99460,0.9997863,66.129
19,Sicilia,Maschi,15,99450,23,0.23126,99439,0.9997507,65.141
19,Sicilia,Maschi,16,99427,27,0.26740,99414,0.9997164,64.156
19,Sicilia,Maschi,17,99401,30,0.29974,99386,0.9996910,63.173
19,Sicilia,Maschi,18,99371,32,0.31822,99355,0.9996727,62.192
19,Sicilia,Maschi,19,99339,33,0.33643,99322,0.9996436,61.212
19,Sicilia,Maschi,20,99306,37,0.37634,99287,0.9996038,60.232
19,Sicilia,Maschi,21,99268,41,0.41610,99248,0.9995643,59.255
19,Sicilia,Maschi,22,99227,45,0.45528,99204,0.9995420,58.279
19,Sicilia,Maschi,23,99182,46,0.46070,99159,0.9995393,57.306
19,Sicilia,Maschi,24,99136,46,0.46078,99113,0.9995440,56.332
19,Sicilia,Maschi,25,99090,45,0.45132,99068,0.9995429,55.357
19,Sicilia,Maschi,26,99046,46,0.46299,99023,0.9995177,54.382
19,Sicilia,Maschi,27,99000,50,0.50168,98975,0.9994804,53.407
19,Sicilia,Maschi,28,98950,53,0.53752,98924,0.9994512,52.434
19,Sicilia,Maschi,29,98897,55,0.55999,98869,0.9994191,51.462
19,Sicilia,Maschi,30,98842,59,0.60178,98812,0.9993887,50.490
19,Sicilia,Maschi,31,98782,61,0.62081,98752,0.9993773,49.520
19,Sicilia,Maschi,32,98721,62,0.62450,98690,0.9993619,48.551
19,Sicilia,Maschi,33,98659,64,0.65169,98627,0.9993381,47.581
19,Sicilia,Maschi,34,98595,66,0.67209,98562,0.9993193,46.611
19,Sicilia,Maschi,35,98529,68,0.68937,98495,0.9992582,45.642
19,Sicilia,Maschi,36,98461,78,0.79421,98422,0.9991628,44.674
19,Sicilia,Maschi,37,98383,87,0.88022,98339,0.9990941,43.709
19,Sicilia,Maschi,38,98296,92,0.93160,98250,0.9990395,42.747
19,Sicilia,Maschi,39,98204,97,0.98947,98156,0.9989773,41.786
19,Sicilia,Maschi,40,98107,104,1.05599,98055,0.9989140,40.827
19,Sicilia,Maschi,41,98004,109,1.11608,97949,0.9988068,39.870
19,Sicilia,Maschi,42,97894,124,1.27035,97832,0.9985986,38.914
19,Sicilia,Maschi,43,97770,150,1.53269,97695,0.9983312,37.963
19,Sicilia,Maschi,44,97620,176,1.80507,97532,0.9980947,37.020
19,Sicilia,Maschi,45,97444,195,2.00566,97346,0.9978934,36.086
19,Sicilia,Maschi,46,97248,215,2.20769,97141,0.9977367,35.158
19,Sicilia,Maschi,47,97034,225,2.31898,96921,0.9975666,34.234
19,Sicilia,Maschi,48,96809,247,2.54802,96685,0.9973039,33.313
19,Sicilia,Maschi,49,96562,275,2.84447,96425,0.9971167,32.397
19,Sicilia,Maschi,50,96287,281,2.92218,96147,0.9970746,31.488
19,Sicilia,Maschi,51,96006,281,2.92859,95865,0.9969346,30.578
19,Sicilia,Maschi,52,95725,307,3.20256,95571,0.9965773,29.667
19,Sicilia,Maschi,53,95418,348,3.64347,95244,0.9960095,28.760
19,Sicilia,Maschi,54,95071,412,4.33886,94864,0.9952905,27.864
19,Sicilia,Maschi,55,94658,481,5.08175,94418,0.9947186,26.983
19,Sicilia,Maschi,56,94177,516,5.48198,93919,0.9944453,26.118
19,Sicilia,Maschi,57,93661,527,5.62781,93397,0.9943429,25.259
19,Sicilia,Maschi,58,93134,530,5.68662,92869,0.9940807,24.400
19,Sicilia,Maschi,59,92604,570,6.15328,92319,0.9936281,23.536
19,Sicilia,Maschi,60,92034,607,6.59193,91731,0.9929632,22.679
19,Sicilia,Maschi,61,91428,684,7.48453,91085,0.9919995,21.826
19,Sicilia,Maschi,62,90743,773,8.52032,90357,0.9910013,20.987
19,Sicilia,Maschi,63,89970,853,9.48118,89544,0.9901143,20.163
19,Sicilia,Maschi,64,89117,917,10.29410,88658,0.9890703,19.351
19,Sicilia,Maschi,65,88200,1021,11.57181,87689,0.9880209,18.547
19,Sicilia,Maschi,66,87179,1080,12.39112,86639,0.9870736,17.759
19,Sicilia,Maschi,67,86099,1160,13.46835,85519,0.9858403,16.975
19,Sicilia,Maschi,68,84939,1262,14.86040,84308,0.9843368,16.200
19,Sicilia,Maschi,69,83677,1379,16.47813,82988,0.9824112,15.437
19,Sicilia,Maschi,70,82298,1540,18.71799,81528,0.9800151,14.687
19,Sicilia,Maschi,71,80758,1718,21.27593,79899,0.9774397,13.958
19,Sicilia,Maschi,72,79039,1887,23.87263,78096,0.9751036,13.250
19,Sicilia,Maschi,73,77153,2002,25.94524,76152,0.9727483,12.562
19,Sicilia,Maschi,74,75151,2149,28.59286,74076,0.9701876,11.883
19,Sicilia,Maschi,75,73002,2268,31.06784,71868,0.9671888,11.218
19,Sicilia,Maschi,76,70734,2448,34.61052,69510,0.9633121,10.562
19,Sicilia,Maschi,77,68286,2652,38.83982,66960,0.9583076,9.923
19,Sicilia,Maschi,78,65634,2931,44.66027,64168,0.9530631,9.304
19,Sicilia,Maschi,79,62702,3092,49.31998,61156,0.9470200,8.715
19,Sicilia,Maschi,80,59610,3388,56.82982,57916,0.9398745,8.141
19,Sicilia,Maschi,81,56222,3577,63.61965,54434,0.9325624,7.602
19,Sicilia,Maschi,82,52646,3765,71.51495,50763,0.9250076,7.084
19,Sicilia,Maschi,83,48881,3849,78.73765,46956,0.9164539,6.591
19,Sicilia,Maschi,84,45032,3997,88.76545,43033,0.9070491,6.112
19,Sicilia,Maschi,85,41035,4003,97.54409,39033,0.8957658,5.659
19,Sicilia,Maschi,86,37032,4135,111.64738,34965,0.8808938,5.216
19,Sicilia,Maschi,87,32897,4194,127.50253,30800,0.8650592,4.809
19,Sicilia,Maschi,88,28703,4118,143.46604,26644,0.8504486,4.439
19,Sicilia,Maschi,89,24585,3851,156.65600,22659,0.8327315,4.099
19,Sicilia,Maschi,90,20734,3729,179.85229,18869,0.8101544,3.767
19,Sicilia,Maschi,91,17005,3435,202.03044,15287,0.7913280,3.483
19,Sicilia,Maschi,92,13569,2944,216.99514,12097,0.7747878,3.239
19,Sicilia,Maschi,93,10625,2504,235.70642,9373,0.7546288,2.998
19,Sicilia,Maschi,94,8120,2095,258.01658,7073,0.7359277,2.768
19,Sicilia,Maschi,95,6025,1640,272.23373,5205,0.7072772,2.557
19,Sicilia,Maschi,96,4385,1407,320.87613,3681,0.6717242,2.326
19,Sicilia,Maschi,97,2978,1010,339.17165,2473,0.6554588,2.189
19,Sicilia,Maschi,98,1968,694,352.66666,1621,0.6406312,2.055
19,Sicilia,Maschi,99,1274,471,369.72218,1038,0.6177588,1.903
19,Sicilia,Maschi,100,803,323,402.10403,641,0.5779797,1.726
19,Sicilia,Maschi,101,480,219,455.33098,371,0.5326121,1.550
19,Sicilia,Maschi,102,261,128,489.52425,197,0.4987948,1.428
19,Sicilia,Maschi,103,133,70,524.08769,98,0.4647477,1.319
19,Sicilia,Maschi,104,64,35,558.71178,46,0.4307676,1.220
19,Sicilia,Maschi,105,28,17,593.07300,20,0.3971566,1.132
19,Sicilia,Maschi,106,11,7,626.85360,8,0.3642084,1.054
19,Sicilia,Maschi,107,4,3,659.74476,3,0.3322021,0.984
19,Sicilia,Maschi,108,1,1,691.46585,1,0.3013905,0.922
19,Sicilia,Maschi,109,0,0,721.76284,0,0.2719987,0.867
19,Sicilia,Maschi,110,0,0,750.42281,0,0.2442142,0.818
19,Sicilia,Maschi,111,0,0,777.27429,0,0.2181867,0.776
19,Sicilia,Maschi,112,0,0,802.19291,0,0.1940250,0.739
19,Sicilia,Maschi,113,0,0,825.09524,0,0.1718013,0.706
19,Sicilia,Maschi,114,0,0,845.94234,0,0.1515494,0.678
19,Sicilia,Maschi,115,0,0,864.73157,0,0.1332709,0.653
19,Sicilia,Maschi,116,0,0,881.49598,0,0.1169362,0.632
19,Sicilia,Maschi,117,0,0,896.29429,0,0.1024922,0.614
19,Sicilia,Maschi,118,0,0,909.20936,0,0.0898642,0.599
19,Sicilia,Maschi,119,0,0,920.33954,0,0.0789628,0.586
19,Sicilia,Femmine,0,100000,302,3.01654,99716,0.9997392,83.657
19,Sicilia,Femmine,1,99698,16,0.16466,99690,0.9998621,82.908
19,Sicilia,Femmine,2,99682,11,0.11120,99676,0.9999026,81.922
19,Sicilia,Femmine,3,99671,8,0.08368,99667,0.9999204,80.931
19,Sicilia,Femmine,4,99663,8,0.07557,99659,0.9999170,79.938
19,Sicilia,Femmine,5,99655,9,0.09045,99650,0.9998999,78.944
19,Sicilia,Femmine,6,99646,11,0.10982,99640,0.9998852,77.951
19,Sicilia,Femmine,7,99635,12,0.11981,99629,0.9998803,76.959
19,Sicilia,Femmine,8,99623,12,0.11964,99617,0.9998854,75.968
19,Sicilia,Femmine,9,99611,11,0.10963,99606,0.9998911,74.977
19,Sicilia,Femmine,10,99600,11,0.10814,99595,0.9998900,73.986
19,Sicilia,Femmine,11,99589,11,0.11180,99584,0.9998854,72.994
19,Sicilia,Femmine,12,99578,12,0.11731,99572,0.9998870,72.002
19,Sicilia,Femmine,13,99567,11,0.10863,99561,0.9998972,71.010
19,Sicilia,Femmine,14,99556,10,0.09697,99551,0.9999056,70.018
19,Sicilia,Femmine,15,99546,9,0.09181,99542,0.9999023,69.024
19,Sicilia,Femmine,16,99537,10,0.10360,99532,0.9998887,68.031
19,Sicilia,Femmine,17,99527,12,0.11900,99521,0.9998744,67.038
19,Sicilia,Femmine,18,99515,13,0.13225,99508,0.9998656,66.046
19,Sicilia,Femmine,19,99502,14,0.13652,99495,0.9998526,65.054
19,Sicilia,Femmine,20,99488,16,0.15827,99480,0.9998307,64.063
19,Sicilia,Femmine,21,99472,18,0.18032,99463,0.9998132,63.073
19,Sicilia,Femmine,22,99454,19,0.19328,99445,0.9998128,62.084
19,Sicilia,Femmine,23,99435,18,0.18113,99426,0.9998311,61.096
19,Sicilia,Femmine,24,99417,16,0.15661,99409,0.9998535,60.107
19,Sicilia,Femmine,25,99402,14,0.13639,99395,0.9998603,59.117
19,Sicilia,Femmine,26,99388,14,0.14292,99381,0.9998464,58.125
19,Sicilia,Femmine,27,99374,16,0.16429,99366,0.9998197,57.133
19,Sicilia,Femmine,28,99358,20,0.19631,99348,0.9997773,56.142
19,Sicilia,Femmine,29,99338,25,0.24904,99326,0.9997262,55.153
19,Sicilia,Femmine,30,99313,30,0.29850,99299,0.9996937,54.167
19,Sicilia,Femmine,31,99284,31,0.31419,99268,0.9996915,53.183
19,Sicilia,Femmine,32,99252,30,0.30277,99237,0.9997129,52.199
19,Sicilia,Femmine,33,99222,27,0.27137,99209,0.9997345,51.215
19,Sicilia,Femmine,34,99196,26,0.25970,99183,0.9997119,50.229
19,Sicilia,Femmine,35,99170,31,0.31658,99154,0.9996125,49.242
19,Sicilia,Femmine,36,99138,45,0.45850,99116,0.9994868,48.257
19,Sicilia,Femmine,37,99093,56,0.56798,99065,0.9993737,47.279
19,Sicilia,Femmine,38,99037,68,0.68473,99003,0.9992904,46.306
19,Sicilia,Femmine,39,98969,73,0.73440,98932,0.9992683,45.337
19,Sicilia,Femmine,40,98896,72,0.72891,98860,0.9992763,44.370
19,Sicilia,Femmine,41,98824,71,0.71856,98789,0.9992446,43.402
19,Sicilia,Femmine,42,98753,78,0.79233,98714,0.9991257,42.433
19,Sicilia,Femmine,43,98675,94,0.95630,98628,0.9989631,41.466
19,Sicilia,Femmine,44,98580,110,1.11767,98525,0.9988228,40.505
19,Sicilia,Femmine,45,98470,122,1.23683,98409,0.9987260,39.550
19,Sicilia,Femmine,46,98348,129,1.31112,98284,0.9986668,38.598
19,Sicilia,Femmine,47,98219,133,1.35537,98153,0.9986143,37.648
19,Sicilia,Femmine,48,98086,139,1.41608,98017,0.9985325,36.699
19,Sicilia,Femmine,49,97947,149,1.51897,97873,0.9984461,35.750
19,Sicilia,Femmine,50,97799,155,1.58879,97721,0.9983403,34.804
19,Sicilia,Femmine,51,97643,169,1.73065,97559,0.9981601,33.858
19,Sicilia,Femmine,52,97474,190,1.94927,97379,0.9978801,32.916
19,Sicilia,Femmine,53,97284,223,2.29077,97173,0.9975315,31.980
19,Sicilia,Femmine,54,97061,257,2.64657,96933,0.9972193,31.052
19,Sicilia,Femmine,55,96805,282,2.91526,96663,0.9969660,30.133
19,Sicilia,Femmine,56,96522,304,3.15313,96370,0.9968186,29.220
19,Sicilia,Femmine,57,96218,309,3.20978,96064,0.9967399,28.310
19,Sicilia,Femmine,58,95909,318,3.31063,95750,0.9964661,27.400
19,Sicilia,Femmine,59,95592,359,3.75783,95412,0.9960294,26.489
19,Sicilia,Femmine,60,95232,398,4.18427,95033,0.9956011,25.587
19,Sicilia,Femmine,61,94834,438,4.61443,94615,0.9951618,24.693
19,Sicilia,Femmine,62,94396,478,5.06298,94157,0.9947836,23.805
19,Sicilia,Femmine,63,93918,504,5.37065,93666,0.9943885,22.923
19,Sicilia,Femmine,64,93414,547,5.85374,93141,0.9937305,22.045
19,Sicilia,Femmine,65,92867,621,6.68772,92557,0.9928197,21.171
19,Sicilia,Femmine,66,92246,708,7.67625,91892,0.9921015,20.311
19,Sicilia,Femmine,67,91538,744,8.12255,91166,0.9916893,19.464
19,Sicilia,Femmine,68,90795,772,8.50041,90409,0.9911669,18.619
19,Sicilia,Femmine,69,90023,825,9.16867,89610,0.9902604,17.774
19,Sicilia,Femmine,70,89197,920,10.31571,88737,0.9888286,16.934
19,Sicilia,Femmine,71,88277,1063,12.03601,87746,0.9868439,16.106
19,Sicilia,Femmine,72,87215,1246,14.28986,86592,0.9849316,15.296
19,Sicilia,Femmine,73,85968,1363,15.85830,85287,0.9833304,14.510
19,Sicilia,Femmine,74,84605,1480,17.49404,83865,0.9815633,13.736
19,Sicilia,Femmine,75,83125,1612,19.39623,82319,0.9789573,12.972
19,Sicilia,Femmine,76,81513,1852,22.72177,80587,0.9759337,12.218
19,Sicilia,Femmine,77,79661,2027,25.44218,78647,0.9726696,11.491
19,Sicilia,Femmine,78,77634,2272,29.26792,76498,0.9688425,10.778
19,Sicilia,Femmine,79,75362,2495,33.10396,74114,0.9637352,10.088
19,Sicilia,Femmine,80,72867,2881,39.53392,71427,0.9575042,9.416
19,Sicilia,Femmine,81,69986,3190,45.57954,68391,0.9503501,8.783
19,Sicilia,Femmine,82,66796,3601,53.91463,64996,0.9432807,8.178
19,Sicilia,Femmine,83,63195,3772,59.68374,61309,0.9376586,7.616
19,Sicilia,Femmine,84,59423,3872,65.16780,57487,0.9305404,7.068
19,Sicilia,Femmine,85,55551,4114,74.05052,53494,0.9195830,6.525
19,Sicilia,Femmine,86,51437,4490,87.29257,49192,0.9061038,6.007
19,Sicilia,Femmine,87,46947,4748,101.13133,44573,0.8929539,5.534
19,Sicilia,Femmine,88,42199,4795,113.62627,39802,0.8790727,5.100
19,Sicilia,Femmine,89,37404,4831,129.16435,34989,0.8608039,4.690
19,Sicilia,Femmine,90,32573,4909,150.71581,30118,0.8418066,4.312
19,Sicilia,Femmine,91,27664,4620,166.99795,25354,0.8234100,3.988
19,Sicilia,Femmine,92,23044,4335,188.10509,20877,0.8052107,3.687
19,Sicilia,Femmine,93,18709,3798,203.02220,16810,0.7887261,3.426
19,Sicilia,Femmine,94,14911,3305,221.62771,13259,0.7668749,3.171
19,Sicilia,Femmine,95,11606,2877,247.89614,10168,0.7422063,2.932
19,Sicilia,Femmine,96,8729,2365,270.95356,7546,0.7229720,2.733
19,Sicilia,Femmine,97,6364,1816,285.36007,5456,0.7093432,2.563
19,Sicilia,Femmine,98,4548,1356,298.06861,3870,0.6937047,2.387
19,Sicilia,Femmine,99,3192,1015,318.01534,2685,0.6685666,2.188
19,Sicilia,Femmine,100,2177,764,351.10834,1795,0.6284453,1.976
19,Sicilia,Femmine,101,1413,569,403.06439,1128,0.5849552,1.774
19,Sicilia,Femmine,102,843,367,435.11457,660,0.5531035,1.635
19,Sicilia,Femmine,103,476,223,467.75381,365,0.5207993,1.509
19,Sicilia,Femmine,104,254,127,500.70732,190,0.4883096,1.396
19,Sicilia,Femmine,105,127,68,533.68779,93,0.4559070,1.294
19,Sicilia,Femmine,106,59,33,566.40685,42,0.4238626,1.203
19,Sicilia,Femmine,107,26,15,598.57920,18,0.3924381,1.122
19,Sicilia,Femmine,108,10,6,629.93908,7,0.3618748,1.050
19,Sicilia,Femmine,109,4,3,660.24621,3,0.3323890,0.985
19,Sicilia,Femmine,110,1,1,689.28770,1,0.3041693,0.928
19,Sicilia,Femmine,111,0,0,716.88895,0,0.2773684,0.877
19,Sicilia,Femmine,112,0,0,742.91548,0,0.2521039,0.832
19,Sicilia,Femmine,113,0,0,767.26943,0,0.2284597,0.793
19,Sicilia,Femmine,114,0,0,789.89132,0,0.2064857,0.758
19,Sicilia,Femmine,115,0,0,810.75768,0,0.1862000,0.727
19,Sicilia,Femmine,116,0,0,829.87664,0,0.1675932,0.700
19,Sicilia,Femmine,117,0,0,847.27959,0,0.1506343,0.677
19,Sicilia,Femmine,118,0,0,863.02501,0,0.1352693,0.656
19,Sicilia,Femmine,119,0,0,877.18308,0,0.1214323,0.638
20,Sardegna,Maschi e femmine,0,100000,230,2.30289,99783,0.9997300,82.524
20,Sardegna,Maschi e femmine,1,99770,27,0.26765,99756,0.9997804,81.713
20,Sardegna,Maschi e femmine,2,99743,17,0.17150,99734,0.9998609,80.735
20,Sardegna,Maschi e femmine,3,99726,11,0.10674,99721,0.9999127,79.749
20,Sardegna,Maschi e femmine,4,99715,7,0.06777,99712,0.9999387,78.757
20,Sardegna,Maschi e femmine,5,99708,5,0.05481,99706,0.9999431,77.762
20,Sardegna,Maschi e femmine,6,99703,6,0.05901,99700,0.9999352,76.767
20,Sardegna,Maschi e femmine,7,99697,7,0.07062,99694,0.9999253,75.771
20,Sardegna,Maschi e femmine,8,99690,8,0.07883,99686,0.9999197,74.776
20,Sardegna,Maschi e femmine,9,99682,8,0.08181,99678,0.9999147,73.782
20,Sardegna,Maschi e femmine,10,99674,9,0.08878,99670,0.9999052,72.788
20,Sardegna,Maschi e femmine,11,99665,10,0.10091,99660,0.9998853,71.795
20,Sardegna,Maschi e femmine,12,99655,13,0.12854,99649,0.9998573,70.802
20,Sardegna,Maschi e femmine,13,99642,16,0.15681,99635,0.9998265,69.811
20,Sardegna,Maschi e femmine,14,99627,19,0.19026,99617,0.9997952,68.822
20,Sardegna,Maschi e femmine,15,99608,22,0.21942,99597,0.9997644,67.835
20,Sardegna,Maschi e femmine,16,99586,25,0.25188,99573,0.9997347,66.849
20,Sardegna,Maschi e femmine,17,99561,28,0.27870,99547,0.9997054,65.866
20,Sardegna,Maschi e femmine,18,99533,31,0.31046,99518,0.9996851,64.884
20,Sardegna,Maschi e femmine,19,99502,32,0.31934,99486,0.9996747,63.904
20,Sardegna,Maschi e femmine,20,99470,33,0.33118,99454,0.9996679,62.925
20,Sardegna,Maschi e femmine,21,99437,33,0.33311,99421,0.9996749,61.945
20,Sardegna,Maschi e femmine,22,99404,32,0.31701,99389,0.9996917,60.966
20,Sardegna,Maschi e femmine,23,99373,30,0.29953,99358,0.9996933,59.985
20,Sardegna,Maschi e femmine,24,99343,31,0.31389,99328,0.9996617,59.003
20,Sardegna,Maschi e femmine,25,99312,36,0.36272,99294,0.9995914,58.021
20,Sardegna,Maschi e femmine,26,99276,45,0.45460,99253,0.9995096,57.042
20,Sardegna,Maschi e femmine,27,99231,52,0.52617,99205,0.9994582,56.068
20,Sardegna,Maschi e femmine,28,99179,55,0.55751,99151,0.9994536,55.097
20,Sardegna,Maschi e femmine,29,99123,53,0.53533,99097,0.9994817,54.127
20,Sardegna,Maschi e femmine,30,99070,50,0.50123,99045,0.9994975,53.156
20,Sardegna,Maschi e femmine,31,99021,50,0.50377,98996,0.9994558,52.183
20,Sardegna,Maschi e femmine,32,98971,58,0.58460,98942,0.9993648,51.209
20,Sardegna,Maschi e femmine,33,98913,68,0.68589,98879,0.9992835,50.238
20,Sardegna,Maschi e femmine,34,98845,74,0.74713,98808,0.9992571,49.272
20,Sardegna,Maschi e femmine,35,98771,73,0.73865,98735,0.9992702,48.309
20,Sardegna,Maschi e femmine,36,98698,71,0.72086,98663,0.9992697,47.344
20,Sardegna,Maschi e femmine,37,98627,73,0.73968,98591,0.9992257,46.378
20,Sardegna,Maschi e femmine,38,98554,80,0.80892,98514,0.9991486,45.412
20,Sardegna,Maschi e femmine,39,98474,88,0.89387,98430,0.9990457,44.448
20,Sardegna,Maschi e femmine,40,98386,100,1.01479,98336,0.9989398,43.488
20,Sardegna,Maschi e femmine,41,98286,109,1.10556,98232,0.9988802,42.531
20,Sardegna,Maschi e femmine,42,98178,111,1.13407,98122,0.9988661,41.578
20,Sardegna,Maschi e femmine,43,98066,111,1.13377,98011,0.9988282,40.625
20,Sardegna,Maschi e femmine,44,97955,119,1.20991,97896,0.9987072,39.670
20,Sardegna,Maschi e femmine,45,97837,135,1.37589,97769,0.9985235,38.718
20,Sardegna,Maschi e femmine,46,97702,154,1.57730,97625,0.9983187,37.770
20,Sardegna,Maschi e femmine,47,97548,174,1.78542,97461,0.9981201,36.829
20,Sardegna,Maschi e femmine,48,97374,192,1.97447,97278,0.9979366,35.894
20,Sardegna,Maschi e femmine,49,97182,209,2.15252,97077,0.9977554,34.964
20,Sardegna,Maschi e femmine,50,96972,227,2.33694,96859,0.9975761,34.038
20,Sardegna,Maschi e femmine,51,96746,243,2.51096,96624,0.9973815,33.117
20,Sardegna,Maschi e femmine,52,96503,263,2.72637,96371,0.9970181,32.199
20,Sardegna,Maschi e femmine,53,96240,312,3.23810,96084,0.9965157,31.286
20,Sardegna,Maschi e femmine,54,95928,358,3.73130,95749,0.9960692,30.386
20,Sardegna,Maschi e femmine,55,95570,395,4.13099,95373,0.9958102,29.498
20,Sardegna,Maschi e femmine,56,95175,404,4.24888,94973,0.9956038,28.618
20,Sardegna,Maschi e femmine,57,94771,431,4.54409,94556,0.9952274,27.738
20,Sardegna,Maschi e femmine,58,94340,472,5.00218,94104,0.9947543,26.862
20,Sardegna,Maschi e femmine,59,93868,515,5.49035,93611,0.9943688,25.995
20,Sardegna,Maschi e femmine,60,93353,539,5.77282,93084,0.9939999,25.136
20,Sardegna,Maschi e femmine,61,92814,578,6.22869,92525,0.9935837,24.279
20,Sardegna,Maschi e femmine,62,92236,609,6.60513,91931,0.9930459,23.428
20,Sardegna,Maschi e femmine,63,91627,669,7.30530,91292,0.9922220,22.580
20,Sardegna,Maschi e femmine,64,90957,751,8.25424,90582,0.9914629,21.743
20,Sardegna,Maschi e femmine,65,90207,796,8.82228,89809,0.9908970,20.919
20,Sardegna,Maschi e femmine,66,89411,839,9.38619,88991,0.9900597,20.101
20,Sardegna,Maschi e femmine,67,88572,930,10.49971,88107,0.9889035,19.287
20,Sardegna,Maschi e femmine,68,87642,1025,11.69960,87129,0.9878419,18.486
20,Sardegna,Maschi e femmine,69,86616,1093,12.62201,86070,0.9867708,17.699
20,Sardegna,Maschi e femmine,70,85523,1184,13.84422,84931,0.9856708,16.919
20,Sardegna,Maschi e femmine,71,84339,1250,14.82108,83714,0.9843486,16.149
20,Sardegna,Maschi e femmine,72,83089,1370,16.49430,82404,0.9825203,15.385
20,Sardegna,Maschi e femmine,73,81719,1510,18.48170,80963,0.9803908,14.635
20,Sardegna,Maschi e femmine,74,80208,1665,20.75792,79376,0.9785540,13.901
20,Sardegna,Maschi e femmine,75,78543,1740,22.14875,77673,0.9769837,13.185
20,Sardegna,Maschi e femmine,76,76804,1836,23.90352,75886,0.9751533,12.472
20,Sardegna,Maschi e femmine,77,74968,1935,25.81306,74000,0.9718517,11.765
20,Sardegna,Maschi e femmine,78,73033,2231,30.54538,71917,0.9672527,11.064
20,Sardegna,Maschi e femmine,79,70802,2479,35.01860,69562,0.9618952,10.397
20,Sardegna,Maschi e femmine,80,68322,2822,41.30305,66911,0.9567366,9.756
20,Sardegna,Maschi e femmine,81,65500,2968,45.30815,64017,0.9529493,9.154
20,Sardegna,Maschi e femmine,82,62533,3056,48.87593,61005,0.9493205,8.565
20,Sardegna,Maschi e femmine,83,59476,3127,52.57582,57913,0.9439025,7.980
20,Sardegna,Maschi e femmine,84,56349,3371,59.81457,54664,0.9365749,7.395
20,Sardegna,Maschi e femmine,85,52979,3564,67.26527,51197,0.9266758,6.833
20,Sardegna,Maschi e femmine,86,49415,3944,79.82009,47443,0.9138067,6.290
20,Sardegna,Maschi e femmine,87,45471,4234,93.11930,43354,0.9010165,5.792
20,Sardegna,Maschi e femmine,88,41237,4348,105.44989,39063,0.8879642,5.336
20,Sardegna,Maschi e femmine,89,36888,4404,119.39807,34686,0.8718945,4.906
20,Sardegna,Maschi e femmine,90,32484,4483,137.99347,30243,0.8545180,4.503
20,Sardegna,Maschi e femmine,91,28001,4317,154.16933,25843,0.8365547,4.144
20,Sardegna,Maschi e femmine,92,23684,4131,174.41201,21619,0.8175981,3.808
20,Sardegna,Maschi e femmine,93,19554,3756,192.07974,17676,0.7979432,3.507
20,Sardegna,Maschi e femmine,94,15798,3387,214.40584,14104,0.7748765,3.222
20,Sardegna,Maschi e femmine,95,12411,2963,238.76617,10929,0.7483298,2.965
20,Sardegna,Maschi e femmine,96,9447,2538,268.62174,8178,0.7240142,2.738
20,Sardegna,Maschi e femmine,97,6910,1977,286.05455,5921,0.7076844,2.560
20,Sardegna,Maschi e femmine,98,4933,1485,301.08520,4190,0.6908952,2.386
20,Sardegna,Maschi e femmine,99,3448,1105,320.57918,2895,0.6671548,2.198
20,Sardegna,Maschi e femmine,100,2343,822,350.89884,1932,0.6311552,1.999
20,Sardegna,Maschi e femmine,101,1521,603,396.49232,1219,0.5918333,1.810
20,Sardegna,Maschi e femmine,102,918,392,427.51094,721,0.5609884,1.670
20,Sardegna,Maschi e femmine,103,525,241,459.10046,405,0.5296933,1.544
20,Sardegna,Maschi e femmine,104,284,140,491.02461,214,0.4981764,1.430
20,Sardegna,Maschi e femmine,105,145,76,523.04062,107,0.4666676,1.328
20,Sardegna,Maschi e femmine,106,69,38,554.91014,50,0.4353908,1.236
20,Sardegna,Maschi e femmine,107,31,18,586.40038,22,0.4045597,1.153
20,Sardegna,Maschi e femmine,108,13,8,617.29690,9,0.3743698,1.079
20,Sardegna,Maschi e femmine,109,5,3,647.40501,3,0.3449977,1.012
20,Sardegna,Maschi e femmine,110,2,1,676.54919,1,0.3166002,0.953
20,Sardegna,Maschi e femmine,111,1,0,704.57976,0,0.2893100,0.899
20,Sardegna,Maschi e femmine,112,0,0,731.37322,0,0.2632367,0.852
20,Sardegna,Maschi e femmine,113,0,0,756.82855,0,0.2384688,0.809
20,Sardegna,Maschi e femmine,114,0,0,780.87022,0,0.2150715,0.771
20,Sardegna,Maschi e femmine,115,0,0,803.44839,0,0.1930873,0.737
20,Sardegna,Maschi e femmine,116,0,0,824.53809,0,0.1725368,0.707
20,Sardegna,Maschi e femmine,117,0,0,844.13441,0,0.1534215,0.680
20,Sardegna,Maschi e femmine,118,0,0,862.25952,0,0.1357199,0.656
20,Sardegna,Maschi e femmine,119,0,0,878.94985,0,0.1193966,0.635
20,Sardegna,Maschi,0,100000,255,2.55385,99760,0.9997595,79.942
20,Sardegna,Maschi,1,99745,18,0.17904,99736,0.9998256,79.146
20,Sardegna,Maschi,2,99727,17,0.16982,99718,0.9998411,78.160
20,Sardegna,Maschi,3,99710,15,0.14794,99702,0.9998650,77.173
20,Sardegna,Maschi,4,99695,12,0.12214,99689,0.9998930,76.184
20,Sardegna,Maschi,5,99683,9,0.09192,99678,0.9999161,75.194
20,Sardegna,Maschi,6,99674,8,0.07587,99670,0.9999270,74.200
20,Sardegna,Maschi,7,99666,7,0.07005,99663,0.9999345,73.206
20,Sardegna,Maschi,8,99659,6,0.06092,99656,0.9999442,72.211
20,Sardegna,Maschi,9,99653,5,0.05070,99651,0.9999488,71.216
20,Sardegna,Maschi,10,99648,5,0.05165,99645,0.9999416,70.219
20,Sardegna,Maschi,11,99643,6,0.06517,99640,0.9999129,69.223
20,Sardegna,Maschi,12,99636,11,0.10908,99631,0.9998655,68.227
20,Sardegna,Maschi,13,99626,16,0.15989,99618,0.9998140,67.235
20,Sardegna,Maschi,14,99610,21,0.21205,99599,0.9997618,66.245
20,Sardegna,Maschi,15,99589,26,0.26440,99575,0.9997038,65.259
20,Sardegna,Maschi,16,99562,33,0.32796,99546,0.9996417,64.276
20,Sardegna,Maschi,17,99530,39,0.38859,99510,0.9995742,63.297
20,Sardegna,Maschi,18,99491,46,0.46311,99468,0.9995240,62.322
20,Sardegna,Maschi,19,99445,49,0.48889,99420,0.9995087,61.350
20,Sardegna,Maschi,20,99396,49,0.49370,99372,0.9995147,60.380
20,Sardegna,Maschi,21,99347,47,0.47693,99323,0.9995467,59.410
20,Sardegna,Maschi,22,99300,43,0.42963,99278,0.9995842,58.438
20,Sardegna,Maschi,23,99257,40,0.40187,99237,0.9995786,57.463
20,Sardegna,Maschi,24,99217,44,0.44092,99195,0.9995132,56.486
20,Sardegna,Maschi,25,99173,53,0.53266,99147,0.9993942,55.510
20,Sardegna,Maschi,26,99121,67,0.67901,99087,0.9992598,54.540
20,Sardegna,Maschi,27,99053,79,0.80138,99014,0.9991759,53.576
20,Sardegna,Maschi,28,98974,84,0.84684,98932,0.9991724,52.619
20,Sardegna,Maschi,29,98890,80,0.80827,98850,0.9992277,51.663
20,Sardegna,Maschi,30,98810,73,0.73623,98774,0.9992818,50.704
20,Sardegna,Maschi,31,98737,69,0.70014,98703,0.9992564,49.741
20,Sardegna,Maschi,32,98668,78,0.78703,98629,0.9991401,48.776
20,Sardegna,Maschi,33,98591,92,0.93272,98545,0.9990180,47.814
20,Sardegna,Maschi,34,98499,102,1.03135,98448,0.9989641,46.858
20,Sardegna,Maschi,35,98397,102,1.04043,98346,0.9989616,45.906
20,Sardegna,Maschi,36,98295,102,1.03630,98244,0.9989451,44.953
20,Sardegna,Maschi,37,98193,105,1.07356,98140,0.9988805,43.999
20,Sardegna,Maschi,38,98087,114,1.16548,98030,0.9987785,43.046
20,Sardegna,Maschi,39,97973,125,1.27767,97911,0.9986282,42.096
20,Sardegna,Maschi,40,97848,143,1.46607,97776,0.9984882,41.149
20,Sardegna,Maschi,41,97704,152,1.55756,97628,0.9984450,40.209
20,Sardegna,Maschi,42,97552,151,1.55239,97477,0.9984676,39.271
20,Sardegna,Maschi,43,97401,147,1.51237,97327,0.9984435,38.331
20,Sardegna,Maschi,44,97254,156,1.60070,97176,0.9982998,37.388
20,Sardegna,Maschi,45,97098,175,1.79982,97010,0.9980691,36.447
20,Sardegna,Maschi,46,96923,200,2.06217,96823,0.9978372,35.512
20,Sardegna,Maschi,47,96723,219,2.26362,96614,0.9975987,34.584
20,Sardegna,Maschi,48,96504,245,2.53933,96382,0.9973010,33.662
20,Sardegna,Maschi,49,96259,275,2.85898,96122,0.9969767,32.746
20,Sardegna,Maschi,50,95984,306,3.18813,95831,0.9967119,31.839
20,Sardegna,Maschi,51,95678,324,3.38848,95516,0.9965328,30.939
20,Sardegna,Maschi,52,95354,338,3.54623,95185,0.9961989,30.042
20,Sardegna,Maschi,53,95016,385,4.05683,94823,0.9956398,29.148
20,Sardegna,Maschi,54,94630,441,4.66471,94409,0.9950807,28.264
20,Sardegna,Maschi,55,94189,487,5.17506,93945,0.9946589,27.394
20,Sardegna,Maschi,56,93701,516,5.50807,93443,0.9940855,26.534
20,Sardegna,Maschi,57,93185,589,6.32321,92891,0.9932733,25.678
20,Sardegna,Maschi,58,92596,660,7.13279,92266,0.9925185,24.839
20,Sardegna,Maschi,59,91936,720,7.83269,91575,0.9920050,24.014
20,Sardegna,Maschi,60,91215,744,8.15855,90843,0.9915397,23.199
20,Sardegna,Maschi,61,90471,793,8.76459,90075,0.9909958,22.386
20,Sardegna,Maschi,62,89678,829,9.24595,89264,0.9902172,21.579
20,Sardegna,Maschi,63,88849,917,10.32470,88390,0.9891175,20.776
20,Sardegna,Maschi,64,87932,1006,11.44606,87429,0.9883621,19.988
20,Sardegna,Maschi,65,86925,1028,11.83188,86411,0.9879436,19.213
20,Sardegna,Maschi,66,85897,1055,12.28366,85369,0.9869907,18.437
20,Sardegna,Maschi,67,84842,1166,13.74393,84259,0.9855749,17.660
20,Sardegna,Maschi,68,83676,1265,15.11567,83043,0.9843003,16.900
20,Sardegna,Maschi,69,82411,1343,16.29263,81740,0.9827474,16.151
20,Sardegna,Maschi,70,81068,1478,18.22847,80329,0.9810963,15.410
20,Sardegna,Maschi,71,79590,1559,19.59139,78811,0.9792776,14.687
20,Sardegna,Maschi,72,78031,1707,21.87599,77178,0.9767811,13.971
20,Sardegna,Maschi,73,76324,1877,24.59185,75386,0.9740771,13.272
20,Sardegna,Maschi,74,74447,2031,27.28752,73431,0.9719016,12.594
20,Sardegna,Maschi,75,72416,2095,28.93193,71368,0.9696146,11.933
20,Sardegna,Maschi,76,70321,2242,31.88225,69200,0.9669084,11.274
20,Sardegna,Maschi,77,68079,2338,34.34072,66910,0.9628665,10.629
20,Sardegna,Maschi,78,65741,2631,40.02564,64425,0.9573525,9.989
20,Sardegna,Maschi,79,63109,2864,45.37875,61677,0.9511552,9.385
20,Sardegna,Maschi,80,60246,3161,52.47562,58665,0.9452380,8.807
20,Sardegna,Maschi,81,57084,3264,57.17491,55452,0.9412683,8.267
20,Sardegna,Maschi,82,53820,3250,60.38295,52195,0.9377046,7.738
20,Sardegna,Maschi,83,50571,3253,64.33070,48944,0.9324580,7.203
20,Sardegna,Maschi,84,47317,3358,70.97407,45638,0.9251285,6.664
20,Sardegna,Maschi,85,43959,3476,79.06666,42221,0.9133934,6.135
20,Sardegna,Maschi,86,40483,3838,94.79386,38565,0.8958877,5.619
20,Sardegna,Maschi,87,36646,4193,114.40649,34549,0.8780130,5.155
20,Sardegna,Maschi,88,32453,4237,130.54673,30335,0.8606671,4.756
20,Sardegna,Maschi,89,28217,4217,149.43822,26108,0.8437869,4.395
20,Sardegna,Maschi,90,24000,3940,164.17832,22030,0.8314662,4.080
20,Sardegna,Maschi,91,20060,3485,173.74483,18317,0.8202797,3.783
20,Sardegna,Maschi,92,16574,3099,186.95238,15025,0.8030746,3.473
20,Sardegna,Maschi,93,13476,2819,209.19171,12066,0.7763819,3.157
20,Sardegna,Maschi,94,10657,2577,241.86063,9368,0.7461898,2.860
20,Sardegna,Maschi,95,8079,2178,269.57182,6990,0.7150668,2.612
20,Sardegna,Maschi,96,5901,1806,305.96391,4999,0.6843087,2.392
20,Sardegna,Maschi,97,4096,1350,329.70700,3421,0.6624514,2.226
20,Sardegna,Maschi,98,2745,959,349.24735,2266,0.6427357,2.075
20,Sardegna,Maschi,99,1787,660,369.58376,1456,0.6184928,1.920
20,Sardegna,Maschi,100,1126,451,400.42082,901,0.5827248,1.752
20,Sardegna,Maschi,101,675,301,445.38548,525,0.5424167,1.588
20,Sardegna,Maschi,102,375,180,479.57675,285,0.5085596,1.462
20,Sardegna,Maschi,103,195,100,514.23654,145,0.4743772,1.348
20,Sardegna,Maschi,104,95,52,549.06260,69,0.4401609,1.246
20,Sardegna,Maschi,105,43,25,583.73703,30,0.4062085,1.155
20,Sardegna,Maschi,106,18,11,617.94563,12,0.3728115,1.073
20,Sardegna,Maschi,107,7,4,651.38110,5,0.3402484,1.001
20,Sardegna,Maschi,108,2,2,683.76206,2,0.3087732,0.936
20,Sardegna,Maschi,109,1,1,714.83176,0,0.2786134,0.879
20,Sardegna,Maschi,110,0,0,744.37265,0,0.2499607,0.828
20,Sardegna,Maschi,111,0,0,772.20702,0,0.2229700,0.783
20,Sardegna,Maschi,112,0,0,798.20292,0,0.1977562,0.744
20,Sardegna,Maschi,113,0,0,822.26847,0,0.1743984,0.710
20,Sardegna,Maschi,114,0,0,844.35557,0,0.1529378,0.679
20,Sardegna,Maschi,115,0,0,864.45220,0,0.1333837,0.653
20,Sardegna,Maschi,116,0,0,882.58200,0,0.1157144,0.630
20,Sardegna,Maschi,117,0,0,898.79452,0,0.0998849,0.611
20,Sardegna,Maschi,118,0,0,913.16392,0,0.0858280,0.594
20,Sardegna,Maschi,119,0,0,925.78041,0,0.0734619,0.579
20,Sardegna,Femmine,0,100000,204,2.03827,99808,0.9996990,85.231
20,Sardegna,Femmine,1,99796,36,0.36109,99778,0.9997328,84.404
20,Sardegna,Femmine,2,99760,17,0.17328,99751,0.9998817,83.434
20,Sardegna,Femmine,3,99743,6,0.06329,99740,0.9999631,82.448
20,Sardegna,Femmine,4,99737,1,0.01044,99736,0.9999869,81.453
20,Sardegna,Femmine,5,99735,2,0.01567,99735,0.9999715,80.454
20,Sardegna,Femmine,6,99734,4,0.04123,99732,0.9999438,79.456
20,Sardegna,Femmine,7,99730,7,0.07122,99726,0.9999155,78.459
20,Sardegna,Femmine,8,99723,10,0.09771,99718,0.9998938,77.464
20,Sardegna,Femmine,9,99713,11,0.11461,99707,0.9998787,76.472
20,Sardegna,Femmine,10,99702,13,0.12793,99695,0.9998667,75.481
20,Sardegna,Femmine,11,99689,14,0.13860,99682,0.9998562,74.490
20,Sardegna,Femmine,12,99675,15,0.14906,99668,0.9998487,73.500
20,Sardegna,Femmine,13,99660,15,0.15356,99652,0.9998396,72.511
20,Sardegna,Femmine,14,99645,17,0.16728,99636,0.9998304,71.522
20,Sardegna,Femmine,15,99628,17,0.17199,99620,0.9998282,70.534
20,Sardegna,Femmine,16,99611,17,0.17166,99602,0.9998327,69.546
20,Sardegna,Femmine,17,99594,16,0.16285,99586,0.9998438,68.558
20,Sardegna,Femmine,18,99578,15,0.14958,99570,0.9998548,67.569
20,Sardegna,Femmine,19,99563,14,0.14072,99556,0.9998496,66.579
20,Sardegna,Femmine,20,99549,16,0.16000,99541,0.9998292,65.589
20,Sardegna,Femmine,21,99533,18,0.18168,99524,0.9998099,64.599
20,Sardegna,Femmine,22,99515,20,0.19848,99505,0.9998048,63.611
20,Sardegna,Femmine,23,99495,19,0.19183,99485,0.9998140,62.623
20,Sardegna,Femmine,24,99476,18,0.18024,99467,0.9998179,61.635
20,Sardegna,Femmine,25,99458,18,0.18398,99449,0.9997987,60.646
20,Sardegna,Femmine,26,99440,22,0.21865,99429,0.9997722,59.657
20,Sardegna,Femmine,27,99418,24,0.23696,99406,0.9997547,58.670
20,Sardegna,Femmine,28,99394,25,0.25365,99382,0.9997488,57.684
20,Sardegna,Femmine,29,99369,25,0.24884,99357,0.9997482,56.698
20,Sardegna,Femmine,30,99344,25,0.25470,99332,0.9997237,55.712
20,Sardegna,Femmine,31,99319,30,0.29784,99304,0.9996649,54.726
20,Sardegna,Femmine,32,99290,37,0.37241,99271,0.9996002,53.743
20,Sardegna,Femmine,33,99253,42,0.42728,99231,0.9995616,52.762
20,Sardegna,Femmine,34,99210,45,0.44951,99188,0.9995638,51.785
20,Sardegna,Femmine,35,99166,42,0.42283,99145,0.9995931,50.808
20,Sardegna,Femmine,36,99124,39,0.39097,99104,0.9996092,49.829
20,Sardegna,Femmine,37,99085,39,0.39072,99066,0.9995864,48.848
20,Sardegna,Femmine,38,99046,43,0.43653,99025,0.9995351,47.867
20,Sardegna,Femmine,39,99003,49,0.49333,98979,0.9994812,46.888
20,Sardegna,Femmine,40,98954,54,0.54422,98927,0.9994106,45.911
20,Sardegna,Femmine,41,98900,63,0.63469,98869,0.9993333,44.936
20,Sardegna,Femmine,42,98838,69,0.69867,98803,0.9992807,43.964
20,Sardegna,Femmine,43,98768,73,0.74002,98732,0.9992281,42.994
20,Sardegna,Femmine,44,98695,79,0.80380,98656,0.9991303,42.026
20,Sardegna,Femmine,45,98616,92,0.93572,98570,0.9989950,41.059
20,Sardegna,Femmine,46,98524,106,1.07431,98471,0.9988180,40.097
20,Sardegna,Femmine,47,98418,127,1.28984,98354,0.9986603,39.140
20,Sardegna,Femmine,48,98291,137,1.38971,98223,0.9985941,38.190
20,Sardegna,Femmine,49,98154,140,1.42212,98085,0.9985598,37.242
20,Sardegna,Femmine,50,98015,143,1.45831,97943,0.9984675,36.294
20,Sardegna,Femmine,51,97872,157,1.60675,97793,0.9982552,35.347
20,Sardegna,Femmine,52,97715,184,1.88301,97623,0.9978601,34.403
20,Sardegna,Femmine,53,97531,234,2.39731,97414,0.9974143,33.467
20,Sardegna,Femmine,54,97297,270,2.77445,97162,0.9970815,32.546
20,Sardegna,Femmine,55,97027,297,3.06286,96878,0.9969867,31.635
20,Sardegna,Femmine,56,96730,287,2.96368,96586,0.9971511,30.731
20,Sardegna,Femmine,57,96443,264,2.73378,96311,0.9972118,29.821
20,Sardegna,Femmine,58,96179,273,2.84278,96043,0.9970153,28.901
20,Sardegna,Femmine,59,95906,300,3.12707,95756,0.9967481,27.982
20,Sardegna,Femmine,60,95606,323,3.37720,95445,0.9964642,27.068
20,Sardegna,Femmine,61,95283,352,3.69486,95107,0.9961627,26.158
20,Sardegna,Femmine,62,94931,378,3.98017,94742,0.9958497,25.253
20,Sardegna,Femmine,63,94553,409,4.32102,94349,0.9952808,24.352
20,Sardegna,Femmine,64,94145,482,5.11905,93904,0.9944993,23.456
20,Sardegna,Femmine,65,93663,551,5.88433,93387,0.9937717,22.574
20,Sardegna,Femmine,66,93112,612,6.57430,92806,0.9930289,21.705
20,Sardegna,Femmine,67,92499,682,7.37045,92159,0.9921036,20.845
20,Sardegna,Femmine,68,91818,774,8.42626,91431,0.9912237,19.996
20,Sardegna,Femmine,69,91044,831,9.12932,90628,0.9905839,19.162
20,Sardegna,Femmine,70,90213,876,9.70550,89775,0.9899697,18.334
20,Sardegna,Femmine,71,89337,925,10.35828,88875,0.9890692,17.508
20,Sardegna,Femmine,72,88412,1018,11.50939,87903,0.9878067,16.686
20,Sardegna,Femmine,73,87394,1126,12.88520,86831,0.9861386,15.875
20,Sardegna,Femmine,74,86268,1281,14.85037,85628,0.9845342,15.076
20,Sardegna,Femmine,75,84987,1367,16.09053,84303,0.9835188,14.295
20,Sardegna,Femmine,76,83620,1411,16.87827,82914,0.9823562,13.521
20,Sardegna,Femmine,77,82208,1514,18.42255,81451,0.9795728,12.744
20,Sardegna,Femmine,78,80694,1813,22.46941,79787,0.9756083,11.974
20,Sardegna,Femmine,79,78881,2079,26.35824,77841,0.9707834,11.238
20,Sardegna,Femmine,80,76801,2469,32.15238,75567,0.9660544,10.529
20,Sardegna,Femmine,81,74332,2661,35.79835,73002,0.9622102,9.862
20,Sardegna,Femmine,82,71671,2856,39.85512,70243,0.9583306,9.209
20,Sardegna,Femmine,83,68815,2998,43.55904,67316,0.9525905,8.571
20,Sardegna,Femmine,84,65817,3385,51.43540,64125,0.9450811,7.938
20,Sardegna,Femmine,85,62432,3658,58.59121,60603,0.9363208,7.342
20,Sardegna,Femmine,86,58774,4060,69.08381,56744,0.9264442,6.768
20,Sardegna,Femmine,87,54714,4287,78.35969,52570,0.9166416,6.233
20,Sardegna,Femmine,88,50426,4477,88.78213,48188,0.9056605,5.720
20,Sardegna,Femmine,89,45949,4615,100.43844,43642,0.8892034,5.229
20,Sardegna,Femmine,90,41334,5056,122.31117,38806,0.8680465,4.757
20,Sardegna,Femmine,91,36279,5186,142.93947,33686,0.8457556,4.350
20,Sardegna,Femmine,92,31093,5206,167.43468,28490,0.8255763,3.992
20,Sardegna,Femmine,93,25887,4733,182.81834,23521,0.8093865,3.694
20,Sardegna,Femmine,94,21154,4234,200.15258,19037,0.7894058,3.409
20,Sardegna,Femmine,95,16920,3784,223.64882,15028,0.7641899,3.137
20,Sardegna,Femmine,96,13136,3303,251.47466,11484,0.7416396,2.897
20,Sardegna,Femmine,97,9833,2631,267.55938,8517,0.7261371,2.702
20,Sardegna,Femmine,98,7202,2034,282.46900,6185,0.7087856,2.506
20,Sardegna,Femmine,99,5168,1568,303.40249,4384,0.6835449,2.296
20,Sardegna,Femmine,100,3600,1207,335.19274,2996,0.6459150,2.078
20,Sardegna,Femmine,101,2393,915,382.50268,1935,0.6054104,1.873
20,Sardegna,Femmine,102,1478,612,414.16362,1172,0.5738632,1.724
20,Sardegna,Femmine,103,866,387,446.57450,672,0.5417032,1.589
20,Sardegna,Femmine,104,479,230,479.47812,364,0.5091825,1.467
20,Sardegna,Femmine,105,249,128,512.60211,185,0.4765621,1.358
20,Sardegna,Femmine,106,122,66,545.66976,88,0.4441041,1.260
20,Sardegna,Femmine,107,55,32,578.40399,39,0.4120646,1.172
20,Sardegna,Femmine,108,23,14,610.54331,16,0.3806822,1.093
20,Sardegna,Femmine,109,9,6,641.84789,6,0.3501740,1.023
20,Sardegna,Femmine,110,3,2,672.10170,2,0.3207319,0.961
20,Sardegna,Femmine,111,1,1,701.12366,1,0.2925148,0.905
20,Sardegna,Femmine,112,0,0,728.76987,0,0.2656484,0.856
20,Sardegna,Femmine,113,0,0,754.93084,0,0.2402265,0.812
20,Sardegna,Femmine,114,0,0,779.53368,0,0.2163104,0.773
20,Sardegna,Femmine,115,0,0,802.54036,0,0.1939302,0.739
20,Sardegna,Femmine,116,0,0,823.94385,0,0.1730896,0.708
20,Sardegna,Femmine,117,0,0,843.76031,0,0.1537705,0.681
20,Sardegna,Femmine,118,0,0,862.03321,0,0.1359318,0.657
20,Sardegna,Femmine,119,0,0,878.81839,0,0.1195202,0.635
21,Provincia autonoma di Bolzano,Maschi e femmine,0,100000,211,2.10748,99802,0.9997347,84.220
21,Provincia autonoma di Bolzano,Maschi e femmine,1,99789,28,0.28146,99775,0.9997573,83.397
21,Provincia autonoma di Bolzano,Maschi e femmine,2,99761,20,0.20396,99751,0.9998241,82.420
21,Provincia autonoma di Bolzano,Maschi e femmine,3,99741,15,0.14774,99733,0.9998716,81.437
21,Provincia autonoma di Bolzano,Maschi e femmine,4,99726,11,0.10897,99721,0.9999016,80.449
21,Provincia autonoma di Bolzano,Maschi e femmine,5,99715,9,0.08780,99711,0.9999184,79.458
21,Provincia autonoma di Bolzano,Maschi e femmine,6,99706,8,0.07541,99703,0.9999261,78.465
21,Provincia autonoma di Bolzano,Maschi e femmine,7,99699,7,0.07234,99695,0.9999278,77.470
21,Provincia autonoma di Bolzano,Maschi e femmine,8,99692,7,0.07209,99688,0.9999246,76.476
21,Provincia autonoma di Bolzano,Maschi e femmine,9,99685,8,0.07867,99681,0.9999159,75.482
21,Provincia autonoma di Bolzano,Maschi e femmine,10,99677,9,0.08945,99672,0.9999078,74.487
21,Provincia autonoma di Bolzano,Maschi e femmine,11,99668,9,0.09487,99663,0.9999047,73.494
21,Provincia autonoma di Bolzano,Maschi e femmine,12,99658,10,0.09580,99654,0.9999063,72.501
21,Provincia autonoma di Bolzano,Maschi e femmine,13,99649,9,0.09162,99644,0.9999142,71.508
21,Provincia autonoma di Bolzano,Maschi e femmine,14,99640,8,0.07989,99636,0.9999200,70.514
21,Provincia autonoma di Bolzano,Maschi e femmine,15,99632,8,0.08017,99628,0.9999037,69.520
21,Provincia autonoma di Bolzano,Maschi e femmine,16,99624,11,0.11240,99618,0.9998475,68.525
21,Provincia autonoma di Bolzano,Maschi e femmine,17,99613,19,0.19262,99603,0.9997586,67.533
21,Provincia autonoma di Bolzano,Maschi e femmine,18,99593,29,0.29025,99579,0.9996631,66.546
21,Provincia autonoma di Bolzano,Maschi e femmine,19,99564,38,0.38363,99545,0.9995889,65.565
21,Provincia autonoma di Bolzano,Maschi e femmine,20,99526,44,0.43854,99504,0.9995510,64.590
21,Provincia autonoma di Bolzano,Maschi e femmine,21,99483,46,0.45952,99460,0.9995483,63.618
21,Provincia autonoma di Bolzano,Maschi e femmine,22,99437,44,0.44382,99415,0.9995694,62.647
21,Provincia autonoma di Bolzano,Maschi e femmine,23,99393,41,0.41730,99372,0.9996036,61.675
21,Provincia autonoma di Bolzano,Maschi e femmine,24,99351,37,0.37552,99333,0.9996347,60.700
21,Provincia autonoma di Bolzano,Maschi e femmine,25,99314,35,0.35517,99296,0.9996543,59.723
21,Provincia autonoma di Bolzano,Maschi e femmine,26,99279,33,0.33616,99262,0.9996534,58.744
21,Provincia autonoma di Bolzano,Maschi e femmine,27,99245,35,0.35701,99228,0.9996267,57.764
21,Provincia autonoma di Bolzano,Maschi e femmine,28,99210,39,0.38963,99191,0.9995757,56.784
21,Provincia autonoma di Bolzano,Maschi e femmine,29,99171,46,0.45905,99148,0.9995067,55.806
21,Provincia autonoma di Bolzano,Maschi e femmine,30,99126,52,0.52766,99100,0.9994572,54.831
21,Provincia autonoma di Bolzano,Maschi e femmine,31,99073,55,0.55787,99046,0.9994669,53.860
21,Provincia autonoma di Bolzano,Maschi e femmine,32,99018,50,0.50833,98993,0.9995144,52.890
21,Provincia autonoma di Bolzano,Maschi e femmine,33,98968,46,0.46286,98945,0.9995396,51.917
21,Provincia autonoma di Bolzano,Maschi e femmine,34,98922,45,0.45792,98899,0.9995100,50.940
21,Provincia autonoma di Bolzano,Maschi e femmine,35,98877,52,0.52213,98851,0.9994258,49.964
21,Provincia autonoma di Bolzano,Maschi e femmine,36,98825,62,0.62629,98794,0.9993382,48.989
21,Provincia autonoma di Bolzano,Maschi e femmine,37,98763,69,0.69740,98729,0.9992871,48.020
21,Provincia autonoma di Bolzano,Maschi e femmine,38,98694,72,0.72837,98658,0.9992555,47.053
21,Provincia autonoma di Bolzano,Maschi e femmine,39,98622,75,0.76063,98585,0.9992253,46.087
21,Provincia autonoma di Bolzano,Maschi e femmine,40,98547,78,0.78869,98509,0.9992115,45.122
21,Provincia autonoma di Bolzano,Maschi e femmine,41,98470,78,0.78836,98431,0.9992484,44.157
21,Provincia autonoma di Bolzano,Maschi e femmine,42,98392,70,0.71480,98357,0.9992946,43.191
21,Provincia autonoma di Bolzano,Maschi e femmine,43,98322,68,0.69599,98287,0.9992609,42.222
21,Provincia autonoma di Bolzano,Maschi e femmine,44,98253,77,0.78218,98215,0.9991198,41.251
21,Provincia autonoma di Bolzano,Maschi e femmine,45,98176,96,0.97833,98128,0.9989047,40.283
21,Provincia autonoma di Bolzano,Maschi e femmine,46,98080,119,1.21245,98021,0.9986688,39.322
21,Provincia autonoma di Bolzano,Maschi e femmine,47,97961,142,1.45004,97890,0.9984939,38.369
21,Provincia autonoma di Bolzano,Maschi e femmine,48,97819,153,1.56228,97743,0.9984295,37.424
21,Provincia autonoma di Bolzano,Maschi e femmine,49,97667,154,1.57881,97589,0.9984170,36.482
21,Provincia autonoma di Bolzano,Maschi e femmine,50,97512,155,1.58726,97435,0.9983609,35.538
21,Provincia autonoma di Bolzano,Maschi e femmine,51,97358,165,1.69109,97275,0.9982027,34.594
21,Provincia autonoma di Bolzano,Maschi e femmine,52,97193,185,1.90376,97100,0.9979307,33.652
21,Provincia autonoma di Bolzano,Maschi e femmine,53,97008,217,2.23513,96900,0.9975897,32.715
21,Provincia autonoma di Bolzano,Maschi e femmine,54,96791,250,2.58578,96666,0.9973214,31.787
21,Provincia autonoma di Bolzano,Maschi e femmine,55,96541,268,2.77170,96407,0.9971430,30.868
21,Provincia autonoma di Bolzano,Maschi e femmine,56,96273,283,2.94252,96132,0.9969797,29.953
21,Provincia autonoma di Bolzano,Maschi e femmine,57,95990,297,3.09823,95841,0.9967831,29.040
21,Provincia autonoma di Bolzano,Maschi e femmine,58,95693,319,3.33604,95533,0.9965488,28.128
21,Provincia autonoma di Bolzano,Maschi e femmine,59,95373,340,3.56673,95203,0.9962576,27.221
21,Provincia autonoma di Bolzano,Maschi e femmine,60,95033,372,3.91876,94847,0.9959484,26.317
21,Provincia autonoma di Bolzano,Maschi e femmine,61,94661,396,4.18500,94463,0.9956363,25.418
21,Provincia autonoma di Bolzano,Maschi e femmine,62,94265,428,4.54319,94050,0.9951156,24.523
21,Provincia autonoma di Bolzano,Maschi e femmine,63,93836,490,5.22717,93591,0.9943377,23.633
21,Provincia autonoma di Bolzano,Maschi e femmine,64,93346,569,6.09979,93061,0.9933896,22.754
21,Provincia autonoma di Bolzano,Maschi e femmine,65,92776,661,7.12419,92446,0.9924965,21.891
21,Provincia autonoma di Bolzano,Maschi e femmine,66,92115,726,7.88550,91752,0.9919292,21.044
21,Provincia autonoma di Bolzano,Maschi e femmine,67,91389,755,8.25750,91012,0.9914186,20.207
21,Provincia autonoma di Bolzano,Maschi e femmine,68,90634,807,8.90802,90231,0.9905606,19.371
21,Provincia autonoma di Bolzano,Maschi e femmine,69,89827,896,9.97559,89379,0.9894496,18.541
21,Provincia autonoma di Bolzano,Maschi e femmine,70,88931,990,11.13093,88436,0.9881731,17.723
21,Provincia autonoma di Bolzano,Maschi e femmine,71,87941,1102,12.53061,87390,0.9867734,16.917
21,Provincia autonoma di Bolzano,Maschi e femmine,72,86839,1210,13.93148,86234,0.9855120,16.125
21,Provincia autonoma di Bolzano,Maschi e femmine,73,85629,1289,15.05232,84985,0.9846551,15.346
21,Provincia autonoma di Bolzano,Maschi e femmine,74,84340,1319,15.64203,83681,0.9840269,14.573
21,Provincia autonoma di Bolzano,Maschi e femmine,75,83021,1354,16.30939,82344,0.9829153,13.796
21,Provincia autonoma di Bolzano,Maschi e femmine,76,81667,1460,17.87293,80937,0.9805790,13.017
21,Provincia autonoma di Bolzano,Maschi e femmine,77,80208,1684,20.99731,79365,0.9764271,12.245
21,Provincia autonoma di Bolzano,Maschi e femmine,78,78523,2058,26.20378,77495,0.9710799,11.496
21,Provincia autonoma di Bolzano,Maschi e femmine,79,76466,2425,31.70958,75253,0.9661943,10.792
21,Provincia autonoma di Bolzano,Maschi e femmine,80,74041,2663,35.97044,72709,0.9619610,10.129
21,Provincia autonoma di Bolzano,Maschi e femmine,81,71378,2868,40.18466,69944,0.9575003,9.489
21,Provincia autonoma di Bolzano,Maschi e femmine,82,68509,3077,44.91174,66971,0.9532879,8.865
21,Provincia autonoma di Bolzano,Maschi e femmine,83,65433,3180,48.59714,63843,0.9484961,8.258
21,Provincia autonoma di Bolzano,Maschi e femmine,84,62253,3396,54.55918,60555,0.9413121,7.655
21,Provincia autonoma di Bolzano,Maschi e femmine,85,58856,3711,63.05486,57001,0.9322903,7.068
21,Provincia autonoma di Bolzano,Maschi e femmine,86,55145,4008,72.67788,53141,0.9207591,6.510
21,Provincia autonoma di Bolzano,Maschi e femmine,87,51137,4414,86.31830,48930,0.9066223,5.981
21,Provincia autonoma di Bolzano,Maschi e femmine,88,46723,4724,101.10395,44361,0.8935005,5.498
21,Provincia autonoma di Bolzano,Maschi e femmine,89,41999,4725,112.50187,39637,0.8813934,5.061
21,Provincia autonoma di Bolzano,Maschi e femmine,90,37274,4677,125.48511,34936,0.8679351,4.639
21,Provincia autonoma di Bolzano,Maschi e femmine,91,32597,4550,139.58873,30322,0.8516295,4.233
21,Provincia autonoma di Bolzano,Maschi e femmine,92,28047,4448,158.57699,25823,0.8300075,3.838
21,Provincia autonoma di Bolzano,Maschi e femmine,93,23599,4332,183.55947,21433,0.8055263,3.467
21,Provincia autonoma di Bolzano,Maschi e femmine,94,19267,4005,207.84167,17265,0.7745919,3.134
21,Provincia autonoma di Bolzano,Maschi e femmine,95,15263,3779,247.58341,13373,0.7333546,2.825
21,Provincia autonoma di Bolzano,Maschi e femmine,96,11484,3353,291.97981,9807,0.7030782,2.591
21,Provincia autonoma di Bolzano,Maschi e femmine,97,8131,2471,303.90183,6895,0.6929710,2.453
21,Provincia autonoma di Bolzano,Maschi e femmine,98,5660,1763,311.52148,4778,0.6823101,2.305
21,Provincia autonoma di Bolzano,Maschi e femmine,99,3897,1273,326.64943,3260,0.6599666,2.122
21,Provincia autonoma di Bolzano,Maschi e femmine,100,2624,944,359.90995,2152,0.6163266,1.909
21,Provincia autonoma di Bolzano,Maschi e femmine,101,1680,707,420.79854,1326,0.5678595,1.701
21,Provincia autonoma di Bolzano,Maschi e femmine,102,973,439,451.72253,753,0.5371830,1.574
21,Provincia autonoma di Bolzano,Maschi e femmine,103,533,258,483.05228,405,0.5062051,1.459
21,Provincia autonoma di Bolzano,Maschi e femmine,104,276,142,514.57573,205,0.4751284,1.355
21,Provincia autonoma di Bolzano,Maschi e femmine,105,134,73,546.08162,97,0.4441511,1.261
21,Provincia autonoma di Bolzano,Maschi e femmine,106,61,35,577.36674,43,0.4134640,1.176
21,Provincia autonoma di Bolzano,Maschi e femmine,107,26,16,608.23161,18,0.3832515,1.100
21,Provincia autonoma di Bolzano,Maschi e femmine,108,10,6,638.48808,7,0.3536874,1.031
21,Provincia autonoma di Bolzano,Maschi e femmine,109,4,2,667.95629,2,0.3249381,0.970
21,Provincia autonoma di Bolzano,Maschi e femmine,110,1,1,696.46151,1,0.2971628,0.914
21,Provincia autonoma di Bolzano,Maschi e femmine,111,0,0,723.84175,0,0.2705082,0.865
21,Provincia autonoma di Bolzano,Maschi e femmine,112,0,0,749.95126,0,0.2451058,0.820
21,Provincia autonoma di Bolzano,Maschi e femmine,113,0,0,774.66193,0,0.2210698,0.781
21,Provincia autonoma di Bolzano,Maschi e femmine,114,0,0,797.87187,0,0.1984898,0.745
21,Provincia autonoma di Bolzano,Maschi e femmine,115,0,0,819.51039,0,0.1774272,0.714
21,Provincia autonoma di Bolzano,Maschi e femmine,116,0,0,839.53983,0,0.1579143,0.686
21,Provincia autonoma di Bolzano,Maschi e femmine,117,0,0,857.95151,0,0.1399564,0.662
21,Provincia autonoma di Bolzano,Maschi e femmine,118,0,0,874.77173,0,0.1235283,0.640
21,Provincia autonoma di Bolzano,Maschi e femmine,119,0,0,890.04662,0,0.1085863,0.622
21,Provincia autonoma di Bolzano,Maschi,0,100000,169,1.69169,99841,0.9996918,82.327
21,Provincia autonoma di Bolzano,Maschi,1,99831,42,0.41651,99810,0.9996741,81.465
21,Provincia autonoma di Bolzano,Maschi,2,99789,23,0.23525,99778,0.9998248,80.499
21,Provincia autonoma di Bolzano,Maschi,3,99766,11,0.11512,99760,0.9999188,79.518
21,Provincia autonoma di Bolzano,Maschi,4,99754,5,0.04723,99752,0.9999570,78.527
21,Provincia autonoma di Bolzano,Maschi,5,99750,4,0.03882,99748,0.9999505,77.531
21,Provincia autonoma di Bolzano,Maschi,6,99746,6,0.06019,99743,0.9999284,76.534
21,Provincia autonoma di Bolzano,Maschi,7,99740,8,0.08296,99736,0.9999171,75.538
21,Provincia autonoma di Bolzano,Maschi,8,99731,8,0.08286,99727,0.9999267,74.544
21,Provincia autonoma di Bolzano,Maschi,9,99723,6,0.06378,99720,0.9999458,73.551
21,Provincia autonoma di Bolzano,Maschi,10,99717,4,0.04469,99715,0.9999568,72.555
21,Provincia autonoma di Bolzano,Maschi,11,99712,4,0.04162,99710,0.9999486,71.559
21,Provincia autonoma di Bolzano,Maschi,12,99708,6,0.06124,99705,0.9999240,70.561
21,Provincia autonoma di Bolzano,Maschi,13,99702,9,0.09085,99698,0.9999053,69.566
21,Provincia autonoma di Bolzano,Maschi,14,99693,10,0.09857,99688,0.9999033,68.572
21,Provincia autonoma di Bolzano,Maschi,15,99683,9,0.09474,99678,0.9998936,67.579
21,Provincia autonoma di Bolzano,Maschi,16,99674,12,0.11806,99668,0.9998323,66.585
21,Provincia autonoma di Bolzano,Maschi,17,99662,22,0.21739,99651,0.9997110,65.593
21,Provincia autonoma di Bolzano,Maschi,18,99640,36,0.36061,99622,0.9995632,64.607
21,Provincia autonoma di Bolzano,Maschi,19,99604,51,0.51311,99579,0.9994434,63.630
21,Provincia autonoma di Bolzano,Maschi,20,99553,60,0.60011,99523,0.9993853,62.663
21,Provincia autonoma di Bolzano,Maschi,21,99494,63,0.62938,99462,0.9993854,61.700
21,Provincia autonoma di Bolzano,Maschi,22,99431,60,0.59985,99401,0.9994226,60.738
21,Provincia autonoma di Bolzano,Maschi,23,99371,55,0.55495,99344,0.9994763,59.775
21,Provincia autonoma di Bolzano,Maschi,24,99316,49,0.49253,99292,0.9995310,58.808
21,Provincia autonoma di Bolzano,Maschi,25,99267,44,0.44546,99245,0.9995793,57.836
21,Provincia autonoma di Bolzano,Maschi,26,99223,39,0.39596,99203,0.9995922,56.862
21,Provincia autonoma di Bolzano,Maschi,27,99184,42,0.41957,99163,0.9995468,55.884
21,Provincia autonoma di Bolzano,Maschi,28,99142,48,0.48675,99118,0.9994500,54.907
21,Provincia autonoma di Bolzano,Maschi,29,99094,61,0.61337,99063,0.9993244,53.934
21,Provincia autonoma di Bolzano,Maschi,30,99033,73,0.73778,98997,0.9992359,52.967
21,Provincia autonoma di Bolzano,Maschi,31,98960,78,0.79037,98921,0.9992590,52.005
21,Provincia autonoma di Bolzano,Maschi,32,98882,68,0.69163,98848,0.9993595,51.046
21,Provincia autonoma di Bolzano,Maschi,33,98813,58,0.58938,98784,0.9994335,50.081
21,Provincia autonoma di Bolzano,Maschi,34,98755,54,0.54366,98728,0.9994277,49.110
21,Provincia autonoma di Bolzano,Maschi,35,98701,59,0.60094,98672,0.9993537,48.137
21,Provincia autonoma di Bolzano,Maschi,36,98642,68,0.69162,98608,0.9992841,47.165
21,Provincia autonoma di Bolzano,Maschi,37,98574,73,0.74018,98537,0.9992485,46.198
21,Provincia autonoma di Bolzano,Maschi,38,98501,75,0.76287,98463,0.9992128,45.232
21,Provincia autonoma di Bolzano,Maschi,39,98426,80,0.81154,98386,0.9991435,44.266
21,Provincia autonoma di Bolzano,Maschi,40,98346,89,0.90152,98302,0.9990828,43.301
21,Provincia autonoma di Bolzano,Maschi,41,98257,92,0.93295,98211,0.9991248,42.340
21,Provincia autonoma di Bolzano,Maschi,42,98166,80,0.81749,98125,0.9992223,41.379
21,Provincia autonoma di Bolzano,Maschi,43,98085,72,0.73794,98049,0.9992043,40.412
21,Provincia autonoma di Bolzano,Maschi,44,98013,84,0.85351,97971,0.9990083,39.442
21,Provincia autonoma di Bolzano,Maschi,45,97929,111,1.13007,97874,0.9986842,38.475
21,Provincia autonoma di Bolzano,Maschi,46,97819,147,1.50166,97745,0.9983700,37.518
21,Provincia autonoma di Bolzano,Maschi,47,97672,172,1.75856,97586,0.9982143,36.574
21,Provincia autonoma di Bolzano,Maschi,48,97500,177,1.81290,97412,0.9982153,35.637
21,Provincia autonoma di Bolzano,Maschi,49,97323,171,1.75655,97238,0.9982379,34.701
21,Provincia autonoma di Bolzano,Maschi,50,97152,172,1.76763,97066,0.9981265,33.761
21,Provincia autonoma di Bolzano,Maschi,51,96981,192,1.97948,96885,0.9978288,32.820
21,Provincia autonoma di Bolzano,Maschi,52,96789,229,2.36329,96674,0.9974057,31.884
21,Provincia autonoma di Bolzano,Maschi,53,96560,273,2.82589,96423,0.9969336,30.959
21,Provincia autonoma di Bolzano,Maschi,54,96287,318,3.30767,96128,0.9965616,30.045
21,Provincia autonoma di Bolzano,Maschi,55,95969,343,3.56950,95797,0.9962975,29.143
21,Provincia autonoma di Bolzano,Maschi,56,95626,367,3.83589,95443,0.9960697,28.246
21,Provincia autonoma di Bolzano,Maschi,57,95259,383,4.02507,95067,0.9959043,27.353
21,Provincia autonoma di Bolzano,Maschi,58,94876,395,4.16665,94678,0.9958013,26.461
21,Provincia autonoma di Bolzano,Maschi,59,94480,400,4.23080,94281,0.9957089,25.570
21,Provincia autonoma di Bolzano,Maschi,60,94081,409,4.35174,93876,0.9955076,24.676
21,Provincia autonoma di Bolzano,Maschi,61,93671,434,4.63361,93454,0.9949789,23.782
21,Provincia autonoma di Bolzano,Maschi,62,93237,504,5.41035,92985,0.9937942,22.890
21,Provincia autonoma di Bolzano,Maschi,63,92733,650,7.00565,92408,0.9921695,22.012
21,Provincia autonoma di Bolzano,Maschi,64,92083,798,8.66121,91684,0.9907676,21.164
21,Provincia autonoma di Bolzano,Maschi,65,91286,895,9.80850,90838,0.9899166,20.344
21,Provincia autonoma di Bolzano,Maschi,66,90390,937,10.36093,89922,0.9896298,19.541
21,Provincia autonoma di Bolzano,Maschi,67,89454,928,10.37957,88989,0.9893943,18.740
21,Provincia autonoma di Bolzano,Maschi,68,88525,959,10.83415,88046,0.9883262,17.932
21,Provincia autonoma di Bolzano,Maschi,69,87566,1097,12.52263,87018,0.9864733,17.122
21,Provincia autonoma di Bolzano,Maschi,70,86470,1258,14.54347,85841,0.9844755,16.333
21,Provincia autonoma di Bolzano,Maschi,71,85212,1408,16.51998,84508,0.9824473,15.567
21,Provincia autonoma di Bolzano,Maschi,72,83804,1559,18.60271,83025,0.9808068,14.820
21,Provincia autonoma di Bolzano,Maschi,73,82245,1628,19.79489,81431,0.9802122,14.091
21,Provincia autonoma di Bolzano,Maschi,74,80617,1595,19.78062,79820,0.9800254,13.366
21,Provincia autonoma di Bolzano,Maschi,75,79023,1594,20.17249,78226,0.9789337,12.626
21,Provincia autonoma di Bolzano,Maschi,76,77428,1702,21.97846,76578,0.9758734,11.875
21,Provincia autonoma di Bolzano,Maschi,77,75727,1993,26.32309,74730,0.9702295,11.131
21,Provincia autonoma di Bolzano,Maschi,78,73733,2456,33.31112,72505,0.9630261,10.418
21,Provincia autonoma di Bolzano,Maschi,79,71277,2905,40.76296,69825,0.9566589,9.760
21,Provincia autonoma di Bolzano,Maschi,80,68372,3147,46.02877,66798,0.9517077,9.154
21,Provincia autonoma di Bolzano,Maschi,81,65225,3305,50.66512,63572,0.9480551,8.571
21,Provincia autonoma di Bolzano,Maschi,82,61920,3300,53.29298,60270,0.9452754,8.002
21,Provincia autonoma di Bolzano,Maschi,83,58620,3297,56.23689,56972,0.9402826,7.424
21,Provincia autonoma di Bolzano,Maschi,84,55324,3508,63.40532,53570,0.9306717,6.837
21,Provincia autonoma di Bolzano,Maschi,85,51816,3920,75.65219,49856,0.9168347,6.266
21,Provincia autonoma di Bolzano,Maschi,86,47896,4373,91.29340,45709,0.9001131,5.738
21,Provincia autonoma di Bolzano,Maschi,87,43523,4759,109.34375,41144,0.8827964,5.264
21,Provincia autonoma di Bolzano,Maschi,88,38764,4885,126.02847,36322,0.8687956,4.849
21,Provincia autonoma di Bolzano,Maschi,89,33879,4646,137.12662,31556,0.8573442,4.476
21,Provincia autonoma di Bolzano,Maschi,90,29233,4358,149.06371,27054,0.8452262,4.108
21,Provincia autonoma di Bolzano,Maschi,91,24876,4017,161.48419,22867,0.8275702,3.739
21,Provincia autonoma di Bolzano,Maschi,92,20859,3869,185.48329,18924,0.8032215,3.363
21,Provincia autonoma di Bolzano,Maschi,93,16990,3579,210.64589,15200,0.7766403,3.015
21,Provincia autonoma di Bolzano,Maschi,94,13411,3211,239.46627,11805,0.7302833,2.687
21,Provincia autonoma di Bolzano,Maschi,95,10199,3157,309.49188,8621,0.6652404,2.375
21,Provincia autonoma di Bolzano,Maschi,96,7043,2615,371.35258,5735,0.6328436,2.216
21,Provincia autonoma di Bolzano,Maschi,97,4427,1596,360.48149,3629,0.6516337,2.229
21,Provincia autonoma di Bolzano,Maschi,98,2831,933,329.42216,2365,0.6755809,2.204
21,Provincia autonoma di Bolzano,Maschi,99,1899,602,316.95824,1598,0.6663783,2.040
21,Provincia autonoma di Bolzano,Maschi,100,1297,464,358.01758,1065,0.5939400,1.755
21,Provincia autonoma di Bolzano,Maschi,101,833,400,480.89454,632,0.5070435,1.455
21,Provincia autonoma di Bolzano,Maschi,102,432,223,516.19246,321,0.4722080,1.340
21,Provincia autonoma di Bolzano,Maschi,103,209,115,551.76761,151,0.4372371,1.237
21,Provincia autonoma di Bolzano,Maschi,104,94,55,587.29307,66,0.4024423,1.145
21,Provincia autonoma di Bolzano,Maschi,105,39,24,622.42927,27,0.3681380,1.062
21,Provincia autonoma di Bolzano,Maschi,106,15,10,656.84481,10,0.3346284,0.988
21,Provincia autonoma di Bolzano,Maschi,107,5,3,690.21979,3,0.3022009,0.923
21,Provincia autonoma di Bolzano,Maschi,108,2,1,722.26571,1,0.2711138,0.865
21,Provincia autonoma di Bolzano,Maschi,109,0,0,752.72368,0,0.2415953,0.814
21,Provincia autonoma di Bolzano,Maschi,110,0,0,781.37928,0,0.2138337,0.769
21,Provincia autonoma di Bolzano,Maschi,111,0,0,808.06253,0,0.1879776,0.729
21,Provincia autonoma di Bolzano,Maschi,112,0,0,832.65345,0,0.1641322,0.695
21,Provincia autonoma di Bolzano,Maschi,113,0,0,855.07528,0,0.1423650,0.665
21,Provincia autonoma di Bolzano,Maschi,114,0,0,875.29779,0,0.1227030,0.639
21,Provincia autonoma di Bolzano,Maschi,115,0,0,893.32850,0,0.1051405,0.617
21,Provincia autonoma di Bolzano,Maschi,116,0,0,909.21170,0,0.0896392,0.598
21,Provincia autonoma di Bolzano,Maschi,117,0,0,923.01787,0,0.0761370,0.582
21,Provincia autonoma di Bolzano,Maschi,118,0,0,934.84192,0,0.0645493,0.569
21,Provincia autonoma di Bolzano,Maschi,119,0,0,944.79409,0,0.0547768,0.558
21,Provincia autonoma di Bolzano,Femmine,0,100000,255,2.54650,99760,0.9997800,86.201
21,Provincia autonoma di Bolzano,Femmine,1,99745,14,0.13889,99738,0.9998451,85.420
21,Provincia autonoma di Bolzano,Femmine,2,99731,17,0.17094,99723,0.9998234,84.432
21,Provincia autonoma di Bolzano,Femmine,3,99714,18,0.18217,99705,0.9998218,83.446
21,Provincia autonoma di Bolzano,Femmine,4,99696,17,0.17414,99688,0.9998432,82.461
21,Provincia autonoma di Bolzano,Femmine,5,99679,14,0.13951,99672,0.9998845,81.475
21,Provincia autonoma di Bolzano,Femmine,6,99665,9,0.09149,99660,0.9999237,80.487
21,Provincia autonoma di Bolzano,Femmine,7,99656,6,0.06112,99653,0.9999391,79.494
21,Provincia autonoma di Bolzano,Femmine,8,99650,6,0.06071,99647,0.9999225,78.499
21,Provincia autonoma di Bolzano,Femmine,9,99644,9,0.09438,99639,0.9998845,77.504
21,Provincia autonoma di Bolzano,Femmine,10,99634,14,0.13672,99628,0.9998561,76.511
21,Provincia autonoma di Bolzano,Femmine,11,99621,15,0.15111,99613,0.9998583,75.521
21,Provincia autonoma di Bolzano,Femmine,12,99606,13,0.13230,99599,0.9998876,74.533
21,Provincia autonoma di Bolzano,Femmine,13,99592,9,0.09243,99588,0.9999237,73.542
21,Provincia autonoma di Bolzano,Femmine,14,99583,6,0.06016,99580,0.9999375,72.549
21,Provincia autonoma di Bolzano,Femmine,15,99577,6,0.06478,99574,0.9999144,71.553
21,Provincia autonoma di Bolzano,Femmine,16,99571,11,0.10643,99566,0.9998636,70.558
21,Provincia autonoma di Bolzano,Femmine,17,99560,17,0.16646,99552,0.9998088,69.565
21,Provincia autonoma di Bolzano,Femmine,18,99544,21,0.21596,99533,0.9997686,68.577
21,Provincia autonoma di Bolzano,Femmine,19,99522,25,0.24694,99510,0.9997425,67.592
21,Provincia autonoma di Bolzano,Femmine,20,99498,27,0.26801,99484,0.9997258,66.608
21,Provincia autonoma di Bolzano,Femmine,21,99471,28,0.28031,99457,0.9997202,65.626
21,Provincia autonoma di Bolzano,Femmine,22,99443,28,0.27925,99429,0.9997243,64.644
21,Provincia autonoma di Bolzano,Femmine,23,99415,27,0.27217,99402,0.9997378,63.662
21,Provincia autonoma di Bolzano,Femmine,24,99388,25,0.25218,99376,0.9997439,62.679
21,Provincia autonoma di Bolzano,Femmine,25,99363,26,0.26001,99350,0.9997334,61.695
21,Provincia autonoma di Bolzano,Femmine,26,99337,27,0.27314,99324,0.9997179,60.711
21,Provincia autonoma di Bolzano,Femmine,27,99310,29,0.29110,99296,0.9997108,59.727
21,Provincia autonoma di Bolzano,Femmine,28,99281,29,0.28732,99267,0.9997081,58.745
21,Provincia autonoma di Bolzano,Femmine,29,99253,29,0.29653,99238,0.9996985,57.761
21,Provincia autonoma di Bolzano,Femmine,30,99223,30,0.30645,99208,0.9996902,56.778
21,Provincia autonoma di Bolzano,Femmine,31,99193,31,0.31321,99177,0.9996856,55.796
21,Provincia autonoma di Bolzano,Femmine,32,99162,31,0.31553,99146,0.9996773,54.813
21,Provincia autonoma di Bolzano,Femmine,33,99131,33,0.32983,99114,0.9996512,53.830
21,Provincia autonoma di Bolzano,Femmine,34,99098,36,0.36779,99080,0.9995965,52.848
21,Provincia autonoma di Bolzano,Femmine,35,99061,44,0.43930,99040,0.9995016,51.867
21,Provincia autonoma di Bolzano,Femmine,36,99018,55,0.55762,98990,0.9993950,50.890
21,Provincia autonoma di Bolzano,Femmine,37,98963,65,0.65246,98930,0.9993277,49.918
21,Provincia autonoma di Bolzano,Femmine,38,98898,68,0.69212,98864,0.9993004,48.950
21,Provincia autonoma di Bolzano,Femmine,39,98830,70,0.70714,98795,0.9993113,47.983
21,Provincia autonoma di Bolzano,Femmine,40,98760,66,0.67015,98727,0.9993467,47.017
21,Provincia autonoma di Bolzano,Femmine,41,98694,63,0.63652,98662,0.9993782,46.048
21,Provincia autonoma di Bolzano,Femmine,42,98631,60,0.60700,98601,0.9993705,45.077
21,Provincia autonoma di Bolzano,Femmine,43,98571,64,0.65196,98539,0.9993204,44.104
21,Provincia autonoma di Bolzano,Femmine,44,98507,70,0.70731,98472,0.9992368,43.133
21,Provincia autonoma di Bolzano,Femmine,45,98437,81,0.81910,98397,0.9991359,42.163
21,Provincia autonoma di Bolzano,Femmine,46,98356,89,0.90910,98312,0.9989822,41.197
21,Provincia autonoma di Bolzano,Femmine,47,98267,111,1.12662,98212,0.9987869,40.234
21,Provincia autonoma di Bolzano,Femmine,48,98156,128,1.29970,98092,0.9986538,39.279
21,Provincia autonoma di Bolzano,Femmine,49,98029,137,1.39268,97960,0.9986044,38.329
21,Provincia autonoma di Bolzano,Femmine,50,97892,137,1.39843,97824,0.9986061,37.382
21,Provincia autonoma di Bolzano,Femmine,51,97755,136,1.38934,97687,0.9985937,36.434
21,Provincia autonoma di Bolzano,Femmine,52,97619,139,1.42330,97550,0.9984794,35.484
21,Provincia autonoma di Bolzano,Femmine,53,97480,158,1.61813,97402,0.9982746,34.534
21,Provincia autonoma di Bolzano,Femmine,54,97323,178,1.83285,97234,0.9981132,33.589
21,Provincia autonoma di Bolzano,Femmine,55,97144,189,1.94088,97050,0.9980227,32.650
21,Provincia autonoma di Bolzano,Femmine,56,96956,195,2.01378,96858,0.9979249,31.712
21,Provincia autonoma di Bolzano,Femmine,57,96761,207,2.13650,96657,0.9976941,30.775
21,Provincia autonoma di Bolzano,Femmine,58,96554,239,2.47570,96434,0.9973224,29.840
21,Provincia autonoma di Bolzano,Femmine,59,96315,277,2.87994,96176,0.9968247,28.913
21,Provincia autonoma di Bolzano,Femmine,60,96037,333,3.47147,95871,0.9964035,27.995
21,Provincia autonoma di Bolzano,Femmine,61,95704,356,3.72197,95526,0.9963143,27.091
21,Provincia autonoma di Bolzano,Femmine,62,95348,348,3.64939,95174,0.9964756,26.190
21,Provincia autonoma di Bolzano,Femmine,63,95000,323,3.39896,94838,0.9965614,25.284
21,Provincia autonoma di Bolzano,Femmine,64,94677,329,3.47834,94512,0.9960658,24.369
21,Provincia autonoma di Bolzano,Femmine,65,94348,414,4.39158,94140,0.9951159,23.452
21,Provincia autonoma di Bolzano,Femmine,66,93933,505,5.37871,93681,0.9942524,22.553
21,Provincia autonoma di Bolzano,Femmine,67,93428,572,6.11853,93142,0.9934548,21.672
21,Provincia autonoma di Bolzano,Femmine,68,92856,648,6.97450,92533,0.9927984,20.803
21,Provincia autonoma di Bolzano,Femmine,69,92209,685,7.43027,91866,0.9924149,19.945
21,Provincia autonoma di Bolzano,Femmine,70,91524,708,7.74112,91169,0.9918325,19.091
21,Provincia autonoma di Bolzano,Femmine,71,90815,781,8.59722,90425,0.9910202,18.236
21,Provincia autonoma di Bolzano,Femmine,72,90034,843,9.36565,89613,0.9900896,17.390
21,Provincia autonoma di Bolzano,Femmine,73,89191,933,10.46021,88725,0.9889380,16.549
21,Provincia autonoma di Bolzano,Femmine,74,88258,1030,11.67010,87743,0.9878522,15.719
21,Provincia autonoma di Bolzano,Femmine,75,87228,1102,12.63123,86677,0.9866914,14.899
21,Provincia autonoma di Bolzano,Femmine,76,86126,1205,13.99467,85524,0.9850033,14.083
21,Provincia autonoma di Bolzano,Femmine,77,84921,1360,16.01299,84241,0.9821916,13.276
21,Provincia autonoma di Bolzano,Femmine,78,83561,1641,19.63312,82741,0.9784665,12.484
21,Provincia autonoma di Bolzano,Femmine,79,81921,1923,23.47191,80959,0.9747906,11.724
21,Provincia autonoma di Bolzano,Femmine,80,79998,2159,26.98861,78918,0.9710272,10.993
21,Provincia autonoma di Bolzano,Femmine,81,77839,2414,31.01208,76632,0.9656915,10.284
21,Provincia autonoma di Bolzano,Femmine,82,75425,2844,37.71037,74003,0.9601201,9.598
21,Provincia autonoma di Bolzano,Femmine,83,72581,3058,42.13437,71052,0.9553902,8.954
21,Provincia autonoma di Bolzano,Femmine,84,69522,3281,47.19421,67882,0.9500799,8.326
21,Provincia autonoma di Bolzano,Femmine,85,66241,3496,52.78104,64493,0.9447075,7.714
21,Provincia autonoma di Bolzano,Femmine,86,62745,3636,57.94382,60927,0.9367865,7.116
21,Provincia autonoma di Bolzano,Femmine,87,59109,4067,68.80728,57076,0.9243488,6.522
21,Provincia autonoma di Bolzano,Femmine,88,55042,4569,83.00076,52758,0.9110461,5.967
21,Provincia autonoma di Bolzano,Femmine,89,50474,4818,95.44586,48065,0.8976950,5.462
21,Provincia autonoma di Bolzano,Femmine,90,45656,5017,109.88779,43148,0.8826568,4.986
21,Provincia autonoma di Bolzano,Femmine,91,40639,5109,125.71903,38085,0.8665467,4.540
21,Provincia autonoma di Bolzano,Femmine,92,35530,5056,142.29977,33002,0.8458350,4.121
21,Provincia autonoma di Bolzano,Femmine,93,30474,5120,167.99884,27914,0.8217049,3.721
21,Provincia autonoma di Bolzano,Femmine,94,25355,4834,190.67032,22937,0.7976384,3.372
21,Provincia autonoma di Bolzano,Femmine,95,20520,4449,216.80721,18296,0.7652420,3.048
21,Provincia autonoma di Bolzano,Femmine,96,16071,4141,257.67806,14001,0.7316391,2.754
21,Provincia autonoma di Bolzano,Femmine,97,11930,3373,282.75211,10243,0.7078047,2.536
21,Provincia autonoma di Bolzano,Femmine,98,8557,2613,305.36115,7250,0.6845636,2.339
21,Provincia autonoma di Bolzano,Femmine,99,5944,1961,329.94079,4963,0.6577738,2.148
21,Provincia autonoma di Bolzano,Femmine,100,3983,1436,360.56105,3265,0.6236251,1.959
21,Provincia autonoma di Bolzano,Femmine,101,2547,1022,401.10577,2036,0.5867727,1.782
21,Provincia autonoma di Bolzano,Femmine,102,1525,661,433.46703,1195,0.5545921,1.640
21,Provincia autonoma di Bolzano,Femmine,103,864,403,466.48505,663,0.5218941,1.512
21,Provincia autonoma di Bolzano,Femmine,104,461,230,499.88752,346,0.4889438,1.397
21,Provincia autonoma di Bolzano,Femmine,105,231,123,533.38842,169,0.4560135,1.294
21,Provincia autonoma di Bolzano,Femmine,106,108,61,566.69942,77,0.4233744,1.201
21,Provincia autonoma di Bolzano,Femmine,107,47,28,599.53405,33,0.3912897,1.119
21,Provincia autonoma di Bolzano,Femmine,108,19,12,631.62416,13,0.3600030,1.045
21,Provincia autonoma di Bolzano,Femmine,109,7,5,662.72609,5,0.3297337,0.979
21,Provincia autonoma di Bolzano,Femmine,110,2,2,692.62256,2,0.3006741,0.921
21,Provincia autonoma di Bolzano,Femmine,111,1,1,721.13396,0,0.2729815,0.869
21,Provincia autonoma di Bolzano,Femmine,112,0,0,748.12028,0,0.2467777,0.823
21,Provincia autonoma di Bolzano,Femmine,113,0,0,773.47784,0,0.2221518,0.782
21,Provincia autonoma di Bolzano,Femmine,114,0,0,797.14125,0,0.1991586,0.746
21,Provincia autonoma di Bolzano,Femmine,115,0,0,819.08122,0,0.1778212,0.715
21,Provincia autonoma di Bolzano,Femmine,116,0,0,839.30033,0,0.1581350,0.687
21,Provincia autonoma di Bolzano,Femmine,117,0,0,857.82472,0,0.1400737,0.662
21,Provincia autonoma di Bolzano,Femmine,118,0,0,874.70811,0,0.1235874,0.641
21,Provincia autonoma di Bolzano,Femmine,119,0,0,890.01634,0,0.1086146,0.622
22,Provincia autonoma di Trento,Maschi e femmine,0,100000,228,2.27501,99786,0.9997311,84.549
22,Provincia autonoma di Trento,Maschi e femmine,1,99772,27,0.26890,99759,0.9997896,83.741
22,Provincia autonoma di Trento,Maschi e femmine,2,99746,15,0.15197,99738,0.9998793,82.763
22,Provincia autonoma di Trento,Maschi e femmine,3,99731,9,0.08933,99726,0.9999248,81.775
22,Provincia autonoma di Trento,Maschi e femmine,4,99722,6,0.06108,99719,0.9999385,80.783
22,Provincia autonoma di Trento,Maschi e femmine,5,99716,6,0.06197,99712,0.9999341,79.788
22,Provincia autonoma di Trento,Maschi e femmine,6,99709,7,0.06981,99706,0.9999207,78.793
22,Provincia autonoma di Trento,Maschi e femmine,7,99702,9,0.08874,99698,0.9998977,77.798
22,Provincia autonoma di Trento,Maschi e femmine,8,99694,12,0.11593,99688,0.9998775,76.805
22,Provincia autonoma di Trento,Maschi e femmine,9,99682,13,0.12899,99676,0.9998787,75.814
22,Provincia autonoma di Trento,Maschi e femmine,10,99669,11,0.11353,99663,0.9998988,74.823
22,Provincia autonoma di Trento,Maschi e femmine,11,99658,9,0.08894,99653,0.9999140,73.832
22,Provincia autonoma di Trento,Maschi e femmine,12,99649,8,0.08304,99645,0.9999085,72.838
22,Provincia autonoma di Trento,Maschi e femmine,13,99641,10,0.09992,99636,0.9998797,71.844
22,Provincia autonoma di Trento,Maschi e femmine,14,99631,14,0.14064,99624,0.9998423,70.852
22,Provincia autonoma di Trento,Maschi e femmine,15,99617,17,0.17486,99608,0.9998131,69.861
22,Provincia autonoma di Trento,Maschi e femmine,16,99599,20,0.19889,99589,0.9997955,68.874
22,Provincia autonoma di Trento,Maschi e femmine,17,99579,21,0.21019,99569,0.9997856,67.887
22,Provincia autonoma di Trento,Maschi e femmine,18,99559,22,0.21854,99548,0.9997728,66.901
22,Provincia autonoma di Trento,Maschi e femmine,19,99537,23,0.23591,99525,0.9997405,65.916
22,Provincia autonoma di Trento,Maschi e femmine,20,99513,28,0.28301,99499,0.9996956,64.931
22,Provincia autonoma di Trento,Maschi e femmine,21,99485,32,0.32586,99469,0.9996531,63.950
22,Provincia autonoma di Trento,Maschi e femmine,22,99453,37,0.36789,99434,0.9996136,62.970
22,Provincia autonoma di Trento,Maschi e femmine,23,99416,40,0.40501,99396,0.9995732,61.993
22,Provincia autonoma di Trento,Maschi e femmine,24,99376,45,0.44858,99354,0.9995320,61.018
22,Provincia autonoma di Trento,Maschi e femmine,25,99331,48,0.48742,99307,0.9995077,60.045
22,Provincia autonoma di Trento,Maschi e femmine,26,99283,49,0.49727,99258,0.9995140,59.074
22,Provincia autonoma di Trento,Maschi e femmine,27,99233,47,0.47464,99210,0.9995301,58.103
22,Provincia autonoma di Trento,Maschi e femmine,28,99186,46,0.46511,99163,0.9995350,57.131
22,Provincia autonoma di Trento,Maschi e femmine,29,99140,46,0.46490,99117,0.9995375,56.157
22,Provincia autonoma di Trento,Maschi e femmine,30,99094,46,0.46016,99071,0.9995459,55.183
22,Provincia autonoma di Trento,Maschi e femmine,31,99049,44,0.44802,99026,0.9995701,54.208
22,Provincia autonoma di Trento,Maschi e femmine,32,99004,41,0.41185,98984,0.9995935,53.232
22,Provincia autonoma di Trento,Maschi e femmine,33,98963,40,0.40113,98944,0.9995987,52.254
22,Provincia autonoma di Trento,Maschi e femmine,34,98924,40,0.40143,98904,0.9995912,51.275
22,Provincia autonoma di Trento,Maschi e femmine,35,98884,41,0.41615,98863,0.9995750,50.295
22,Provincia autonoma di Trento,Maschi e femmine,36,98843,43,0.43390,98821,0.9995139,49.316
22,Provincia autonoma di Trento,Maschi e femmine,37,98800,53,0.53840,98773,0.9994079,48.337
22,Provincia autonoma di Trento,Maschi e femmine,38,98747,64,0.64592,98715,0.9993150,47.363
22,Provincia autonoma di Trento,Maschi e femmine,39,98683,71,0.72417,98647,0.9992586,46.393
22,Provincia autonoma di Trento,Maschi e femmine,40,98612,75,0.75871,98574,0.9992144,45.426
22,Provincia autonoma di Trento,Maschi e femmine,41,98537,80,0.81243,98497,0.9991556,44.461
22,Provincia autonoma di Trento,Maschi e femmine,42,98457,86,0.87649,98414,0.9990934,43.496
22,Provincia autonoma di Trento,Maschi e femmine,43,98370,92,0.93681,98324,0.9990686,42.534
22,Provincia autonoma di Trento,Maschi e femmine,44,98278,91,0.92598,98233,0.9990734,41.573
22,Provincia autonoma di Trento,Maschi e femmine,45,98187,91,0.92728,98142,0.9990337,40.611
22,Provincia autonoma di Trento,Maschi e femmine,46,98096,99,1.00527,98047,0.9989253,39.649
22,Provincia autonoma di Trento,Maschi e femmine,47,97998,112,1.14424,97941,0.9987821,38.688
22,Provincia autonoma di Trento,Maschi e femmine,48,97885,126,1.29158,97822,0.9986673,37.732
22,Provincia autonoma di Trento,Maschi e femmine,49,97759,134,1.37381,97692,0.9985452,36.780
22,Provincia autonoma di Trento,Maschi e femmine,50,97625,150,1.53590,97550,0.9983436,35.830
22,Provincia autonoma di Trento,Maschi e femmine,51,97475,173,1.77700,97388,0.9980930,34.884
22,Provincia autonoma di Trento,Maschi e femmine,52,97302,198,2.03720,97202,0.9978961,33.945
22,Provincia autonoma di Trento,Maschi e femmine,53,97103,211,2.17083,96998,0.9977975,33.014
22,Provincia autonoma di Trento,Maschi e femmine,54,96893,216,2.23430,96784,0.9977024,32.084
22,Provincia autonoma di Trento,Maschi e femmine,55,96676,228,2.36113,96562,0.9974459,31.155
22,Provincia autonoma di Trento,Maschi e femmine,56,96448,265,2.74761,96315,0.9970939,30.228
22,Provincia autonoma di Trento,Maschi e femmine,57,96183,295,3.06506,96035,0.9968112,29.310
22,Provincia autonoma di Trento,Maschi e femmine,58,95888,318,3.31291,95729,0.9966269,28.398
22,Provincia autonoma di Trento,Maschi e femmine,59,95570,328,3.43350,95406,0.9964616,27.491
22,Provincia autonoma di Trento,Maschi e femmine,60,95242,347,3.64362,95069,0.9961626,26.584
22,Provincia autonoma di Trento,Maschi e femmine,61,94895,383,4.03183,94704,0.9954613,25.679
22,Provincia autonoma di Trento,Maschi e femmine,62,94513,477,5.04762,94274,0.9946509,24.781
22,Provincia autonoma di Trento,Maschi e femmine,63,94035,532,5.65220,93770,0.9940223,23.904
22,Provincia autonoma di Trento,Maschi e femmine,64,93504,590,6.30514,93209,0.9935009,23.037
22,Provincia autonoma di Trento,Maschi e femmine,65,92914,622,6.69430,92603,0.9930926,22.180
22,Provincia autonoma di Trento,Maschi e femmine,66,92292,657,7.12190,91964,0.9924778,21.327
22,Provincia autonoma di Trento,Maschi e femmine,67,91635,726,7.92541,91272,0.9915362,20.476
22,Provincia autonoma di Trento,Maschi e femmine,68,90909,819,9.00649,90499,0.9904880,19.636
22,Provincia autonoma di Trento,Maschi e femmine,69,90090,903,10.02220,89639,0.9894614,18.809
22,Provincia autonoma di Trento,Maschi e femmine,70,89187,986,11.06020,88694,0.9885248,17.995
22,Provincia autonoma di Trento,Maschi e femmine,71,88201,1049,11.89485,87676,0.9873998,17.191
22,Provincia autonoma di Trento,Maschi e femmine,72,87152,1160,13.31401,86571,0.9853433,16.391
22,Provincia autonoma di Trento,Maschi e femmine,73,85991,1377,16.01752,85303,0.9832410,15.606
22,Provincia autonoma di Trento,Maschi e femmine,74,84614,1482,17.51246,83873,0.9819189,14.852
22,Provincia autonoma di Trento,Maschi e femmine,75,83132,1551,18.65993,82356,0.9809134,14.108
22,Provincia autonoma di Trento,Maschi e femmine,76,81581,1593,19.52133,80785,0.9800849,13.366
22,Provincia autonoma di Trento,Maschi e femmine,77,79988,1625,20.31666,79176,0.9781053,12.622
22,Provincia autonoma di Trento,Maschi e femmine,78,78363,1842,23.50545,77442,0.9743372,11.874
22,Provincia autonoma di Trento,Maschi e femmine,79,76521,2133,27.87202,75455,0.9699617,11.148
22,Provincia autonoma di Trento,Maschi e femmine,80,74388,2400,32.26664,73188,0.9651097,10.453
22,Provincia autonoma di Trento,Maschi e femmine,81,71988,2707,37.60141,70635,0.9601722,9.785
22,Provincia autonoma di Trento,Maschi e femmine,82,69281,2920,42.14116,67822,0.9554664,9.148
22,Provincia autonoma di Trento,Maschi e femmine,83,66362,3121,47.03122,64801,0.9505507,8.528
22,Provincia autonoma di Trento,Maschi e femmine,84,63241,3288,51.98674,61597,0.9450072,7.924
22,Provincia autonoma di Trento,Maschi e femmine,85,59953,3487,58.16363,58209,0.9381082,7.331
22,Provincia autonoma di Trento,Maschi e femmine,86,56466,3718,65.85027,54607,0.9289125,6.753
22,Provincia autonoma di Trento,Maschi e femmine,87,52748,4045,76.69396,50725,0.9153338,6.194
22,Provincia autonoma di Trento,Maschi e femmine,88,48702,4544,93.30059,46430,0.8975563,5.667
22,Provincia autonoma di Trento,Maschi e femmine,89,44158,4969,112.52761,41674,0.8799058,5.199
22,Provincia autonoma di Trento,Maschi e femmine,90,39189,5041,128.62021,36669,0.8644778,4.794
22,Provincia autonoma di Trento,Maschi e femmine,91,34149,4898,143.44302,31699,0.8492761,4.428
22,Provincia autonoma di Trento,Maschi e femmine,92,29250,4657,159.22404,26922,0.8349395,4.086
22,Provincia autonoma di Trento,Maschi e femmine,93,24593,4230,172.00228,22478,0.8205065,3.765
22,Provincia autonoma di Trento,Maschi e femmine,94,20363,3839,188.54096,18443,0.8020972,3.444
22,Provincia autonoma di Trento,Maschi e femmine,95,16524,3461,209.43980,14793,0.7762736,3.128
22,Provincia autonoma di Trento,Maschi e femmine,96,13063,3159,241.79787,11484,0.7444196,2.824
22,Provincia autonoma di Trento,Maschi e femmine,97,9904,2711,273.75828,8549,0.7119760,2.565
22,Provincia autonoma di Trento,Maschi e femmine,98,7193,2213,307.66729,6086,0.6796414,2.343
22,Provincia autonoma di Trento,Maschi e femmine,99,4980,1687,338.68992,4137,0.6508807,2.162
22,Provincia autonoma di Trento,Maschi e femmine,100,3293,1202,364.88997,2692,0.6283809,2.013
22,Provincia autonoma di Trento,Maschi e femmine,101,2092,799,382.21444,1692,0.6062317,1.883
22,Provincia autonoma di Trento,Maschi e femmine,102,1292,533,412.47026,1026,0.5761188,1.738
22,Provincia autonoma di Trento,Maschi e femmine,103,759,337,443.30309,591,0.5455489,1.608
22,Provincia autonoma di Trento,Maschi e femmine,104,423,201,474.47647,322,0.5147515,1.490
22,Provincia autonoma di Trento,Maschi e femmine,105,222,112,505.74629,166,0.4839581,1.384
22,Provincia autonoma di Trento,Maschi e femmine,106,110,59,536.87247,80,0.4533946,1.289
22,Provincia autonoma di Trento,Maschi e femmine,107,51,29,567.62105,36,0.4232758,1.203
22,Provincia autonoma di Trento,Maschi e femmine,108,22,13,597.77776,15,0.3937969,1.127
22,Provincia autonoma di Trento,Maschi e femmine,109,9,6,627.15024,6,0.3651317,1.058
22,Provincia autonoma di Trento,Maschi e femmine,110,3,2,655.56845,2,0.3374317,0.997
22,Provincia autonoma di Trento,Maschi e femmine,111,1,1,682.89102,1,0.3108217,0.942
22,Provincia autonoma di Trento,Maschi e femmine,112,0,0,709.00519,0,0.2854010,0.892
22,Provincia autonoma di Trento,Maschi e femmine,113,0,0,733.82223,0,0.2612467,0.849
22,Provincia autonoma di Trento,Maschi e femmine,114,0,0,757.27897,0,0.2384129,0.809
22,Provincia autonoma di Trento,Maschi e femmine,115,0,0,779.33646,0,0.2169321,0.774
22,Provincia autonoma di Trento,Maschi e femmine,116,0,0,799.97807,0,0.1968173,0.743
22,Provincia autonoma di Trento,Maschi e femmine,117,0,0,819.20398,0,0.1780654,0.715
22,Provincia autonoma di Trento,Maschi e femmine,118,0,0,837.03773,0,0.1606535,0.690
22,Provincia autonoma di Trento,Maschi e femmine,119,0,0,853.51406,0,0.1445474,0.669
22,Provincia autonoma di Trento,Maschi,0,100000,253,2.53378,99762,0.9998313,82.317
22,Provincia autonoma di Trento,Maschi,1,99747,4,0.03767,99745,0.9999464,81.525
22,Provincia autonoma di Trento,Maschi,2,99743,7,0.06956,99739,0.9999192,80.528
22,Provincia autonoma di Trento,Maschi,3,99736,9,0.09199,99731,0.9999037,79.533
22,Provincia autonoma di Trento,Maschi,4,99727,10,0.10065,99722,0.9999083,78.541
22,Provincia autonoma di Trento,Maschi,5,99717,8,0.08272,99713,0.9999292,77.549
22,Provincia autonoma di Trento,Maschi,6,99708,6,0.05896,99706,0.9999350,76.555
22,Provincia autonoma di Trento,Maschi,7,99703,7,0.07094,99699,0.9999085,75.559
22,Provincia autonoma di Trento,Maschi,8,99696,11,0.11200,99690,0.9998668,74.565
22,Provincia autonoma di Trento,Maschi,9,99684,15,0.15445,99677,0.9998456,73.573
22,Provincia autonoma di Trento,Maschi,10,99669,15,0.15427,99661,0.9998623,72.584
22,Provincia autonoma di Trento,Maschi,11,99654,12,0.12115,99648,0.9998962,71.596
22,Provincia autonoma di Trento,Maschi,12,99642,9,0.08641,99637,0.9999192,70.604
22,Provincia autonoma di Trento,Maschi,13,99633,7,0.07509,99629,0.9999019,69.610
22,Provincia autonoma di Trento,Maschi,14,99625,12,0.12102,99619,0.9998529,68.615
22,Provincia autonoma di Trento,Maschi,15,99613,17,0.17319,99605,0.9997954,67.624
22,Provincia autonoma di Trento,Maschi,16,99596,23,0.23594,99584,0.9997486,66.635
22,Provincia autonoma di Trento,Maschi,17,99573,27,0.26693,99559,0.9997235,65.651
22,Provincia autonoma di Trento,Maschi,18,99546,28,0.28614,99532,0.9997108,64.668
22,Provincia autonoma di Trento,Maschi,19,99518,29,0.29219,99503,0.9996879,63.687
22,Provincia autonoma di Trento,Maschi,20,99488,33,0.33203,99472,0.9996573,62.705
22,Provincia autonoma di Trento,Maschi,21,99455,35,0.35347,99438,0.9996201,61.726
22,Provincia autonoma di Trento,Maschi,22,99420,40,0.40642,99400,0.9995456,60.747
22,Provincia autonoma di Trento,Maschi,23,99380,50,0.50232,99355,0.9994192,59.772
22,Provincia autonoma di Trento,Maschi,24,99330,65,0.65927,99297,0.9992665,58.802
22,Provincia autonoma di Trento,Maschi,25,99264,80,0.80779,99224,0.9991610,57.840
22,Provincia autonoma di Trento,Maschi,26,99184,86,0.87032,99141,0.9991592,56.887
22,Provincia autonoma di Trento,Maschi,27,99098,80,0.81127,99058,0.9992271,55.936
22,Provincia autonoma di Trento,Maschi,28,99018,73,0.73450,98981,0.9992963,54.981
22,Provincia autonoma di Trento,Maschi,29,98945,67,0.67288,98912,0.9993498,54.021
22,Provincia autonoma di Trento,Maschi,30,98878,62,0.62744,98847,0.9993846,53.057
22,Provincia autonoma di Trento,Maschi,31,98816,60,0.60337,98786,0.9994172,52.090
22,Provincia autonoma di Trento,Maschi,32,98757,56,0.56217,98729,0.9994338,51.121
22,Provincia autonoma di Trento,Maschi,33,98701,56,0.57015,98673,0.9994227,50.149
22,Provincia autonoma di Trento,Maschi,34,98645,58,0.58437,98616,0.9994090,49.178
22,Provincia autonoma di Trento,Maschi,35,98587,59,0.59772,98558,0.9994030,48.206
22,Provincia autonoma di Trento,Maschi,36,98528,59,0.59619,98499,0.9993406,47.235
22,Provincia autonoma di Trento,Maschi,37,98469,71,0.72262,98434,0.9992073,46.263
22,Provincia autonoma di Trento,Maschi,38,98398,85,0.86275,98356,0.9990953,45.296
22,Provincia autonoma di Trento,Maschi,39,98313,93,0.94676,98267,0.9990792,44.334
22,Provincia autonoma di Trento,Maschi,40,98220,88,0.89475,98176,0.9991118,43.376
22,Provincia autonoma di Trento,Maschi,41,98132,87,0.88159,98089,0.9990904,42.414
22,Provincia autonoma di Trento,Maschi,42,98046,92,0.93755,98000,0.9989736,41.451
22,Provincia autonoma di Trento,Maschi,43,97954,109,1.11523,97899,0.9988274,40.490
22,Provincia autonoma di Trento,Maschi,44,97845,120,1.23003,97785,0.9987206,39.534
22,Provincia autonoma di Trento,Maschi,45,97724,130,1.32875,97660,0.9986292,38.582
22,Provincia autonoma di Trento,Maschi,46,97595,138,1.41288,97526,0.9985295,37.633
22,Provincia autonoma di Trento,Maschi,47,97457,149,1.52829,97382,0.9983945,36.686
22,Provincia autonoma di Trento,Maschi,48,97308,164,1.68288,97226,0.9982585,35.741
22,Provincia autonoma di Trento,Maschi,49,97144,175,1.80027,97057,0.9981073,34.800
22,Provincia autonoma di Trento,Maschi,50,96969,193,1.98522,96873,0.9978719,33.862
22,Provincia autonoma di Trento,Maschi,51,96777,220,2.27125,96667,0.9975789,32.929
22,Provincia autonoma di Trento,Maschi,52,96557,248,2.57138,96433,0.9973252,32.002
22,Provincia autonoma di Trento,Maschi,53,96309,268,2.77855,96175,0.9971717,31.084
22,Provincia autonoma di Trento,Maschi,54,96041,276,2.87819,95903,0.9970693,30.169
22,Provincia autonoma di Trento,Maschi,55,95765,286,2.98333,95622,0.9967812,29.254
22,Provincia autonoma di Trento,Maschi,56,95479,330,3.45504,95314,0.9963563,28.341
22,Provincia autonoma di Trento,Maschi,57,95149,365,3.83310,94967,0.9959950,27.437
22,Provincia autonoma di Trento,Maschi,58,94784,396,4.17752,94586,0.9957415,26.541
22,Provincia autonoma di Trento,Maschi,59,94388,410,4.33987,94183,0.9955976,25.650
22,Provincia autonoma di Trento,Maschi,60,93979,420,4.46519,93769,0.9953725,24.760
22,Provincia autonoma di Trento,Maschi,61,93559,448,4.79054,93335,0.9944223,23.868
22,Provincia autonoma di Trento,Maschi,62,93111,593,6.36857,92814,0.9930437,22.981
22,Provincia autonoma di Trento,Maschi,63,92518,698,7.54781,92169,0.9919383,22.125
22,Provincia autonoma di Trento,Maschi,64,91819,788,8.57958,91426,0.9913107,21.289
22,Provincia autonoma di Trento,Maschi,65,91032,801,8.80003,90631,0.9912550,20.469
22,Provincia autonoma di Trento,Maschi,66,90231,784,8.68949,89839,0.9910075,19.647
22,Provincia autonoma di Trento,Maschi,67,89447,832,9.29813,89031,0.9899406,18.814
22,Provincia autonoma di Trento,Maschi,68,88615,959,10.82775,88135,0.9882638,17.986
22,Provincia autonoma di Trento,Maschi,69,87655,1109,12.65449,87101,0.9865074,17.178
22,Provincia autonoma di Trento,Maschi,70,86546,1241,14.34154,85926,0.9851373,16.391
22,Provincia autonoma di Trento,Maschi,71,85305,1313,15.39136,84648,0.9838674,15.623
22,Provincia autonoma di Trento,Maschi,72,83992,1418,16.88532,83283,0.9816306,14.859
22,Provincia autonoma di Trento,Maschi,73,82574,1641,19.87902,81753,0.9793329,14.106
22,Provincia autonoma di Trento,Maschi,74,80932,1738,21.47116,80063,0.9776938,13.382
22,Provincia autonoma di Trento,Maschi,75,79195,1834,23.15959,78278,0.9759775,12.664
22,Provincia autonoma di Trento,Maschi,76,77360,1927,24.90590,76397,0.9742133,11.953
22,Provincia autonoma di Trento,Maschi,77,75434,2013,26.68992,74427,0.9708047,11.245
22,Provincia autonoma di Trento,Maschi,78,73420,2333,31.76938,72254,0.9654866,10.540
22,Provincia autonoma di Trento,Maschi,79,71088,2655,37.34742,69760,0.9602218,9.869
22,Provincia autonoma di Trento,Maschi,80,68433,2895,42.30326,66985,0.9549343,9.233
22,Provincia autonoma di Trento,Maschi,81,65538,3143,47.95026,63967,0.9493346,8.619
22,Provincia autonoma di Trento,Maschi,82,62395,3339,53.51736,60726,0.9426150,8.027
22,Provincia autonoma di Trento,Maschi,83,59056,3630,61.47127,57241,0.9347814,7.453
22,Provincia autonoma di Trento,Maschi,84,55426,3836,69.21138,53508,0.9270709,6.909
22,Provincia autonoma di Trento,Maschi,85,51590,3968,76.92322,49606,0.9189458,6.385
22,Provincia autonoma di Trento,Maschi,86,47621,4073,85.52940,45585,0.9088299,5.875
22,Provincia autonoma di Trento,Maschi,87,43548,4239,97.33846,41429,0.8908061,5.378
22,Provincia autonoma di Trento,Maschi,88,39309,4809,122.32777,36905,0.8661216,4.904
22,Provincia autonoma di Trento,Maschi,89,34501,5073,147.03902,31964,0.8443796,4.518
22,Provincia autonoma di Trento,Maschi,90,29428,4876,165.68114,26990,0.8296094,4.211
22,Provincia autonoma di Trento,Maschi,91,24552,4322,176.03538,22391,0.8170779,3.948
22,Provincia autonoma di Trento,Maschi,92,20230,3870,191.28003,18295,0.8067694,3.684
22,Provincia autonoma di Trento,Maschi,93,16361,3201,195.64261,14760,0.7994841,3.437
22,Provincia autonoma di Trento,Maschi,94,13160,2718,206.57443,11800,0.7859910,3.152
22,Provincia autonoma di Trento,Maschi,95,10441,2332,223.37918,9275,0.7505570,2.842
22,Provincia autonoma di Trento,Maschi,96,8109,2295,283.00347,6961,0.7045240,2.516
22,Provincia autonoma di Trento,Maschi,97,5814,1819,312.87142,4905,0.6762192,2.312
22,Provincia autonoma di Trento,Maschi,98,3995,1357,339.65762,3317,0.6507704,2.137
22,Provincia autonoma di Trento,Maschi,99,2638,960,363.72499,2158,0.6254049,1.979
22,Provincia autonoma di Trento,Maschi,100,1679,657,391.67895,1350,0.5959620,1.824
22,Provincia autonoma di Trento,Maschi,101,1021,433,424.35477,804,0.5635749,1.677
22,Provincia autonoma di Trento,Maschi,102,588,269,457.39349,453,0.5308046,1.545
22,Provincia autonoma di Trento,Maschi,103,319,157,490.94587,241,0.4976595,1.426
22,Provincia autonoma di Trento,Maschi,104,162,85,524.72453,120,0.4644182,1.319
22,Provincia autonoma di Trento,Maschi,105,77,43,558.42592,56,0.4313668,1.223
22,Provincia autonoma di Trento,Maschi,106,34,20,591.74885,24,0.3987863,1.137
22,Provincia autonoma di Trento,Maschi,107,14,9,624.39747,10,0.3669464,1.061
22,Provincia autonoma di Trento,Maschi,108,5,3,656.09965,4,0.3360939,0.992
22,Provincia autonoma di Trento,Maschi,109,2,1,686.60581,1,0.3064512,0.932
22,Provincia autonoma di Trento,Maschi,110,1,0,715.70305,0,0.2782066,0.878
22,Provincia autonoma di Trento,Maschi,111,0,0,743.21596,0,0.2515133,0.831
22,Provincia autonoma di Trento,Maschi,112,0,0,769.01254,0,0.2264866,0.789
22,Provincia autonoma di Trento,Maschi,113,0,0,792.99888,0,0.2032068,0.753
22,Provincia autonoma di Trento,Maschi,114,0,0,815.12298,0,0.1817183,0.720
22,Provincia autonoma di Trento,Maschi,115,0,0,835.36750,0,0.1620340,0.692
22,Provincia autonoma di Trento,Maschi,116,0,0,853.74953,0,0.1441373,0.668
22,Provincia autonoma di Trento,Maschi,117,0,0,870.31136,0,0.1279887,0.646
22,Provincia autonoma di Trento,Maschi,118,0,0,885.11930,0,0.1135271,0.628
22,Provincia autonoma di Trento,Maschi,119,0,0,898.25548,0,0.1006770,0.612
22,Provincia autonoma di Trento,Femmine,0,100000,200,2.00215,99812,0.9996253,86.883
22,Provincia autonoma di Trento,Femmine,1,99800,51,0.51278,99774,0.9996241,86.056
22,Provincia autonoma di Trento,Femmine,2,99749,24,0.23892,99737,0.9998373,85.100
22,Provincia autonoma di Trento,Femmine,3,99725,9,0.08653,99720,0.9999471,84.120
22,Provincia autonoma di Trento,Femmine,4,99716,2,0.01933,99715,0.9999703,83.128
22,Provincia autonoma di Trento,Femmine,5,99714,4,0.04008,99712,0.9999393,82.129
22,Provincia autonoma di Trento,Femmine,6,99710,8,0.08125,99706,0.9999056,81.132
22,Provincia autonoma di Trento,Femmine,7,99702,11,0.10753,99697,0.9998862,80.139
22,Provincia autonoma di Trento,Femmine,8,99691,12,0.12008,99685,0.9998889,79.148
22,Provincia autonoma di Trento,Femmine,9,99679,10,0.10213,99674,0.9999137,78.157
22,Provincia autonoma di Trento,Femmine,10,99669,7,0.07056,99666,0.9999372,77.165
22,Provincia autonoma di Trento,Femmine,11,99662,5,0.05495,99659,0.9999328,76.170
22,Provincia autonoma di Trento,Femmine,12,99657,8,0.07949,99653,0.9998972,75.175
22,Provincia autonoma di Trento,Femmine,13,99649,13,0.12611,99643,0.9998563,74.180
22,Provincia autonoma di Trento,Femmine,14,99636,16,0.16133,99628,0.9998310,73.190
22,Provincia autonoma di Trento,Femmine,15,99620,18,0.17663,99611,0.9998318,72.201
22,Provincia autonoma di Trento,Femmine,16,99603,16,0.15981,99595,0.9998449,71.214
22,Provincia autonoma di Trento,Femmine,17,99587,15,0.15035,99579,0.9998512,70.225
22,Provincia autonoma di Trento,Femmine,18,99572,15,0.14724,99564,0.9998381,69.236
22,Provincia autonoma di Trento,Femmine,19,99557,18,0.17656,99548,0.9997961,68.246
22,Provincia autonoma di Trento,Femmine,20,99539,23,0.23132,99528,0.9997360,67.258
22,Provincia autonoma di Trento,Femmine,21,99516,30,0.29676,99502,0.9996880,66.273
22,Provincia autonoma di Trento,Femmine,22,99487,33,0.32727,99471,0.9996852,65.293
22,Provincia autonoma di Trento,Femmine,23,99454,30,0.30242,99439,0.9997355,64.314
22,Provincia autonoma di Trento,Femmine,24,99424,23,0.22656,99413,0.9998117,63.334
22,Provincia autonoma di Trento,Femmine,25,99402,15,0.15001,99394,0.9998727,62.348
22,Provincia autonoma di Trento,Femmine,26,99387,10,0.10466,99382,0.9998874,61.357
22,Provincia autonoma di Trento,Femmine,27,99376,12,0.12061,99370,0.9998487,60.363
22,Provincia autonoma di Trento,Femmine,28,99364,18,0.18198,99355,0.9997858,59.371
22,Provincia autonoma di Trento,Femmine,29,99346,24,0.24642,99334,0.9997345,58.381
22,Provincia autonoma di Trento,Femmine,30,99322,28,0.28450,99308,0.9997153,57.396
22,Provincia autonoma di Trento,Femmine,31,99294,28,0.28494,99279,0.9997305,56.412
22,Provincia autonoma di Trento,Femmine,32,99265,25,0.25409,99253,0.9997610,55.428
22,Provincia autonoma di Trento,Femmine,33,99240,22,0.22381,99229,0.9997833,54.442
22,Provincia autonoma di Trento,Femmine,34,99218,21,0.20959,99207,0.9997823,53.454
22,Provincia autonoma di Trento,Femmine,35,99197,22,0.22581,99186,0.9997552,52.465
22,Provincia autonoma di Trento,Femmine,36,99175,26,0.26383,99162,0.9996954,51.477
22,Provincia autonoma di Trento,Femmine,37,99149,34,0.34540,99131,0.9996179,50.490
22,Provincia autonoma di Trento,Femmine,38,99114,42,0.41886,99094,0.9995450,49.507
22,Provincia autonoma di Trento,Femmine,39,99073,49,0.49118,99048,0.9994462,48.528
22,Provincia autonoma di Trento,Femmine,40,99024,61,0.61637,98994,0.9993218,47.551
22,Provincia autonoma di Trento,Femmine,41,98963,73,0.74008,98926,0.9992237,46.580
22,Provincia autonoma di Trento,Femmine,42,98890,80,0.81263,98850,0.9992186,45.615
22,Provincia autonoma di Trento,Femmine,43,98809,74,0.75024,98772,0.9993208,44.651
22,Provincia autonoma di Trento,Femmine,44,98735,60,0.60820,98705,0.9994419,43.684
22,Provincia autonoma di Trento,Femmine,45,98675,50,0.50799,98650,0.9994561,42.711
22,Provincia autonoma di Trento,Femmine,46,98625,57,0.57991,98597,0.9993382,41.732
22,Provincia autonoma di Trento,Femmine,47,98568,73,0.74378,98531,0.9991862,40.756
22,Provincia autonoma di Trento,Femmine,48,98495,87,0.88390,98451,0.9990931,39.786
22,Provincia autonoma di Trento,Femmine,49,98408,92,0.92987,98362,0.9990008,38.821
22,Provincia autonoma di Trento,Femmine,50,98316,105,1.06857,98264,0.9988340,37.856
22,Provincia autonoma di Trento,Femmine,51,98211,124,1.26344,98149,0.9986270,36.896
22,Provincia autonoma di Trento,Femmine,52,98087,145,1.48273,98014,0.9984883,35.943
22,Provincia autonoma di Trento,Femmine,53,97942,151,1.54077,97866,0.9984458,34.995
22,Provincia autonoma di Trento,Femmine,54,97791,153,1.56759,97714,0.9983574,34.048
22,Provincia autonoma di Trento,Femmine,55,97637,168,1.71771,97553,0.9981327,33.101
22,Provincia autonoma di Trento,Femmine,56,97470,197,2.01705,97371,0.9978551,32.157
22,Provincia autonoma di Trento,Femmine,57,97273,221,2.27310,97162,0.9976521,31.221
22,Provincia autonoma di Trento,Femmine,58,97052,235,2.42286,96934,0.9975376,30.291
22,Provincia autonoma di Trento,Femmine,59,96817,242,2.50212,96696,0.9973487,29.363
22,Provincia autonoma di Trento,Femmine,60,96574,270,2.80086,96439,0.9969725,28.436
22,Provincia autonoma di Trento,Femmine,61,96304,313,3.25481,96147,0.9965241,27.514
22,Provincia autonoma di Trento,Femmine,62,95991,355,3.69765,95813,0.9962906,26.603
22,Provincia autonoma di Trento,Femmine,63,95636,356,3.72125,95458,0.9961406,25.699
22,Provincia autonoma di Trento,Femmine,64,95280,381,3.99806,95089,0.9957176,24.794
22,Provincia autonoma di Trento,Femmine,65,94899,433,4.56780,94682,0.9949449,23.891
22,Provincia autonoma di Trento,Femmine,66,94465,524,5.54472,94203,0.9939548,22.998
22,Provincia autonoma di Trento,Femmine,67,93942,615,6.54838,93634,0.9931342,22.124
22,Provincia autonoma di Trento,Femmine,68,93326,671,7.18540,92991,0.9927067,21.266
22,Provincia autonoma di Trento,Femmine,69,92656,686,7.40192,92313,0.9923932,20.417
22,Provincia autonoma di Trento,Femmine,70,91970,719,7.81321,91611,0.9918654,19.565
22,Provincia autonoma di Trento,Femmine,71,91251,772,8.45842,90865,0.9908593,18.715
22,Provincia autonoma di Trento,Femmine,72,90480,889,9.82882,90035,0.9889531,17.871
22,Provincia autonoma di Trento,Femmine,73,89590,1100,12.27705,89040,0.9870121,17.043
22,Provincia autonoma di Trento,Femmine,74,88490,1213,13.70766,87884,0.9859627,16.249
22,Provincia autonoma di Trento,Femmine,75,87277,1254,14.37149,86650,0.9855947,15.468
22,Provincia autonoma di Trento,Femmine,76,86023,1242,14.43959,85402,0.9855943,14.686
22,Provincia autonoma di Trento,Femmine,77,84781,1218,14.37129,84172,0.9848667,13.894
22,Provincia autonoma di Trento,Femmine,78,83562,1329,15.90640,82898,0.9824059,13.089
22,Provincia autonoma di Trento,Femmine,79,82233,1588,19.30904,81439,0.9786815,12.292
22,Provincia autonoma di Trento,Femmine,80,80645,1884,23.36757,79703,0.9740444,11.525
22,Provincia autonoma di Trento,Femmine,81,78761,2253,28.60552,77634,0.9694962,10.788
22,Provincia autonoma di Trento,Femmine,82,76508,2483,32.45788,75266,0.9662719,10.091
22,Provincia autonoma di Trento,Femmine,83,74025,2594,35.04095,72728,0.9634519,9.413
22,Provincia autonoma di Trento,Femmine,84,71431,2722,38.10990,70070,0.9592196,8.737
22,Provincia autonoma di Trento,Femmine,85,68709,2993,43.55672,67212,0.9527696,8.063
22,Provincia autonoma di Trento,Femmine,86,65716,3356,51.07134,64038,0.9437228,7.408
22,Provincia autonoma di Trento,Femmine,87,62360,3852,61.76329,60434,0.9326765,6.779
22,Provincia autonoma di Trento,Femmine,88,58508,4286,73.24976,56365,0.9186685,6.193
22,Provincia autonoma di Trento,Femmine,89,54222,4883,90.05206,51781,0.9023335,5.643
22,Provincia autonoma di Trento,Femmine,90,49340,5232,106.03446,46724,0.8850959,5.152
22,Provincia autonoma di Trento,Femmine,91,44108,5506,124.82570,41355,0.8671724,4.703
22,Provincia autonoma di Trento,Femmine,92,38602,5480,141.97088,35862,0.8497394,4.303
22,Provincia autonoma di Trento,Femmine,93,33122,5297,159.92201,30473,0.8310594,3.932
22,Provincia autonoma di Trento,Femmine,94,27825,4999,179.67594,25325,0.8099079,3.586
22,Provincia autonoma di Trento,Femmine,95,22825,4629,202.78973,20511,0.7882103,3.261
22,Provincia autonoma di Trento,Femmine,96,18197,4059,223.07896,16167,0.7619459,2.964
22,Provincia autonoma di Trento,Femmine,97,14137,3638,257.32899,12318,0.7265483,2.671
22,Provincia autonoma di Trento,Femmine,98,10499,3099,295.16073,8950,0.6906556,2.424
22,Provincia autonoma di Trento,Femmine,99,7400,2438,329.46773,6181,0.6600672,2.229
22,Provincia autonoma di Trento,Femmine,100,4962,1764,355.53990,4080,0.6393791,2.079
22,Provincia autonoma di Trento,Femmine,101,3198,1178,368.50510,2609,0.6196227,1.950
22,Provincia autonoma di Trento,Femmine,102,2019,806,399.17754,1616,0.5890293,1.796
22,Provincia autonoma di Trento,Femmine,103,1213,522,430.59917,952,0.5578185,1.656
22,Provincia autonoma di Trento,Femmine,104,691,320,462.52285,531,0.5262333,1.531
22,Provincia autonoma di Trento,Femmine,105,371,184,494.68633,279,0.4945259,1.418
22,Provincia autonoma di Trento,Femmine,106,188,99,526.82275,138,0.4629499,1.317
22,Provincia autonoma di Trento,Femmine,107,89,50,558.66445,64,0.4317534,1.226
22,Provincia autonoma di Trento,Femmine,108,39,23,589.95836,28,0.4011683,1.145
22,Provincia autonoma di Trento,Femmine,109,16,10,620.47190,11,0.3714058,1.072
22,Provincia autonoma di Trento,Femmine,110,6,4,649.99515,4,0.3426531,1.007
22,Provincia autonoma di Trento,Femmine,111,2,1,678.35162,1,0.3150655,0.950
22,Provincia autonoma di Trento,Femmine,112,1,0,705.40052,0,0.2887663,0.899
22,Provincia autonoma di Trento,Femmine,113,0,0,731.03413,0,0.2638480,0.853
22,Provincia autonoma di Trento,Femmine,114,0,0,755.18003,0,0.2403714,0.813
22,Provincia autonoma di Trento,Femmine,115,0,0,777.79941,0,0.2183674,0.777
22,Provincia autonoma di Trento,Femmine,116,0,0,798.88353,0,0.1978409,0.745
22,Provincia autonoma di Trento,Femmine,117,0,0,818.44607,0,0.1787756,0.716
22,Provincia autonoma di Trento,Femmine,118,0,0,836.52725,0,0.1611331,0.691
22,Provincia autonoma di Trento,Femmine,119,0,0,853.17938,0,0.1448627,0.669
