Cod. regione,Regione,Sesso,Età,Sopravviventi,Decessi,Probabilità di morte (per mille),Anni vissuti,Probabilità prospettive di sopravvivenza,Speranza di vita,Informazioni
1,Piemonte,Maschi e femmine,0,100000,208,2.08262,99804,0.9997604,82.465
1,Piemonte,Maschi e femmine,1,99792,23,0.23300,99780,0.9998016,81.636
1,Piemonte,Maschi e femmine,2,99768,16,0.16386,99760,0.9998597,80.655
1,Piemonte,Maschi e femmine,3,99752,12,0.11683,99746,0.9998986,79.668
1,Piemonte,Maschi e femmine,4,99740,9,0.08599,99736,0.9999216,78.677
1,Piemonte,Maschi e femmine,5,99732,7,0.07073,99728,0.9999339,77.684
1,Piemonte,Maschi e femmine,6,99725,6,0.06146,99722,0.9999407,76.689
1,Piemonte,Maschi e femmine,7,99719,6,0.05715,99716,0.9999424,75.694
1,Piemonte,Maschi e femmine,8,99713,6,0.05811,99710,0.9999397,74.698
1,Piemonte,Maschi e femmine,9,99707,6,0.06246,99704,0.9999357,73.703
1,Piemonte,Maschi e femmine,10,99701,7,0.06616,99698,0.9999321,72.707
1,Piemonte,Maschi e femmine,11,99694,7,0.06971,99691,0.9999256,71.712
1,Piemonte,Maschi e femmine,12,99687,8,0.07909,99684,0.9999115,70.717
1,Piemonte,Maschi e femmine,13,99680,10,0.09786,99675,0.9998871,69.722
1,Piemonte,Maschi e femmine,14,99670,13,0.12796,99663,0.9998561,68.729
1,Piemonte,Maschi e femmine,15,99657,16,0.15988,99649,0.9998256,67.738
1,Piemonte,Maschi e femmine,16,99641,19,0.18895,99632,0.9998011,66.749
1,Piemonte,Maschi e femmine,17,99622,21,0.20877,99612,0.9997845,65.761
1,Piemonte,Maschi e femmine,18,99602,22,0.22222,99590,0.9997642,64.775
1,Piemonte,Maschi e femmine,19,99579,25,0.24933,99567,0.9997383,63.789
1,Piemonte,Maschi e femmine,20,99555,27,0.27409,99541,0.9997235,62.805
1,Piemonte,Maschi e femmine,21,99527,28,0.27894,99513,0.9997168,61.822
1,Piemonte,Maschi e femmine,22,99499,29,0.28741,99485,0.9997126,60.839
1,Piemonte,Maschi e femmine,23,99471,29,0.28736,99457,0.9997190,59.857
1,Piemonte,Maschi e femmine,24,99442,27,0.27468,99429,0.9997266,58.874
1,Piemonte,Maschi e femmine,25,99415,27,0.27206,99401,0.9997304,57.890
1,Piemonte,Maschi e femmine,26,99388,27,0.26715,99375,0.9997338,56.905
1,Piemonte,Maschi e femmine,27,99361,26,0.26534,99348,0.9997280,55.920
1,Piemonte,Maschi e femmine,28,99335,28,0.27862,99321,0.9997070,54.935
1,Piemonte,Maschi e femmine,29,99307,31,0.30733,99292,0.9996752,53.950
1,Piemonte,Maschi e femmine,30,99277,34,0.34227,99260,0.9996450,52.967
1,Piemonte,Maschi e femmine,31,99243,36,0.36776,99225,0.9996120,51.985
1,Piemonte,Maschi e femmine,32,99206,41,0.40825,99186,0.9995708,51.004
1,Piemonte,Maschi e femmine,33,99166,45,0.45017,99144,0.9995316,50.024
1,Piemonte,Maschi e femmine,34,99121,48,0.48658,99097,0.9995007,49.046
1,Piemonte,Maschi e femmine,35,99073,51,0.51195,99048,0.9994731,48.070
1,Piemonte,Maschi e femmine,36,99022,54,0.54194,98995,0.9994558,47.094
1,Piemonte,Maschi e femmine,37,98969,54,0.54651,98942,0.9994406,46.120
1,Piemonte,Maschi e femmine,38,98915,57,0.57221,98886,0.9993986,45.145
1,Piemonte,Maschi e femmine,39,98858,62,0.63069,98827,0.9993246,44.170
1,Piemonte,Maschi e femmine,40,98796,71,0.72006,98760,0.9992255,43.198
1,Piemonte,Maschi e femmine,41,98724,82,0.82901,98684,0.9991200,42.229
1,Piemonte,Maschi e femmine,42,98643,92,0.93096,98597,0.9990252,41.263
1,Piemonte,Maschi e femmine,43,98551,100,1.01863,98501,0.9989355,40.301
1,Piemonte,Maschi e femmine,44,98450,109,1.11051,98396,0.9988553,39.342
1,Piemonte,Maschi e femmine,45,98341,116,1.17899,98283,0.9987611,38.385
1,Piemonte,Maschi e femmine,46,98225,128,1.29887,98161,0.9986202,37.430
1,Piemonte,Maschi e femmine,47,98098,143,1.46083,98026,0.9984879,36.478
1,Piemonte,Maschi e femmine,48,97954,153,1.56344,97878,0.9983603,35.530
1,Piemonte,Maschi e femmine,49,97801,168,1.71604,97717,0.9981636,34.585
1,Piemonte,Maschi e femmine,50,97633,191,1.95705,97538,0.9979514,33.644
1,Piemonte,Maschi e femmine,51,97442,209,2.14038,97338,0.9977220,32.709
1,Piemonte,Maschi e femmine,52,97234,235,2.41598,97116,0.9974315,31.778
1,Piemonte,Maschi e femmine,53,96999,264,2.72135,96867,0.9971250,30.854
1,Piemonte,Maschi e femmine,54,96735,293,3.02903,96588,0.9967976,29.936
1,Piemonte,Maschi e femmine,55,96442,326,3.37632,96279,0.9964470,29.026
1,Piemonte,Maschi e femmine,56,96116,359,3.73030,95937,0.9961284,28.122
1,Piemonte,Maschi e femmine,57,95758,384,4.01351,95565,0.9958527,27.226
1,Piemonte,Maschi e femmine,58,95373,408,4.28164,95169,0.9955561,26.334
1,Piemonte,Maschi e femmine,59,94965,437,4.60676,94746,0.9951621,25.445
1,Piemonte,Maschi e femmine,60,94527,479,5.07006,94288,0.9947067,24.560
1,Piemonte,Maschi e femmine,61,94048,519,5.51777,93789,0.9942264,23.683
1,Piemonte,Maschi e femmine,62,93529,564,6.03080,93247,0.9936352,22.811
1,Piemonte,Maschi e femmine,63,92965,623,6.70092,92654,0.9928599,21.947
1,Piemonte,Maschi e femmine,64,92342,700,7.58230,91992,0.9918606,21.091
1,Piemonte,Maschi e femmine,65,91642,797,8.70081,91243,0.9908627,20.249
1,Piemonte,Maschi e femmine,66,90845,870,9.57761,90410,0.9900045,19.422
1,Piemonte,Maschi e femmine,67,89975,937,10.41746,89506,0.9892058,18.605
1,Piemonte,Maschi e femmine,68,89037,995,11.17485,88540,0.9881447,17.796
1,Piemonte,Maschi e femmine,69,88042,1104,12.54340,87490,0.9868535,16.991
1,Piemonte,Maschi e femmine,70,86938,1196,13.75722,86340,0.9853471,16.201
1,Piemonte,Maschi e femmine,71,85742,1334,15.56112,85075,0.9836133,15.420
1,Piemonte,Maschi e femmine,72,84408,1454,17.22535,83681,0.9818305,14.655
1,Piemonte,Maschi e femmine,73,82954,1587,19.13022,82160,0.9801483,13.904
1,Piemonte,Maschi e femmine,74,81367,1675,20.58726,80529,0.9780380,13.165
1,Piemonte,Maschi e femmine,75,79692,1862,23.36560,78761,0.9752764,12.431
1,Piemonte,Maschi e femmine,76,77830,2032,26.11415,76813,0.9718150,11.717
1,Piemonte,Maschi e femmine,77,75797,2298,30.31130,74648,0.9678709,11.017
1,Piemonte,Maschi e femmine,78,73500,2499,34.00374,72250,0.9636138,10.346
1,Piemonte,Maschi e femmine,79,71000,2759,38.85243,69621,0.9590666,9.693
1,Piemonte,Maschi e femmine,80,68242,2941,43.09840,66771,0.9540101,9.064
1,Piemonte,Maschi e femmine,81,65301,3200,49.01159,63701,0.9482286,8.450
1,Piemonte,Maschi e femmine,82,62100,3395,54.67337,60403,0.9419881,7.860
1,Piemonte,Maschi e femmine,83,58705,3613,61.54348,56899,0.9338489,7.285
1,Piemonte,Maschi e femmine,84,55092,3915,71.06094,53135,0.9236339,6.730
1,Piemonte,Maschi e femmine,85,51177,4200,82.07714,49077,0.9126786,6.207
1,Piemonte,Maschi e femmine,86,46977,4370,93.03448,44792,0.9004992,5.717
1,Piemonte,Maschi e femmine,87,42606,4543,106.63043,40335,0.8867214,5.253
1,Piemonte,Maschi e femmine,88,38063,4595,120.72037,35766,0.8705977,4.820
1,Piemonte,Maschi e femmine,89,33468,4661,139.27626,31138,0.8505989,4.413
1,Piemonte,Maschi e femmine,90,28807,4643,161.16421,26486,0.8307586,4.046
1,Piemonte,Maschi e femmine,91,24164,4322,178.87047,22003,0.8124403,3.727
1,Piemonte,Maschi e femmine,92,19842,3932,198.14166,17876,0.7937337,3.430
1,Piemonte,Maschi e femmine,93,15910,3443,216.39858,14189,0.7742754,3.154
1,Piemonte,Maschi e femmine,94,12467,2963,237.62613,10986,0.7500734,2.888
1,Piemonte,Maschi e femmine,95,9505,2529,266.06114,8240,0.7215214,2.632
1,Piemonte,Maschi e femmine,96,6976,2061,295.39753,5946,0.6922165,2.405
1,Piemonte,Maschi e femmine,97,4915,1599,325.36209,4116,0.6622750,2.203
1,Piemonte,Maschi e femmine,98,3316,1181,356.05020,2726,0.6321677,2.024
1,Piemonte,Maschi e femmine,99,2135,825,386.12885,1723,0.6025053,1.867
1,Piemonte,Maschi e femmine,100,1311,545,416.00970,1038,0.5736857,1.727
1,Piemonte,Maschi e femmine,101,766,340,443.95936,596,0.5445054,1.601
1,Piemonte,Maschi e femmine,102,426,203,476.23996,324,0.5125647,1.480
1,Piemonte,Maschi e femmine,103,223,113,508.81025,166,0.4804551,1.371
1,Piemonte,Maschi e femmine,104,110,59,541.39931,80,0.4484345,1.272
1,Piemonte,Maschi e femmine,105,50,29,573.73338,36,0.4167583,1.184
1,Piemonte,Maschi e femmine,106,21,13,605.54778,15,0.3856718,1.105
1,Piemonte,Maschi e femmine,107,8,5,636.58812,6,0.3554059,1.035
1,Piemonte,Maschi e femmine,108,3,2,666.62417,2,0.3261683,0.972
1,Piemonte,Maschi e femmine,109,1,1,695.45138,1,0.2981431,0.916
1,Piemonte,Maschi e femmine,110,0,0,722.88992,0,0.2714898,0.866
1,Piemonte,Maschi e femmine,111,0,0,748.79210,0,0.2463391,0.822
1,Piemonte,Maschi e femmine,112,0,0,773.04248,0,0.2227935,0.784
1,Piemonte,Maschi e femmine,113,0,0,795.55384,0,0.2009297,0.749
1,Piemonte,Maschi e femmine,114,0,0,816.27008,0,0.1807971,0.719
1,Piemonte,Maschi e femmine,115,0,0,835.16584,0,0.1624173,0.693
1,Piemonte,Maschi e femmine,116,0,0,852.24481,0,0.1457870,0.670
1,Piemonte,Maschi e femmine,117,0,0,867.53367,0,0.1308809,0.650
1,Piemonte,Maschi e femmine,118,0,0,881.08807,0,0.1176483,0.633
1,Piemonte,Maschi e femmine,119,0,0,892.97811,0,0.1060245,0.618
1,Piemonte,Maschi,0,100000,247,2.46846,99768,0.9997454,80.376
1,Piemonte,Maschi,1,99753,22,0.21719,99742,0.9998048,79.574
1,Piemonte,Maschi,2,99731,17,0.17327,99723,0.9998436,78.591
1,Piemonte,Maschi,3,99714,14,0.13958,99707,0.9998739,77.605
1,Piemonte,Maschi,4,99700,11,0.11264,99695,0.9998986,76.615
1,Piemonte,Maschi,5,99689,9,0.09025,99685,0.9999207,75.624
1,Piemonte,Maschi,6,99680,7,0.06834,99677,0.9999376,74.631
1,Piemonte,Maschi,7,99673,6,0.05649,99670,0.9999437,73.636
1,Piemonte,Maschi,8,99668,6,0.05606,99665,0.9999370,72.640
1,Piemonte,Maschi,9,99662,7,0.06991,99659,0.9999227,71.644
1,Piemonte,Maschi,10,99655,8,0.08467,99651,0.9999117,70.649
1,Piemonte,Maschi,11,99647,9,0.09202,99642,0.9999114,69.655
1,Piemonte,Maschi,12,99637,8,0.08517,99633,0.9999167,68.661
1,Piemonte,Maschi,13,99629,8,0.08150,99625,0.9999084,67.667
1,Piemonte,Maschi,14,99621,10,0.10173,99616,0.9998758,66.673
1,Piemonte,Maschi,15,99611,15,0.14672,99603,0.9998228,65.679
1,Piemonte,Maschi,16,99596,21,0.20773,99586,0.9997656,64.689
1,Piemonte,Maschi,17,99575,26,0.26100,99562,0.9997223,63.702
1,Piemonte,Maschi,18,99549,29,0.29449,99535,0.9996808,62.719
1,Piemonte,Maschi,19,99520,34,0.34398,99503,0.9996312,61.737
1,Piemonte,Maschi,20,99486,39,0.39362,99466,0.9995969,60.758
1,Piemonte,Maschi,21,99447,41,0.41250,99426,0.9995769,59.782
1,Piemonte,Maschi,22,99406,43,0.43369,99384,0.9995706,58.806
1,Piemonte,Maschi,23,99363,42,0.42515,99341,0.9995949,57.832
1,Piemonte,Maschi,24,99320,38,0.38505,99301,0.9996260,56.856
1,Piemonte,Maschi,25,99282,36,0.36303,99264,0.9996401,55.878
1,Piemonte,Maschi,26,99246,35,0.35683,99228,0.9996372,54.898
1,Piemonte,Maschi,27,99211,37,0.36885,99192,0.9996085,53.917
1,Piemonte,Maschi,28,99174,41,0.41410,99154,0.9995575,52.937
1,Piemonte,Maschi,29,99133,47,0.47096,99110,0.9995060,51.959
1,Piemonte,Maschi,30,99086,51,0.51712,99061,0.9994757,50.983
1,Piemonte,Maschi,31,99035,53,0.53156,99009,0.9994557,50.009
1,Piemonte,Maschi,32,98982,55,0.55703,98955,0.9994308,49.035
1,Piemonte,Maschi,33,98927,58,0.58147,98899,0.9994072,48.062
1,Piemonte,Maschi,34,98870,60,0.60411,98840,0.9993870,47.090
1,Piemonte,Maschi,35,98810,61,0.62199,98779,0.9993645,46.118
1,Piemonte,Maschi,36,98749,64,0.64906,98717,0.9993446,45.147
1,Piemonte,Maschi,37,98684,65,0.66168,98652,0.9993103,44.176
1,Piemonte,Maschi,38,98619,71,0.71769,98584,0.9992332,43.204
1,Piemonte,Maschi,39,98548,80,0.81601,98508,0.9991221,42.235
1,Piemonte,Maschi,40,98468,93,0.93980,98422,0.9990010,41.269
1,Piemonte,Maschi,41,98375,104,1.05819,98323,0.9988825,40.308
1,Piemonte,Maschi,42,98271,116,1.17681,98214,0.9987676,39.350
1,Piemonte,Maschi,43,98156,126,1.28805,98092,0.9986703,38.396
1,Piemonte,Maschi,44,98029,134,1.37142,97962,0.9985919,37.444
1,Piemonte,Maschi,45,97895,141,1.44491,97824,0.9984957,36.495
1,Piemonte,Maschi,46,97753,153,1.56379,97677,0.9983421,35.547
1,Piemonte,Maschi,47,97601,171,1.75222,97515,0.9981689,34.602
1,Piemonte,Maschi,48,97429,186,1.91005,97336,0.9979937,33.662
1,Piemonte,Maschi,49,97243,204,2.10273,97141,0.9977070,32.725
1,Piemonte,Maschi,50,97039,241,2.48372,96918,0.9973619,31.793
1,Piemonte,Maschi,51,96798,270,2.79285,96663,0.9970396,30.871
1,Piemonte,Maschi,52,96528,302,3.12845,96377,0.9966789,29.956
1,Piemonte,Maschi,53,96226,338,3.51435,96056,0.9963156,29.049
1,Piemonte,Maschi,54,95887,370,3.85507,95703,0.9959588,28.149
1,Piemonte,Maschi,55,95518,404,4.22795,95316,0.9955103,27.256
1,Piemonte,Maschi,56,95114,452,4.75255,94888,0.9950544,26.370
1,Piemonte,Maschi,57,94662,487,5.13948,94419,0.9947094,25.494
1,Piemonte,Maschi,58,94175,513,5.44253,93919,0.9943098,24.623
1,Piemonte,Maschi,59,93663,556,5.93928,93385,0.9937884,23.755
1,Piemonte,Maschi,60,93107,604,6.48547,92805,0.9932346,22.894
1,Piemonte,Maschi,61,92503,652,7.04725,92177,0.9925999,22.040
1,Piemonte,Maschi,62,91851,712,7.75552,91495,0.9918503,21.193
1,Piemonte,Maschi,63,91138,779,8.54697,90749,0.9909468,20.354
1,Piemonte,Maschi,64,90359,864,9.56374,89927,0.9896643,19.526
1,Piemonte,Maschi,65,89495,995,11.11507,88998,0.9883117,18.709
1,Piemonte,Maschi,66,88501,1086,12.26791,87958,0.9871911,17.914
1,Piemonte,Maschi,67,87415,1168,13.35671,86831,0.9862744,17.130
1,Piemonte,Maschi,68,86247,1216,14.09954,85639,0.9851234,16.355
1,Piemonte,Maschi,69,85031,1332,15.66480,84365,0.9835825,15.582
1,Piemonte,Maschi,70,83699,1438,17.18209,82980,0.9816151,14.822
1,Piemonte,Maschi,71,82261,1613,19.60879,81455,0.9792086,14.073
1,Piemonte,Maschi,72,80648,1774,21.99766,79761,0.9768282,13.344
1,Piemonte,Maschi,73,78874,1922,24.37239,77913,0.9747049,12.633
1,Piemonte,Maschi,74,76952,2019,26.24085,75942,0.9718839,11.936
1,Piemonte,Maschi,75,74932,2251,30.04198,73807,0.9680699,11.244
1,Piemonte,Maschi,76,72681,2462,33.87674,71450,0.9635511,10.577
1,Piemonte,Maschi,77,70219,2746,39.11124,68846,0.9587388,9.930
1,Piemonte,Maschi,78,67473,2935,43.49862,66005,0.9539168,9.314
1,Piemonte,Maschi,79,64538,3148,48.78532,62963,0.9488465,8.715
1,Piemonte,Maschi,80,61389,3293,53.64306,59743,0.9426682,8.136
1,Piemonte,Maschi,81,58096,3557,61.22970,56318,0.9354341,7.569
1,Piemonte,Maschi,82,54539,3715,68.11976,52681,0.9280187,7.030
1,Piemonte,Maschi,83,50824,3869,76.12508,48889,0.9187044,6.508
1,Piemonte,Maschi,84,46955,4080,86.89209,44915,0.9076490,6.003
1,Piemonte,Maschi,85,42875,4216,98.32938,40767,0.8962411,5.526
1,Piemonte,Maschi,86,38659,4244,109.78061,36537,0.8829412,5.074
1,Piemonte,Maschi,87,34415,4310,125.23447,32260,0.8666006,4.638
1,Piemonte,Maschi,88,30105,4297,142.73317,27957,0.8459005,4.231
1,Piemonte,Maschi,89,25808,4319,167.35839,23648,0.8205495,3.852
1,Piemonte,Maschi,90,21489,4168,193.97301,19405,0.7982110,3.526
1,Piemonte,Maschi,91,17321,3663,211.48601,15489,0.7787800,3.254
1,Piemonte,Maschi,92,13658,3190,233.56482,12063,0.7581557,2.993
1,Piemonte,Maschi,93,10468,2645,252.64692,9145,0.7366542,2.753
1,Piemonte,Maschi,94,7823,2172,277.66148,6737,0.7069367,2.514
1,Piemonte,Maschi,95,5651,1777,314.38554,4763,0.6721955,2.288
1,Piemonte,Maschi,96,3874,1346,347.37660,3201,0.6427063,2.108
1,Piemonte,Maschi,97,2528,942,372.48942,2058,0.6191696,1.964
1,Piemonte,Maschi,98,1587,625,394.12249,1274,0.5974960,1.833
1,Piemonte,Maschi,99,961,400,416.33755,761,0.5718314,1.700
1,Piemonte,Maschi,100,561,252,448.43892,435,0.5357609,1.557
1,Piemonte,Maschi,101,309,153,492.88535,233,0.4953033,1.416
1,Piemonte,Maschi,102,157,83,527.98793,116,0.4607118,1.306
1,Piemonte,Maschi,103,74,42,563.22876,53,0.4261178,1.207
1,Piemonte,Maschi,104,32,19,598.27350,23,0.3918378,1.119
1,Piemonte,Maschi,105,13,8,632.77771,9,0.3581895,1.040
1,Piemonte,Maschi,106,5,3,666.40802,3,0.3254779,0.969
1,Piemonte,Maschi,107,2,1,698.84542,1,0.2939889,0.907
1,Piemonte,Maschi,108,0,0,729.80525,0,0.2639770,0.852
1,Piemonte,Maschi,109,0,0,759.03508,0,0.2356651,0.804
1,Piemonte,Maschi,110,0,0,786.32925,0,0.2092343,0.762
1,Piemonte,Maschi,111,0,0,811.52852,0,0.1848246,0.725
1,Piemonte,Maschi,112,0,0,834.52505,0,0.1625317,0.693
1,Piemonte,Maschi,113,0,0,855.25519,0,0.1424123,0.665
1,Piemonte,Maschi,114,0,0,873.70229,0,0.1244828,0.642
1,Piemonte,Maschi,115,0,0,889.88750,0,0.1087257,0.622
1,Piemonte,Maschi,116,0,0,903.86840,0,0.0950915,0.605
1,Piemonte,Maschi,117,0,0,915.72817,0,0.0835066,0.591
1,Piemonte,Maschi,118,0,0,925.57352,0,0.0738756,0.580
1,Piemonte,Maschi,119,0,0,933.52550,0,0.0660887,0.571
1,Piemonte,Femmine,0,100000,168,1.67586,99842,0.9997761,84.652
1,Piemonte,Femmine,1,99832,25,0.24968,99820,0.9997982,83.794
1,Piemonte,Femmine,2,99807,15,0.15395,99800,0.9998766,82.814
1,Piemonte,Femmine,3,99792,9,0.09284,99787,0.9999246,81.827
1,Piemonte,Femmine,4,99783,6,0.05790,99780,0.9999460,80.835
1,Piemonte,Femmine,5,99777,5,0.05016,99775,0.9999478,79.839
1,Piemonte,Femmine,6,99772,5,0.05421,99769,0.9999440,78.843
1,Piemonte,Femmine,7,99767,6,0.05786,99764,0.9999409,77.847
1,Piemonte,Femmine,8,99761,6,0.06028,99758,0.9999426,76.852
1,Piemonte,Femmine,9,99755,5,0.05461,99752,0.9999494,75.857
1,Piemonte,Femmine,10,99749,5,0.04664,99747,0.9999536,74.861
1,Piemonte,Femmine,11,99745,5,0.04620,99742,0.9999406,73.864
1,Piemonte,Femmine,12,99740,7,0.07269,99737,0.9999061,72.868
1,Piemonte,Femmine,13,99733,11,0.11510,99727,0.9998646,71.873
1,Piemonte,Femmine,14,99721,16,0.15562,99714,0.9998353,70.881
1,Piemonte,Femmine,15,99706,17,0.17374,99697,0.9998286,69.892
1,Piemonte,Femmine,16,99689,17,0.16915,99680,0.9998386,68.904
1,Piemonte,Femmine,17,99672,15,0.15372,99664,0.9998501,67.916
1,Piemonte,Femmine,18,99656,15,0.14607,99649,0.9998522,66.926
1,Piemonte,Femmine,19,99642,15,0.14960,99634,0.9998511,65.936
1,Piemonte,Femmine,20,99627,15,0.14818,99620,0.9998568,64.945
1,Piemonte,Femmine,21,99612,14,0.13829,99605,0.9998641,63.955
1,Piemonte,Femmine,22,99598,13,0.13341,99592,0.9998621,62.964
1,Piemonte,Femmine,23,99585,14,0.14233,99578,0.9998496,61.972
1,Piemonte,Femmine,24,99571,16,0.15856,99563,0.9998325,60.981
1,Piemonte,Femmine,25,99555,18,0.17635,99546,0.9998254,59.990
1,Piemonte,Femmine,26,99538,17,0.17282,99529,0.9998353,59.001
1,Piemonte,Femmine,27,99520,16,0.15650,99513,0.9998537,58.011
1,Piemonte,Femmine,28,99505,14,0.13619,99498,0.9998642,57.020
1,Piemonte,Femmine,29,99491,13,0.13535,99485,0.9998531,56.028
1,Piemonte,Femmine,30,99478,16,0.15855,99470,0.9998229,55.035
1,Piemonte,Femmine,31,99462,19,0.19572,99452,0.9997761,54.044
1,Piemonte,Femmine,32,99443,25,0.25204,99430,0.9997178,53.054
1,Piemonte,Femmine,33,99418,31,0.31236,99402,0.9996622,52.068
1,Piemonte,Femmine,34,99386,36,0.36325,99368,0.9996201,51.084
1,Piemonte,Femmine,35,99350,39,0.39650,99331,0.9995870,50.102
1,Piemonte,Femmine,36,99311,43,0.42958,99290,0.9995723,49.122
1,Piemonte,Femmine,37,99268,42,0.42573,99247,0.9995773,48.143
1,Piemonte,Femmine,38,99226,42,0.41970,99205,0.9995719,47.163
1,Piemonte,Femmine,39,99184,43,0.43647,99163,0.9995368,46.183
1,Piemonte,Femmine,40,99141,49,0.48986,99117,0.9994606,45.203
1,Piemonte,Femmine,41,99093,58,0.58904,99063,0.9993687,44.224
1,Piemonte,Femmine,42,99034,67,0.67366,99001,0.9992948,43.250
1,Piemonte,Femmine,43,98967,73,0.73680,98931,0.9992128,42.279
1,Piemonte,Femmine,44,98895,83,0.83773,98853,0.9991306,41.310
1,Piemonte,Femmine,45,98812,89,0.90113,98767,0.9990384,40.344
1,Piemonte,Femmine,46,98723,101,1.02220,98672,0.9989106,39.380
1,Piemonte,Femmine,47,98622,114,1.15668,98565,0.9988207,38.420
1,Piemonte,Femmine,48,98508,118,1.20190,98448,0.9987426,37.464
1,Piemonte,Femmine,49,98389,129,1.31300,98325,0.9986392,36.508
1,Piemonte,Femmine,50,98260,138,1.40860,98191,0.9985648,35.556
1,Piemonte,Femmine,51,98122,143,1.46175,98050,0.9984312,34.605
1,Piemonte,Femmine,52,97978,164,1.67599,97896,0.9982126,33.655
1,Piemonte,Femmine,53,97814,186,1.89899,97721,0.9979637,32.711
1,Piemonte,Femmine,54,97628,212,2.17381,97522,0.9976652,31.772
1,Piemonte,Femmine,55,97416,243,2.49612,97294,0.9974142,30.840
1,Piemonte,Femmine,56,97173,260,2.67577,97043,0.9972350,29.916
1,Piemonte,Femmine,57,96913,277,2.85454,96775,0.9970282,28.995
1,Piemonte,Femmine,58,96636,299,3.08949,96487,0.9968345,28.076
1,Piemonte,Femmine,59,96338,312,3.24183,96182,0.9965673,27.162
1,Piemonte,Femmine,60,96025,348,3.62426,95851,0.9962081,26.249
1,Piemonte,Femmine,61,95677,379,3.96012,95488,0.9958802,25.342
1,Piemonte,Femmine,62,95298,408,4.28011,95095,0.9954436,24.441
1,Piemonte,Femmine,63,94891,459,4.83382,94661,0.9947910,23.544
1,Piemonte,Femmine,64,94432,527,5.58602,94168,0.9940683,22.656
1,Piemonte,Femmine,65,93904,590,6.27923,93610,0.9934148,21.780
1,Piemonte,Femmine,66,93315,643,6.89305,92993,0.9928040,20.915
1,Piemonte,Femmine,67,92672,695,7.50104,92324,0.9921060,20.056
1,Piemonte,Femmine,68,91976,762,8.28994,91595,0.9911160,19.204
1,Piemonte,Femmine,69,91214,865,9.48306,90781,0.9900501,18.361
1,Piemonte,Femmine,70,90349,942,10.42130,89878,0.9889686,17.532
1,Piemonte,Femmine,71,89407,1041,11.64788,88887,0.9878530,16.711
1,Piemonte,Femmine,72,88366,1118,12.65191,87807,0.9866007,15.902
1,Piemonte,Femmine,73,87248,1235,14.15627,86630,0.9852856,15.099
1,Piemonte,Femmine,74,86013,1314,15.28053,85356,0.9837797,14.309
1,Piemonte,Femmine,75,84699,1455,17.17462,83971,0.9819120,13.523
1,Piemonte,Femmine,76,83244,1583,19.01739,82452,0.9793097,12.751
1,Piemonte,Femmine,77,81661,1829,22.39564,80746,0.9760133,11.988
1,Piemonte,Femmine,78,79832,2045,25.61413,78810,0.9721029,11.252
1,Piemonte,Femmine,79,77787,2352,30.24001,76611,0.9678424,10.534
1,Piemonte,Femmine,80,75435,2575,34.13498,74147,0.9635481,9.847
1,Piemonte,Femmine,81,72860,2831,38.85071,71445,0.9587419,9.177
1,Piemonte,Femmine,82,70029,3065,43.76288,68497,0.9531765,8.528
1,Piemonte,Femmine,83,66965,3350,50.02415,65290,0.9456465,7.896
1,Piemonte,Femmine,84,63615,3748,58.91080,61741,0.9357235,7.285
1,Piemonte,Femmine,85,59867,4189,69.97806,57772,0.9247340,6.710
1,Piemonte,Femmine,86,55678,4507,80.95184,53424,0.9129675,6.177
1,Piemonte,Femmine,87,51170,4792,93.64874,48774,0.9005083,5.677
1,Piemonte,Femmine,88,46378,4913,105.93847,43922,0.8868157,5.212
1,Piemonte,Femmine,89,41465,5029,121.28876,38951,0.8693382,4.770
1,Piemonte,Femmine,90,36436,5149,141.32852,33861,0.8498837,4.360
1,Piemonte,Femmine,91,31286,5017,160.35052,28778,0.8310044,3.995
1,Piemonte,Femmine,92,26270,4710,179.29155,23915,0.8120993,3.662
1,Piemonte,Femmine,93,21560,4277,198.39064,19421,0.7923791,3.353
1,Piemonte,Femmine,94,17282,3787,219.13556,15389,0.7692819,3.059
1,Piemonte,Femmine,95,13495,3314,245.55103,11838,0.7416128,2.778
1,Piemonte,Femmine,96,10182,2804,275.40128,8780,0.7104980,2.519
1,Piemonte,Femmine,97,7378,2279,308.96214,6238,0.6767489,2.286
1,Piemonte,Femmine,98,5098,1753,343.92858,4221,0.6428945,2.085
1,Piemonte,Femmine,99,3345,1262,377.19006,2714,0.6113562,1.916
1,Piemonte,Femmine,100,2083,848,407.03423,1659,0.5838462,1.774
1,Piemonte,Femmine,101,1235,533,431.53331,969,0.5565030,1.648
1,Piemonte,Femmine,102,702,326,464.54253,539,0.5237932,1.519
1,Piemonte,Femmine,103,376,187,497.99061,282,0.4907825,1.403
1,Piemonte,Femmine,104,189,100,531.58133,139,0.4577555,1.299
1,Piemonte,Femmine,105,88,50,565.00853,63,0.4250003,1.206
1,Piemonte,Femmine,106,38,23,597.96834,27,0.3927997,1.122
1,Piemonte,Femmine,107,15,10,630.16355,11,0.3614244,1.048
1,Piemonte,Femmine,108,6,4,661.32078,4,0.3311208,0.982
1,Piemonte,Femmine,109,2,1,691.19645,1,0.3021070,0.924
1,Piemonte,Femmine,110,1,0,719.57831,0,0.2745702,0.872
1,Piemonte,Femmine,111,0,0,746.29647,0,0.2486590,0.826
1,Piemonte,Femmine,112,0,0,771.22458,0,0.2244837,0.786
1,Piemonte,Femmine,113,0,0,794.27577,0,0.2021193,0.751
1,Piemonte,Femmine,114,0,0,815.40379,0,0.1816049,0.720
1,Piemonte,Femmine,115,0,0,834.60006,0,0.1629462,0.694
1,Piemonte,Femmine,116,0,0,851.88866,0,0.1461210,0.670
1,Piemonte,Femmine,117,0,0,867.31729,0,0.1310845,0.650
1,Piemonte,Femmine,118,0,0,880.96084,0,0.1177686,0.633
1,Piemonte,Femmine,119,0,0,892.90536,0,0.1060936,0.618
2,Valle d'Aosta/Vallée d'Aoste,Maschi e femmine,0,100000,208,2.07584,99805,0.9995873,82.316
2,Valle d'Aosta/Vallée d'Aoste,Maschi e femmine,1,99792,58,0.57999,99763,0.9994928,81.487
2,Valle d'Aosta/Vallée d'Aoste,Maschi e femmine,2,99735,43,0.43432,99713,0.9996201,80.534
2,Valle d'Aosta/Vallée d'Aoste,Maschi e femmine,3,99691,32,0.32540,99675,0.9997122,79.568
2,Valle d'Aosta/Vallée d'Aoste,Maschi e femmine,4,99659,25,0.25009,99646,0.9997699,78.594
2,Valle d'Aosta/Vallée d'Aoste,Maschi e femmine,5,99634,21,0.21004,99623,0.9998000,77.614
2,Valle d'Aosta/Vallée d'Aoste,Maschi e femmine,6,99613,19,0.18992,99603,0.9998076,76.630
2,Valle d'Aosta/Vallée d'Aoste,Maschi e femmine,7,99594,19,0.19483,99584,0.9997987,75.644
2,Valle d'Aosta/Vallée d'Aoste,Maschi e femmine,8,99575,21,0.20777,99564,0.9997764,74.659
2,Valle d'Aosta/Vallée d'Aoste,Maschi e femmine,9,99554,24,0.23934,99542,0.9997271,73.674
2,Valle d'Aosta/Vallée d'Aoste,Maschi e femmine,10,99530,31,0.30648,99515,0.9996610,72.692
2,Valle d'Aosta/Vallée d'Aoste,Maschi e femmine,11,99500,37,0.37160,99481,0.9996130,71.714
2,Valle d'Aosta/Vallée d'Aoste,Maschi e femmine,12,99463,40,0.40238,99443,0.9996149,70.740
2,Valle d'Aosta/Vallée d'Aoste,Maschi e femmine,13,99423,37,0.36780,99404,0.9996709,69.769
2,Valle d'Aosta/Vallée d'Aoste,Maschi e femmine,14,99386,29,0.29048,99372,0.9997523,68.794
2,Valle d'Aosta/Vallée d'Aoste,Maschi e femmine,15,99357,20,0.20488,99347,0.9998201,67.814
2,Valle d'Aosta/Vallée d'Aoste,Maschi e femmine,16,99337,15,0.15495,99329,0.9998465,66.828
2,Valle d'Aosta/Vallée d'Aoste,Maschi e femmine,17,99321,15,0.15203,99314,0.9998355,65.838
2,Valle d'Aosta/Vallée d'Aoste,Maschi e femmine,18,99306,18,0.17706,99298,0.9998086,64.848
2,Valle d'Aosta/Vallée d'Aoste,Maschi e femmine,19,99289,20,0.20577,99279,0.9997743,63.859
2,Valle d'Aosta/Vallée d'Aoste,Maschi e femmine,20,99268,24,0.24559,99256,0.9997015,62.872
2,Valle d'Aosta/Vallée d'Aoste,Maschi e femmine,21,99244,35,0.35152,99226,0.9995963,61.888
2,Valle d'Aosta/Vallée d'Aoste,Maschi e femmine,22,99209,45,0.45591,99186,0.9995114,60.909
2,Valle d'Aosta/Vallée d'Aoste,Maschi e femmine,23,99164,52,0.52139,99138,0.9994790,59.937
2,Valle d'Aosta/Vallée d'Aoste,Maschi e femmine,24,99112,52,0.52059,99086,0.9994938,58.968
2,Valle d'Aosta/Vallée d'Aoste,Maschi e femmine,25,99060,49,0.49182,99036,0.9995272,57.998
2,Valle d'Aosta/Vallée d'Aoste,Maschi e femmine,26,99012,45,0.45372,98989,0.9995377,57.027
2,Valle d'Aosta/Vallée d'Aoste,Maschi e femmine,27,98967,47,0.47092,98944,0.9995320,56.052
2,Valle d'Aosta/Vallée d'Aoste,Maschi e femmine,28,98920,46,0.46506,98897,0.9995282,55.078
2,Valle d'Aosta/Vallée d'Aoste,Maschi e femmine,29,98874,47,0.47855,98851,0.9995298,54.104
2,Valle d'Aosta/Vallée d'Aoste,Maschi e femmine,30,98827,46,0.46184,98804,0.9995305,53.130
2,Valle d'Aosta/Vallée d'Aoste,Maschi e femmine,31,98781,47,0.47721,98758,0.9995349,52.154
2,Valle d'Aosta/Vallée d'Aoste,Maschi e femmine,32,98734,45,0.45296,98712,0.9995485,51.179
2,Valle d'Aosta/Vallée d'Aoste,Maschi e femmine,33,98689,44,0.45007,98667,0.9995484,50.201
2,Valle d'Aosta/Vallée d'Aoste,Maschi e femmine,34,98645,45,0.45319,98623,0.9994852,49.224
2,Valle d'Aosta/Vallée d'Aoste,Maschi e femmine,35,98600,57,0.57634,98572,0.9993439,48.246
2,Valle d'Aosta/Vallée d'Aoste,Maschi e femmine,36,98543,73,0.73581,98507,0.9991696,47.273
2,Valle d'Aosta/Vallée d'Aoste,Maschi e femmine,37,98471,91,0.92515,98425,0.9990258,46.308
2,Valle d'Aosta/Vallée d'Aoste,Maschi e femmine,38,98380,101,1.02323,98330,0.9989589,45.350
2,Valle d'Aosta/Vallée d'Aoste,Maschi e femmine,39,98279,104,1.05891,98227,0.9989728,44.396
2,Valle d'Aosta/Vallée d'Aoste,Maschi e femmine,40,98175,98,0.99536,98126,0.9990064,43.443
2,Valle d'Aosta/Vallée d'Aoste,Maschi e femmine,41,98077,97,0.99180,98029,0.9989793,42.486
2,Valle d'Aosta/Vallée d'Aoste,Maschi e femmine,42,97980,103,1.04964,97929,0.9988499,41.527
2,Valle d'Aosta/Vallée d'Aoste,Maschi e femmine,43,97877,122,1.25070,97816,0.9986611,40.570
2,Valle d'Aosta/Vallée d'Aoste,Maschi e femmine,44,97755,140,1.42725,97685,0.9985262,39.621
2,Valle d'Aosta/Vallée d'Aoste,Maschi e femmine,45,97615,148,1.52043,97541,0.9984836,38.677
2,Valle d'Aosta/Vallée d'Aoste,Maschi e femmine,46,97467,147,1.51239,97393,0.9984317,37.735
2,Valle d'Aosta/Vallée d'Aoste,Maschi e femmine,47,97320,158,1.62428,97240,0.9981981,36.791
2,Valle d'Aosta/Vallée d'Aoste,Maschi e femmine,48,97161,192,1.97978,97065,0.9977362,35.850
2,Valle d'Aosta/Vallée d'Aoste,Maschi e femmine,49,96969,247,2.54831,96846,0.9971944,34.920
2,Valle d'Aosta/Vallée d'Aoste,Maschi e femmine,50,96722,296,3.06359,96574,0.9968426,34.008
2,Valle d'Aosta/Vallée d'Aoste,Maschi e femmine,51,96426,314,3.25145,96269,0.9967440,33.111
2,Valle d'Aosta/Vallée d'Aoste,Maschi e femmine,52,96112,313,3.26054,95955,0.9967613,32.217
2,Valle d'Aosta/Vallée d'Aoste,Maschi e femmine,53,95799,308,3.21669,95645,0.9966752,31.321
2,Valle d'Aosta/Vallée d'Aoste,Maschi e femmine,54,95491,328,3.43324,95327,0.9964451,30.421
2,Valle d'Aosta/Vallée d'Aoste,Maschi e femmine,55,95163,350,3.67692,94988,0.9962893,29.524
2,Valle d'Aosta/Vallée d'Aoste,Maschi e femmine,56,94813,355,3.74461,94635,0.9963618,28.631
2,Valle d'Aosta/Vallée d'Aoste,Maschi e femmine,57,94458,334,3.53149,94291,0.9965041,27.737
2,Valle d'Aosta/Vallée d'Aoste,Maschi e femmine,58,94124,326,3.46013,93961,0.9964192,26.833
2,Valle d'Aosta/Vallée d'Aoste,Maschi e femmine,59,93799,347,3.70195,93625,0.9959729,25.925
2,Valle d'Aosta/Vallée d'Aoste,Maschi e femmine,60,93451,407,4.35341,93248,0.9951884,25.019
2,Valle d'Aosta/Vallée d'Aoste,Maschi e femmine,61,93045,491,5.27183,92799,0.9943971,24.126
2,Valle d'Aosta/Vallée d'Aoste,Maschi e femmine,62,92554,549,5.93563,92279,0.9938979,23.251
2,Valle d'Aosta/Vallée d'Aoste,Maschi e femmine,63,92005,577,6.26964,91716,0.9935032,22.387
2,Valle d'Aosta/Vallée d'Aoste,Maschi e femmine,64,91428,615,6.72547,91120,0.9927683,21.525
2,Valle d'Aosta/Vallée d'Aoste,Maschi e femmine,65,90813,703,7.74142,90461,0.9916033,20.668
2,Valle d'Aosta/Vallée d'Aoste,Maschi e femmine,66,90110,816,9.05701,89702,0.9905699,19.825
2,Valle d'Aosta/Vallée d'Aoste,Maschi e femmine,67,89294,876,9.80655,88856,0.9900492,19.002
2,Valle d'Aosta/Vallée d'Aoste,Maschi e femmine,68,88418,893,10.09639,87972,0.9898814,18.185
2,Valle d'Aosta/Vallée d'Aoste,Maschi e femmine,69,87525,888,10.14095,87082,0.9894492,17.365
2,Valle d'Aosta/Vallée d'Aoste,Maschi e femmine,70,86638,950,10.96480,86163,0.9879639,16.538
2,Valle d'Aosta/Vallée d'Aoste,Maschi e femmine,71,85688,1124,13.11930,85126,0.9854039,15.716
2,Valle d'Aosta/Vallée d'Aoste,Maschi e femmine,72,84564,1361,16.09254,83883,0.9828604,14.918
2,Valle d'Aosta/Vallée d'Aoste,Maschi e femmine,73,83203,1515,18.20370,82446,0.9805834,14.154
2,Valle d'Aosta/Vallée d'Aoste,Maschi e femmine,74,81688,1687,20.65193,80845,0.9778421,13.407
2,Valle d'Aosta/Vallée d'Aoste,Maschi e femmine,75,80001,1896,23.69572,79053,0.9747875,12.679
2,Valle d'Aosta/Vallée d'Aoste,Maschi e femmine,76,78106,2091,26.76607,77060,0.9713807,11.975
2,Valle d'Aosta/Vallée d'Aoste,Maschi e femmine,77,76015,2320,30.52357,74855,0.9680865,11.291
2,Valle d'Aosta/Vallée d'Aoste,Maschi e femmine,78,73695,2458,33.34727,72466,0.9655570,10.630
2,Valle d'Aosta/Vallée d'Aoste,Maschi e femmine,79,71237,2534,35.57656,69970,0.9626763,9.980
2,Valle d'Aosta/Vallée d'Aoste,Maschi e femmine,80,68703,2689,39.13539,67358,0.9592612,9.330
2,Valle d'Aosta/Vallée d'Aoste,Maschi e femmine,81,66014,2799,42.40749,64614,0.9550803,8.689
2,Valle d'Aosta/Vallée d'Aoste,Maschi e femmine,82,63215,3005,47.54321,61712,0.9491540,8.052
2,Valle d'Aosta/Vallée d'Aoste,Maschi e femmine,83,60209,3270,54.31358,58574,0.9405944,7.429
2,Valle d'Aosta/Vallée d'Aoste,Maschi e femmine,84,56939,3689,64.79010,55094,0.9303845,6.827
2,Valle d'Aosta/Vallée d'Aoste,Maschi e femmine,85,53250,3982,74.77516,51259,0.9197494,6.265
2,Valle d'Aosta/Vallée d'Aoste,Maschi e femmine,86,49268,4245,86.16864,47145,0.9079998,5.731
2,Valle d'Aosta/Vallée d'Aoste,Maschi e femmine,87,45023,4429,98.38169,42808,0.8927879,5.224
2,Valle d'Aosta/Vallée d'Aoste,Maschi e femmine,88,40593,4750,117.00607,38219,0.8703015,4.740
2,Valle d'Aosta/Vallée d'Aoste,Maschi e femmine,89,35844,5164,144.07272,33262,0.8450583,4.301
2,Valle d'Aosta/Vallée d'Aoste,Maschi e femmine,90,30680,5143,167.64029,28108,0.8241022,3.941
2,Valle d'Aosta/Vallée d'Aoste,Maschi e femmine,91,25536,4745,185.81840,23164,0.8084795,3.634
2,Valle d'Aosta/Vallée d'Aoste,Maschi e femmine,92,20791,4128,198.52403,18728,0.7966701,3.350
2,Valle d'Aosta/Vallée d'Aoste,Maschi e femmine,93,16664,3488,209.32615,14920,0.7774833,3.056
2,Valle d'Aosta/Vallée d'Aoste,Maschi e femmine,94,13176,3152,239.19927,11600,0.7386373,2.732
2,Valle d'Aosta/Vallée d'Aoste,Maschi e femmine,95,10024,2912,290.49444,8568,0.6868006,2.434
2,Valle d'Aosta/Vallée d'Aoste,Maschi e femmine,96,7112,2455,345.20061,5885,0.6478645,2.226
2,Valle d'Aosta/Vallée d'Aoste,Maschi e femmine,97,4657,1689,362.72639,3812,0.6379152,2.136
2,Valle d'Aosta/Vallée d'Aoste,Maschi e femmine,98,2968,1072,361.07815,2432,0.6412173,2.067
2,Valle d'Aosta/Vallée d'Aoste,Maschi e femmine,99,1896,674,355.19006,1559,0.6357965,1.952
2,Valle d'Aosta/Vallée d'Aoste,Maschi e femmine,100,1223,462,378.18193,991,0.5876066,1.752
2,Valle d'Aosta/Vallée d'Aoste,Maschi e femmine,101,760,355,467.41198,583,0.5214976,1.513
2,Valle d'Aosta/Vallée d'Aoste,Maschi e femmine,102,405,202,499.32616,304,0.4899401,1.402
2,Valle d'Aosta/Vallée d'Aoste,Maschi e femmine,103,203,108,531.49853,149,0.4582383,1.302
2,Valle d'Aosta/Vallée d'Aoste,Maschi e femmine,104,95,54,563.66806,68,0.4266444,1.211
2,Valle d'Aosta/Vallée d'Aoste,Maschi e femmine,105,41,25,595.55783,29,0.3954210,1.129
2,Valle d'Aosta/Vallée d'Aoste,Maschi e femmine,106,17,11,626.88431,12,0.3648348,1.056
2,Valle d'Aosta/Vallée d'Aoste,Maschi e femmine,107,6,4,657.35924,4,0.3351511,0.991
2,Valle d'Aosta/Vallée d'Aoste,Maschi e femmine,108,2,1,686.70749,1,0.3066207,0.933
2,Valle d'Aosta/Vallée d'Aoste,Maschi e femmine,109,1,0,714.67508,0,0.2794735,0.881
2,Valle d'Aosta/Vallée d'Aoste,Maschi e femmine,110,0,0,741.03448,0,0.2539125,0.835
2,Valle d'Aosta/Vallée d'Aoste,Maschi e femmine,111,0,0,765.60000,0,0.2301023,0.795
2,Valle d'Aosta/Vallée d'Aoste,Maschi e femmine,112,0,0,788.23284,0,0.2081660,0.761
2,Valle d'Aosta/Vallée d'Aoste,Maschi e femmine,113,0,0,808.83944,0,0.1881861,0.730
2,Valle d'Aosta/Vallée d'Aoste,Maschi e femmine,114,0,0,827.37388,0,0.1702029,0.704
2,Valle d'Aosta/Vallée d'Aoste,Maschi e femmine,115,0,0,843.83454,0,0.1542173,0.682
2,Valle d'Aosta/Vallée d'Aoste,Maschi e femmine,116,0,0,858.25771,0,0.1401968,0.663
2,Valle d'Aosta/Vallée d'Aoste,Maschi e femmine,117,0,0,870.70674,0,0.1280834,0.647
2,Valle d'Aosta/Vallée d'Aoste,Maschi e femmine,118,0,0,881.27395,0,0.1177933,0.633
2,Valle d'Aosta/Vallée d'Aoste,Maschi e femmine,119,0,0,890.06310,0,0.1092306,0.623
2,Valle d'Aosta/Vallée d'Aoste,Maschi,0,100000,81,0.81430,99923,0.9998263,80.523
2,Valle d'Aosta/Vallée d'Aoste,Maschi,1,99919,25,0.25130,99906,0.9997520,79.589
2,Valle d'Aosta/Vallée d'Aoste,Maschi,2,99893,24,0.24474,99881,0.9997618,78.609
2,Valle d'Aosta/Vallée d'Aoste,Maschi,3,99869,23,0.23160,99857,0.9997757,77.628
2,Valle d'Aosta/Vallée d'Aoste,Maschi,4,99846,22,0.21705,99835,0.9997901,76.645
2,Valle d'Aosta/Vallée d'Aoste,Maschi,5,99824,20,0.20278,99814,0.9998084,75.662
2,Valle d'Aosta/Vallée d'Aoste,Maschi,6,99804,18,0.18036,99795,0.9998177,74.677
2,Valle d'Aosta/Vallée d'Aoste,Maschi,7,99786,18,0.18418,99777,0.9997976,73.691
2,Valle d'Aosta/Vallée d'Aoste,Maschi,8,99768,22,0.22065,99757,0.9997442,72.704
2,Valle d'Aosta/Vallée d'Aoste,Maschi,9,99746,29,0.29096,99731,0.9996400,71.720
2,Valle d'Aosta/Vallée d'Aoste,Maschi,10,99717,43,0.42913,99695,0.9995044,70.741
2,Valle d'Aosta/Vallée d'Aoste,Maschi,11,99674,56,0.56215,99646,0.9994057,69.771
2,Valle d'Aosta/Vallée d'Aoste,Maschi,12,99618,62,0.62648,99587,0.9994072,68.810
2,Valle d'Aosta/Vallée d'Aoste,Maschi,13,99555,56,0.55909,99527,0.9995157,67.853
2,Valle d'Aosta/Vallée d'Aoste,Maschi,14,99500,41,0.40952,99479,0.9996744,66.890
2,Valle d'Aosta/Vallée d'Aoste,Maschi,15,99459,24,0.24168,99447,0.9998073,65.918
2,Valle d'Aosta/Vallée d'Aoste,Maschi,16,99435,14,0.14379,99428,0.9998597,64.933
2,Valle d'Aosta/Vallée d'Aoste,Maschi,17,99421,14,0.13684,99414,0.9998405,63.943
2,Valle d'Aosta/Vallée d'Aoste,Maschi,18,99407,18,0.18220,99398,0.9997912,62.951
2,Valle d'Aosta/Vallée d'Aoste,Maschi,19,99389,23,0.23538,99377,0.9997258,61.963
2,Valle d'Aosta/Vallée d'Aoste,Maschi,20,99365,31,0.31293,99350,0.9995838,60.977
2,Valle d'Aosta/Vallée d'Aoste,Maschi,21,99334,52,0.51940,99309,0.9993774,59.996
2,Valle d'Aosta/Vallée d'Aoste,Maschi,22,99283,72,0.72586,99247,0.9992096,59.027
2,Valle d'Aosta/Vallée d'Aoste,Maschi,23,99211,85,0.85491,99168,0.9991458,58.070
2,Valle d'Aosta/Vallée d'Aoste,Maschi,24,99126,85,0.85348,99084,0.9991687,57.119
2,Valle d'Aosta/Vallée d'Aoste,Maschi,25,99041,80,0.80913,99001,0.9992325,56.167
2,Valle d'Aosta/Vallée d'Aoste,Maschi,26,98961,72,0.72591,98925,0.9992796,55.212
2,Valle d'Aosta/Vallée d'Aoste,Maschi,27,98889,71,0.71480,98854,0.9993276,54.252
2,Valle d'Aosta/Vallée d'Aoste,Maschi,28,98819,62,0.63004,98788,0.9994255,53.290
2,Valle d'Aosta/Vallée d'Aoste,Maschi,29,98756,51,0.51901,98731,0.9995599,52.324
2,Valle d'Aosta/Vallée d'Aoste,Maschi,30,98705,36,0.36122,98687,0.9996482,51.351
2,Valle d'Aosta/Vallée d'Aoste,Maschi,31,98669,34,0.34236,98653,0.9996544,50.369
2,Valle d'Aosta/Vallée d'Aoste,Maschi,32,98636,34,0.34885,98618,0.9995913,49.386
2,Valle d'Aosta/Vallée d'Aoste,Maschi,33,98601,46,0.46859,98578,0.9994987,48.403
2,Valle d'Aosta/Vallée d'Aoste,Maschi,34,98555,53,0.53407,98529,0.9993606,47.426
2,Valle d'Aosta/Vallée d'Aoste,Maschi,35,98502,73,0.74488,98466,0.9991388,46.451
2,Valle d'Aosta/Vallée d'Aoste,Maschi,36,98429,96,0.97752,98381,0.9988403,45.485
2,Valle d'Aosta/Vallée d'Aoste,Maschi,37,98333,132,1.34212,98267,0.9984939,44.529
2,Valle d'Aosta/Vallée d'Aoste,Maschi,38,98201,164,1.67038,98119,0.9982299,43.588
2,Valle d'Aosta/Vallée d'Aoste,Maschi,39,98037,183,1.87002,97945,0.9982284,42.660
2,Valle d'Aosta/Vallée d'Aoste,Maschi,40,97854,164,1.67306,97772,0.9984691,41.739
2,Valle d'Aosta/Vallée d'Aoste,Maschi,41,97690,136,1.38859,97622,0.9987110,40.808
2,Valle d'Aosta/Vallée d'Aoste,Maschi,42,97554,116,1.18924,97496,0.9986795,39.864
2,Valle d'Aosta/Vallée d'Aoste,Maschi,43,97438,141,1.45186,97367,0.9983135,38.911
2,Valle d'Aosta/Vallée d'Aoste,Maschi,44,97297,187,1.92141,97203,0.9978969,37.967
2,Valle d'Aosta/Vallée d'Aoste,Maschi,45,97110,222,2.28522,96999,0.9976859,37.039
2,Valle d'Aosta/Vallée d'Aoste,Maschi,46,96888,227,2.34297,96774,0.9976725,36.123
2,Valle d'Aosta/Vallée d'Aoste,Maschi,47,96661,223,2.31194,96549,0.9975721,35.207
2,Valle d'Aosta/Vallée d'Aoste,Maschi,48,96437,245,2.54405,96315,0.9971726,34.287
2,Valle d'Aosta/Vallée d'Aoste,Maschi,49,96192,299,3.11146,96042,0.9966238,33.373
2,Valle d'Aosta/Vallée d'Aoste,Maschi,50,95893,349,3.64177,95718,0.9962355,32.476
2,Valle d'Aosta/Vallée d'Aoste,Maschi,51,95543,371,3.88761,95358,0.9961006,31.593
2,Valle d'Aosta/Vallée d'Aoste,Maschi,52,95172,372,3.91117,94986,0.9961981,30.714
2,Valle d'Aosta/Vallée d'Aoste,Maschi,53,94800,350,3.69215,94625,0.9963463,29.833
2,Valle d'Aosta/Vallée d'Aoste,Maschi,54,94450,341,3.61503,94279,0.9963932,28.941
2,Valle d'Aosta/Vallée d'Aoste,Maschi,55,94108,339,3.59850,93939,0.9964253,28.045
2,Valle d'Aosta/Vallée d'Aoste,Maschi,56,93770,333,3.55088,93603,0.9965139,27.144
2,Valle d'Aosta/Vallée d'Aoste,Maschi,57,93437,320,3.42115,93277,0.9965290,26.239
2,Valle d'Aosta/Vallée d'Aoste,Maschi,58,93117,328,3.52103,92953,0.9963986,25.327
2,Valle d'Aosta/Vallée d'Aoste,Maschi,59,92789,342,3.68200,92618,0.9960667,24.415
2,Valle d'Aosta/Vallée d'Aoste,Maschi,60,92448,387,4.18558,92254,0.9952536,23.503
2,Valle d'Aosta/Vallée d'Aoste,Maschi,61,92061,489,5.30962,91816,0.9941667,22.600
2,Valle d'Aosta/Vallée d'Aoste,Maschi,62,91572,582,6.35975,91281,0.9934084,21.718
2,Valle d'Aosta/Vallée d'Aoste,Maschi,63,90989,621,6.82488,90679,0.9928853,20.854
2,Valle d'Aosta/Vallée d'Aoste,Maschi,64,90368,669,7.40657,90034,0.9920385,19.994
2,Valle d'Aosta/Vallée d'Aoste,Maschi,65,89699,764,8.52064,89317,0.9904829,19.139
2,Valle d'Aosta/Vallée d'Aoste,Maschi,66,88935,936,10.52221,88467,0.9885291,18.299
2,Valle d'Aosta/Vallée d'Aoste,Maschi,67,87999,1094,12.42973,87452,0.9869449,17.489
2,Valle d'Aosta/Vallée d'Aoste,Maschi,68,86905,1190,13.68843,86310,0.9862644,16.703
2,Valle d'Aosta/Vallée d'Aoste,Maschi,69,85716,1181,13.78335,85125,0.9860502,15.927
2,Valle d'Aosta/Vallée d'Aoste,Maschi,70,84534,1193,14.11853,83937,0.9847990,15.143
2,Valle d'Aosta/Vallée d'Aoste,Maschi,71,83341,1358,16.29891,82661,0.9819592,14.353
2,Valle d'Aosta/Vallée d'Aoste,Maschi,72,81982,1624,19.81163,81170,0.9787403,13.582
2,Valle d'Aosta/Vallée d'Aoste,Maschi,73,80358,1827,22.73712,79445,0.9756295,12.847
2,Valle d'Aosta/Vallée d'Aoste,Maschi,74,78531,2045,26.04178,77508,0.9718701,12.134
2,Valle d'Aosta/Vallée d'Aoste,Maschi,75,76486,2316,30.27382,75328,0.9676356,11.445
2,Valle d'Aosta/Vallée d'Aoste,Maschi,76,74170,2560,34.52024,72890,0.9622634,10.787
2,Valle d'Aosta/Vallée d'Aoste,Maschi,77,71610,2941,41.06787,70140,0.9567670,10.154
2,Valle d'Aosta/Vallée d'Aoste,Maschi,78,68669,3124,45.49079,67107,0.9530795,9.568
2,Valle d'Aosta/Vallée d'Aoste,Maschi,79,65545,3174,48.41833,63959,0.9493082,9.000
2,Valle d'Aosta/Vallée d'Aoste,Maschi,80,62372,3311,53.08103,60716,0.9455908,8.433
2,Valle d'Aosta/Vallée d'Aoste,Maschi,81,59061,3296,55.81175,57413,0.9425033,7.877
2,Valle d'Aosta/Vallée d'Aoste,Maschi,82,55765,3306,59.28126,54112,0.9373740,7.313
2,Valle d'Aosta/Vallée d'Aoste,Maschi,83,52459,3472,66.18153,50723,0.9274630,6.743
2,Valle d'Aosta/Vallée d'Aoste,Maschi,84,48987,3887,79.34286,47044,0.9155714,6.185
2,Valle d'Aosta/Vallée d'Aoste,Maschi,85,45100,4057,89.95268,43072,0.9041905,5.675
2,Valle d'Aosta/Vallée d'Aoste,Maschi,86,41043,4196,102.24518,38945,0.8937242,5.187
2,Valle d'Aosta/Vallée d'Aoste,Maschi,87,36847,4081,110.76547,34806,0.8827317,4.720
2,Valle d'Aosta/Vallée d'Aoste,Maschi,88,32766,4082,124.58104,30725,0.8601630,4.246
2,Valle d'Aosta/Vallée d'Aoste,Maschi,89,28684,4511,157.26404,26428,0.8251975,3.779
2,Valle d'Aosta/Vallée d'Aoste,Maschi,90,24173,4729,195.61379,21808,0.7871043,3.391
2,Valle d'Aosta/Vallée d'Aoste,Maschi,91,19444,4557,234.38036,17166,0.7591901,3.094
2,Valle d'Aosta/Vallée d'Aoste,Maschi,92,14887,3710,249.20776,13032,0.7499771,2.888
2,Valle d'Aosta/Vallée d'Aoste,Maschi,93,11177,2807,251.10868,9774,0.7435454,2.681
2,Valle d'Aosta/Vallée d'Aoste,Maschi,94,8370,2206,263.59299,7267,0.7179625,2.412
2,Valle d'Aosta/Vallée d'Aoste,Maschi,95,6164,1893,307.08403,5218,0.6712996,2.097
2,Valle d'Aosta/Vallée d'Aoste,Maschi,96,4271,1537,359.89651,3503,0.6104641,1.805
2,Valle d'Aosta/Vallée d'Aoste,Maschi,97,2734,1192,435.84006,2138,0.5357085,1.538
2,Valle d'Aosta/Vallée d'Aoste,Maschi,98,1542,794,514.72300,1145,0.4674437,1.340
2,Valle d'Aosta/Vallée d'Aoste,Maschi,99,748,426,569.30511,535,0.4242675,1.232
2,Valle d'Aosta/Vallée d'Aoste,Maschi,100,322,190,590.65566,227,0.4177040,1.199
2,Valle d'Aosta/Vallée d'Aoste,Maschi,101,132,74,561.87389,95,0.4271263,1.209
2,Valle d'Aosta/Vallée d'Aoste,Maschi,102,58,35,597.98030,41,0.3917631,1.117
2,Valle d'Aosta/Vallée d'Aoste,Maschi,103,23,15,633.74951,16,0.3568519,1.036
2,Valle d'Aosta/Vallée d'Aoste,Maschi,104,9,6,668.80964,6,0.3227370,0.963
2,Valle d'Aosta/Vallée d'Aoste,Maschi,105,3,2,702.78723,2,0.2897565,0.899
2,Valle d'Aosta/Vallée d'Aoste,Maschi,106,1,1,735.33094,1,0.2582267,0.842
2,Valle d'Aosta/Vallée d'Aoste,Maschi,107,0,0,766.11450,0,0.2284371,0.792
2,Valle d'Aosta/Vallée d'Aoste,Maschi,108,0,0,794.85788,0,0.2006371,0.748
2,Valle d'Aosta/Vallée d'Aoste,Maschi,109,0,0,821.32355,0,0.1750371,0.710
2,Valle d'Aosta/Vallée d'Aoste,Maschi,110,0,0,845.33100,0,0.1517993,0.678
2,Valle d'Aosta/Vallée d'Aoste,Maschi,111,0,0,866.75447,0,0.1310383,0.650
2,Valle d'Aosta/Vallée d'Aoste,Maschi,112,0,0,885.52661,0,0.1128194,0.627
2,Valle d'Aosta/Vallée d'Aoste,Maschi,113,0,0,901.62904,0,0.0971651,0.607
2,Valle d'Aosta/Vallée d'Aoste,Maschi,114,0,0,915.09374,0,0.0840534,0.592
2,Valle d'Aosta/Vallée d'Aoste,Maschi,115,0,0,925.99182,0,0.0734267,0.579
2,Valle d'Aosta/Vallée d'Aoste,Maschi,116,0,0,934.43089,0,0.0651930,0.570
2,Valle d'Aosta/Vallée d'Aoste,Maschi,117,0,0,940.54264,0,0.0592364,0.563
2,Valle d'Aosta/Vallée d'Aoste,Maschi,118,0,0,944.48002,0,0.0554186,0.559
2,Valle d'Aosta/Vallée d'Aoste,Maschi,119,0,0,946.40706,0,0.0535885,0.557
2,Valle d'Aosta/Vallée d'Aoste,Femmine,0,100000,341,3.41002,99679,0.9993344,84.190
2,Valle d'Aosta/Vallée d'Aoste,Femmine,1,99659,92,0.92778,99613,0.9992185,83.476
2,Valle d'Aosta/Vallée d'Aoste,Femmine,2,99567,63,0.63502,99535,0.9994701,82.553
2,Valle d'Aosta/Vallée d'Aoste,Femmine,3,99503,42,0.42474,99482,0.9996451,81.605
2,Valle d'Aosta/Vallée d'Aoste,Femmine,4,99461,28,0.28509,99447,0.9997486,80.640
2,Valle d'Aosta/Vallée d'Aoste,Femmine,5,99433,22,0.21773,99422,0.9997911,79.663
2,Valle d'Aosta/Vallée d'Aoste,Femmine,6,99411,20,0.20005,99401,0.9997969,78.680
2,Valle d'Aosta/Vallée d'Aoste,Femmine,7,99391,20,0.20612,99381,0.9997999,77.696
2,Valle d'Aosta/Vallée d'Aoste,Femmine,8,99371,19,0.19413,99361,0.9998106,76.711
2,Valle d'Aosta/Vallée d'Aoste,Femmine,9,99351,18,0.18468,99342,0.9998194,75.726
2,Valle d'Aosta/Vallée d'Aoste,Femmine,10,99333,18,0.17659,99324,0.9998268,74.740
2,Valle d'Aosta/Vallée d'Aoste,Femmine,11,99315,17,0.16989,99307,0.9998324,73.753
2,Valle d'Aosta/Vallée d'Aoste,Femmine,12,99299,16,0.16525,99290,0.9998346,72.766
2,Valle d'Aosta/Vallée d'Aoste,Femmine,13,99282,16,0.16546,99274,0.9998350,71.778
2,Valle d'Aosta/Vallée d'Aoste,Femmine,14,99266,16,0.16460,99258,0.9998347,70.789
2,Valle d'Aosta/Vallée d'Aoste,Femmine,15,99249,16,0.16598,99241,0.9998336,69.801
2,Valle d'Aosta/Vallée d'Aoste,Femmine,16,99233,17,0.16676,99225,0.9998326,68.813
2,Valle d'Aosta/Vallée d'Aoste,Femmine,17,99216,17,0.16810,99208,0.9998301,67.824
2,Valle d'Aosta/Vallée d'Aoste,Femmine,18,99200,17,0.17164,99191,0.9998269,66.835
2,Valle d'Aosta/Vallée d'Aoste,Femmine,19,99183,17,0.17447,99174,0.9998256,65.847
2,Valle d'Aosta/Vallée d'Aoste,Femmine,20,99165,17,0.17439,99157,0.9998258,64.858
2,Valle d'Aosta/Vallée d'Aoste,Femmine,21,99148,17,0.17410,99139,0.9998276,63.869
2,Valle d'Aosta/Vallée d'Aoste,Femmine,22,99131,17,0.17076,99122,0.9998300,62.880
2,Valle d'Aosta/Vallée d'Aoste,Femmine,23,99114,17,0.16930,99106,0.9998306,61.891
2,Valle d'Aosta/Vallée d'Aoste,Femmine,24,99097,17,0.16941,99089,0.9998366,60.901
2,Valle d'Aosta/Vallée d'Aoste,Femmine,25,99080,16,0.15730,99073,0.9998379,59.912
2,Valle d'Aosta/Vallée d'Aoste,Femmine,26,99065,17,0.16694,99057,0.9998095,58.921
2,Valle d'Aosta/Vallée d'Aoste,Femmine,27,99048,21,0.21410,99038,0.9997473,57.931
2,Valle d'Aosta/Vallée d'Aoste,Femmine,28,99027,29,0.29140,99013,0.9996363,56.943
2,Valle d'Aosta/Vallée d'Aoste,Femmine,29,98998,43,0.43597,98977,0.9994982,55.959
2,Valle d'Aosta/Vallée d'Aoste,Femmine,30,98955,56,0.56774,98927,0.9994066,54.984
2,Valle d'Aosta/Vallée d'Aoste,Femmine,31,98899,61,0.61915,98868,0.9994091,54.015
2,Valle d'Aosta/Vallée d'Aoste,Femmine,32,98838,56,0.56259,98810,0.9995034,53.048
2,Valle d'Aosta/Vallée d'Aoste,Femmine,33,98782,43,0.43058,98761,0.9996007,52.077
2,Valle d'Aosta/Vallée d'Aoste,Femmine,34,98739,36,0.36802,98721,0.9996165,51.100
2,Valle d'Aosta/Vallée d'Aoste,Femmine,35,98703,39,0.39893,98683,0.9995598,50.118
2,Valle d'Aosta/Vallée d'Aoste,Femmine,36,98664,48,0.48146,98640,0.9995159,49.138
2,Valle d'Aosta/Vallée d'Aoste,Femmine,37,98616,48,0.48669,98592,0.9995849,48.161
2,Valle d'Aosta/Vallée d'Aoste,Femmine,38,98568,34,0.34348,98551,0.9997241,47.185
2,Valle d'Aosta/Vallée d'Aoste,Femmine,39,98534,21,0.20821,98524,0.9997531,46.201
2,Valle d'Aosta/Vallée d'Aoste,Femmine,40,98514,28,0.28567,98500,0.9995688,45.210
2,Valle d'Aosta/Vallée d'Aoste,Femmine,41,98486,57,0.57674,98457,0.9992598,44.223
2,Valle d'Aosta/Vallée d'Aoste,Femmine,42,98429,89,0.90369,98384,0.9990279,43.248
2,Valle d'Aosta/Vallée d'Aoste,Femmine,43,98340,102,1.04048,98289,0.9990241,42.287
2,Valle d'Aosta/Vallée d'Aoste,Femmine,44,98238,90,0.91117,98193,0.9991830,41.330
2,Valle d'Aosta/Vallée d'Aoste,Femmine,45,98148,71,0.72274,98113,0.9993149,40.368
2,Valle d'Aosta/Vallée d'Aoste,Femmine,46,98077,64,0.64749,98045,0.9992216,39.396
2,Valle d'Aosta/Vallée d'Aoste,Femmine,47,98014,89,0.90933,97969,0.9988485,38.422
2,Valle d'Aosta/Vallée d'Aoste,Femmine,48,97925,136,1.39386,97856,0.9983212,37.456
2,Valle d'Aosta/Vallée d'Aoste,Femmine,49,97788,192,1.96422,97692,0.9977858,36.508
2,Valle d'Aosta/Vallée d'Aoste,Femmine,50,97596,241,2.46460,97476,0.9974712,35.579
2,Valle d'Aosta/Vallée d'Aoste,Femmine,51,97355,252,2.59323,97229,0.9974093,34.665
2,Valle d'Aosta/Vallée d'Aoste,Femmine,52,97103,251,2.58822,96977,0.9973430,33.754
2,Valle d'Aosta/Vallée d'Aoste,Femmine,53,96852,264,2.72595,96720,0.9970145,32.840
2,Valle d'Aosta/Vallée d'Aoste,Femmine,54,96588,313,3.24573,96431,0.9964987,31.929
2,Valle d'Aosta/Vallée d'Aoste,Femmine,55,96274,362,3.75780,96093,0.9961490,31.031
2,Valle d'Aosta/Vallée d'Aoste,Femmine,56,95912,378,3.94446,95723,0.9962048,30.146
2,Valle d'Aosta/Vallée d'Aoste,Femmine,57,95534,348,3.64536,95360,0.9964785,29.264
2,Valle d'Aosta/Vallée d'Aoste,Femmine,58,95186,323,3.39728,95024,0.9964404,28.369
2,Valle d'Aosta/Vallée d'Aoste,Femmine,59,94862,353,3.72253,94686,0.9958762,27.464
2,Valle d'Aosta/Vallée d'Aoste,Femmine,60,94509,428,4.52664,94295,0.9951211,26.565
2,Valle d'Aosta/Vallée d'Aoste,Femmine,61,94082,492,5.23282,93835,0.9946349,25.683
2,Valle d'Aosta/Vallée d'Aoste,Femmine,62,93589,515,5.49802,93332,0.9944026,24.816
2,Valle d'Aosta/Vallée d'Aoste,Femmine,63,93075,530,5.69732,92810,0.9941397,23.950
2,Valle d'Aosta/Vallée d'Aoste,Femmine,64,92544,558,6.02429,92266,0.9935190,23.084
2,Valle d'Aosta/Vallée d'Aoste,Femmine,65,91987,638,6.94043,91668,0.9927537,22.221
2,Valle d'Aosta/Vallée d'Aoste,Femmine,66,91348,690,7.55431,91003,0.9926583,21.373
2,Valle d'Aosta/Vallée d'Aoste,Femmine,67,90658,646,7.12742,90335,0.9932096,20.532
2,Valle d'Aosta/Vallée d'Aoste,Femmine,68,90012,581,6.45087,89722,0.9935389,19.676
2,Valle d'Aosta/Vallée d'Aoste,Femmine,69,89432,579,6.47140,89142,0.9928618,18.800
2,Valle d'Aosta/Vallée d'Aoste,Femmine,70,88853,694,7.80934,88506,0.9911204,17.920
2,Valle d'Aosta/Vallée d'Aoste,Femmine,71,88159,878,9.95826,87720,0.9888166,17.057
2,Valle d'Aosta/Vallée d'Aoste,Femmine,72,87281,1084,12.42080,86739,0.9869113,16.223
2,Valle d'Aosta/Vallée d'Aoste,Femmine,73,86197,1187,13.76505,85604,0.9854097,15.421
2,Valle d'Aosta/Vallée d'Aoste,Femmine,74,85010,1311,15.42714,84355,0.9835965,14.629
2,Valle d'Aosta/Vallée d'Aoste,Femmine,75,83699,1456,17.39508,82971,0.9815892,13.851
2,Valle d'Aosta/Vallée d'Aoste,Femmine,76,82243,1599,19.44456,81443,0.9799107,13.087
2,Valle d'Aosta/Vallée d'Aoste,Femmine,77,80644,1673,20.74689,79807,0.9784661,12.336
2,Valle d'Aosta/Vallée d'Aoste,Femmine,78,78971,1764,22.33749,78089,0.9767340,11.587
2,Valle d'Aosta/Vallée d'Aoste,Femmine,79,77207,1870,24.21569,76272,0.9743524,10.841
2,Valle d'Aosta/Vallée d'Aoste,Femmine,80,75337,2043,27.11506,74316,0.9708928,10.097
2,Valle d'Aosta/Vallée d'Aoste,Femmine,81,73294,2283,31.15491,72153,0.9655140,9.365
2,Valle d'Aosta/Vallée d'Aoste,Femmine,82,71011,2693,37.92421,69664,0.9587021,8.650
2,Valle d'Aosta/Vallée d'Aoste,Femmine,83,68318,3061,44.80450,66787,0.9509873,7.971
2,Valle d'Aosta/Vallée d'Aoste,Femmine,84,65257,3486,53.41826,63514,0.9418030,7.321
2,Valle d'Aosta/Vallée d'Aoste,Femmine,85,61771,3907,63.24546,59818,0.9314016,6.706
2,Valle d'Aosta/Vallée d'Aoste,Femmine,86,57864,4300,74.31278,55714,0.9183893,6.125
2,Valle d'Aosta/Vallée d'Aoste,Femmine,87,53564,4794,89.49438,51167,0.8999354,5.577
2,Valle d'Aosta/Vallée d'Aoste,Femmine,88,48770,5446,111.67376,46047,0.8773675,5.076
2,Valle d'Aosta/Vallée d'Aoste,Femmine,89,43324,5847,134.96893,40400,0.8584846,4.651
2,Valle d'Aosta/Vallée d'Aoste,Femmine,90,37477,5587,149.08338,34683,0.8477786,4.299
2,Valle d'Aosta/Vallée d'Aoste,Femmine,91,31890,4972,155.90919,29404,0.8375366,3.965
2,Valle d'Aosta/Vallée d'Aoste,Femmine,92,26918,4582,170.22811,24627,0.8216965,3.605
2,Valle d'Aosta/Vallée d'Aoste,Femmine,93,22336,4200,188.03561,20236,0.7942517,3.241
2,Valle d'Aosta/Vallée d'Aoste,Femmine,94,18136,4127,227.56285,16072,0.7483201,2.876
2,Valle d'Aosta/Vallée d'Aoste,Femmine,95,14009,3963,282.90182,12027,0.6937986,2.576
2,Valle d'Aosta/Vallée d'Aoste,Femmine,96,10046,3402,338.69280,8344,0.6635965,2.396
2,Valle d'Aosta/Vallée d'Aoste,Femmine,97,6643,2212,332.94169,5537,0.6756574,2.366
2,Valle d'Aosta/Vallée d'Aoste,Femmine,98,4431,1380,311.45154,3741,0.6898228,2.298
2,Valle d'Aosta/Vallée d'Aoste,Femmine,99,3051,941,308.32647,2581,0.6750619,2.111
2,Valle d'Aosta/Vallée d'Aoste,Femmine,100,2110,736,348.95456,1742,0.6078559,1.829
2,Valle d'Aosta/Vallée d'Aoste,Femmine,101,1374,630,458.48285,1059,0.5298104,1.542
2,Valle d'Aosta/Vallée d'Aoste,Femmine,102,744,366,491.80814,561,0.4968881,1.424
2,Valle d'Aosta/Vallée d'Aoste,Femmine,103,378,199,525.35496,279,0.4638774,1.318
2,Valle d'Aosta/Vallée d'Aoste,Femmine,104,179,100,558.80833,129,0.4310775,1.222
2,Valle d'Aosta/Vallée d'Aoste,Femmine,105,79,47,591.84722,56,0.3987876,1.137
2,Valle d'Aosta/Vallée d'Aoste,Femmine,106,32,20,624.15760,22,0.3672978,1.062
2,Valle d'Aosta/Vallée d'Aoste,Femmine,107,12,8,655.43678,8,0.3368819,0.994
2,Valle d'Aosta/Vallée d'Aoste,Femmine,108,4,3,685.41114,3,0.3077852,0.935
2,Valle d'Aosta/Vallée d'Aoste,Femmine,109,1,1,713.84176,1,0.2802214,0.882
2,Valle d'Aosta/Vallée d'Aoste,Femmine,110,0,0,740.52543,0,0.2543695,0.836
2,Valle d'Aosta/Vallée d'Aoste,Femmine,111,0,0,765.30537,0,0.2303671,0.796
2,Valle d'Aosta/Vallée d'Aoste,Femmine,112,0,0,788.07164,0,0.2083113,0.761
2,Valle d'Aosta/Vallée d'Aoste,Femmine,113,0,0,808.75618,0,0.1882614,0.730
2,Valle d'Aosta/Vallée d'Aoste,Femmine,114,0,0,827.33325,0,0.1702398,0.704
2,Valle d'Aosta/Vallée d'Aoste,Femmine,115,0,0,843.81575,0,0.1542345,0.682
2,Valle d'Aosta/Vallée d'Aoste,Femmine,116,0,0,858.24942,0,0.1402044,0.663
2,Valle d'Aosta/Vallée d'Aoste,Femmine,117,0,0,870.70321,0,0.1280867,0.647
2,Valle d'Aosta/Vallée d'Aoste,Femmine,118,0,0,881.27247,0,0.1177947,0.633
2,Valle d'Aosta/Vallée d'Aoste,Femmine,119,0,0,890.06247,0,0.1092312,0.622
3,Lombardia,Maschi e femmine,0,100000,232,2.31605,99782,0.9997703,83.175
3,Lombardia,Maschi e femmine,1,99768,19,0.18551,99759,0.9998434,82.367
3,Lombardia,Maschi e femmine,2,99750,13,0.12762,99744,0.9998891,81.382
3,Lombardia,Maschi e femmine,3,99737,9,0.09422,99732,0.9999147,80.393
3,Lombardia,Maschi e femmine,4,99728,8,0.07635,99724,0.9999256,79.400
3,Lombardia,Maschi e femmine,5,99720,7,0.07245,99717,0.9999289,78.406
3,Lombardia,Maschi e femmine,6,99713,7,0.06968,99709,0.9999330,77.412
3,Lombardia,Maschi e femmine,7,99706,6,0.06425,99703,0.9999378,76.417
3,Lombardia,Maschi e femmine,8,99700,6,0.06021,99697,0.9999400,75.422
3,Lombardia,Maschi e femmine,9,99694,6,0.05988,99691,0.9999373,74.427
3,Lombardia,Maschi e femmine,10,99688,7,0.06547,99684,0.9999311,73.431
3,Lombardia,Maschi e femmine,11,99681,7,0.07237,99677,0.9999233,72.436
3,Lombardia,Maschi e femmine,12,99674,8,0.08105,99670,0.9999105,71.441
3,Lombardia,Maschi e femmine,13,99666,10,0.09792,99661,0.9998892,70.447
3,Lombardia,Maschi e femmine,14,99656,12,0.12367,99650,0.9998587,69.454
3,Lombardia,Maschi e femmine,15,99644,16,0.15902,99636,0.9998229,68.462
3,Lombardia,Maschi e femmine,16,99628,19,0.19509,99618,0.9997951,67.473
3,Lombardia,Maschi e femmine,17,99608,21,0.21467,99598,0.9997781,66.486
3,Lombardia,Maschi e femmine,18,99587,23,0.22921,99576,0.9997700,65.500
3,Lombardia,Maschi e femmine,19,99564,23,0.23088,99553,0.9997651,64.515
3,Lombardia,Maschi e femmine,20,99541,24,0.23893,99529,0.9997607,63.530
3,Lombardia,Maschi e femmine,21,99517,24,0.23967,99505,0.9997588,62.545
3,Lombardia,Maschi e femmine,22,99494,24,0.24269,99482,0.9997584,61.560
3,Lombardia,Maschi e femmine,23,99469,24,0.24044,99457,0.9997551,60.575
3,Lombardia,Maschi e femmine,24,99446,25,0.24938,99433,0.9997493,59.589
3,Lombardia,Maschi e femmine,25,99421,25,0.25196,99408,0.9997392,58.604
3,Lombardia,Maschi e femmine,26,99396,27,0.26960,99382,0.9997270,57.619
3,Lombardia,Maschi e femmine,27,99369,27,0.27644,99355,0.9997182,56.634
3,Lombardia,Maschi e femmine,28,99341,29,0.28715,99327,0.9997093,55.649
3,Lombardia,Maschi e femmine,29,99313,29,0.29419,99298,0.9996980,54.665
3,Lombardia,Maschi e femmine,30,99284,31,0.30972,99268,0.9996855,53.681
3,Lombardia,Maschi e femmine,31,99253,32,0.31927,99237,0.9996778,52.698
3,Lombardia,Maschi e femmine,32,99221,32,0.32522,99205,0.9996719,51.714
3,Lombardia,Maschi e femmine,33,99189,33,0.33099,99173,0.9996578,50.731
3,Lombardia,Maschi e femmine,34,99156,35,0.35334,99139,0.9996238,49.748
3,Lombardia,Maschi e femmine,35,99121,40,0.39914,99101,0.9995728,48.765
3,Lombardia,Maschi e femmine,36,99082,45,0.45528,99059,0.9995210,47.784
3,Lombardia,Maschi e femmine,37,99036,50,0.50271,99012,0.9994752,46.806
3,Lombardia,Maschi e femmine,38,98987,54,0.54695,98960,0.9994203,45.829
3,Lombardia,Maschi e femmine,39,98932,61,0.61238,98902,0.9993467,44.854
3,Lombardia,Maschi e femmine,40,98872,69,0.69428,98838,0.9992491,43.881
3,Lombardia,Maschi e femmine,41,98803,80,0.80753,98763,0.9991380,42.911
3,Lombardia,Maschi e femmine,42,98723,90,0.91643,98678,0.9990426,41.946
3,Lombardia,Maschi e femmine,43,98633,98,0.99831,98584,0.9989617,40.984
3,Lombardia,Maschi e femmine,44,98535,106,1.07828,98481,0.9988814,40.024
3,Lombardia,Maschi e femmine,45,98428,114,1.15899,98371,0.9987912,39.067
3,Lombardia,Maschi e femmine,46,98314,124,1.25871,98252,0.9986844,38.111
3,Lombardia,Maschi e femmine,47,98190,135,1.37247,98123,0.9985691,37.159
3,Lombardia,Maschi e femmine,48,98056,146,1.48949,97983,0.9984556,36.209
3,Lombardia,Maschi e femmine,49,97910,157,1.59935,97831,0.9983237,35.263
3,Lombardia,Maschi e femmine,50,97753,171,1.75336,97667,0.9981811,34.318
3,Lombardia,Maschi e femmine,51,97582,184,1.88463,97490,0.9980261,33.378
3,Lombardia,Maschi e femmine,52,97398,201,2.06344,97297,0.9978285,32.440
3,Lombardia,Maschi e femmine,53,97197,222,2.27972,97086,0.9975933,31.506
3,Lombardia,Maschi e femmine,54,96975,246,2.53389,96852,0.9973577,30.577
3,Lombardia,Maschi e femmine,55,96729,266,2.75096,96596,0.9971000,29.653
3,Lombardia,Maschi e femmine,56,96463,294,3.04937,96316,0.9968174,28.733
3,Lombardia,Maschi e femmine,57,96169,319,3.31632,96010,0.9965057,27.820
3,Lombardia,Maschi e femmine,58,95850,352,3.67288,95674,0.9961511,26.911
3,Lombardia,Maschi e femmine,59,95498,384,4.02564,95306,0.9958093,26.008
3,Lombardia,Maschi e femmine,60,95114,414,4.35648,94907,0.9953962,25.111
3,Lombardia,Maschi e femmine,61,94699,460,4.85229,94470,0.9947770,24.219
3,Lombardia,Maschi e femmine,62,94240,527,5.59560,93976,0.9939708,23.334
3,Lombardia,Maschi e femmine,63,93713,606,6.46524,93410,0.9931575,22.463
3,Lombardia,Maschi e femmine,64,93107,672,7.22227,92770,0.9923795,21.606
3,Lombardia,Maschi e femmine,65,92434,741,8.02160,92064,0.9917187,20.759
3,Lombardia,Maschi e femmine,66,91693,783,8.54318,91301,0.9911368,19.923
3,Lombardia,Maschi e femmine,67,90909,835,9.18590,90492,0.9904490,19.091
3,Lombardia,Maschi e femmine,68,90074,893,9.91950,89628,0.9894399,18.263
3,Lombardia,Maschi e femmine,69,89181,999,11.20720,88681,0.9880247,17.441
3,Lombardia,Maschi e femmine,70,88181,1124,12.75207,87619,0.9862989,16.633
3,Lombardia,Maschi e femmine,71,87057,1276,14.66243,86419,0.9845372,15.841
3,Lombardia,Maschi e femmine,72,85780,1396,16.27501,85082,0.9828261,15.070
3,Lombardia,Maschi e femmine,73,84384,1526,18.08775,83621,0.9811382,14.311
3,Lombardia,Maschi e femmine,74,82858,1628,19.65020,82044,0.9793863,13.565
3,Lombardia,Maschi e femmine,75,81230,1754,21.59656,80353,0.9769826,12.827
3,Lombardia,Maschi e femmine,76,79476,1945,24.46960,78503,0.9738554,12.099
3,Lombardia,Maschi e femmine,77,77531,2160,27.86168,76451,0.9705427,11.390
3,Lombardia,Maschi e femmine,78,75371,2344,31.09856,74199,0.9665561,10.702
3,Lombardia,Maschi e femmine,79,73027,2619,35.86443,71717,0.9618898,10.030
3,Lombardia,Maschi e femmine,80,70408,2847,40.43946,68984,0.9573286,9.384
3,Lombardia,Maschi e femmine,81,67560,3040,44.99746,66040,0.9520801,8.758
3,Lombardia,Maschi e femmine,82,64520,3289,50.98011,62876,0.9464779,8.148
3,Lombardia,Maschi e femmine,83,61231,3441,56.20065,59511,0.9401234,7.558
3,Lombardia,Maschi e femmine,84,57790,3685,63.77151,55947,0.9312503,6.979
3,Lombardia,Maschi e femmine,85,54105,4007,74.06702,52101,0.9200061,6.420
3,Lombardia,Maschi e femmine,86,50097,4328,86.39489,47933,0.9069112,5.894
3,Lombardia,Maschi e femmine,87,45769,4596,100.41565,43471,0.8916623,5.404
3,Lombardia,Maschi e femmine,88,41173,4823,117.14399,38762,0.8745706,4.951
3,Lombardia,Maschi e femmine,89,36350,4900,134.81428,33900,0.8566176,4.542
3,Lombardia,Maschi e femmine,90,31449,4821,153.28556,29039,0.8391330,4.171
3,Lombardia,Maschi e femmine,91,26629,4522,169.82100,24368,0.8205377,3.836
3,Lombardia,Maschi e femmine,92,22107,4224,191.07571,19995,0.7990415,3.518
3,Lombardia,Maschi e femmine,93,17883,3812,213.17580,15977,0.7766594,3.231
3,Lombardia,Maschi e femmine,94,14070,3324,236.25929,12408,0.7524417,2.971
3,Lombardia,Maschi e femmine,95,10746,2819,262.35264,9337,0.7274013,2.736
3,Lombardia,Maschi e femmine,96,7927,2271,286.48880,6791,0.7040300,2.531
3,Lombardia,Maschi e femmine,97,5656,1749,309.25805,4781,0.6814526,2.347
3,Lombardia,Maschi e femmine,98,3907,1297,331.99586,3258,0.6579832,2.173
3,Lombardia,Maschi e femmine,99,2610,932,357.01800,2144,0.6311898,2.005
3,Lombardia,Maschi e femmine,100,1678,650,387.15001,1353,0.5990849,1.841
3,Lombardia,Maschi e femmine,101,1028,435,423.37580,811,0.5650682,1.687
3,Lombardia,Maschi e femmine,102,593,270,454.97259,458,0.5337366,1.559
3,Lombardia,Maschi e femmine,103,323,157,486.97932,244,0.5021143,1.444
3,Lombardia,Maschi e femmine,104,166,86,519.14473,123,0.4704423,1.339
3,Lombardia,Maschi e femmine,105,80,44,551.21276,58,0.4389612,1.246
3,Lombardia,Maschi e femmine,106,36,21,582.93331,25,0.4079048,1.162
3,Lombardia,Maschi e femmine,107,15,9,614.06281,10,0.3774956,1.086
3,Lombardia,Maschi e femmine,108,6,4,644.37724,4,0.3479374,1.019
3,Lombardia,Maschi e femmine,109,2,1,673.67346,1,0.3194141,0.958
3,Lombardia,Maschi e femmine,110,1,0,701.76864,0,0.2920888,0.905
3,Lombardia,Maschi e femmine,111,0,0,728.50803,0,0.2660988,0.857
3,Lombardia,Maschi e femmine,112,0,0,753.76607,0,0.2415557,0.814
3,Lombardia,Maschi e femmine,113,0,0,777.44340,0,0.2185467,0.777
3,Lombardia,Maschi e femmine,114,0,0,799.47070,0,0.1971321,0.743
3,Lombardia,Maschi e femmine,115,0,0,819.80901,0,0.1773451,0.714
3,Lombardia,Maschi e femmine,116,0,0,838.44849,0,0.1591935,0.688
3,Lombardia,Maschi e femmine,117,0,0,855.40280,0,0.1426628,0.666
3,Lombardia,Maschi e femmine,118,0,0,870.71491,0,0.1277135,0.646
3,Lombardia,Maschi e femmine,119,0,0,884.44287,0,0.1142910,0.629
3,Lombardia,Maschi,0,100000,244,2.44088,99770,0.9997611,81.137
3,Lombardia,Maschi,1,99756,19,0.18908,99746,0.9998407,80.334
3,Lombardia,Maschi,2,99737,13,0.12948,99731,0.9998888,79.349
3,Lombardia,Maschi,3,99724,9,0.09297,99719,0.9999168,78.359
3,Lombardia,Maschi,4,99715,7,0.07338,99711,0.9999277,77.367
3,Lombardia,Maschi,5,99708,7,0.07118,99704,0.9999274,76.372
3,Lombardia,Maschi,6,99700,7,0.07397,99697,0.9999260,75.378
3,Lombardia,Maschi,7,99693,7,0.07412,99689,0.9999290,74.383
3,Lombardia,Maschi,8,99686,7,0.06780,99682,0.9999363,73.389
3,Lombardia,Maschi,9,99679,6,0.05961,99676,0.9999432,72.394
3,Lombardia,Maschi,10,99673,5,0.05396,99670,0.9999444,71.398
3,Lombardia,Maschi,11,99668,6,0.05719,99665,0.9999369,70.402
3,Lombardia,Maschi,12,99662,7,0.06901,99658,0.9999160,69.406
3,Lombardia,Maschi,13,99655,10,0.09890,99650,0.9998794,68.411
3,Lombardia,Maschi,14,99645,14,0.14232,99638,0.9998303,67.417
3,Lombardia,Maschi,15,99631,20,0.19713,99621,0.9997765,66.427
3,Lombardia,Maschi,16,99611,25,0.24996,99599,0.9997320,65.440
3,Lombardia,Maschi,17,99586,28,0.28597,99572,0.9996993,64.456
3,Lombardia,Maschi,18,99558,31,0.31535,99542,0.9996792,63.474
3,Lombardia,Maschi,19,99527,32,0.32624,99510,0.9996619,62.494
3,Lombardia,Maschi,20,99494,35,0.34994,99477,0.9996478,61.514
3,Lombardia,Maschi,21,99459,35,0.35443,99442,0.9996446,60.536
3,Lombardia,Maschi,22,99424,35,0.35641,99406,0.9996481,59.557
3,Lombardia,Maschi,23,99389,35,0.34732,99371,0.9996496,58.578
3,Lombardia,Maschi,24,99354,35,0.35339,99337,0.9996476,57.598
3,Lombardia,Maschi,25,99319,35,0.35137,99302,0.9996332,56.619
3,Lombardia,Maschi,26,99284,38,0.38215,99265,0.9996138,55.638
3,Lombardia,Maschi,27,99246,39,0.39031,99227,0.9996048,54.659
3,Lombardia,Maschi,28,99207,40,0.40020,99188,0.9995974,53.680
3,Lombardia,Maschi,29,99168,40,0.40499,99148,0.9995872,52.702
3,Lombardia,Maschi,30,99128,42,0.42055,99107,0.9995767,51.723
3,Lombardia,Maschi,31,99086,42,0.42614,99065,0.9995686,50.744
3,Lombardia,Maschi,32,99044,43,0.43657,99022,0.9995600,49.766
3,Lombardia,Maschi,33,99000,44,0.44334,98978,0.9995443,48.787
3,Lombardia,Maschi,34,98956,46,0.46800,98933,0.9995131,47.809
3,Lombardia,Maschi,35,98910,50,0.50589,98885,0.9994653,46.831
3,Lombardia,Maschi,36,98860,56,0.56353,98832,0.9994106,45.854
3,Lombardia,Maschi,37,98804,61,0.61536,98774,0.9993613,44.880
3,Lombardia,Maschi,38,98744,65,0.66211,98711,0.9992972,43.907
3,Lombardia,Maschi,39,98678,73,0.74344,98642,0.9991988,42.936
3,Lombardia,Maschi,40,98605,85,0.85909,98563,0.9990799,41.968
3,Lombardia,Maschi,41,98520,97,0.98124,98472,0.9989425,41.003
3,Lombardia,Maschi,42,98424,112,1.13390,98368,0.9988129,40.043
3,Lombardia,Maschi,43,98312,122,1.24037,98251,0.9987137,39.088
3,Lombardia,Maschi,44,98190,131,1.33220,98125,0.9986257,38.136
3,Lombardia,Maschi,45,98059,139,1.41643,97990,0.9985211,37.186
3,Lombardia,Maschi,46,97920,151,1.54151,97845,0.9983942,36.238
3,Lombardia,Maschi,47,97769,163,1.67024,97688,0.9982601,35.293
3,Lombardia,Maschi,48,97606,177,1.80973,97518,0.9981100,34.352
3,Lombardia,Maschi,49,97429,192,1.97042,97333,0.9979321,33.413
3,Lombardia,Maschi,50,97237,211,2.16550,97132,0.9977650,32.478
3,Lombardia,Maschi,51,97027,224,2.30467,96915,0.9975899,31.547
3,Lombardia,Maschi,52,96803,244,2.51569,96681,0.9973649,30.619
3,Lombardia,Maschi,53,96560,266,2.75485,96427,0.9970593,29.695
3,Lombardia,Maschi,54,96294,301,3.12716,96143,0.9966815,28.776
3,Lombardia,Maschi,55,95993,337,3.51049,95824,0.9962785,27.864
3,Lombardia,Maschi,56,95656,376,3.93329,95467,0.9958587,26.961
3,Lombardia,Maschi,57,95279,414,4.35020,95072,0.9954445,26.065
3,Lombardia,Maschi,58,94865,452,4.76169,94639,0.9950826,25.177
3,Lombardia,Maschi,59,94413,479,5.07390,94174,0.9947214,24.295
3,Lombardia,Maschi,60,93934,515,5.48436,93677,0.9942233,23.416
3,Lombardia,Maschi,61,93419,567,6.07067,93135,0.9934116,22.543
3,Lombardia,Maschi,62,92852,660,7.10928,92522,0.9922891,21.677
3,Lombardia,Maschi,63,92192,767,8.31673,91808,0.9912578,20.829
3,Lombardia,Maschi,64,91425,838,9.17131,91006,0.9902979,19.999
3,Lombardia,Maschi,65,90586,927,10.23775,90123,0.9894280,19.180
3,Lombardia,Maschi,66,89659,978,10.90966,89170,0.9886356,18.373
3,Lombardia,Maschi,67,88681,1049,11.82418,88157,0.9876333,17.570
3,Lombardia,Maschi,68,87632,1132,12.91568,87066,0.9862187,16.775
3,Lombardia,Maschi,69,86501,1268,14.65826,85867,0.9843802,15.988
3,Lombardia,Maschi,70,85233,1414,16.59572,84525,0.9821499,15.218
3,Lombardia,Maschi,71,83818,1603,19.12557,83017,0.9799094,14.466
3,Lombardia,Maschi,72,82215,1733,21.07451,81349,0.9778306,13.739
3,Lombardia,Maschi,73,80482,1874,23.28786,79545,0.9758931,13.024
3,Lombardia,Maschi,74,78608,1961,24.94548,77628,0.9739504,12.322
3,Lombardia,Maschi,75,76647,2083,27.18204,75605,0.9710050,11.625
3,Lombardia,Maschi,76,74564,2301,30.85854,73413,0.9668999,10.936
3,Lombardia,Maschi,77,72263,2559,35.41305,70983,0.9625336,10.268
3,Lombardia,Maschi,78,69704,2760,39.59512,68324,0.9572285,9.626
3,Lombardia,Maschi,79,66944,3085,46.07892,65401,0.9510269,9.003
3,Lombardia,Maschi,80,63859,3321,52.00707,62199,0.9454417,8.413
3,Lombardia,Maschi,81,60538,3466,57.24949,58805,0.9395890,7.848
3,Lombardia,Maschi,82,57072,3639,63.76441,55253,0.9337118,7.294
3,Lombardia,Maschi,83,53433,3686,68.98390,51590,0.9270817,6.756
3,Lombardia,Maschi,84,49747,3838,77.14418,47828,0.9169549,6.220
3,Lombardia,Maschi,85,45909,4106,89.43921,43856,0.9035656,5.698
3,Lombardia,Maschi,86,41803,4352,104.11662,39627,0.8879609,5.209
3,Lombardia,Maschi,87,37451,4527,120.88226,35187,0.8695344,4.756
3,Lombardia,Maschi,88,32924,4654,141.36659,30597,0.8491640,4.341
3,Lombardia,Maschi,89,28269,4576,161.86445,25981,0.8284212,3.974
3,Lombardia,Maschi,90,23694,4340,183.16912,21524,0.8082370,3.644
3,Lombardia,Maschi,91,19354,3915,202.28403,17396,0.7876613,3.349
3,Lombardia,Maschi,92,15439,3473,224.94305,13702,0.7645932,3.072
3,Lombardia,Maschi,93,11966,2978,248.90738,10477,0.7394106,2.818
3,Lombardia,Maschi,94,8987,2482,276.14278,7747,0.7136167,2.587
3,Lombardia,Maschi,95,6506,1955,300.53046,5528,0.6866009,2.383
3,Lombardia,Maschi,96,4551,1510,331.79675,3796,0.6577325,2.192
3,Lombardia,Maschi,97,3041,1088,357.93757,2496,0.6322497,2.032
3,Lombardia,Maschi,98,1952,748,383.03331,1578,0.6074318,1.886
3,Lombardia,Maschi,99,1205,491,408.02272,959,0.5803539,1.747
3,Lombardia,Maschi,100,713,313,439.28103,556,0.5473119,1.606
3,Lombardia,Maschi,101,400,191,476.59865,305,0.5114653,1.472
3,Lombardia,Maschi,102,209,107,511.33943,156,0.4771774,1.357
3,Lombardia,Maschi,103,102,56,546.32176,74,0.4427863,1.254
3,Lombardia,Maschi,104,46,27,581.22171,33,0.4086004,1.161
3,Lombardia,Maschi,105,19,12,615.70349,13,0.3749309,1.078
3,Lombardia,Maschi,106,7,5,649.44003,5,0.3420783,1.004
3,Lombardia,Maschi,107,3,2,682.11617,2,0.3103262,0.939
3,Lombardia,Maschi,108,1,1,713.44845,1,0.2799288,0.881
3,Lombardia,Maschi,109,0,0,743.18313,0,0.2511101,0.830
3,Lombardia,Maschi,110,0,0,771.11085,0,0.2240547,0.785
3,Lombardia,Maschi,111,0,0,797.06650,0,0.1989070,0.746
3,Lombardia,Maschi,112,0,0,820.93455,0,0.1757687,0.712
3,Lombardia,Maschi,113,0,0,842.64231,0,0.1547036,0.682
3,Lombardia,Maschi,114,0,0,862.16305,0,0.1357359,0.656
3,Lombardia,Maschi,115,0,0,879.50725,0,0.1188567,0.634
3,Lombardia,Maschi,116,0,0,894.72158,0,0.1040252,0.616
3,Lombardia,Maschi,117,0,0,907.87837,0,0.0911773,0.600
3,Lombardia,Maschi,118,0,0,919.07384,0,0.0802265,0.587
3,Lombardia,Maschi,119,0,0,928.41907,0,0.0710721,0.576
3,Lombardia,Femmine,0,100000,218,2.18439,99794,0.9997800,85.309
3,Lombardia,Femmine,1,99782,18,0.18173,99772,0.9998463,84.495
3,Lombardia,Femmine,2,99763,13,0.12566,99757,0.9998894,83.510
3,Lombardia,Femmine,3,99751,10,0.09554,99746,0.9999125,82.521
3,Lombardia,Femmine,4,99741,8,0.07949,99737,0.9999234,81.529
3,Lombardia,Femmine,5,99733,7,0.07379,99730,0.9999305,80.535
3,Lombardia,Femmine,6,99726,6,0.06516,99723,0.9999405,79.541
3,Lombardia,Femmine,7,99720,5,0.05385,99717,0.9999470,78.546
3,Lombardia,Femmine,8,99714,5,0.05221,99712,0.9999438,77.550
3,Lombardia,Femmine,9,99709,6,0.06016,99706,0.9999311,76.554
3,Lombardia,Femmine,10,99703,8,0.07761,99699,0.9999170,75.559
3,Lombardia,Femmine,11,99695,9,0.08838,99691,0.9999089,74.565
3,Lombardia,Femmine,12,99686,9,0.09375,99682,0.9999047,73.571
3,Lombardia,Femmine,13,99677,10,0.09690,99672,0.9998995,72.578
3,Lombardia,Femmine,14,99667,10,0.10401,99662,0.9998886,71.585
3,Lombardia,Femmine,15,99657,12,0.11883,99651,0.9998720,70.593
3,Lombardia,Femmine,16,99645,14,0.13723,99638,0.9998616,69.601
3,Lombardia,Femmine,17,99632,14,0.13949,99625,0.9998611,68.610
3,Lombardia,Femmine,18,99618,14,0.13840,99611,0.9998656,67.620
3,Lombardia,Femmine,19,99604,13,0.13037,99597,0.9998738,66.629
3,Lombardia,Femmine,20,99591,12,0.12194,99585,0.9998797,65.638
3,Lombardia,Femmine,21,99579,12,0.11875,99573,0.9998792,64.646
3,Lombardia,Femmine,22,99567,12,0.12291,99561,0.9998746,63.653
3,Lombardia,Femmine,23,99555,13,0.12788,99548,0.9998661,62.661
3,Lombardia,Femmine,24,99542,14,0.13987,99535,0.9998564,61.669
3,Lombardia,Femmine,25,99528,15,0.14731,99521,0.9998508,60.678
3,Lombardia,Femmine,26,99513,15,0.15116,99506,0.9998461,59.686
3,Lombardia,Femmine,27,99498,16,0.15663,99491,0.9998376,58.695
3,Lombardia,Femmine,28,99483,17,0.16823,99474,0.9998271,57.705
3,Lombardia,Femmine,29,99466,18,0.17765,99457,0.9998146,56.714
3,Lombardia,Femmine,30,99448,19,0.19318,99439,0.9998000,55.724
3,Lombardia,Femmine,31,99429,21,0.20692,99419,0.9997924,54.735
3,Lombardia,Femmine,32,99409,21,0.20819,99398,0.9997894,53.746
3,Lombardia,Femmine,33,99388,21,0.21293,99377,0.9997771,52.757
3,Lombardia,Femmine,34,99367,23,0.23290,99355,0.9997400,51.768
3,Lombardia,Femmine,35,99344,29,0.28702,99329,0.9996857,50.780
3,Lombardia,Femmine,36,99315,34,0.34162,99298,0.9996370,49.795
3,Lombardia,Femmine,37,99281,38,0.38445,99262,0.9995947,48.812
3,Lombardia,Femmine,38,99243,42,0.42608,99222,0.9995495,47.830
3,Lombardia,Femmine,39,99201,47,0.47486,99177,0.9995019,46.850
3,Lombardia,Femmine,40,99154,52,0.52140,99128,0.9994266,45.872
3,Lombardia,Femmine,41,99102,62,0.62539,99071,0.9993431,44.896
3,Lombardia,Femmine,42,99040,68,0.68849,99006,0.9992834,43.924
3,Lombardia,Femmine,43,98972,74,0.74472,98935,0.9992215,42.954
3,Lombardia,Femmine,44,98898,80,0.81238,98858,0.9991491,41.985
3,Lombardia,Femmine,45,98818,88,0.88955,98774,0.9990738,41.019
3,Lombardia,Femmine,46,98730,95,0.96288,98682,0.9989880,40.055
3,Lombardia,Femmine,47,98635,105,1.06118,98582,0.9988920,39.093
3,Lombardia,Femmine,48,98530,114,1.15492,98473,0.9988166,38.134
3,Lombardia,Femmine,49,98416,119,1.21194,98357,0.9987324,37.178
3,Lombardia,Femmine,50,98297,130,1.32341,98232,0.9986149,36.222
3,Lombardia,Femmine,51,98167,142,1.44681,98096,0.9984804,35.270
3,Lombardia,Femmine,52,98025,156,1.59249,97947,0.9983111,34.320
3,Lombardia,Femmine,53,97869,175,1.78541,97781,0.9981487,33.374
3,Lombardia,Femmine,54,97694,187,1.91733,97600,0.9980600,32.433
3,Lombardia,Femmine,55,97507,191,1.96272,97411,0.9979519,31.494
3,Lombardia,Femmine,56,97315,208,2.13357,97211,0.9978097,30.555
3,Lombardia,Femmine,57,97108,218,2.24724,96999,0.9976018,29.619
3,Lombardia,Femmine,58,96889,247,2.54943,96766,0.9972523,28.685
3,Lombardia,Femmine,59,96642,285,2.94638,96500,0.9969281,27.757
3,Lombardia,Femmine,60,96358,308,3.19782,96204,0.9965996,26.837
3,Lombardia,Femmine,61,96050,346,3.60366,95876,0.9961743,25.922
3,Lombardia,Femmine,62,95703,387,4.04863,95510,0.9956865,25.014
3,Lombardia,Femmine,63,95316,436,4.57948,95098,0.9950886,24.114
3,Lombardia,Femmine,64,94879,498,5.24481,94631,0.9944870,23.222
3,Lombardia,Femmine,65,94382,546,5.78260,94109,0.9940276,22.342
3,Lombardia,Femmine,66,93836,578,6.16336,93547,0.9936459,21.469
3,Lombardia,Femmine,67,93258,610,6.54612,92952,0.9932583,20.599
3,Lombardia,Femmine,68,92647,643,6.93859,92326,0.9926342,19.731
3,Lombardia,Femmine,69,92004,717,7.79592,91646,0.9916141,18.866
3,Lombardia,Femmine,70,91287,820,8.98044,90877,0.9903532,18.010
3,Lombardia,Femmine,71,90467,934,10.31921,90001,0.9890201,17.169
3,Lombardia,Femmine,72,89534,1043,11.64749,89012,0.9876187,16.343
3,Lombardia,Femmine,73,88491,1161,13.12367,87910,0.9861194,15.529
3,Lombardia,Femmine,74,87330,1279,14.64769,86690,0.9844943,14.729
3,Lombardia,Femmine,75,86050,1409,16.37641,85346,0.9825365,13.941
3,Lombardia,Femmine,76,84641,1572,18.56860,83855,0.9802360,13.164
3,Lombardia,Femmine,77,83070,1743,20.98193,82198,0.9777831,12.404
3,Lombardia,Femmine,78,81327,1909,23.47840,80372,0.9748464,11.659
3,Lombardia,Femmine,79,79417,2134,26.86912,78350,0.9713571,10.928
3,Lombardia,Femmine,80,77283,2354,30.46574,76106,0.9674626,10.215
3,Lombardia,Femmine,81,74929,2598,34.67407,73630,0.9624818,9.521
3,Lombardia,Femmine,82,72331,2927,40.46444,70867,0.9568542,8.845
3,Lombardia,Femmine,83,69404,3188,45.94016,67810,0.9504655,8.197
3,Lombardia,Femmine,84,66215,3529,53.30200,64451,0.9422951,7.567
3,Lombardia,Femmine,85,62686,3909,62.35572,60732,0.9323432,6.965
3,Lombardia,Femmine,86,58777,4309,73.31033,56623,0.9206626,6.395
3,Lombardia,Femmine,87,54468,4676,85.84118,52130,0.9071059,5.861
3,Lombardia,Femmine,88,49793,5010,100.60929,47288,0.8915221,5.365
3,Lombardia,Femmine,89,44783,5250,117.22674,42158,0.8744964,4.909
3,Lombardia,Femmine,90,39533,5332,134.87952,36867,0.8576532,4.495
3,Lombardia,Femmine,91,34201,5164,150.97825,31619,0.8390833,4.117
3,Lombardia,Femmine,92,29037,5013,172.62257,26531,0.8172630,3.761
3,Lombardia,Femmine,93,24025,4684,194.96158,21683,0.7950526,3.441
3,Lombardia,Femmine,94,19341,4204,217.35149,17239,0.7702533,3.153
3,Lombardia,Femmine,95,15137,3717,245.58429,13278,0.7447158,2.890
3,Lombardia,Femmine,96,11420,3062,268.14170,9889,0.7220711,2.668
3,Lombardia,Femmine,97,8358,2435,291.30209,7140,0.6988835,2.462
3,Lombardia,Femmine,98,5923,1866,314.96504,4990,0.6741730,2.269
3,Lombardia,Femmine,99,4057,1386,341.68303,3364,0.6458586,2.083
3,Lombardia,Femmine,100,2671,997,373.06607,2173,0.6124984,1.904
3,Lombardia,Femmine,101,1675,687,410.52719,1331,0.5774595,1.739
3,Lombardia,Femmine,102,987,437,442.92011,769,0.5452893,1.603
3,Lombardia,Femmine,103,550,262,475.87554,419,0.5126945,1.479
3,Lombardia,Femmine,104,288,147,509.11310,215,0.4799466,1.368
3,Lombardia,Femmine,105,141,77,542.34029,103,0.4473226,1.269
3,Lombardia,Femmine,106,65,37,575.26424,46,0.4150972,1.180
3,Lombardia,Femmine,107,28,17,607.59582,19,0.3835352,1.100
3,Lombardia,Femmine,108,11,7,639.06640,7,0.3528799,1.029
3,Lombardia,Femmine,109,4,3,669.43379,3,0.3233489,0.966
3,Lombardia,Femmine,110,1,1,698.48408,1,0.2951316,0.910
3,Lombardia,Femmine,111,0,0,726.04268,0,0.2683805,0.861
3,Lombardia,Femmine,112,0,0,751.97594,0,0.2432124,0.817
3,Lombardia,Femmine,113,0,0,776.18762,0,0.2197098,0.779
3,Lombardia,Femmine,114,0,0,798.62047,0,0.1979209,0.745
3,Lombardia,Femmine,115,0,0,819.25376,0,0.1778615,0.715
3,Lombardia,Femmine,116,0,0,838.09874,0,0.1595197,0.689
3,Lombardia,Femmine,117,0,0,855.19011,0,0.1428619,0.666
3,Lombardia,Femmine,118,0,0,870.58981,0,0.1278311,0.646
3,Lombardia,Femmine,119,0,0,884.37147,0,0.1143584,0.629
4,Trentino-Alto Adige,Maschi e femmine,0,100000,215,2.15125,99798,0.9997554,83.790
4,Trentino-Alto Adige,Maschi e femmine,1,99785,23,0.23491,99773,0.9997745,82.969
4,Trentino-Alto Adige,Maschi e femmine,2,99761,22,0.21606,99751,0.9997946,81.989
4,Trentino-Alto Adige,Maschi e femmine,3,99740,19,0.19476,99730,0.9998249,81.006
4,Trentino-Alto Adige,Maschi e femmine,4,99720,16,0.15553,99713,0.9998705,80.022
4,Trentino-Alto Adige,Maschi e femmine,5,99705,10,0.10355,99700,0.9999192,79.035
4,Trentino-Alto Adige,Maschi e femmine,6,99695,6,0.05803,99692,0.9999419,78.043
4,Trentino-Alto Adige,Maschi e femmine,7,99689,6,0.05810,99686,0.9999366,77.047
4,Trentino-Alto Adige,Maschi e femmine,8,99683,7,0.06876,99680,0.9999316,76.052
4,Trentino-Alto Adige,Maschi e femmine,9,99676,7,0.06803,99673,0.9999283,75.057
4,Trentino-Alto Adige,Maschi e femmine,10,99669,8,0.07544,99666,0.9999063,74.062
4,Trentino-Alto Adige,Maschi e femmine,11,99662,11,0.11189,99656,0.9998763,73.067
4,Trentino-Alto Adige,Maschi e femmine,12,99651,14,0.13558,99644,0.9998587,72.076
4,Trentino-Alto Adige,Maschi e femmine,13,99637,15,0.14704,99630,0.9998520,71.085
4,Trentino-Alto Adige,Maschi e femmine,14,99623,15,0.14901,99615,0.9998469,70.096
4,Trentino-Alto Adige,Maschi e femmine,15,99608,16,0.15713,99600,0.9998326,69.106
4,Trentino-Alto Adige,Maschi e femmine,16,99592,18,0.17776,99583,0.9998087,68.117
4,Trentino-Alto Adige,Maschi e femmine,17,99574,20,0.20478,99564,0.9997708,67.129
4,Trentino-Alto Adige,Maschi e femmine,18,99554,25,0.25363,99541,0.9997387,66.142
4,Trentino-Alto Adige,Maschi e femmine,19,99529,27,0.26892,99515,0.9997269,65.159
4,Trentino-Alto Adige,Maschi e femmine,20,99502,28,0.27718,99488,0.9997305,64.177
4,Trentino-Alto Adige,Maschi e femmine,21,99474,26,0.26188,99461,0.9997489,63.194
4,Trentino-Alto Adige,Maschi e femmine,22,99448,24,0.24032,99436,0.9997527,62.211
4,Trentino-Alto Adige,Maschi e femmine,23,99424,25,0.25424,99412,0.9997314,61.225
4,Trentino-Alto Adige,Maschi e femmine,24,99399,28,0.28300,99385,0.9996902,60.241
4,Trentino-Alto Adige,Maschi e femmine,25,99371,33,0.33656,99354,0.9996364,59.258
4,Trentino-Alto Adige,Maschi e femmine,26,99338,39,0.39062,99318,0.9995897,58.278
4,Trentino-Alto Adige,Maschi e femmine,27,99299,43,0.42991,99277,0.9995722,57.300
4,Trentino-Alto Adige,Maschi e femmine,28,99256,42,0.42576,99235,0.9995839,56.325
4,Trentino-Alto Adige,Maschi e femmine,29,99214,40,0.40636,99194,0.9996051,55.348
4,Trentino-Alto Adige,Maschi e femmine,30,99174,38,0.38349,99155,0.9996206,54.371
4,Trentino-Alto Adige,Maschi e femmine,31,99135,37,0.37533,99117,0.9996239,53.391
4,Trentino-Alto Adige,Maschi e femmine,32,99098,37,0.37690,99080,0.9996142,52.411
4,Trentino-Alto Adige,Maschi e femmine,33,99061,39,0.39478,99041,0.9995966,51.431
4,Trentino-Alto Adige,Maschi e femmine,34,99022,41,0.41200,99001,0.9995732,50.451
4,Trentino-Alto Adige,Maschi e femmine,35,98981,44,0.44169,98959,0.9995424,49.471
4,Trentino-Alto Adige,Maschi e femmine,36,98937,47,0.47350,98914,0.9995031,48.493
4,Trentino-Alto Adige,Maschi e femmine,37,98890,51,0.52038,98865,0.9994404,47.516
4,Trentino-Alto Adige,Maschi e femmine,38,98839,59,0.59874,98809,0.9993589,46.540
4,Trentino-Alto Adige,Maschi e femmine,39,98780,68,0.68349,98746,0.9992982,45.568
4,Trentino-Alto Adige,Maschi e femmine,40,98712,71,0.72013,98677,0.9992384,44.599
4,Trentino-Alto Adige,Maschi e femmine,41,98641,79,0.80320,98602,0.9991850,43.630
4,Trentino-Alto Adige,Maschi e femmine,42,98562,81,0.82683,98521,0.9991265,42.665
4,Trentino-Alto Adige,Maschi e femmine,43,98480,91,0.92023,98435,0.9990518,41.700
4,Trentino-Alto Adige,Maschi e femmine,44,98390,96,0.97616,98342,0.9989934,40.738
4,Trentino-Alto Adige,Maschi e femmine,45,98294,102,1.03705,98243,0.9988814,39.777
4,Trentino-Alto Adige,Maschi e femmine,46,98192,118,1.20020,98133,0.9987700,38.818
4,Trentino-Alto Adige,Maschi e femmine,47,98074,124,1.25990,98012,0.9986220,37.864
4,Trentino-Alto Adige,Maschi e femmine,48,97950,147,1.49622,97877,0.9983925,36.911
4,Trentino-Alto Adige,Maschi e femmine,49,97804,168,1.71888,97720,0.9981851,35.966
4,Trentino-Alto Adige,Maschi e femmine,50,97636,187,1.91105,97543,0.9980460,35.027
4,Trentino-Alto Adige,Maschi e femmine,51,97449,195,1.99702,97352,0.9979762,34.093
4,Trentino-Alto Adige,Maschi e femmine,52,97255,199,2.05062,97155,0.9978949,33.160
4,Trentino-Alto Adige,Maschi e femmine,53,97055,210,2.15978,96950,0.9977272,32.227
4,Trentino-Alto Adige,Maschi e femmine,54,96846,231,2.38613,96730,0.9975176,31.296
4,Trentino-Alto Adige,Maschi e femmine,55,96614,249,2.57882,96490,0.9972123,30.370
4,Trentino-Alto Adige,Maschi e femmine,56,96365,289,2.99719,96221,0.9968431,29.447
4,Trentino-Alto Adige,Maschi e femmine,57,96076,319,3.31700,95917,0.9965665,28.534
4,Trentino-Alto Adige,Maschi e femmine,58,95758,340,3.55029,95588,0.9963173,27.627
4,Trentino-Alto Adige,Maschi e femmine,59,95418,364,3.81560,95236,0.9960616,26.724
4,Trentino-Alto Adige,Maschi e femmine,60,95054,386,4.06163,94861,0.9958192,25.824
4,Trentino-Alto Adige,Maschi e femmine,61,94668,407,4.30047,94464,0.9953733,24.928
4,Trentino-Alto Adige,Maschi e femmine,62,94261,467,4.95425,94027,0.9947360,24.033
4,Trentino-Alto Adige,Maschi e femmine,63,93794,523,5.57524,93532,0.9941880,23.150
4,Trentino-Alto Adige,Maschi e femmine,64,93271,564,6.05015,92989,0.9937285,22.277
4,Trentino-Alto Adige,Maschi e femmine,65,92706,602,6.49424,92405,0.9931902,21.410
4,Trentino-Alto Adige,Maschi e femmine,66,92104,656,7.12735,91776,0.9926234,20.546
4,Trentino-Alto Adige,Maschi e femmine,67,91448,698,7.62757,91099,0.9919300,19.690
4,Trentino-Alto Adige,Maschi e femmine,68,90750,773,8.51579,90364,0.9907463,18.838
4,Trentino-Alto Adige,Maschi e femmine,69,89978,900,9.99787,89528,0.9894246,17.995
4,Trentino-Alto Adige,Maschi e femmine,70,89078,994,11.15871,88581,0.9880471,17.172
4,Trentino-Alto Adige,Maschi e femmine,71,88084,1124,12.75613,87522,0.9862287,16.360
4,Trentino-Alto Adige,Maschi e femmine,72,86960,1287,14.79964,86317,0.9845038,15.565
4,Trentino-Alto Adige,Maschi e femmine,73,85673,1388,16.20323,84979,0.9829682,14.791
4,Trentino-Alto Adige,Maschi e femmine,74,84285,1507,17.87396,83532,0.9809606,14.027
4,Trentino-Alto Adige,Maschi e femmine,75,82779,1674,20.22605,81942,0.9782768,13.273
4,Trentino-Alto Adige,Maschi e femmine,76,81104,1886,23.25118,80161,0.9749977,12.537
4,Trentino-Alto Adige,Maschi e femmine,77,79219,2123,26.79502,78157,0.9714766,11.823
4,Trentino-Alto Adige,Maschi e femmine,78,77096,2336,30.29935,75928,0.9684649,11.135
4,Trentino-Alto Adige,Maschi e femmine,79,74760,2453,32.80955,73534,0.9655390,10.467
4,Trentino-Alto Adige,Maschi e femmine,80,72307,2615,36.16843,71000,0.9620893,9.805
4,Trentino-Alto Adige,Maschi e femmine,81,69692,2768,39.71830,68308,0.9571379,9.155
4,Trentino-Alto Adige,Maschi e femmine,82,66924,3088,46.13584,65380,0.9504161,8.513
4,Trentino-Alto Adige,Maschi e femmine,83,63836,3396,53.19876,62138,0.9438312,7.900
4,Trentino-Alto Adige,Maschi e femmine,84,60440,3584,59.30569,58648,0.9374102,7.316
4,Trentino-Alto Adige,Maschi e femmine,85,56856,3757,66.08100,54977,0.9281378,6.746
4,Trentino-Alto Adige,Maschi e femmine,86,53099,4144,78.05253,51026,0.9161086,6.188
4,Trentino-Alto Adige,Maschi e femmine,87,48954,4417,90.22468,46746,0.9026669,5.669
4,Trentino-Alto Adige,Maschi e femmine,88,44537,4683,105.14641,42196,0.8853786,5.182
4,Trentino-Alto Adige,Maschi e femmine,89,39854,4990,125.20966,37359,0.8669965,4.732
4,Trentino-Alto Adige,Maschi e femmine,90,34864,4948,141.91289,32390,0.8520254,4.337
4,Trentino-Alto Adige,Maschi e femmine,91,29917,4638,155.03884,27597,0.8349326,3.972
4,Trentino-Alto Adige,Maschi e femmine,92,25278,4473,176.93610,23042,0.8112649,3.609
4,Trentino-Alto Adige,Maschi e femmine,93,20806,4225,203.07059,18693,0.7872726,3.278
4,Trentino-Alto Adige,Maschi e femmine,94,16581,3728,224.84483,14717,0.7613596,2.985
4,Trentino-Alto Adige,Maschi e femmine,95,12853,3296,256.43757,11205,0.7299524,2.706
4,Trentino-Alto Adige,Maschi e femmine,96,9557,2756,288.35151,8179,0.6993899,2.467
4,Trentino-Alto Adige,Maschi e femmine,97,6801,2162,317.83565,5720,0.6700837,2.264
4,Trentino-Alto Adige,Maschi e femmine,98,4639,1613,347.62568,3833,0.6423067,2.086
4,Trentino-Alto Adige,Maschi e femmine,99,3027,1129,373.12565,2462,0.6160835,1.931
4,Trentino-Alto Adige,Maschi e femmine,100,1897,761,401.13034,1517,0.5867656,1.783
4,Trentino-Alto Adige,Maschi e femmine,101,1136,493,433.44582,890,0.5548843,1.643
4,Trentino-Alto Adige,Maschi e femmine,102,644,300,465.71368,494,0.5229292,1.517
4,Trentino-Alto Adige,Maschi e femmine,103,344,171,498.32746,258,0.4907555,1.404
4,Trentino-Alto Adige,Maschi e femmine,104,173,92,531.00581,127,0.4586323,1.303
4,Trentino-Alto Adige,Maschi e femmine,105,81,46,563.46152,58,0.4268285,1.212
4,Trentino-Alto Adige,Maschi e femmine,106,35,21,595.41451,25,0.3956041,1.130
4,Trentino-Alto Adige,Maschi e femmine,107,14,9,626.59480,10,0.3652043,1.057
4,Trentino-Alto Adige,Maschi e femmine,108,5,4,656.75826,4,0.3358488,0.993
4,Trentino-Alto Adige,Maschi e femmine,109,2,1,685.68995,1,0.3077300,0.935
4,Trentino-Alto Adige,Maschi e femmine,110,1,0,713.20496,0,0.2810111,0.884
4,Trentino-Alto Adige,Maschi e femmine,111,0,0,739.15621,0,0.2558211,0.839
4,Trentino-Alto Adige,Maschi e femmine,112,0,0,763.43450,0,0.2322556,0.799
4,Trentino-Alto Adige,Maschi e femmine,113,0,0,785.96314,0,0.2103811,0.764
4,Trentino-Alto Adige,Maschi e femmine,114,0,0,806.69896,0,0.1902345,0.733
4,Trentino-Alto Adige,Maschi e femmine,115,0,0,825.62957,0,0.1718255,0.706
4,Trentino-Alto Adige,Maschi e femmine,116,0,0,842.76975,0,0.1551400,0.683
4,Trentino-Alto Adige,Maschi e femmine,117,0,0,858.15406,0,0.1401455,0.662
4,Trentino-Alto Adige,Maschi e femmine,118,0,0,871.84212,0,0.1267876,0.645
4,Trentino-Alto Adige,Maschi e femmine,119,0,0,883.90457,0,0.1150006,0.630
4,Trentino-Alto Adige,Maschi,0,100000,209,2.09418,99803,0.9997254,81.665
4,Trentino-Alto Adige,Maschi,1,99791,30,0.30160,99776,0.9997191,80.836
4,Trentino-Alto Adige,Maschi,2,99760,26,0.26018,99748,0.9997654,79.860
4,Trentino-Alto Adige,Maschi,3,99735,21,0.20907,99724,0.9998314,78.880
4,Trentino-Alto Adige,Maschi,4,99714,13,0.12817,99707,0.9998990,77.897
4,Trentino-Alto Adige,Maschi,5,99701,7,0.07386,99697,0.9999436,76.907
4,Trentino-Alto Adige,Maschi,6,99694,4,0.03888,99692,0.9999673,75.912
4,Trentino-Alto Adige,Maschi,7,99690,3,0.02655,99688,0.9999698,74.915
4,Trentino-Alto Adige,Maschi,8,99687,3,0.03380,99685,0.9999650,73.917
4,Trentino-Alto Adige,Maschi,9,99684,4,0.03623,99682,0.9999644,72.920
4,Trentino-Alto Adige,Maschi,10,99680,3,0.03503,99678,0.9999366,71.922
4,Trentino-Alto Adige,Maschi,11,99677,9,0.09172,99672,0.9998922,70.925
4,Trentino-Alto Adige,Maschi,12,99667,12,0.12394,99661,0.9998557,69.931
4,Trentino-Alto Adige,Maschi,13,99655,16,0.16469,99647,0.9998200,68.940
4,Trentino-Alto Adige,Maschi,14,99639,19,0.19539,99629,0.9997905,67.951
4,Trentino-Alto Adige,Maschi,15,99619,22,0.22356,99608,0.9997577,66.964
4,Trentino-Alto Adige,Maschi,16,99597,26,0.26103,99584,0.9997161,65.979
4,Trentino-Alto Adige,Maschi,17,99571,31,0.30672,99556,0.9996536,64.996
4,Trentino-Alto Adige,Maschi,18,99540,38,0.38619,99521,0.9995853,64.016
4,Trentino-Alto Adige,Maschi,19,99502,44,0.44313,99480,0.9995555,63.041
4,Trentino-Alto Adige,Maschi,20,99458,44,0.44595,99436,0.9995817,62.068
4,Trentino-Alto Adige,Maschi,21,99413,39,0.39071,99394,0.9996464,61.096
4,Trentino-Alto Adige,Maschi,22,99375,31,0.31641,99359,0.9996931,60.120
4,Trentino-Alto Adige,Maschi,23,99343,30,0.29732,99328,0.9996768,59.138
4,Trentino-Alto Adige,Maschi,24,99314,35,0.34902,99296,0.9996012,58.156
4,Trentino-Alto Adige,Maschi,25,99279,45,0.44851,99257,0.9995025,57.176
4,Trentino-Alto Adige,Maschi,26,99234,54,0.54655,99207,0.9994317,56.201
4,Trentino-Alto Adige,Maschi,27,99180,59,0.58997,99151,0.9994270,55.232
4,Trentino-Alto Adige,Maschi,28,99122,55,0.55609,99094,0.9994723,54.264
4,Trentino-Alto Adige,Maschi,29,99067,49,0.49932,99042,0.9995113,53.294
4,Trentino-Alto Adige,Maschi,30,99017,47,0.47800,98993,0.9995189,52.321
4,Trentino-Alto Adige,Maschi,31,98970,48,0.48429,98946,0.9995010,51.345
4,Trentino-Alto Adige,Maschi,32,98922,51,0.51375,98896,0.9994701,50.370
4,Trentino-Alto Adige,Maschi,33,98871,54,0.54597,98844,0.9994397,49.396
4,Trentino-Alto Adige,Maschi,34,98817,57,0.57456,98789,0.9994074,48.422
4,Trentino-Alto Adige,Maschi,35,98760,60,0.61069,98730,0.9993698,47.450
4,Trentino-Alto Adige,Maschi,36,98700,64,0.64977,98668,0.9993098,46.479
4,Trentino-Alto Adige,Maschi,37,98636,72,0.73069,98600,0.9992394,45.508
4,Trentino-Alto Adige,Maschi,38,98564,78,0.79059,98525,0.9991643,44.541
4,Trentino-Alto Adige,Maschi,39,98486,87,0.88091,98442,0.9991128,43.576
4,Trentino-Alto Adige,Maschi,40,98399,88,0.89354,98355,0.9990633,42.614
4,Trentino-Alto Adige,Maschi,41,98311,96,0.97982,98263,0.9990231,41.652
4,Trentino-Alto Adige,Maschi,42,98215,96,0.97396,98167,0.9989606,40.692
4,Trentino-Alto Adige,Maschi,43,98119,108,1.10497,98065,0.9988474,39.731
4,Trentino-Alto Adige,Maschi,44,98011,118,1.20036,97952,0.9987534,38.775
4,Trentino-Alto Adige,Maschi,45,97893,127,1.29292,97830,0.9985701,37.821
4,Trentino-Alto Adige,Maschi,46,97767,153,1.56698,97690,0.9984131,36.869
4,Trentino-Alto Adige,Maschi,47,97613,157,1.60692,97535,0.9982762,35.926
4,Trentino-Alto Adige,Maschi,48,97456,179,1.84084,97367,0.9980186,34.983
4,Trentino-Alto Adige,Maschi,49,97277,206,2.12229,97174,0.9977485,34.047
4,Trentino-Alto Adige,Maschi,50,97071,231,2.38103,96955,0.9975299,33.118
4,Trentino-Alto Adige,Maschi,51,96840,248,2.55938,96716,0.9973757,32.196
4,Trentino-Alto Adige,Maschi,52,96592,260,2.68947,96462,0.9972674,31.277
4,Trentino-Alto Adige,Maschi,53,96332,267,2.77580,96198,0.9971438,30.360
4,Trentino-Alto Adige,Maschi,54,96064,282,2.93673,95923,0.9969935,29.443
4,Trentino-Alto Adige,Maschi,55,95782,295,3.07654,95635,0.9967111,28.529
4,Trentino-Alto Adige,Maschi,56,95488,334,3.50181,95320,0.9963363,27.615
4,Trentino-Alto Adige,Maschi,57,95153,364,3.82625,94971,0.9959741,26.710
4,Trentino-Alto Adige,Maschi,58,94789,401,4.22637,94589,0.9955721,25.811
4,Trentino-Alto Adige,Maschi,59,94389,437,4.63025,94170,0.9951004,24.919
4,Trentino-Alto Adige,Maschi,60,93952,486,5.17018,93709,0.9945532,24.032
4,Trentino-Alto Adige,Maschi,61,93466,535,5.72490,93198,0.9937674,23.154
4,Trentino-Alto Adige,Maschi,62,92931,627,6.74322,92617,0.9927538,22.285
4,Trentino-Alto Adige,Maschi,63,92304,716,7.75252,91946,0.9920267,21.433
4,Trentino-Alto Adige,Maschi,64,91588,751,8.19572,91213,0.9916661,20.596
4,Trentino-Alto Adige,Maschi,65,90838,770,8.47324,90453,0.9911633,19.762
4,Trentino-Alto Adige,Maschi,66,90068,829,9.20332,89654,0.9905314,18.927
4,Trentino-Alto Adige,Maschi,67,89239,869,9.73642,88805,0.9895646,18.098
4,Trentino-Alto Adige,Maschi,68,88370,985,11.14123,87878,0.9876800,17.271
4,Trentino-Alto Adige,Maschi,69,87386,1181,13.51201,86795,0.9857078,16.460
4,Trentino-Alto Adige,Maschi,70,86205,1300,15.08317,85555,0.9841343,15.679
4,Trentino-Alto Adige,Maschi,71,84905,1415,16.66024,84198,0.9821357,14.911
4,Trentino-Alto Adige,Maschi,72,83490,1594,19.08884,82693,0.9801128,14.155
4,Trentino-Alto Adige,Maschi,73,81897,1695,20.70107,81049,0.9779221,13.421
4,Trentino-Alto Adige,Maschi,74,80201,1883,23.48374,79259,0.9744905,12.694
4,Trentino-Alto Adige,Maschi,75,78318,2160,27.58406,77238,0.9707411,11.987
4,Trentino-Alto Adige,Maschi,76,76157,2359,30.98125,74978,0.9674075,11.313
4,Trentino-Alto Adige,Maschi,77,73798,2528,34.25526,72534,0.9640085,10.659
4,Trentino-Alto Adige,Maschi,78,71270,2693,37.78926,69923,0.9609232,10.019
4,Trentino-Alto Adige,Maschi,79,68577,2772,40.41493,67191,0.9568789,9.393
4,Trentino-Alto Adige,Maschi,80,65805,3023,45.94125,64294,0.9509586,8.768
4,Trentino-Alto Adige,Maschi,81,62782,3283,52.29085,61141,0.9430648,8.166
4,Trentino-Alto Adige,Maschi,82,59499,3679,61.83573,57660,0.9348145,7.589
4,Trentino-Alto Adige,Maschi,83,55820,3838,68.75613,53901,0.9292320,7.056
4,Trentino-Alto Adige,Maschi,84,51982,3791,72.92846,50087,0.9238415,6.540
4,Trentino-Alto Adige,Maschi,85,48191,3838,79.64256,46272,0.9141343,6.015
4,Trentino-Alto Adige,Maschi,86,44353,4108,92.62731,42299,0.8993602,5.493
4,Trentino-Alto Adige,Maschi,87,40245,4406,109.47016,38042,0.8805985,5.002
4,Trentino-Alto Adige,Maschi,88,35839,4679,130.55359,33500,0.8597941,4.556
4,Trentino-Alto Adige,Maschi,89,31160,4715,151.30758,28803,0.8404197,4.165
4,Trentino-Alto Adige,Maschi,90,26445,4478,169.32795,24206,0.8242012,3.818
4,Trentino-Alto Adige,Maschi,91,21967,4033,183.58864,19951,0.8070823,3.495
4,Trentino-Alto Adige,Maschi,92,17934,3665,204.34464,16102,0.7786833,3.168
4,Trentino-Alto Adige,Maschi,93,14270,3463,242.64760,12538,0.7454877,2.853
4,Trentino-Alto Adige,Maschi,94,10807,2920,270.17822,9347,0.7182392,2.607
4,Trentino-Alto Adige,Maschi,95,7887,2348,297.63124,6714,0.6946556,2.387
4,Trentino-Alto Adige,Maschi,96,5540,1752,316.32601,4664,0.6677828,2.187
4,Trentino-Alto Adige,Maschi,97,3787,1346,355.46100,3114,0.6245756,1.967
4,Trentino-Alto Adige,Maschi,98,2441,992,406.39760,1945,0.5807240,1.776
4,Trentino-Alto Adige,Maschi,99,1449,639,440.97120,1130,0.5493033,1.649
4,Trentino-Alto Adige,Maschi,100,810,379,468.09371,620,0.5301974,1.556
4,Trentino-Alto Adige,Maschi,101,431,204,473.01543,329,0.5151116,1.485
4,Trentino-Alto Adige,Maschi,102,227,115,507.41843,169,0.4811522,1.370
4,Trentino-Alto Adige,Maschi,103,112,61,542.05070,82,0.4471001,1.266
4,Trentino-Alto Adige,Maschi,104,51,30,576.59079,36,0.4132614,1.173
4,Trentino-Alto Adige,Maschi,105,22,13,610.70567,15,0.3799450,1.090
4,Trentino-Alto Adige,Maschi,106,8,5,644.07114,6,0.3474491,1.016
4,Trentino-Alto Adige,Maschi,107,3,2,676.37507,2,0.3160548,0.951
4,Trentino-Alto Adige,Maschi,108,1,1,707.33688,1,0.2860139,0.893
4,Trentino-Alto Adige,Maschi,109,0,0,736.70566,0,0.2575485,0.841
4,Trentino-Alto Adige,Maschi,110,0,0,764.27462,0,0.2308408,0.796
4,Trentino-Alto Adige,Maschi,111,0,0,789.88094,0,0.2060334,0.757
4,Trentino-Alto Adige,Maschi,112,0,0,813.41106,0,0.1832265,0.723
4,Trentino-Alto Adige,Maschi,113,0,0,834.79388,0,0.1624825,0.693
4,Trentino-Alto Adige,Maschi,114,0,0,854.00391,0,0.1438242,0.667
4,Trentino-Alto Adige,Maschi,115,0,0,871.05251,0,0.1272417,0.645
4,Trentino-Alto Adige,Maschi,116,0,0,885.98686,0,0.1126936,0.627
4,Trentino-Alto Adige,Maschi,117,0,0,898.87954,0,0.1001151,0.611
4,Trentino-Alto Adige,Maschi,118,0,0,909.82672,0,0.0894195,0.598
4,Trentino-Alto Adige,Maschi,119,0,0,918.93923,0,0.0805059,0.587
4,Trentino-Alto Adige,Femmine,0,100000,221,2.21147,99792,0.9997870,86.014
4,Trentino-Alto Adige,Femmine,1,99779,16,0.16454,99771,0.9998330,85.204
4,Trentino-Alto Adige,Femmine,2,99762,17,0.16952,99754,0.9998254,84.218
4,Trentino-Alto Adige,Femmine,3,99746,18,0.17967,99737,0.9998180,83.232
4,Trentino-Alto Adige,Femmine,4,99728,18,0.18439,99718,0.9998404,82.247
4,Trentino-Alto Adige,Femmine,5,99709,13,0.13488,99702,0.9998934,81.262
4,Trentino-Alto Adige,Femmine,6,99696,8,0.07824,99692,0.9999152,80.273
4,Trentino-Alto Adige,Femmine,7,99688,9,0.09139,99683,0.9999015,79.279
4,Trentino-Alto Adige,Femmine,8,99679,11,0.10565,99674,0.9998964,78.286
4,Trentino-Alto Adige,Femmine,9,99668,10,0.10158,99663,0.9998902,77.294
4,Trentino-Alto Adige,Femmine,10,99658,12,0.11807,99652,0.9998744,76.302
4,Trentino-Alto Adige,Femmine,11,99646,13,0.13319,99640,0.9998595,75.311
4,Trentino-Alto Adige,Femmine,12,99633,15,0.14787,99626,0.9998619,74.321
4,Trentino-Alto Adige,Femmine,13,99618,13,0.12841,99612,0.9998858,73.332
4,Trentino-Alto Adige,Femmine,14,99606,10,0.10008,99601,0.9999064,72.341
4,Trentino-Alto Adige,Femmine,15,99596,9,0.08703,99591,0.9999115,71.348
4,Trentino-Alto Adige,Femmine,16,99587,9,0.08991,99583,0.9999064,70.355
4,Trentino-Alto Adige,Femmine,17,99578,10,0.09726,99573,0.9998945,69.361
4,Trentino-Alto Adige,Femmine,18,99568,11,0.11384,99563,0.9999004,68.368
4,Trentino-Alto Adige,Femmine,19,99557,8,0.08527,99553,0.9999077,67.375
4,Trentino-Alto Adige,Femmine,20,99549,10,0.09932,99544,0.9998873,66.381
4,Trentino-Alto Adige,Femmine,21,99539,13,0.12615,99532,0.9998568,65.388
4,Trentino-Alto Adige,Femmine,22,99526,16,0.16016,99518,0.9998155,64.396
4,Trentino-Alto Adige,Femmine,23,99510,21,0.20887,99500,0.9997888,63.406
4,Trentino-Alto Adige,Femmine,24,99489,21,0.21347,99479,0.9997839,62.419
4,Trentino-Alto Adige,Femmine,25,99468,22,0.21869,99457,0.9997774,61.432
4,Trentino-Alto Adige,Femmine,26,99446,23,0.22649,99435,0.9997560,60.446
4,Trentino-Alto Adige,Femmine,27,99424,26,0.26149,99411,0.9997249,59.459
4,Trentino-Alto Adige,Femmine,28,99398,29,0.28867,99384,0.9997014,58.475
4,Trentino-Alto Adige,Femmine,29,99369,31,0.30860,99354,0.9997036,57.491
4,Trentino-Alto Adige,Femmine,30,99338,28,0.28412,99324,0.9997275,56.509
4,Trentino-Alto Adige,Femmine,31,99310,26,0.26079,99297,0.9997531,55.525
4,Trentino-Alto Adige,Femmine,32,99284,23,0.23308,99273,0.9997655,54.539
4,Trentino-Alto Adige,Femmine,33,99261,23,0.23593,99250,0.9997614,53.552
4,Trentino-Alto Adige,Femmine,34,99238,24,0.24125,99226,0.9997473,52.564
4,Trentino-Alto Adige,Femmine,35,99214,26,0.26424,99201,0.9997236,51.577
4,Trentino-Alto Adige,Femmine,36,99188,29,0.28848,99173,0.9997059,50.590
4,Trentino-Alto Adige,Femmine,37,99159,30,0.29972,99144,0.9996514,49.605
4,Trentino-Alto Adige,Femmine,38,99129,39,0.39753,99110,0.9995630,48.620
4,Trentino-Alto Adige,Femmine,39,99090,47,0.47653,99066,0.9994925,47.639
4,Trentino-Alto Adige,Femmine,40,99043,53,0.53840,99016,0.9994217,46.661
4,Trentino-Alto Adige,Femmine,41,98989,61,0.61818,98959,0.9993545,45.686
4,Trentino-Alto Adige,Femmine,42,98928,67,0.67274,98895,0.9993002,44.714
4,Trentino-Alto Adige,Femmine,43,98862,72,0.72684,98826,0.9992658,43.744
4,Trentino-Alto Adige,Femmine,44,98790,73,0.74154,98753,0.9992445,42.775
4,Trentino-Alto Adige,Femmine,45,98717,76,0.76944,98679,0.9992069,41.807
4,Trentino-Alto Adige,Femmine,46,98641,81,0.81682,98600,0.9991429,40.838
4,Trentino-Alto Adige,Femmine,47,98560,88,0.89744,98516,0.9989831,39.871
4,Trentino-Alto Adige,Femmine,48,98472,112,1.13652,98416,0.9987827,38.907
4,Trentino-Alto Adige,Femmine,49,98360,128,1.29814,98296,0.9986403,37.950
4,Trentino-Alto Adige,Femmine,50,98232,140,1.42131,98162,0.9985835,36.999
4,Trentino-Alto Adige,Femmine,51,98092,138,1.41165,98023,0.9986009,36.051
4,Trentino-Alto Adige,Femmine,52,97954,136,1.38645,97886,0.9985467,35.101
4,Trentino-Alto Adige,Femmine,53,97818,149,1.52015,97744,0.9983325,34.149
4,Trentino-Alto Adige,Femmine,54,97669,177,1.81511,97581,0.9980610,33.201
4,Trentino-Alto Adige,Femmine,55,97492,201,2.06320,97391,0.9977311,32.260
4,Trentino-Alto Adige,Femmine,56,97291,241,2.47495,97171,0.9973675,31.326
4,Trentino-Alto Adige,Femmine,57,97050,271,2.79052,96915,0.9971787,30.402
4,Trentino-Alto Adige,Femmine,58,96779,276,2.85218,96641,0.9970862,29.486
4,Trentino-Alto Adige,Femmine,59,96503,287,2.97568,96360,0.9970517,28.569
4,Trentino-Alto Adige,Femmine,60,96216,281,2.92094,96076,0.9971202,27.653
4,Trentino-Alto Adige,Femmine,61,95935,272,2.83848,95799,0.9970189,26.732
4,Trentino-Alto Adige,Femmine,62,95663,299,3.12411,95513,0.9967597,25.807
4,Trentino-Alto Adige,Femmine,63,95364,320,3.35681,95204,0.9963852,24.886
4,Trentino-Alto Adige,Femmine,64,95044,368,3.87358,94860,0.9958163,23.968
4,Trentino-Alto Adige,Femmine,65,94676,426,4.49502,94463,0.9952337,23.059
4,Trentino-Alto Adige,Femmine,66,94250,475,5.03874,94013,0.9947238,22.161
4,Trentino-Alto Adige,Femmine,67,93775,517,5.51483,93517,0.9942941,21.271
4,Trentino-Alto Adige,Femmine,68,93258,550,5.89802,92983,0.9937941,20.386
4,Trentino-Alto Adige,Femmine,69,92708,604,6.51555,92406,0.9930942,19.504
4,Trentino-Alto Adige,Femmine,70,92104,672,7.29871,91768,0.9918806,18.629
4,Trentino-Alto Adige,Femmine,71,91432,818,8.94614,91023,0.9902068,17.762
4,Trentino-Alto Adige,Femmine,72,90614,965,10.64795,90131,0.9887356,16.918
4,Trentino-Alto Adige,Femmine,73,89649,1066,11.88756,89116,0.9877856,16.095
4,Trentino-Alto Adige,Femmine,74,88583,1111,12.54515,88028,0.9870671,15.282
4,Trentino-Alto Adige,Femmine,75,87472,1166,13.32561,86889,0.9852921,14.470
4,Trentino-Alto Adige,Femmine,76,86306,1390,16.10888,85611,0.9819593,13.659
4,Trentino-Alto Adige,Femmine,77,84916,1699,20.00418,84067,0.9782257,12.874
4,Trentino-Alto Adige,Femmine,78,83217,1962,23.58059,82236,0.9751812,12.127
4,Trentino-Alto Adige,Femmine,79,81255,2120,26.08695,80195,0.9731299,11.408
4,Trentino-Alto Adige,Femmine,80,79135,2190,27.67424,78040,0.9716606,10.700
4,Trentino-Alto Adige,Femmine,81,76945,2233,29.02350,75829,0.9689498,9.990
4,Trentino-Alto Adige,Femmine,82,74712,2476,33.13757,73474,0.9631462,9.274
4,Trentino-Alto Adige,Femmine,83,72236,2940,40.69735,70766,0.9554046,8.574
4,Trentino-Alto Adige,Femmine,84,69296,3372,48.65876,67611,0.9478837,7.917
4,Trentino-Alto Adige,Femmine,85,65925,3675,55.75074,64087,0.9386690,7.296
4,Trentino-Alto Adige,Femmine,86,62249,4186,67.24064,60156,0.9283421,6.698
4,Trentino-Alto Adige,Femmine,87,58064,4436,76.39367,55846,0.9182088,6.144
4,Trentino-Alto Adige,Femmine,88,53628,4700,87.63512,51278,0.9026130,5.611
4,Trentino-Alto Adige,Femmine,89,48928,5288,108.07560,46284,0.8840389,5.102
4,Trentino-Alto Adige,Femmine,90,43640,5446,124.80216,40917,0.8689737,4.660
4,Trentino-Alto Adige,Femmine,91,38194,5276,138.13798,35556,0.8510251,4.253
4,Trentino-Alto Adige,Femmine,92,32918,5318,161.54864,30259,0.8290326,3.855
4,Trentino-Alto Adige,Femmine,93,27600,5029,182.20102,25086,0.8085301,3.501
4,Trentino-Alto Adige,Femmine,94,22571,4578,202.80374,20282,0.7815697,3.169
4,Trentino-Alto Adige,Femmine,95,17994,4283,238.03211,15852,0.7452455,2.849
4,Trentino-Alto Adige,Femmine,96,13711,3794,276.70090,11814,0.7122009,2.582
4,Trentino-Alto Adige,Femmine,97,9917,3006,303.14302,8414,0.6871558,2.379
4,Trentino-Alto Adige,Femmine,98,6911,2258,326.76546,5782,0.6630671,2.196
4,Trentino-Alto Adige,Femmine,99,4652,1638,352.03536,3834,0.6357329,2.019
4,Trentino-Alto Adige,Femmine,100,3015,1155,383.14427,2437,0.6012406,1.845
4,Trentino-Alto Adige,Femmine,101,1860,789,424.07344,1465,0.5640060,1.680
4,Trentino-Alto Adige,Femmine,102,1071,489,456.69193,826,0.5316640,1.549
4,Trentino-Alto Adige,Femmine,103,582,285,489.76767,439,0.4990015,1.431
4,Trentino-Alto Adige,Femmine,104,297,155,523.00976,219,0.4662983,1.325
4,Trentino-Alto Adige,Femmine,105,142,79,556.11702,102,0.4338385,1.230
4,Trentino-Alto Adige,Femmine,106,63,37,588.79007,44,0.4019014,1.146
4,Trentino-Alto Adige,Femmine,107,26,16,620.73563,18,0.3707545,1.070
4,Trentino-Alto Adige,Femmine,108,10,6,651.68342,7,0.3406418,1.003
4,Trentino-Alto Adige,Femmine,109,3,2,681.39213,2,0.3117798,0.943
4,Trentino-Alto Adige,Femmine,110,1,1,709.65095,1,0.2843547,0.890
4,Trentino-Alto Adige,Femmine,111,0,0,736.29054,0,0.2585147,0.843
4,Trentino-Alto Adige,Femmine,112,0,0,761.18427,0,0.2343703,0.802
4,Trentino-Alto Adige,Femmine,113,0,0,784.24429,0,0.2119972,0.766
4,Trentino-Alto Adige,Femmine,114,0,0,805.42273,0,0.1914359,0.735
4,Trentino-Alto Adige,Femmine,115,0,0,824.70890,0,0.1726936,0.707
4,Trentino-Alto Adige,Femmine,116,0,0,842.12433,0,0.1557500,0.684
4,Trentino-Alto Adige,Femmine,117,0,0,857.71399,0,0.1405626,0.663
4,Trentino-Alto Adige,Femmine,118,0,0,871.54978,0,0.1270655,0.645
4,Trentino-Alto Adige,Femmine,119,0,0,883.71481,0,0.1151816,0.630
5,Veneto,Maschi e femmine,0,100000,199,1.98708,99813,0.9997932,83.367
5,Veneto,Maschi e femmine,1,99801,18,0.17873,99792,0.9998383,82.532
5,Veneto,Maschi e femmine,2,99783,14,0.14468,99776,0.9998655,81.547
5,Veneto,Maschi e femmine,3,99769,12,0.12432,99763,0.9998817,80.559
5,Veneto,Maschi e femmine,4,99757,11,0.11219,99751,0.9998899,79.568
5,Veneto,Maschi e femmine,5,99745,11,0.10798,99740,0.9998948,78.577
5,Veneto,Maschi e femmine,6,99735,10,0.10234,99730,0.9999021,77.586
5,Veneto,Maschi e femmine,7,99724,9,0.09340,99720,0.9999104,76.594
5,Veneto,Maschi e femmine,8,99715,9,0.08577,99711,0.9999189,75.601
5,Veneto,Maschi e femmine,9,99707,8,0.07635,99703,0.9999279,74.607
5,Veneto,Maschi e femmine,10,99699,7,0.06791,99696,0.9999342,73.613
5,Veneto,Maschi e femmine,11,99692,6,0.06365,99689,0.9999355,72.618
5,Veneto,Maschi e femmine,12,99686,7,0.06543,99683,0.9999316,71.622
5,Veneto,Maschi e femmine,13,99679,7,0.07142,99676,0.9999226,70.627
5,Veneto,Maschi e femmine,14,99672,8,0.08331,99668,0.9999035,69.632
5,Veneto,Maschi e femmine,15,99664,11,0.10977,99658,0.9998623,68.638
5,Veneto,Maschi e femmine,16,99653,17,0.16564,99645,0.9998024,67.645
5,Veneto,Maschi e femmine,17,99636,23,0.22952,99625,0.9997533,66.656
5,Veneto,Maschi e femmine,18,99614,26,0.26381,99600,0.9997322,65.672
5,Veneto,Maschi e femmine,19,99587,27,0.27174,99574,0.9997342,64.689
5,Veneto,Maschi e femmine,20,99560,26,0.25977,99547,0.9997479,63.706
5,Veneto,Maschi e femmine,21,99534,24,0.24451,99522,0.9997543,62.723
5,Veneto,Maschi e femmine,22,99510,25,0.24699,99498,0.9997500,61.738
5,Veneto,Maschi e femmine,23,99485,25,0.25310,99473,0.9997430,60.753
5,Veneto,Maschi e femmine,24,99460,26,0.26092,99447,0.9997314,59.768
5,Veneto,Maschi e femmine,25,99434,27,0.27619,99421,0.9997093,58.784
5,Veneto,Maschi e femmine,26,99407,30,0.30514,99392,0.9996890,57.800
5,Veneto,Maschi e femmine,27,99377,31,0.31680,99361,0.9996829,56.817
5,Veneto,Maschi e femmine,28,99345,32,0.31741,99329,0.9996817,55.835
5,Veneto,Maschi e femmine,29,99314,32,0.31918,99298,0.9996715,54.853
5,Veneto,Maschi e femmine,30,99282,34,0.33787,99265,0.9996426,53.870
5,Veneto,Maschi e femmine,31,99248,37,0.37699,99230,0.9996049,52.888
5,Veneto,Maschi e femmine,32,99211,41,0.41329,99190,0.9995725,51.908
5,Veneto,Maschi e femmine,33,99170,44,0.44175,99148,0.9995547,50.929
5,Veneto,Maschi e femmine,34,99126,45,0.44893,99104,0.9995413,49.951
5,Veneto,Maschi e femmine,35,99082,46,0.46853,99058,0.9995147,48.974
5,Veneto,Maschi e femmine,36,99035,50,0.50216,99010,0.9994762,47.996
5,Veneto,Maschi e femmine,37,98985,54,0.54550,98958,0.9994303,47.020
5,Veneto,Maschi e femmine,38,98931,59,0.59391,98902,0.9993743,46.046
5,Veneto,Maschi e femmine,39,98873,65,0.65752,98840,0.9993191,45.073
5,Veneto,Maschi e femmine,40,98808,70,0.70426,98773,0.9992637,44.102
5,Veneto,Maschi e femmine,41,98738,76,0.76843,98700,0.9991797,43.133
5,Veneto,Maschi e femmine,42,98662,86,0.87219,98619,0.9990981,42.166
5,Veneto,Maschi e femmine,43,98576,92,0.93154,98530,0.9990259,41.202
5,Veneto,Maschi e femmine,44,98484,100,1.01674,98434,0.9989350,40.240
5,Veneto,Maschi e femmine,45,98384,110,1.11326,98329,0.9988406,39.280
5,Veneto,Maschi e femmine,46,98275,118,1.20554,98215,0.9987315,38.324
5,Veneto,Maschi e femmine,47,98156,131,1.33157,98091,0.9986278,37.369
5,Veneto,Maschi e femmine,48,98025,138,1.41286,97956,0.9985500,36.418
5,Veneto,Maschi e femmine,49,97887,146,1.48717,97814,0.9984651,35.469
5,Veneto,Maschi e femmine,50,97741,155,1.58280,97664,0.9983523,34.521
5,Veneto,Maschi e femmine,51,97587,167,1.71267,97503,0.9982039,33.575
5,Veneto,Maschi e femmine,52,97420,183,1.87958,97328,0.9979696,32.632
5,Veneto,Maschi e femmine,53,97236,212,2.18151,97130,0.9977226,31.692
5,Veneto,Maschi e femmine,54,97024,230,2.37355,96909,0.9974743,30.761
5,Veneto,Maschi e femmine,55,96794,259,2.67820,96664,0.9971411,29.833
5,Veneto,Maschi e femmine,56,96535,293,3.04011,96388,0.9967794,28.911
5,Veneto,Maschi e femmine,57,96241,327,3.40155,96078,0.9964115,27.998
5,Veneto,Maschi e femmine,58,95914,362,3.77617,95733,0.9960539,27.092
5,Veneto,Maschi e femmine,59,95552,393,4.11675,95355,0.9957351,26.193
5,Veneto,Maschi e femmine,60,95158,420,4.41367,94948,0.9952989,25.299
5,Veneto,Maschi e femmine,61,94738,473,4.98985,94502,0.9947921,24.409
5,Veneto,Maschi e femmine,62,94266,512,5.42705,94010,0.9942753,23.529
5,Veneto,Maschi e femmine,63,93754,565,6.02392,93472,0.9937083,22.654
5,Veneto,Maschi e femmine,64,93189,611,6.56107,92884,0.9931664,21.789
5,Veneto,Maschi e femmine,65,92578,658,7.10784,92249,0.9926102,20.929
5,Veneto,Maschi e femmine,66,91920,705,7.67371,91567,0.9918502,20.076
5,Veneto,Maschi e femmine,67,91215,787,8.62955,90821,0.9908607,19.227
5,Veneto,Maschi e femmine,68,90427,873,9.65356,89991,0.9897572,18.390
5,Veneto,Maschi e femmine,69,89554,971,10.83775,89069,0.9885896,17.564
5,Veneto,Maschi e femmine,70,88584,1062,11.98940,88053,0.9871993,16.751
5,Veneto,Maschi e femmine,71,87522,1192,13.62180,86926,0.9857100,15.948
5,Veneto,Maschi e femmine,72,86330,1292,14.96751,85684,0.9841302,15.162
5,Veneto,Maschi e femmine,73,85037,1427,16.78580,84324,0.9822478,14.385
5,Veneto,Maschi e femmine,74,83610,1566,18.73510,82827,0.9800340,13.622
5,Veneto,Maschi e femmine,75,82044,1741,21.22047,81173,0.9770140,12.872
5,Veneto,Maschi e femmine,76,80303,1991,24.78985,79307,0.9735132,12.140
5,Veneto,Maschi e femmine,77,78312,2211,28.22698,77207,0.9703861,11.436
5,Veneto,Maschi e femmine,78,76101,2362,31.04110,74920,0.9671857,10.754
5,Veneto,Maschi e femmine,79,73739,2555,34.64429,72462,0.9636006,10.082
5,Veneto,Maschi e femmine,80,71184,2720,38.21741,69824,0.9593721,9.426
5,Veneto,Maschi e femmine,81,68464,2953,43.13420,66987,0.9539199,8.781
5,Veneto,Maschi e femmine,82,65511,3220,49.15890,63901,0.9478367,8.154
5,Veneto,Maschi e femmine,83,62290,3446,55.32294,60567,0.9399946,7.550
5,Veneto,Maschi e femmine,84,58844,3823,64.96198,56933,0.9295211,6.963
5,Veneto,Maschi e femmine,85,55022,4203,76.37901,52920,0.9184725,6.412
5,Veneto,Maschi e femmine,86,50819,4426,87.10181,48606,0.9063779,5.901
5,Veneto,Maschi e femmine,87,46393,4675,100.76453,44055,0.8927085,5.416
5,Veneto,Maschi e femmine,88,41718,4779,114.54992,39329,0.8774183,4.967
5,Veneto,Maschi e femmine,89,36939,4863,131.65254,34508,0.8593297,4.545
5,Veneto,Maschi e femmine,90,32076,4845,151.05530,29653,0.8402614,4.158
5,Veneto,Maschi e femmine,91,27231,4628,169.96698,24917,0.8199472,3.809
5,Veneto,Maschi e femmine,92,22602,4344,192.20394,20430,0.7988957,3.487
5,Veneto,Maschi e femmine,93,18258,3873,212.12244,16322,0.7768096,3.197
5,Veneto,Maschi e femmine,94,14385,3413,237.23815,12679,0.7505272,2.924
5,Veneto,Maschi e femmine,95,10972,2913,265.51267,9516,0.7197639,2.677
5,Veneto,Maschi e femmine,96,8059,2420,300.28196,6849,0.6920657,2.465
5,Veneto,Maschi e femmine,97,5639,1798,318.87062,4740,0.6745121,2.308
5,Veneto,Maschi e femmine,98,3841,1288,335.20314,3197,0.6563676,2.154
5,Veneto,Maschi e femmine,99,2553,910,356.31182,2099,0.6312368,1.988
5,Veneto,Maschi e femmine,100,1644,638,388.10689,1325,0.5944359,1.811
5,Veneto,Maschi e femmine,101,1006,437,434.09393,787,0.5545138,1.643
5,Veneto,Maschi e femmine,102,569,265,465.61723,437,0.5232878,1.520
5,Veneto,Maschi e femmine,103,304,151,497.47439,228,0.4918408,1.409
5,Veneto,Maschi e femmine,104,153,81,529.42155,112,0.4604055,1.309
5,Veneto,Maschi e femmine,105,72,40,561.21238,52,0.4292131,1.219
5,Veneto,Maschi e femmine,106,32,19,592.60744,22,0.3984870,1.138
5,Veneto,Maschi e femmine,107,13,8,623.37303,9,0.3684414,1.065
5,Veneto,Maschi e femmine,108,5,3,653.29262,3,0.3392737,1.000
5,Veneto,Maschi e femmine,109,2,1,682.16701,1,0.3111654,0.942
5,Veneto,Maschi e femmine,110,1,0,709.81307,0,0.2842808,0.890
5,Veneto,Maschi e femmine,111,0,0,736.07207,0,0.2587618,0.844
5,Veneto,Maschi e femmine,112,0,0,760.81200,0,0.2347265,0.803
5,Veneto,Maschi e femmine,113,0,0,783.92621,0,0.2122691,0.767
5,Veneto,Maschi e femmine,114,0,0,805.33905,0,0.1914561,0.735
5,Veneto,Maschi e femmine,115,0,0,825.00756,0,0.1723246,0.707
5,Veneto,Maschi e femmine,116,0,0,842.92098,0,0.1548833,0.682
5,Veneto,Maschi e femmine,117,0,0,859.09499,0,0.1391164,0.661
5,Veneto,Maschi e femmine,118,0,0,873.57714,0,0.1249802,0.642
5,Veneto,Maschi e femmine,119,0,0,886.43154,0,0.1124147,0.627
5,Veneto,Maschi,0,100000,199,1.98641,99813,0.9997923,81.262
5,Veneto,Maschi,1,99801,18,0.18067,99792,0.9998403,80.423
5,Veneto,Maschi,2,99783,14,0.13875,99776,0.9998737,79.437
5,Veneto,Maschi,3,99769,11,0.11376,99764,0.9998926,78.448
5,Veneto,Maschi,4,99758,10,0.10108,99753,0.9998989,77.457
5,Veneto,Maschi,5,99748,10,0.10102,99743,0.9998968,76.465
5,Veneto,Maschi,6,99738,11,0.10541,99733,0.9998949,75.472
5,Veneto,Maschi,7,99727,10,0.10474,99722,0.9999025,74.480
5,Veneto,Maschi,8,99717,9,0.09029,99713,0.9999197,73.488
5,Veneto,Maschi,9,99708,7,0.07036,99705,0.9999349,72.495
5,Veneto,Maschi,10,99701,6,0.05980,99698,0.9999398,71.500
5,Veneto,Maschi,11,99695,6,0.06064,99692,0.9999339,70.504
5,Veneto,Maschi,12,99689,7,0.07164,99685,0.9999240,69.508
5,Veneto,Maschi,13,99682,8,0.08044,99678,0.9999125,68.513
5,Veneto,Maschi,14,99674,9,0.09453,99669,0.9998899,67.519
5,Veneto,Maschi,15,99664,13,0.12567,99658,0.9998285,66.525
5,Veneto,Maschi,16,99652,22,0.21734,99641,0.9997322,65.533
5,Veneto,Maschi,17,99630,32,0.31833,99614,0.9996548,64.547
5,Veneto,Maschi,18,99599,37,0.37198,99580,0.9996246,63.568
5,Veneto,Maschi,19,99561,38,0.37877,99543,0.9996273,62.591
5,Veneto,Maschi,20,99524,36,0.36654,99506,0.9996457,61.615
5,Veneto,Maschi,21,99487,34,0.34197,99470,0.9996519,60.637
5,Veneto,Maschi,22,99453,35,0.35429,99436,0.9996411,59.658
5,Veneto,Maschi,23,99418,36,0.36342,99400,0.9996254,58.679
5,Veneto,Maschi,24,99382,38,0.38582,99363,0.9995987,57.700
5,Veneto,Maschi,25,99344,41,0.41685,99323,0.9995551,56.722
5,Veneto,Maschi,26,99302,47,0.47297,99279,0.9995227,55.745
5,Veneto,Maschi,27,99255,48,0.48159,99231,0.9995265,54.772
5,Veneto,Maschi,28,99207,46,0.46533,99184,0.9995460,53.798
5,Veneto,Maschi,29,99161,44,0.44265,99139,0.9995527,52.822
5,Veneto,Maschi,30,99117,45,0.45196,99095,0.9995327,51.846
5,Veneto,Maschi,31,99073,48,0.48263,99049,0.9994988,50.869
5,Veneto,Maschi,32,99025,51,0.51976,98999,0.9994633,49.893
5,Veneto,Maschi,33,98973,55,0.55361,98946,0.9994452,48.919
5,Veneto,Maschi,34,98918,55,0.55602,98891,0.9994390,47.946
5,Veneto,Maschi,35,98863,56,0.56591,98835,0.9994096,46.972
5,Veneto,Maschi,36,98807,61,0.61485,98777,0.9993574,45.998
5,Veneto,Maschi,37,98747,66,0.67035,98714,0.9992967,45.026
5,Veneto,Maschi,38,98681,73,0.73632,98644,0.9992149,44.056
5,Veneto,Maschi,39,98608,82,0.83390,98567,0.9991347,43.088
5,Veneto,Maschi,40,98526,88,0.89680,98481,0.9990731,42.124
5,Veneto,Maschi,41,98437,94,0.95704,98390,0.9989735,41.161
5,Veneto,Maschi,42,98343,108,1.09609,98289,0.9988629,40.200
5,Veneto,Maschi,43,98235,116,1.17805,98177,0.9987594,39.244
5,Veneto,Maschi,44,98120,128,1.30323,98056,0.9986129,38.289
5,Veneto,Maschi,45,97992,144,1.47109,97920,0.9984726,37.339
5,Veneto,Maschi,46,97848,155,1.58374,97770,0.9983576,36.393
5,Veneto,Maschi,47,97693,166,1.70118,97609,0.9982708,35.450
5,Veneto,Maschi,48,97526,171,1.75719,97441,0.9981992,34.510
5,Veneto,Maschi,49,97355,180,1.84444,97265,0.9981094,33.569
5,Veneto,Maschi,50,97175,188,1.93681,97081,0.9979841,32.631
5,Veneto,Maschi,51,96987,203,2.09514,96886,0.9977864,31.693
5,Veneto,Maschi,52,96784,226,2.33238,96671,0.9974409,30.758
5,Veneto,Maschi,53,96558,269,2.78632,96424,0.9970777,29.829
5,Veneto,Maschi,54,96289,295,3.05871,96142,0.9967343,28.911
5,Veneto,Maschi,55,95995,333,3.47328,95828,0.9963183,27.998
5,Veneto,Maschi,56,95661,372,3.89084,95475,0.9958846,27.094
5,Veneto,Maschi,57,95289,414,4.34091,95082,0.9954102,26.198
5,Veneto,Maschi,58,94875,459,4.83984,94646,0.9949015,25.310
5,Veneto,Maschi,59,94416,506,5.35840,94163,0.9944537,24.431
5,Veneto,Maschi,60,93910,539,5.73528,93641,0.9939201,23.560
5,Veneto,Maschi,61,93372,600,6.42645,93072,0.9933016,22.693
5,Veneto,Maschi,62,92772,647,6.97213,92448,0.9925796,21.836
5,Veneto,Maschi,63,92125,725,7.87177,91762,0.9917430,20.986
5,Veneto,Maschi,64,91400,790,8.64526,91005,0.9910169,20.148
5,Veneto,Maschi,65,90610,845,9.32381,90187,0.9902919,19.320
5,Veneto,Maschi,66,89765,906,10.09605,89312,0.9893584,18.497
5,Veneto,Maschi,67,88858,995,11.19268,88361,0.9880987,17.681
5,Veneto,Maschi,68,87864,1109,12.61803,87310,0.9865247,16.875
5,Veneto,Maschi,69,86755,1244,14.34349,86133,0.9848596,16.084
5,Veneto,Maschi,70,85511,1364,15.94883,84829,0.9830292,15.311
5,Veneto,Maschi,71,84147,1515,18.00924,83389,0.9811246,14.551
5,Veneto,Maschi,72,82632,1633,19.75741,81815,0.9790739,13.809
5,Veneto,Maschi,73,80999,1792,22.11835,80103,0.9765976,13.077
5,Veneto,Maschi,74,79207,1958,24.71555,78229,0.9736282,12.361
5,Veneto,Maschi,75,77250,2168,28.07008,76166,0.9698914,11.662
5,Veneto,Maschi,76,75081,2418,32.20605,73872,0.9659044,10.984
5,Veneto,Maschi,77,72663,2619,36.04810,71354,0.9622588,10.333
5,Veneto,Maschi,78,70044,2767,39.49759,68661,0.9583022,9.701
5,Veneto,Maschi,79,67277,2959,43.98842,65798,0.9539266,9.079
5,Veneto,Maschi,80,64318,3104,48.25440,62766,0.9489620,8.474
5,Veneto,Maschi,81,61214,3303,53.96281,59563,0.9427005,7.878
5,Veneto,Maschi,82,57911,3523,60.82652,56150,0.9355907,7.299
5,Veneto,Maschi,83,54389,3711,68.22419,52533,0.9255409,6.740
5,Veneto,Maschi,84,50678,4113,81.15055,48622,0.9125908,6.197
5,Veneto,Maschi,85,46565,4387,94.22054,44372,0.8998921,5.700
5,Veneto,Maschi,86,42178,4496,106.60772,39930,0.8863259,5.241
5,Veneto,Maschi,87,37681,4581,121.58378,35391,0.8711789,4.806
5,Veneto,Maschi,88,33100,4537,137.06010,30832,0.8541351,4.402
5,Veneto,Maschi,89,28563,4458,156.06816,26334,0.8322187,4.022
5,Veneto,Maschi,90,24105,4379,181.66052,21916,0.8103659,3.673
5,Veneto,Maschi,91,19726,3933,199.37767,17760,0.7906813,3.378
5,Veneto,Maschi,92,15793,3502,221.73543,14042,0.7706153,3.095
5,Veneto,Maschi,93,12291,2940,239.21327,10821,0.7482919,2.834
5,Veneto,Maschi,94,9351,2507,268.13168,8098,0.7170649,2.568
5,Veneto,Maschi,95,6844,2075,303.16197,5806,0.6767993,2.325
5,Veneto,Maschi,96,4769,1679,351.95743,3930,0.6401834,2.119
5,Veneto,Maschi,97,3091,1150,371.94416,2516,0.6232758,1.999
5,Veneto,Maschi,98,1941,746,384.33518,1568,0.6097403,1.887
5,Veneto,Maschi,99,1195,478,399.88266,956,0.5875873,1.752
5,Veneto,Maschi,100,717,311,433.29193,562,0.5453159,1.586
5,Veneto,Maschi,101,406,200,492.43215,306,0.4957362,1.417
5,Veneto,Maschi,102,206,109,527.57433,152,0.4611030,1.307
5,Veneto,Maschi,103,97,55,562.86424,70,0.4264583,1.208
5,Veneto,Maschi,104,43,25,597.96777,30,0.3921185,1.119
5,Veneto,Maschi,105,17,11,632.54051,12,0.3584014,1.040
5,Veneto,Maschi,106,6,4,666.24899,4,0.3256122,0.970
5,Veneto,Maschi,107,2,1,698.77385,1,0.2940368,0.907
5,Veneto,Maschi,108,1,0,729.82994,0,0.2639305,0.852
5,Veneto,Maschi,109,0,0,759.16418,0,0.2355165,0.804
5,Veneto,Maschi,110,0,0,786.57016,0,0.2089767,0.761
5,Veneto,Maschi,111,0,0,811.88776,0,0.1844516,0.724
5,Veneto,Maschi,112,0,0,835.00823,0,0.1620377,0.692
5,Veneto,Maschi,113,0,0,855.86697,0,0.1417925,0.664
5,Veneto,Maschi,114,0,0,874.44641,0,0.1237331,0.641
5,Veneto,Maschi,115,0,0,890.76675,0,0.1078430,0.621
5,Veneto,Maschi,116,0,0,904.88475,0,0.0940732,0.604
5,Veneto,Maschi,117,0,0,916.88277,0,0.0823511,0.590
5,Veneto,Maschi,118,0,0,926.86681,0,0.0725818,0.578
5,Veneto,Maschi,119,0,0,934.95727,0,0.0646563,0.569
5,Veneto,Femmine,0,100000,199,1.98779,99813,0.9997942,85.572
5,Veneto,Femmine,1,99801,18,0.17668,99792,0.9998362,84.741
5,Veneto,Femmine,2,99784,15,0.15094,99776,0.9998568,83.756
5,Veneto,Femmine,3,99769,14,0.13547,99762,0.9998703,82.769
5,Veneto,Femmine,4,99755,12,0.12391,99749,0.9998804,81.780
5,Veneto,Femmine,5,99743,12,0.11532,99737,0.9998928,80.790
5,Veneto,Femmine,6,99731,10,0.09909,99726,0.9999097,79.799
5,Veneto,Femmine,7,99721,8,0.08144,99717,0.9999188,78.807
5,Veneto,Femmine,8,99713,8,0.08100,99709,0.9999182,77.813
5,Veneto,Femmine,9,99705,8,0.08268,99701,0.9999204,76.820
5,Veneto,Femmine,10,99697,8,0.07645,99693,0.9999284,75.826
5,Veneto,Femmine,11,99689,7,0.06682,99686,0.9999371,74.832
5,Veneto,Femmine,12,99683,6,0.05889,99680,0.9999396,73.837
5,Veneto,Femmine,13,99677,6,0.06191,99674,0.9999333,72.841
5,Veneto,Femmine,14,99671,7,0.07148,99667,0.9999178,71.845
5,Veneto,Femmine,15,99663,9,0.09299,99659,0.9998980,70.851
5,Veneto,Femmine,16,99654,11,0.11110,99649,0.9998765,69.857
5,Veneto,Femmine,17,99643,14,0.13585,99636,0.9998572,68.865
5,Veneto,Femmine,18,99630,15,0.14974,99622,0.9998457,67.874
5,Veneto,Femmine,19,99615,16,0.15890,99607,0.9998469,66.884
5,Veneto,Femmine,20,99599,15,0.14722,99591,0.9998555,65.895
5,Veneto,Femmine,21,99584,14,0.14179,99577,0.9998621,64.904
5,Veneto,Femmine,22,99570,13,0.13393,99563,0.9998646,63.914
5,Veneto,Femmine,23,99557,14,0.13689,99550,0.9998669,62.922
5,Veneto,Femmine,24,99543,13,0.12937,99537,0.9998713,61.931
5,Veneto,Femmine,25,99530,13,0.12809,99524,0.9998717,60.939
5,Veneto,Femmine,26,99517,13,0.12849,99511,0.9998641,59.946
5,Veneto,Femmine,27,99505,14,0.14341,99497,0.9998474,58.954
5,Veneto,Femmine,28,99490,16,0.16182,99482,0.9998244,57.962
5,Veneto,Femmine,29,99474,19,0.18934,99465,0.9997964,56.972
5,Veneto,Femmine,30,99455,22,0.21792,99445,0.9997581,55.982
5,Veneto,Femmine,31,99434,26,0.26596,99420,0.9997163,54.994
5,Veneto,Femmine,32,99407,30,0.30142,99392,0.9996872,54.009
5,Veneto,Femmine,33,99377,32,0.32424,99361,0.9996697,53.025
5,Veneto,Femmine,34,99345,33,0.33645,99328,0.9996486,52.042
5,Veneto,Femmine,35,99312,36,0.36627,99293,0.9996249,51.059
5,Veneto,Femmine,36,99275,38,0.38386,99256,0.9996009,50.078
5,Veneto,Femmine,37,99237,41,0.41445,99217,0.9995705,49.097
5,Veneto,Femmine,38,99196,44,0.44447,99174,0.9995415,48.117
5,Veneto,Femmine,39,99152,47,0.47249,99129,0.9995126,47.138
5,Veneto,Femmine,40,99105,50,0.50235,99080,0.9994635,46.160
5,Veneto,Femmine,41,99055,57,0.57072,99027,0.9993958,45.183
5,Veneto,Femmine,42,98999,63,0.63760,98967,0.9993445,44.209
5,Veneto,Femmine,43,98936,67,0.67338,98902,0.9993049,43.237
5,Veneto,Femmine,44,98869,71,0.71686,98834,0.9992721,42.265
5,Veneto,Femmine,45,98798,73,0.73897,98762,0.9992254,41.295
5,Veneto,Femmine,46,98725,80,0.81024,98685,0.9991221,40.326
5,Veneto,Femmine,47,98645,93,0.94555,98599,0.9990005,39.358
5,Veneto,Femmine,48,98552,104,1.05351,98500,0.9989160,38.395
5,Veneto,Femmine,49,98448,110,1.11457,98393,0.9988358,37.435
5,Veneto,Femmine,50,98338,119,1.21387,98279,0.9987359,36.476
5,Veneto,Femmine,51,98219,129,1.31438,98154,0.9986386,35.520
5,Veneto,Femmine,52,98090,138,1.40846,98021,0.9985194,34.566
5,Veneto,Femmine,53,97952,152,1.55289,97876,0.9983924,33.614
5,Veneto,Femmine,54,97800,163,1.66236,97718,0.9982418,32.665
5,Veneto,Femmine,55,97637,181,1.85418,97547,0.9979931,31.719
5,Veneto,Femmine,56,97456,210,2.15987,97351,0.9977045,30.777
5,Veneto,Femmine,57,97246,236,2.43139,97127,0.9974445,29.842
5,Veneto,Femmine,58,97009,260,2.67987,96879,0.9972402,28.914
5,Veneto,Femmine,59,96749,275,2.84002,96612,0.9970510,27.990
5,Veneto,Femmine,60,96474,295,3.05824,96327,0.9967109,27.068
5,Veneto,Femmine,61,96179,339,3.52062,96010,0.9963142,26.150
5,Veneto,Femmine,62,95841,369,3.85166,95656,0.9960013,25.241
5,Veneto,Femmine,63,95472,396,4.14628,95274,0.9957013,24.336
5,Veneto,Femmine,64,95076,423,4.45170,94864,0.9953372,23.435
5,Veneto,Femmine,65,94652,461,4.87485,94422,0.9949409,22.538
5,Veneto,Femmine,66,94191,494,5.24416,93944,0.9943432,21.646
5,Veneto,Femmine,67,93697,569,6.07167,93413,0.9936094,20.757
5,Veneto,Femmine,68,93128,625,6.71158,92816,0.9929548,19.881
5,Veneto,Femmine,69,92503,683,7.38114,92162,0.9922535,19.012
5,Veneto,Femmine,70,91820,745,8.11454,91448,0.9912634,18.150
5,Veneto,Femmine,71,91075,853,9.36374,90649,0.9901399,17.294
5,Veneto,Femmine,72,90222,935,10.36118,89755,0.9889685,16.453
5,Veneto,Femmine,73,89288,1045,11.70894,88765,0.9875972,15.620
5,Veneto,Femmine,74,88242,1156,13.10480,87664,0.9860269,14.799
5,Veneto,Femmine,75,87086,1293,14.85299,86439,0.9835894,13.989
5,Veneto,Femmine,76,85792,1544,17.99169,85021,0.9804366,13.192
5,Veneto,Femmine,77,84249,1783,21.16390,83357,0.9776684,12.425
5,Veneto,Femmine,78,82466,1940,23.52460,81496,0.9750147,11.683
5,Veneto,Femmine,79,80526,2132,26.48118,79460,0.9719745,10.952
5,Veneto,Femmine,80,78393,2321,29.61182,77233,0.9682101,10.236
5,Veneto,Femmine,81,76072,2589,34.03446,74777,0.9632490,9.534
5,Veneto,Femmine,82,73483,2907,39.56327,72029,0.9577935,8.852
5,Veneto,Femmine,83,70576,3173,44.95871,68989,0.9514497,8.196
5,Veneto,Femmine,84,67403,3526,52.31102,65640,0.9425467,7.558
5,Veneto,Femmine,85,63877,4017,62.87943,61869,0.9322943,6.948
5,Veneto,Femmine,86,59860,4361,72.85583,57680,0.9207590,6.380
5,Veneto,Femmine,87,55499,4780,86.12799,53109,0.9075543,5.843
5,Veneto,Femmine,88,50719,5039,99.35890,48199,0.8928080,5.346
5,Veneto,Femmine,89,45680,5294,115.88934,43033,0.8764136,4.881
5,Veneto,Femmine,90,40386,5343,132.29239,37715,0.8581152,4.455
5,Veneto,Femmine,91,35043,5359,152.93969,32363,0.8364654,4.058
5,Veneto,Femmine,92,29684,5226,176.04254,27071,0.8139991,3.700
5,Veneto,Femmine,93,24458,4845,198.08688,22036,0.7912260,3.384
5,Veneto,Femmine,94,19613,4356,222.10094,17435,0.7664561,3.096
5,Veneto,Femmine,95,15257,3788,248.25404,13363,0.7387320,2.838
5,Veneto,Femmine,96,11469,3195,278.57961,9872,0.7129232,2.610
5,Veneto,Femmine,97,8274,2473,298.85533,7038,0.6930317,2.424
5,Veneto,Femmine,98,5801,1848,318.53928,4877,0.6715898,2.245
5,Veneto,Femmine,99,3953,1356,342.89505,3276,0.6442092,2.060
5,Veneto,Femmine,100,2598,975,375.41600,2110,0.6076777,1.874
5,Veneto,Femmine,101,1623,680,419.39028,1282,0.5686299,1.700
5,Veneto,Femmine,102,942,426,452.00328,729,0.5362732,1.567
5,Veneto,Femmine,103,516,250,485.12017,391,0.5035504,1.447
5,Veneto,Femmine,104,266,138,518.45369,197,0.4707385,1.339
5,Veneto,Femmine,105,128,71,551.70552,93,0.4381193,1.242
5,Veneto,Femmine,106,57,34,584.57816,41,0.4059709,1.156
5,Veneto,Femmine,107,24,15,616.77924,16,0.3745604,1.079
5,Veneto,Femmine,108,9,6,648.03835,6,0.3441322,1.010
5,Veneto,Femmine,109,3,2,678.11306,2,0.3149038,0.949
5,Veneto,Femmine,110,1,1,706.79057,1,0.2870632,0.895
5,Veneto,Femmine,111,0,0,733.89874,0,0.2607610,0.847
5,Veneto,Femmine,112,0,0,759.30751,0,0.2361107,0.805
5,Veneto,Femmine,113,0,0,782.92510,0,0.2131913,0.768
5,Veneto,Femmine,114,0,0,804.69944,0,0.1920465,0.736
5,Veneto,Femmine,115,0,0,824.61543,0,0.1726875,0.707
5,Veneto,Femmine,116,0,0,842.69023,0,0.1550977,0.683
5,Veneto,Femmine,117,0,0,858.96446,0,0.1392382,0.661
5,Veneto,Femmine,118,0,0,873.50595,0,0.1250469,0.642
5,Veneto,Femmine,119,0,0,886.39392,0,0.1124501,0.626
6,Friuli-Venezia Giulia,Maschi e femmine,0,100000,205,2.05306,99807,0.9998134,82.953
6,Friuli-Venezia Giulia,Maschi e femmine,1,99795,13,0.13039,99788,0.9998874,82.123
6,Friuli-Venezia Giulia,Maschi e femmine,2,99782,9,0.09486,99777,0.9999121,81.134
6,Friuli-Venezia Giulia,Maschi e femmine,3,99772,8,0.08097,99768,0.9999210,80.141
6,Friuli-Venezia Giulia,Maschi e femmine,4,99764,8,0.07703,99760,0.9999221,79.148
6,Friuli-Venezia Giulia,Maschi e femmine,5,99756,8,0.07886,99753,0.9999234,78.154
6,Friuli-Venezia Giulia,Maschi e femmine,6,99749,7,0.07431,99745,0.9999288,77.160
6,Friuli-Venezia Giulia,Maschi e femmine,7,99741,7,0.06817,99738,0.9999325,76.166
6,Friuli-Venezia Giulia,Maschi e femmine,8,99734,7,0.06681,99731,0.9999298,75.171
6,Friuli-Venezia Giulia,Maschi e femmine,9,99728,7,0.07354,99724,0.9999226,74.176
6,Friuli-Venezia Giulia,Maschi e femmine,10,99720,8,0.08123,99716,0.9999136,73.181
6,Friuli-Venezia Giulia,Maschi e femmine,11,99712,9,0.09167,99708,0.9999044,72.187
6,Friuli-Venezia Giulia,Maschi e femmine,12,99703,10,0.09962,99698,0.9998956,71.194
6,Friuli-Venezia Giulia,Maschi e femmine,13,99693,11,0.10913,99688,0.9998872,70.201
6,Friuli-Venezia Giulia,Maschi e femmine,14,99682,12,0.11638,99677,0.9998733,69.208
6,Friuli-Venezia Giulia,Maschi e femmine,15,99671,14,0.13693,99664,0.9998409,68.216
6,Friuli-Venezia Giulia,Maschi e femmine,16,99657,18,0.18130,99648,0.9997930,67.226
6,Friuli-Venezia Giulia,Maschi e femmine,17,99639,23,0.23277,99627,0.9997504,66.238
6,Friuli-Venezia Giulia,Maschi e femmine,18,99616,27,0.26653,99603,0.9997251,65.253
6,Friuli-Venezia Giulia,Maschi e femmine,19,99589,28,0.28336,99575,0.9997228,64.270
6,Friuli-Venezia Giulia,Maschi e femmine,20,99561,27,0.27099,99548,0.9997330,63.288
6,Friuli-Venezia Giulia,Maschi e femmine,21,99534,26,0.26304,99521,0.9997303,62.305
6,Friuli-Venezia Giulia,Maschi e femmine,22,99508,27,0.27631,99494,0.9997082,61.322
6,Friuli-Venezia Giulia,Maschi e femmine,23,99480,31,0.30724,99465,0.9996846,60.338
6,Friuli-Venezia Giulia,Maschi e femmine,24,99450,32,0.32366,99434,0.9996689,59.357
6,Friuli-Venezia Giulia,Maschi e femmine,25,99418,34,0.33855,99401,0.9996671,58.376
6,Friuli-Venezia Giulia,Maschi e femmine,26,99384,33,0.32729,99368,0.9996752,57.395
6,Friuli-Venezia Giulia,Maschi e femmine,27,99351,32,0.32222,99335,0.9996807,56.414
6,Friuli-Venezia Giulia,Maschi e femmine,28,99319,31,0.31646,99304,0.9996742,55.432
6,Friuli-Venezia Giulia,Maschi e femmine,29,99288,33,0.33507,99271,0.9996518,54.450
6,Friuli-Venezia Giulia,Maschi e femmine,30,99255,36,0.36125,99237,0.9995964,53.468
6,Friuli-Venezia Giulia,Maschi e femmine,31,99219,44,0.44600,99197,0.9995192,52.487
6,Friuli-Venezia Giulia,Maschi e femmine,32,99175,51,0.51565,99149,0.9994647,51.510
6,Friuli-Venezia Giulia,Maschi e femmine,33,99123,55,0.55490,99096,0.9994401,50.536
6,Friuli-Venezia Giulia,Maschi e femmine,34,99068,56,0.56480,99041,0.9994331,49.564
6,Friuli-Venezia Giulia,Maschi e femmine,35,99013,56,0.56902,98984,0.9994270,48.592
6,Friuli-Venezia Giulia,Maschi e femmine,36,98956,57,0.57698,98928,0.9994207,47.619
6,Friuli-Venezia Giulia,Maschi e femmine,37,98899,58,0.58164,98870,0.9994174,46.646
6,Friuli-Venezia Giulia,Maschi e femmine,38,98842,58,0.58356,98813,0.9994021,45.673
6,Friuli-Venezia Giulia,Maschi e femmine,39,98784,60,0.61218,98754,0.9993504,44.700
6,Friuli-Venezia Giulia,Maschi e femmine,40,98723,68,0.68712,98690,0.9992686,43.727
6,Friuli-Venezia Giulia,Maschi e femmine,41,98656,77,0.77561,98617,0.9991693,42.756
6,Friuli-Venezia Giulia,Maschi e femmine,42,98579,87,0.88584,98535,0.9990827,41.789
6,Friuli-Venezia Giulia,Maschi e femmine,43,98492,93,0.94885,98445,0.9990019,40.826
6,Friuli-Venezia Giulia,Maschi e femmine,44,98398,103,1.04733,98347,0.9988987,39.864
6,Friuli-Venezia Giulia,Maschi e femmine,45,98295,114,1.15527,98238,0.9987720,38.905
6,Friuli-Venezia Giulia,Maschi e femmine,46,98182,128,1.30077,98118,0.9986206,37.950
6,Friuli-Venezia Giulia,Maschi e femmine,47,98054,143,1.45815,97982,0.9984348,36.999
6,Friuli-Venezia Giulia,Maschi e femmine,48,97911,164,1.67240,97829,0.9982400,36.052
6,Friuli-Venezia Giulia,Maschi e femmine,49,97747,181,1.84767,97657,0.9980735,35.111
6,Friuli-Venezia Giulia,Maschi e femmine,50,97567,196,2.00548,97469,0.9978976,34.175
6,Friuli-Venezia Giulia,Maschi e femmine,51,97371,214,2.19951,97264,0.9977153,33.243
6,Friuli-Venezia Giulia,Maschi e femmine,52,97157,230,2.37015,97042,0.9975473,32.315
6,Friuli-Venezia Giulia,Maschi e femmine,53,96927,246,2.53549,96804,0.9973052,31.391
6,Friuli-Venezia Giulia,Maschi e femmine,54,96681,276,2.85445,96543,0.9970465,30.469
6,Friuli-Venezia Giulia,Maschi e femmine,55,96405,294,3.05286,96258,0.9968847,29.555
6,Friuli-Venezia Giulia,Maschi e femmine,56,96110,305,3.17790,95958,0.9966564,28.644
6,Friuli-Venezia Giulia,Maschi e femmine,57,95805,336,3.50983,95637,0.9962934,27.734
6,Friuli-Venezia Giulia,Maschi e femmine,58,95469,373,3.90408,95282,0.9958951,26.830
6,Friuli-Venezia Giulia,Maschi e femmine,59,95096,410,4.30653,94891,0.9953703,25.933
6,Friuli-Venezia Giulia,Maschi e femmine,60,94687,469,4.95436,94452,0.9947251,25.043
6,Friuli-Venezia Giulia,Maschi e femmine,61,94217,527,5.59700,93954,0.9940446,24.165
6,Friuli-Venezia Giulia,Maschi e femmine,62,93690,592,6.31573,93394,0.9933080,23.298
6,Friuli-Venezia Giulia,Maschi e femmine,63,93098,658,7.07066,92769,0.9925605,22.443
6,Friuli-Venezia Giulia,Maschi e femmine,64,92440,722,7.81092,92079,0.9919447,21.600
6,Friuli-Venezia Giulia,Maschi e femmine,65,91718,761,8.30164,91337,0.9914752,20.766
6,Friuli-Venezia Giulia,Maschi e femmine,66,90957,796,8.74985,90559,0.9908331,19.935
6,Friuli-Venezia Giulia,Maschi e femmine,67,90161,864,9.58763,89729,0.9898396,19.107
6,Friuli-Venezia Giulia,Maschi e femmine,68,89296,959,10.73868,88817,0.9886488,18.287
6,Friuli-Venezia Giulia,Maschi e femmine,69,88337,1057,11.97029,87809,0.9872125,17.480
6,Friuli-Venezia Giulia,Maschi e femmine,70,87280,1188,13.61471,86686,0.9856702,16.686
6,Friuli-Venezia Giulia,Maschi e femmine,71,86092,1296,15.05485,85444,0.9844164,15.909
6,Friuli-Venezia Giulia,Maschi e femmine,72,84796,1367,16.12050,84112,0.9828692,15.145
6,Friuli-Venezia Giulia,Maschi e femmine,73,83429,1515,18.15758,82671,0.9807158,14.385
6,Friuli-Venezia Giulia,Maschi e femmine,74,81914,1674,20.43163,81077,0.9783916,13.642
6,Friuli-Venezia Giulia,Maschi e femmine,75,80240,1830,22.80968,79325,0.9756922,12.916
6,Friuli-Venezia Giulia,Maschi e femmine,76,78410,2026,25.84079,77397,0.9724836,12.205
6,Friuli-Venezia Giulia,Maschi e femmine,77,76384,2233,29.23655,75267,0.9692401,11.516
6,Friuli-Venezia Giulia,Maschi e femmine,78,74151,2397,32.32910,72952,0.9659162,10.848
6,Friuli-Venezia Giulia,Maschi e femmine,79,71753,2576,35.89703,70465,0.9616494,10.193
6,Friuli-Venezia Giulia,Maschi e femmine,80,69178,2829,40.89545,67763,0.9570390,9.554
6,Friuli-Venezia Giulia,Maschi e femmine,81,66349,2993,45.11467,64852,0.9528220,8.940
6,Friuli-Venezia Giulia,Maschi e femmine,82,63355,3126,49.33874,61792,0.9477994,8.339
6,Friuli-Venezia Giulia,Maschi e femmine,83,60229,3325,55.21106,58567,0.9410045,7.746
6,Friuli-Venezia Giulia,Maschi e femmine,84,56904,3585,63.00116,55112,0.9335936,7.169
6,Friuli-Venezia Giulia,Maschi e femmine,85,53319,3734,70.04062,51452,0.9238378,6.618
6,Friuli-Venezia Giulia,Maschi e femmine,86,49585,4103,82.74488,47533,0.9120532,6.079
6,Friuli-Venezia Giulia,Maschi e femmine,87,45482,4258,93.61804,43353,0.8999986,5.582
6,Friuli-Venezia Giulia,Maschi e femmine,88,41224,4413,107.04407,39017,0.8823103,5.107
6,Friuli-Venezia Giulia,Maschi e femmine,89,36811,4771,129.61151,34425,0.8618468,4.659
6,Friuli-Venezia Giulia,Maschi e femmine,90,32040,4741,147.96681,29669,0.8449082,4.278
6,Friuli-Venezia Giulia,Maschi e femmine,91,27299,4462,163.45406,25068,0.8280777,3.935
6,Friuli-Venezia Giulia,Maschi e femmine,92,22837,4157,182.04520,20758,0.8107279,3.606
6,Friuli-Venezia Giulia,Maschi e femmine,93,18680,3701,198.10746,16829,0.7915853,3.297
6,Friuli-Venezia Giulia,Maschi e femmine,94,14979,3314,221.26844,13322,0.7652993,2.988
6,Friuli-Venezia Giulia,Maschi e femmine,95,11665,2939,251.94953,10195,0.7295582,2.695
6,Friuli-Venezia Giulia,Maschi e femmine,96,8726,2576,295.16237,7438,0.6935884,2.434
6,Friuli-Venezia Giulia,Maschi e femmine,97,6150,1983,322.37166,5159,0.6671488,2.244
6,Friuli-Venezia Giulia,Maschi e femmine,98,4168,1452,348.31625,3442,0.6411920,2.073
6,Friuli-Venezia Giulia,Maschi e femmine,99,2716,1018,374.90735,2207,0.6134871,1.914
6,Friuli-Venezia Giulia,Maschi e femmine,100,1698,688,405.07903,1354,0.5820434,1.762
6,Friuli-Venezia Giulia,Maschi e femmine,101,1010,444,439.60248,788,0.5491254,1.621
6,Friuli-Venezia Giulia,Maschi e femmine,102,566,267,470.98904,433,0.5180486,1.501
6,Friuli-Venezia Giulia,Maschi e femmine,103,299,151,502.67375,224,0.4867822,1.392
6,Friuli-Venezia Giulia,Maschi e femmine,104,149,80,534.41914,109,0.4555531,1.294
6,Friuli-Venezia Giulia,Maschi e femmine,105,69,39,565.98513,50,0.4245864,1.206
6,Friuli-Venezia Giulia,Maschi e femmine,106,30,18,597.13729,21,0.3941019,1.127
6,Friuli-Venezia Giulia,Maschi e femmine,107,12,8,627.64450,8,0.3643120,1.055
6,Friuli-Venezia Giulia,Maschi e femmine,108,5,3,657.28975,3,0.3354154,0.992
6,Friuli-Venezia Giulia,Maschi e femmine,109,2,1,685.87036,1,0.3075974,0.935
6,Friuli-Venezia Giulia,Maschi e femmine,110,0,0,713.19722,0,0.2810286,0.884
6,Friuli-Venezia Giulia,Maschi e femmine,111,0,0,739.10453,0,0.2558573,0.839
6,Friuli-Venezia Giulia,Maschi e femmine,112,0,0,763.45355,0,0.2322080,0.799
6,Friuli-Venezia Giulia,Maschi e femmine,113,0,0,786.13266,0,0.2101795,0.764
6,Friuli-Venezia Giulia,Maschi e femmine,114,0,0,807.06387,0,0.1898404,0.733
6,Friuli-Venezia Giulia,Maschi e femmine,115,0,0,826.20483,0,0.1712273,0.705
6,Friuli-Venezia Giulia,Maschi e femmine,116,0,0,843.54798,0,0.1543461,0.682
6,Friuli-Venezia Giulia,Maschi e femmine,117,0,0,859.11403,0,0.1391766,0.661
6,Friuli-Venezia Giulia,Maschi e femmine,118,0,0,872.95650,0,0.1256695,0.643
6,Friuli-Venezia Giulia,Maschi e femmine,119,0,0,885.14560,0,0.1137595,0.628
6,Friuli-Venezia Giulia,Maschi,0,100000,223,2.22674,99790,0.9997834,80.652
6,Friuli-Venezia Giulia,Maschi,1,99777,17,0.16985,99769,0.9998478,79.831
6,Friuli-Venezia Giulia,Maschi,2,99760,13,0.13460,99754,0.9998763,78.845
6,Friuli-Venezia Giulia,Maschi,3,99747,11,0.11284,99741,0.9998960,77.855
6,Friuli-Venezia Giulia,Maschi,4,99736,9,0.09518,99731,0.9999140,76.864
6,Friuli-Venezia Giulia,Maschi,5,99726,8,0.07690,99722,0.9999364,75.871
6,Friuli-Venezia Giulia,Maschi,6,99719,5,0.05036,99716,0.9999608,74.877
6,Friuli-Venezia Giulia,Maschi,7,99714,3,0.02806,99712,0.9999778,73.881
6,Friuli-Venezia Giulia,Maschi,8,99711,2,0.01630,99710,0.9999829,72.883
6,Friuli-Venezia Giulia,Maschi,9,99709,2,0.01798,99708,0.9999816,71.884
6,Friuli-Venezia Giulia,Maschi,10,99707,2,0.01878,99706,0.9999745,70.885
6,Friuli-Venezia Giulia,Maschi,11,99705,3,0.03230,99704,0.9999553,69.886
6,Friuli-Venezia Giulia,Maschi,12,99702,6,0.05706,99699,0.9999207,68.889
6,Friuli-Venezia Giulia,Maschi,13,99697,10,0.10155,99691,0.9998713,67.893
6,Friuli-Venezia Giulia,Maschi,14,99686,16,0.15584,99679,0.9998098,66.899
6,Friuli-Venezia Giulia,Maschi,15,99671,22,0.22460,99660,0.9997298,65.910
6,Friuli-Venezia Giulia,Maschi,16,99648,31,0.31584,99633,0.9996458,64.924
6,Friuli-Venezia Giulia,Maschi,17,99617,39,0.39265,99597,0.9995927,63.945
6,Friuli-Venezia Giulia,Maschi,18,99578,42,0.42194,99557,0.9995893,62.970
6,Friuli-Venezia Giulia,Maschi,19,99536,40,0.39948,99516,0.9996314,61.996
6,Friuli-Venezia Giulia,Maschi,20,99496,34,0.33777,99479,0.9996784,61.021
6,Friuli-Venezia Giulia,Maschi,21,99462,30,0.30540,99447,0.9996734,60.041
6,Friuli-Venezia Giulia,Maschi,22,99432,35,0.34772,99415,0.9996104,59.059
6,Friuli-Venezia Giulia,Maschi,23,99398,43,0.43158,99376,0.9995331,58.080
6,Friuli-Venezia Giulia,Maschi,24,99355,50,0.50223,99330,0.9994863,57.105
6,Friuli-Venezia Giulia,Maschi,25,99305,52,0.52522,99279,0.9994859,56.133
6,Friuli-Venezia Giulia,Maschi,26,99253,50,0.50303,99228,0.9995150,55.162
6,Friuli-Venezia Giulia,Maschi,27,99203,46,0.46704,99179,0.9995462,54.190
6,Friuli-Venezia Giulia,Maschi,28,99156,44,0.44065,99134,0.9995576,53.215
6,Friuli-Venezia Giulia,Maschi,29,99113,44,0.44411,99091,0.9995376,52.238
6,Friuli-Venezia Giulia,Maschi,30,99069,48,0.48065,99045,0.9994550,51.261
6,Friuli-Venezia Giulia,Maschi,31,99021,60,0.60942,98991,0.9993330,50.285
6,Friuli-Venezia Giulia,Maschi,32,98961,72,0.72466,98925,0.9992459,49.316
6,Friuli-Venezia Giulia,Maschi,33,98889,77,0.78364,98850,0.9992185,48.351
6,Friuli-Venezia Giulia,Maschi,34,98811,77,0.77941,98773,0.9992400,47.389
6,Friuli-Venezia Giulia,Maschi,35,98734,73,0.74064,98698,0.9992813,46.425
6,Friuli-Venezia Giulia,Maschi,36,98661,69,0.69673,98627,0.9993177,45.459
6,Friuli-Venezia Giulia,Maschi,37,98593,66,0.66779,98560,0.9993414,44.491
6,Friuli-Venezia Giulia,Maschi,38,98527,64,0.64947,98495,0.9993463,43.520
6,Friuli-Venezia Giulia,Maschi,39,98463,65,0.65799,98430,0.9992828,42.548
6,Friuli-Venezia Giulia,Maschi,40,98398,76,0.77649,98360,0.9991486,41.576
6,Friuli-Venezia Giulia,Maschi,41,98322,91,0.92638,98276,0.9989840,40.608
6,Friuli-Venezia Giulia,Maschi,42,98230,109,1.10563,98176,0.9988572,39.645
6,Friuli-Venezia Giulia,Maschi,43,98122,116,1.17999,98064,0.9987461,38.688
6,Friuli-Venezia Giulia,Maschi,44,98006,130,1.32786,97941,0.9985996,37.733
6,Friuli-Venezia Giulia,Maschi,45,97876,144,1.47309,97804,0.9984084,36.783
6,Friuli-Venezia Giulia,Maschi,46,97732,167,1.71022,97648,0.9981801,35.836
6,Friuli-Venezia Giulia,Maschi,47,97565,188,1.92976,97470,0.9979272,34.897
6,Friuli-Venezia Giulia,Maschi,48,97376,216,2.21604,97268,0.9976954,33.963
6,Friuli-Venezia Giulia,Maschi,49,97161,233,2.39335,97044,0.9974920,33.038
6,Friuli-Venezia Giulia,Maschi,50,96928,254,2.62296,96801,0.9971909,32.116
6,Friuli-Venezia Giulia,Maschi,51,96674,290,2.99582,96529,0.9968771,31.199
6,Friuli-Venezia Giulia,Maschi,52,96384,313,3.25044,96228,0.9966678,30.291
6,Friuli-Venezia Giulia,Maschi,53,96071,328,3.41425,95907,0.9963884,29.388
6,Friuli-Venezia Giulia,Maschi,54,95743,365,3.80965,95560,0.9961501,28.487
6,Friuli-Venezia Giulia,Maschi,55,95378,371,3.89030,95193,0.9960995,27.594
6,Friuli-Venezia Giulia,Maschi,56,95007,372,3.91068,94821,0.9959517,26.700
6,Friuli-Venezia Giulia,Maschi,57,94636,396,4.18650,94437,0.9955400,25.803
6,Friuli-Venezia Giulia,Maschi,58,94239,446,4.73462,94016,0.9949560,24.909
6,Friuli-Venezia Giulia,Maschi,59,93793,502,5.35493,93542,0.9940974,24.025
6,Friuli-Venezia Giulia,Maschi,60,93291,602,6.45319,92990,0.9930517,23.152
6,Friuli-Venezia Giulia,Maschi,61,92689,690,7.44654,92344,0.9920095,22.299
6,Friuli-Venezia Giulia,Maschi,62,91999,786,8.53846,91606,0.9910078,21.463
6,Friuli-Venezia Giulia,Maschi,63,91213,862,9.44986,90782,0.9901572,20.643
6,Friuli-Venezia Giulia,Maschi,64,90351,925,10.23940,89889,0.9895858,19.836
6,Friuli-Venezia Giulia,Maschi,65,89426,947,10.59077,88952,0.9891835,19.036
6,Friuli-Venezia Giulia,Maschi,66,88479,977,11.04464,87990,0.9883821,18.234
6,Friuli-Venezia Giulia,Maschi,67,87502,1067,12.19750,86968,0.9869876,17.432
6,Friuli-Venezia Giulia,Maschi,68,86434,1196,13.83727,85836,0.9852464,16.641
6,Friuli-Venezia Giulia,Maschi,69,85238,1337,15.68269,84570,0.9830038,15.868
6,Friuli-Venezia Giulia,Maschi,70,83902,1538,18.33063,83133,0.9807550,15.112
6,Friuli-Venezia Giulia,Maschi,71,82364,1662,20.17648,81533,0.9792788,14.385
6,Friuli-Venezia Giulia,Maschi,72,80702,1717,21.27714,79843,0.9774778,13.671
6,Friuli-Venezia Giulia,Maschi,73,78985,1879,23.79428,78045,0.9748331,12.958
6,Friuli-Venezia Giulia,Maschi,74,77105,2049,26.57291,76081,0.9718703,12.261
6,Friuli-Venezia Giulia,Maschi,75,75056,2231,29.72900,73941,0.9679532,11.582
6,Friuli-Venezia Giulia,Maschi,76,72825,2508,34.43554,71571,0.9634242,10.922
6,Friuli-Venezia Giulia,Maschi,77,70317,2728,38.79243,68953,0.9595445,10.293
6,Friuli-Venezia Giulia,Maschi,78,67590,2851,42.18574,66164,0.9558602,9.689
6,Friuli-Venezia Giulia,Maschi,79,64738,2990,46.17995,63243,0.9508557,9.093
6,Friuli-Venezia Giulia,Maschi,80,61749,3226,52.25210,60135,0.9454104,8.509
6,Friuli-Venezia Giulia,Maschi,81,58522,3339,57.05599,56853,0.9404162,7.951
6,Friuli-Venezia Giulia,Maschi,82,55183,3436,62.26452,53465,0.9349463,7.402
6,Friuli-Venezia Giulia,Maschi,83,51747,3520,68.02815,49987,0.9272629,6.860
6,Friuli-Venezia Giulia,Maschi,84,48227,3752,77.78972,46351,0.9181674,6.324
6,Friuli-Venezia Giulia,Maschi,85,44475,3835,86.21643,42558,0.9056530,5.816
6,Friuli-Venezia Giulia,Maschi,86,40641,4196,103.24462,38543,0.8907292,5.317
6,Friuli-Venezia Giulia,Maschi,87,36445,4227,115.99070,34331,0.8770418,4.872
6,Friuli-Venezia Giulia,Maschi,88,32218,4215,130.83998,30110,0.8566976,4.446
6,Friuli-Venezia Giulia,Maschi,89,28002,4414,157.64092,25795,0.8327138,4.040
6,Friuli-Venezia Giulia,Maschi,90,23588,4216,178.73655,21480,0.8129985,3.702
6,Friuli-Venezia Giulia,Maschi,91,19372,3818,197.06512,17463,0.7941322,3.399
6,Friuli-Venezia Giulia,Maschi,92,15554,3373,216.83095,13868,0.7766260,3.110
6,Friuli-Venezia Giulia,Maschi,93,12182,2823,231.72853,10770,0.7543468,2.833
6,Friuli-Venezia Giulia,Maschi,94,9359,2469,263.77798,8125,0.7155718,2.537
6,Friuli-Venezia Giulia,Maschi,95,6890,2153,312.47718,5814,0.6656626,2.266
6,Friuli-Venezia Giulia,Maschi,96,4737,1734,366.13297,3870,0.6280048,2.069
6,Friuli-Venezia Giulia,Maschi,97,3003,1145,381.24344,2430,0.6171038,1.975
6,Friuli-Venezia Giulia,Maschi,98,1858,716,385.56731,1500,0.6106274,1.884
6,Friuli-Venezia Giulia,Maschi,99,1142,452,395.56569,916,0.5912794,1.753
6,Friuli-Venezia Giulia,Maschi,100,690,297,430.48447,541,0.5433594,1.573
6,Friuli-Venezia Giulia,Maschi,101,393,197,502.56756,294,0.4857114,1.384
6,Friuli-Venezia Giulia,Maschi,102,195,105,537.85173,143,0.4509726,1.277
6,Friuli-Venezia Giulia,Maschi,103,90,52,573.20956,64,0.4162937,1.181
6,Friuli-Venezia Giulia,Maschi,104,39,23,608.30081,27,0.3819959,1.095
6,Friuli-Venezia Giulia,Maschi,105,15,10,642.77626,10,0.3484004,1.018
6,Friuli-Venezia Giulia,Maschi,106,5,4,676.29924,4,0.3158144,0.950
6,Friuli-Venezia Giulia,Maschi,107,2,1,708.54890,1,0.2845247,0.889
6,Friuli-Venezia Giulia,Maschi,108,1,0,739.24045,0,0.2547859,0.836
6,Friuli-Venezia Giulia,Maschi,109,0,0,768.12272,0,0.2268195,0.790
6,Friuli-Venezia Giulia,Maschi,110,0,0,794.99285,0,0.2008045,0.749
6,Friuli-Venezia Giulia,Maschi,111,0,0,819.69560,0,0.1768776,0.713
6,Friuli-Venezia Giulia,Maschi,112,0,0,842.12822,0,0.1551306,0.683
6,Friuli-Venezia Giulia,Maschi,113,0,0,862.23290,0,0.1356158,0.656
6,Friuli-Venezia Giulia,Maschi,114,0,0,879.99939,0,0.1183446,0.634
6,Friuli-Venezia Giulia,Maschi,115,0,0,895.45554,0,0.1032941,0.615
6,Friuli-Venezia Giulia,Maschi,116,0,0,908.66575,0,0.0904091,0.599
6,Friuli-Venezia Giulia,Maschi,117,0,0,919.71983,0,0.0796105,0.586
6,Friuli-Venezia Giulia,Maschi,118,0,0,928.73097,0,0.0707970,0.576
6,Friuli-Venezia Giulia,Maschi,119,0,0,935.82623,0,0.0638532,0.568
6,Friuli-Venezia Giulia,Femmine,0,100000,187,1.86989,99824,0.9998451,85.362
6,Friuli-Venezia Giulia,Femmine,1,99813,9,0.08877,99809,0.9999291,84.521
6,Friuli-Venezia Giulia,Femmine,2,99804,5,0.05297,99802,0.9999498,83.528
6,Friuli-Venezia Giulia,Femmine,3,99799,5,0.04736,99797,0.9999474,82.533
6,Friuli-Venezia Giulia,Femmine,4,99794,6,0.05790,99791,0.9999306,81.537
6,Friuli-Venezia Giulia,Femmine,5,99788,8,0.08093,99784,0.9999098,80.541
6,Friuli-Venezia Giulia,Femmine,6,99780,10,0.09956,99775,0.9998950,79.548
6,Friuli-Venezia Giulia,Femmine,7,99770,11,0.11047,99765,0.9998847,78.556
6,Friuli-Venezia Giulia,Femmine,8,99759,12,0.12007,99753,0.9998739,77.564
6,Friuli-Venezia Giulia,Femmine,9,99747,13,0.13213,99741,0.9998604,76.574
6,Friuli-Venezia Giulia,Femmine,10,99734,15,0.14710,99727,0.9998493,75.584
6,Friuli-Venezia Giulia,Femmine,11,99720,15,0.15429,99712,0.9998506,74.595
6,Friuli-Venezia Giulia,Femmine,12,99704,14,0.14452,99697,0.9998692,73.606
6,Friuli-Venezia Giulia,Femmine,13,99690,12,0.11713,99684,0.9999041,72.617
6,Friuli-Venezia Giulia,Femmine,14,99678,7,0.07476,99674,0.9999404,71.625
6,Friuli-Venezia Giulia,Femmine,15,99671,4,0.04444,99668,0.9999581,70.631
6,Friuli-Venezia Giulia,Femmine,16,99666,4,0.03941,99664,0.9999482,69.634
6,Friuli-Venezia Giulia,Femmine,17,99662,6,0.06420,99659,0.9999165,68.636
6,Friuli-Venezia Giulia,Femmine,18,99656,10,0.10272,99651,0.9998681,67.641
6,Friuli-Venezia Giulia,Femmine,19,99646,16,0.16100,99638,0.9998192,66.648
6,Friuli-Venezia Giulia,Femmine,20,99630,20,0.20064,99620,0.9997905,65.658
6,Friuli-Venezia Giulia,Femmine,21,99610,22,0.21841,99599,0.9997902,64.671
6,Friuli-Venezia Giulia,Femmine,22,99588,20,0.20110,99578,0.9998113,63.685
6,Friuli-Venezia Giulia,Femmine,23,99568,18,0.17631,99559,0.9998440,62.698
6,Friuli-Venezia Giulia,Femmine,24,99550,14,0.13567,99543,0.9998611,61.709
6,Friuli-Venezia Giulia,Femmine,25,99537,14,0.14210,99530,0.9998577,60.717
6,Friuli-Venezia Giulia,Femmine,26,99523,14,0.14242,99515,0.9998438,59.726
6,Friuli-Venezia Giulia,Femmine,27,99508,17,0.16993,99500,0.9998221,58.734
6,Friuli-Venezia Giulia,Femmine,28,99491,18,0.18590,99482,0.9997968,57.744
6,Friuli-Venezia Giulia,Femmine,29,99473,22,0.22046,99462,0.9997719,56.755
6,Friuli-Venezia Giulia,Femmine,30,99451,23,0.23578,99439,0.9997449,55.767
6,Friuli-Venezia Giulia,Femmine,31,99428,27,0.27433,99414,0.9997148,54.780
6,Friuli-Venezia Giulia,Femmine,32,99400,29,0.29616,99386,0.9996945,53.795
6,Friuli-Venezia Giulia,Femmine,33,99371,31,0.31481,99355,0.9996728,52.811
6,Friuli-Venezia Giulia,Femmine,34,99340,34,0.33965,99323,0.9996357,51.827
6,Friuli-Venezia Giulia,Femmine,35,99306,39,0.38904,99287,0.9995798,50.845
6,Friuli-Venezia Giulia,Femmine,36,99267,45,0.45142,99245,0.9995286,49.865
6,Friuli-Venezia Giulia,Femmine,37,99222,49,0.49133,99198,0.9994971,48.887
6,Friuli-Venezia Giulia,Femmine,38,99174,51,0.51448,99148,0.9994607,47.911
6,Friuli-Venezia Giulia,Femmine,39,99123,56,0.56416,99095,0.9994212,46.935
6,Friuli-Venezia Giulia,Femmine,40,99067,59,0.59347,99037,0.9993944,45.961
6,Friuli-Venezia Giulia,Femmine,41,99008,61,0.61769,98977,0.9993633,44.988
6,Friuli-Venezia Giulia,Femmine,42,98947,65,0.65569,98914,0.9993187,44.016
6,Friuli-Venezia Giulia,Femmine,43,98882,70,0.70693,98847,0.9992696,43.044
6,Friuli-Venezia Giulia,Femmine,44,98812,74,0.75388,98775,0.9992116,42.074
6,Friuli-Venezia Giulia,Femmine,45,98738,81,0.82300,98697,0.9991520,41.106
6,Friuli-Venezia Giulia,Femmine,46,98656,86,0.87304,98613,0.9990805,40.139
6,Friuli-Venezia Giulia,Femmine,47,98570,95,0.96592,98523,0.9989643,39.174
6,Friuli-Venezia Giulia,Femmine,48,98475,109,1.10557,98420,0.9988076,38.211
6,Friuli-Venezia Giulia,Femmine,49,98366,126,1.27934,98303,0.9986788,37.253
6,Friuli-Venezia Giulia,Femmine,50,98240,134,1.36314,98173,0.9986323,36.300
6,Friuli-Venezia Giulia,Femmine,51,98106,135,1.37235,98039,0.9985852,35.349
6,Friuli-Venezia Giulia,Femmine,52,97972,143,1.45732,97900,0.9984585,34.397
6,Friuli-Venezia Giulia,Femmine,53,97829,159,1.62587,97749,0.9982534,33.446
6,Friuli-Venezia Giulia,Femmine,54,97670,182,1.86755,97579,0.9979718,32.500
6,Friuli-Venezia Giulia,Femmine,55,97487,213,2.18922,97381,0.9976938,31.560
6,Friuli-Venezia Giulia,Femmine,56,97274,236,2.42340,97156,0.9973815,30.628
6,Friuli-Venezia Giulia,Femmine,57,97038,273,2.81410,96902,0.9970674,29.701
6,Friuli-Venezia Giulia,Femmine,58,96765,295,3.05146,96618,0.9968583,28.784
6,Friuli-Venezia Giulia,Femmine,59,96470,312,3.23230,96314,0.9966727,27.870
6,Friuli-Venezia Giulia,Femmine,60,96158,329,3.42256,95994,0.9964324,26.959
6,Friuli-Venezia Giulia,Femmine,61,95829,356,3.71319,95651,0.9961131,26.050
6,Friuli-Venezia Giulia,Femmine,62,95473,388,4.06117,95279,0.9956357,25.145
6,Friuli-Venezia Giulia,Femmine,63,95085,444,4.66860,94863,0.9949810,24.245
6,Friuli-Venezia Giulia,Femmine,64,94641,508,5.37097,94387,0.9943091,23.357
6,Friuli-Venezia Giulia,Femmine,65,94133,566,6.01265,93850,0.9937615,22.480
6,Friuli-Venezia Giulia,Femmine,66,93567,605,6.46576,93265,0.9932666,21.613
6,Friuli-Venezia Giulia,Femmine,67,92962,651,7.00271,92637,0.9926562,20.751
6,Friuli-Venezia Giulia,Femmine,68,92311,710,7.68722,91956,0.9919880,19.893
6,Friuli-Venezia Giulia,Femmine,69,91602,764,8.33921,91220,0.9913115,19.044
6,Friuli-Venezia Giulia,Femmine,70,90838,821,9.04075,90427,0.9904142,18.200
6,Friuli-Venezia Giulia,Femmine,71,90016,912,10.13584,89560,0.9893258,17.361
6,Friuli-Venezia Giulia,Femmine,72,89104,1000,11.21817,88604,0.9879677,16.534
6,Friuli-Venezia Giulia,Femmine,73,88104,1133,12.85576,87538,0.9862172,15.716
6,Friuli-Venezia Giulia,Femmine,74,86972,1280,14.72189,86332,0.9844162,14.914
6,Friuli-Venezia Giulia,Femmine,75,85691,1410,16.45855,84986,0.9827421,14.129
6,Friuli-Venezia Giulia,Femmine,76,84281,1523,18.07053,83520,0.9806026,13.357
6,Friuli-Venezia Giulia,Femmine,77,82758,1717,20.74871,81900,0.9777727,12.594
6,Friuli-Venezia Giulia,Femmine,78,81041,1924,23.73732,80079,0.9745986,11.850
6,Friuli-Venezia Giulia,Femmine,79,79117,2145,27.10601,78045,0.9707835,11.126
6,Friuli-Venezia Giulia,Femmine,80,76973,2416,31.38577,75765,0.9666709,10.422
6,Friuli-Venezia Giulia,Femmine,81,74557,2634,35.33534,73240,0.9628653,9.744
6,Friuli-Venezia Giulia,Femmine,82,71922,2805,38.99998,70520,0.9579590,9.082
6,Friuli-Venezia Giulia,Femmine,83,69117,3124,45.20553,67555,0.9515970,8.430
6,Friuli-Venezia Giulia,Femmine,84,65993,3415,51.75182,64285,0.9451645,7.806
6,Friuli-Venezia Giulia,Femmine,85,62578,3635,58.08749,60760,0.9370540,7.205
6,Friuli-Venezia Giulia,Femmine,86,58943,4014,68.10421,56936,0.9269946,6.618
6,Friuli-Venezia Giulia,Femmine,87,54928,4299,78.26484,52779,0.9154355,6.065
6,Friuli-Venezia Giulia,Femmine,88,50629,4627,91.39905,48316,0.8987719,5.538
6,Friuli-Venezia Giulia,Femmine,89,46002,5154,112.04579,43425,0.8796451,5.045
6,Friuli-Venezia Giulia,Femmine,90,40848,5298,129.71257,38198,0.8633243,4.618
6,Friuli-Venezia Giulia,Femmine,91,35549,5143,144.67656,32978,0.8465010,4.232
6,Friuli-Venezia Giulia,Femmine,92,30406,4981,163.81369,27916,0.8280949,3.863
6,Friuli-Venezia Giulia,Femmine,93,25425,4617,181.58159,23117,0.8093219,3.522
6,Friuli-Venezia Giulia,Femmine,94,20808,4199,201.79292,18709,0.7871332,3.192
6,Friuli-Venezia Giulia,Femmine,95,16609,3766,226.74019,14726,0.7547907,2.873
6,Friuli-Venezia Giulia,Femmine,96,12843,3456,269.09402,11115,0.7164130,2.569
6,Friuli-Venezia Giulia,Femmine,97,9387,2848,303.41587,7963,0.6826010,2.331
6,Friuli-Venezia Giulia,Femmine,98,6539,2207,337.47286,5436,0.6498610,2.128
6,Friuli-Venezia Giulia,Femmine,99,4332,1600,369.25697,3532,0.6194531,1.957
6,Friuli-Venezia Giulia,Femmine,100,2733,1089,398.44629,2188,0.5917646,1.810
6,Friuli-Venezia Giulia,Femmine,101,1644,698,424.50848,1295,0.5635593,1.678
6,Friuli-Venezia Giulia,Femmine,102,946,432,457.17480,730,0.5311702,1.547
6,Friuli-Venezia Giulia,Femmine,103,514,252,490.30091,388,0.4984582,1.429
6,Friuli-Venezia Giulia,Femmine,104,262,137,523.59564,193,0.4657037,1.323
6,Friuli-Venezia Giulia,Femmine,105,125,69,556.75748,90,0.4331909,1.229
6,Friuli-Venezia Giulia,Femmine,106,55,33,589.48669,39,0.4011993,1.144
6,Friuli-Venezia Giulia,Femmine,107,23,14,621.48957,16,0.3699969,1.068
6,Friuli-Venezia Giulia,Femmine,108,9,6,652.49544,6,0.3398280,1.001
6,Friuli-Venezia Giulia,Femmine,109,3,2,682.26261,2,0.3109094,0.941
6,Friuli-Venezia Giulia,Femmine,110,1,1,710.57985,1,0.2834277,0.888
6,Friuli-Venezia Giulia,Femmine,111,0,0,737.27747,0,0.2575312,0.842
6,Friuli-Venezia Giulia,Femmine,112,0,0,762.22852,0,0.2333309,0.801
6,Friuli-Venezia Giulia,Femmine,113,0,0,785.34485,0,0.2109027,0.765
6,Friuli-Venezia Giulia,Femmine,114,0,0,806.57835,0,0.1902872,0.733
6,Friuli-Venezia Giulia,Femmine,115,0,0,825.91813,0,0.1714920,0.706
6,Friuli-Venezia Giulia,Femmine,116,0,0,843.38560,0,0.1544966,0.682
6,Friuli-Venezia Giulia,Femmine,117,0,0,859.02559,0,0.1392589,0.661
6,Friuli-Venezia Giulia,Femmine,118,0,0,872.90997,0,0.1257130,0.643
6,Friuli-Venezia Giulia,Femmine,119,0,0,885.12180,0,0.1137819,0.628
7,Liguria,Maschi e femmine,0,100000,242,2.42290,99772,0.9997999,82.490
7,Liguria,Maschi e femmine,1,99758,11,0.11361,99752,0.9998994,81.689
7,Liguria,Maschi e femmine,2,99746,9,0.08754,99742,0.9999234,80.699
7,Liguria,Maschi e femmine,3,99738,7,0.06562,99734,0.9999426,79.706
7,Liguria,Maschi e femmine,4,99731,5,0.04922,99729,0.9999552,78.711
7,Liguria,Maschi e femmine,5,99726,4,0.04030,99724,0.9999614,77.715
7,Liguria,Maschi e femmine,6,99722,4,0.03681,99720,0.9999631,76.718
7,Liguria,Maschi e femmine,7,99719,4,0.03695,99717,0.9999609,75.721
7,Liguria,Maschi e femmine,8,99715,4,0.04116,99713,0.9999521,74.723
7,Liguria,Maschi e femmine,9,99711,5,0.05467,99708,0.9999360,73.726
7,Liguria,Maschi e femmine,10,99705,7,0.07330,99702,0.9999177,72.730
7,Liguria,Maschi e femmine,11,99698,9,0.09124,99693,0.9999077,71.736
7,Liguria,Maschi e femmine,12,99689,9,0.09344,99684,0.9999066,70.742
7,Liguria,Maschi e femmine,13,99680,9,0.09338,99675,0.9999042,69.749
7,Liguria,Maschi e femmine,14,99670,10,0.09824,99665,0.9998825,68.755
7,Liguria,Maschi e femmine,15,99660,14,0.13667,99654,0.9998378,67.762
7,Liguria,Maschi e femmine,16,99647,19,0.18780,99637,0.9997836,66.771
7,Liguria,Maschi e femmine,17,99628,24,0.24495,99616,0.9997435,65.784
7,Liguria,Maschi e femmine,18,99604,27,0.26803,99590,0.9997338,64.800
7,Liguria,Maschi e femmine,19,99577,26,0.26446,99564,0.9997412,63.817
7,Liguria,Maschi e femmine,20,99551,25,0.25321,99538,0.9997515,62.834
7,Liguria,Maschi e femmine,21,99525,24,0.24377,99513,0.9997628,61.849
7,Liguria,Maschi e femmine,22,99501,23,0.23061,99490,0.9997700,60.864
7,Liguria,Maschi e femmine,23,99478,23,0.22933,99467,0.9997713,59.878
7,Liguria,Maschi e femmine,24,99455,23,0.22815,99444,0.9997657,58.892
7,Liguria,Maschi e femmine,25,99433,24,0.24046,99421,0.9997519,57.905
7,Liguria,Maschi e femmine,26,99409,25,0.25583,99396,0.9997406,56.919
7,Liguria,Maschi e femmine,27,99383,26,0.26304,99370,0.9997344,55.934
7,Liguria,Maschi e femmine,28,99357,27,0.26817,99344,0.9997274,54.948
7,Liguria,Maschi e femmine,29,99331,28,0.27705,99317,0.9997139,53.963
7,Liguria,Maschi e femmine,30,99303,29,0.29519,99288,0.9996811,52.978
7,Liguria,Maschi e femmine,31,99274,34,0.34254,99257,0.9996258,51.993
7,Liguria,Maschi e femmine,32,99240,40,0.40590,99220,0.9995635,51.011
7,Liguria,Maschi e femmine,33,99200,46,0.46708,99176,0.9995093,50.031
7,Liguria,Maschi e femmine,34,99153,51,0.51423,99128,0.9994744,49.054
7,Liguria,Maschi e femmine,35,99102,53,0.53706,99076,0.9994610,48.079
7,Liguria,Maschi e femmine,36,99049,54,0.54101,99022,0.9994540,47.105
7,Liguria,Maschi e femmine,37,98995,55,0.55089,98968,0.9994296,46.130
7,Liguria,Maschi e femmine,38,98941,58,0.59001,98912,0.9993658,45.155
7,Liguria,Maschi e femmine,39,98882,67,0.67851,98849,0.9992546,44.182
7,Liguria,Maschi e femmine,40,98815,80,0.81238,98775,0.9991221,43.211
7,Liguria,Maschi e femmine,41,98735,93,0.94357,98689,0.9989994,42.246
7,Liguria,Maschi e femmine,42,98642,104,1.05770,98590,0.9988993,41.285
7,Liguria,Maschi e femmine,43,98538,113,1.14383,98481,0.9987946,40.329
7,Liguria,Maschi e femmine,44,98425,125,1.26699,98363,0.9986901,39.374
7,Liguria,Maschi e femmine,45,98300,133,1.35294,98234,0.9985694,38.424
7,Liguria,Maschi e femmine,46,98167,148,1.50844,98093,0.9984335,37.475
7,Liguria,Maschi e femmine,47,98019,159,1.62474,97939,0.9983050,36.531
7,Liguria,Maschi e femmine,48,97860,173,1.76545,97773,0.9981788,35.589
7,Liguria,Maschi e femmine,49,97687,183,1.87713,97595,0.9980199,34.651
7,Liguria,Maschi e femmine,50,97504,203,2.08326,97402,0.9978356,33.716
7,Liguria,Maschi e femmine,51,97301,219,2.24569,97191,0.9976304,32.785
7,Liguria,Maschi e femmine,52,97082,242,2.49385,96961,0.9974306,31.858
7,Liguria,Maschi e femmine,53,96840,256,2.64505,96712,0.9972242,30.936
7,Liguria,Maschi e femmine,54,96584,281,2.90689,96443,0.9968972,30.017
7,Liguria,Maschi e femmine,55,96303,318,3.29919,96144,0.9964848,29.103
7,Liguria,Maschi e femmine,56,95985,358,3.73191,95806,0.9960629,28.198
7,Liguria,Maschi e femmine,57,95627,396,4.14308,95429,0.9956861,27.301
7,Liguria,Maschi e femmine,58,95231,427,4.48543,95017,0.9953885,26.413
7,Liguria,Maschi e femmine,59,94804,449,4.73812,94579,0.9950702,25.530
7,Liguria,Maschi e femmine,60,94355,483,5.12229,94113,0.9946620,24.649
7,Liguria,Maschi e femmine,61,93871,521,5.55480,93611,0.9942118,23.773
7,Liguria,Maschi e femmine,62,93350,562,6.02297,93069,0.9936807,22.903
7,Liguria,Maschi e femmine,63,92788,614,6.61733,92481,0.9930537,22.039
7,Liguria,Maschi e femmine,64,92174,671,7.27756,91838,0.9922366,21.182
7,Liguria,Maschi e femmine,65,91503,755,8.25271,91125,0.9911195,20.334
7,Liguria,Maschi e femmine,66,90748,863,9.51353,90316,0.9900614,19.499
7,Liguria,Maschi e femmine,67,89884,932,10.36785,89418,0.9890871,18.681
7,Liguria,Maschi e femmine,68,88952,1020,11.46371,88443,0.9879426,17.872
7,Liguria,Maschi e femmine,69,87933,1113,12.65798,87376,0.9865259,17.073
7,Liguria,Maschi e femmine,70,86820,1242,14.30061,86199,0.9847419,16.286
7,Liguria,Maschi e femmine,71,85578,1389,16.22953,84884,0.9829143,15.515
7,Liguria,Maschi e femmine,72,84189,1512,17.95600,83433,0.9814205,14.763
7,Liguria,Maschi e femmine,73,82677,1589,19.21441,81883,0.9800534,14.023
7,Liguria,Maschi e femmine,74,81089,1678,20.69315,80250,0.9783594,13.288
7,Liguria,Maschi e femmine,75,79411,1795,22.60815,78513,0.9759490,12.558
7,Liguria,Maschi e femmine,76,77616,1981,25.52719,76625,0.9722413,11.837
7,Liguria,Maschi e femmine,77,75634,2273,30.04859,74498,0.9680164,11.134
7,Liguria,Maschi e femmine,78,73362,2493,33.97860,72115,0.9634345,10.464
7,Liguria,Maschi e femmine,79,70869,2781,39.24335,69478,0.9584813,9.814
7,Liguria,Maschi e femmine,80,68088,2988,43.88700,66594,0.9535174,9.195
7,Liguria,Maschi e femmine,81,65100,3203,49.19734,63498,0.9483042,8.594
7,Liguria,Maschi e femmine,82,61897,3362,54.32364,60216,0.9426048,8.013
7,Liguria,Maschi e femmine,83,58534,3550,60.64311,56760,0.9355379,7.444
7,Liguria,Maschi e femmine,84,54985,3768,68.52757,53101,0.9264633,6.893
7,Liguria,Maschi e femmine,85,51217,4042,78.91436,49196,0.9162538,6.363
7,Liguria,Maschi e femmine,86,47175,4198,88.99205,45076,0.9046045,5.865
7,Liguria,Maschi e femmine,87,42977,4402,102.42455,40776,0.8907625,5.389
7,Liguria,Maschi e femmine,88,38575,4507,116.82784,36322,0.8751265,4.947
7,Liguria,Maschi e femmine,89,34068,4565,133.98350,31786,0.8573413,4.535
7,Liguria,Maschi e femmine,90,29504,4505,152.67606,27251,0.8384481,4.160
7,Liguria,Maschi e femmine,91,24999,4301,172.02704,22849,0.8203055,3.819
7,Liguria,Maschi e femmine,92,20699,3911,188.95504,18743,0.8012681,3.509
7,Liguria,Maschi e femmine,93,16788,3539,210.78648,15018,0.7748161,3.210
7,Liguria,Maschi e femmine,94,13249,3225,243.42668,11636,0.7447845,2.934
7,Liguria,Maschi e femmine,95,10024,2714,270.79742,8667,0.7200142,2.717
7,Liguria,Maschi e femmine,96,7309,2139,292.58648,6240,0.7008445,2.540
7,Liguria,Maschi e femmine,97,5171,1595,308.44139,4373,0.6856746,2.383
7,Liguria,Maschi e femmine,98,3576,1154,322.83375,2999,0.6689189,2.223
7,Liguria,Maschi e femmine,99,2421,831,343.26021,2006,0.6436460,2.045
7,Liguria,Maschi e femmine,100,1590,598,376.29155,1291,0.6042319,1.852
7,Liguria,Maschi e femmine,101,992,424,426.99514,780,0.5611373,1.668
7,Liguria,Maschi e femmine,102,568,261,459.57370,438,0.5288498,1.539
7,Liguria,Maschi e femmine,103,307,151,492.57122,232,0.4962782,1.422
7,Liguria,Maschi e femmine,104,156,82,525.69651,115,0.4637024,1.318
7,Liguria,Maschi e femmine,105,74,41,558.64831,53,0.4314058,1.224
7,Liguria,Maschi e femmine,106,33,19,591.12924,23,0.3996651,1.140
7,Liguria,Maschi e femmine,107,13,8,622.84987,9,0.3687436,1.065
7,Liguria,Maschi e femmine,108,5,3,653.54601,3,0.3388796,0.999
7,Liguria,Maschi e femmine,109,2,1,682.98315,1,0.3102825,0.940
7,Liguria,Maschi e femmine,110,1,0,710.96033,0,0.2831294,0.888
7,Liguria,Maschi e femmine,111,0,0,737.31876,0,0.2575585,0.842
7,Liguria,Maschi e femmine,112,0,0,761.94349,0,0.2336696,0.801
7,Liguria,Maschi e femmine,113,0,0,784.75863,0,0.2115273,0.766
7,Liguria,Maschi e femmine,114,0,0,805.72823,0,0.1911609,0.735
7,Liguria,Maschi e femmine,115,0,0,824.85211,0,0.1725682,0.707
7,Liguria,Maschi e femmine,116,0,0,842.16075,0,0.1557201,0.684
7,Liguria,Maschi e femmine,117,0,0,857.70561,0,0.1405683,0.663
7,Liguria,Maschi e femmine,118,0,0,871.56188,0,0.1270437,0.645
7,Liguria,Maschi e femmine,119,0,0,883.81308,0,0.1150686,0.630
7,Liguria,Maschi,0,100000,249,2.48950,99766,0.9998164,80.415
7,Liguria,Maschi,1,99751,7,0.07284,99747,0.9999262,79.614
7,Liguria,Maschi,2,99744,7,0.07473,99740,0.9999268,78.620
7,Liguria,Maschi,3,99736,7,0.07176,99733,0.9999320,77.626
7,Liguria,Maschi,4,99729,6,0.06425,99726,0.9999426,76.631
7,Liguria,Maschi,5,99723,5,0.05050,99720,0.9999587,75.636
7,Liguria,Maschi,6,99718,3,0.03208,99716,0.9999736,74.640
7,Liguria,Maschi,7,99715,2,0.02072,99713,0.9999787,73.642
7,Liguria,Maschi,8,99712,2,0.02194,99711,0.9999636,72.644
7,Liguria,Maschi,9,99710,5,0.05088,99708,0.9999301,71.645
7,Liguria,Maschi,10,99705,9,0.08882,99701,0.9998957,70.649
7,Liguria,Maschi,11,99696,12,0.11980,99690,0.9998836,69.655
7,Liguria,Maschi,12,99684,11,0.11290,99679,0.9998947,68.664
7,Liguria,Maschi,13,99673,10,0.09767,99668,0.9999021,67.671
7,Liguria,Maschi,14,99663,10,0.09804,99659,0.9998732,66.678
7,Liguria,Maschi,15,99654,16,0.15559,99646,0.9998063,65.684
7,Liguria,Maschi,16,99638,23,0.23183,99627,0.9997235,64.694
7,Liguria,Maschi,17,99615,32,0.32115,99599,0.9996600,63.709
7,Liguria,Maschi,18,99583,36,0.35883,99565,0.9996381,62.730
7,Liguria,Maschi,19,99547,36,0.36496,99529,0.9996356,61.752
7,Liguria,Maschi,20,99511,36,0.36382,99493,0.9996385,60.774
7,Liguria,Maschi,21,99475,36,0.35924,99457,0.9996522,59.796
7,Liguria,Maschi,22,99439,33,0.33629,99422,0.9996645,58.818
7,Liguria,Maschi,23,99406,33,0.33477,99389,0.9996651,57.837
7,Liguria,Maschi,24,99372,33,0.33509,99356,0.9996491,56.856
7,Liguria,Maschi,25,99339,36,0.36678,99321,0.9996162,55.875
7,Liguria,Maschi,26,99303,40,0.40084,99283,0.9995958,54.896
7,Liguria,Maschi,27,99263,40,0.40763,99243,0.9995979,53.917
7,Liguria,Maschi,28,99222,39,0.39664,99203,0.9996136,52.939
7,Liguria,Maschi,29,99183,37,0.37609,99164,0.9996321,51.960
7,Liguria,Maschi,30,99146,36,0.35965,99128,0.9996251,50.979
7,Liguria,Maschi,31,99110,39,0.39021,99091,0.9995758,49.997
7,Liguria,Maschi,32,99071,45,0.45828,99049,0.9995062,49.017
7,Liguria,Maschi,33,99026,52,0.52927,99000,0.9994421,48.039
7,Liguria,Maschi,34,98974,58,0.58662,98944,0.9994095,47.064
7,Liguria,Maschi,35,98915,59,0.59443,98886,0.9994141,46.092
7,Liguria,Maschi,36,98857,57,0.57736,98828,0.9994240,45.119
7,Liguria,Maschi,37,98800,57,0.57468,98771,0.9993941,44.144
7,Liguria,Maschi,38,98743,63,0.63723,98711,0.9992994,43.170
7,Liguria,Maschi,39,98680,75,0.76396,98642,0.9991290,42.197
7,Liguria,Maschi,40,98605,96,0.97821,98556,0.9989263,41.229
7,Liguria,Maschi,41,98508,115,1.16928,98450,0.9987270,40.269
7,Liguria,Maschi,42,98393,135,1.37676,98325,0.9985452,39.315
7,Liguria,Maschi,43,98257,151,1.53304,98182,0.9983615,38.369
7,Liguria,Maschi,44,98107,171,1.74410,98021,0.9982185,37.427
7,Liguria,Maschi,45,97936,178,1.81888,97847,0.9981288,36.491
7,Liguria,Maschi,46,97758,188,1.92370,97663,0.9980496,35.557
7,Liguria,Maschi,47,97569,193,1.97717,97473,0.9979522,34.624
7,Liguria,Maschi,48,97377,206,2.11853,97273,0.9978422,33.692
7,Liguria,Maschi,49,97170,213,2.19714,97064,0.9976649,32.762
7,Liguria,Maschi,50,96957,240,2.47338,96837,0.9974208,31.834
7,Liguria,Maschi,51,96717,260,2.68520,96587,0.9970741,30.911
7,Liguria,Maschi,52,96457,305,3.16717,96305,0.9966692,29.993
7,Liguria,Maschi,53,96152,336,3.49499,95984,0.9963139,29.087
7,Liguria,Maschi,54,95816,372,3.87782,95630,0.9959178,28.187
7,Liguria,Maschi,55,95444,409,4.28741,95240,0.9954986,27.295
7,Liguria,Maschi,56,95035,448,4.71634,94811,0.9950794,26.410
7,Liguria,Maschi,57,94587,485,5.12575,94344,0.9946118,25.533
7,Liguria,Maschi,58,94102,532,5.65196,93836,0.9941437,24.662
7,Liguria,Maschi,59,93570,567,6.06180,93286,0.9936803,23.799
7,Liguria,Maschi,60,93003,612,6.57913,92697,0.9931464,22.941
7,Liguria,Maschi,61,92391,659,7.12980,92062,0.9925650,22.090
7,Liguria,Maschi,62,91732,710,7.74243,91377,0.9919733,21.245
7,Liguria,Maschi,63,91022,757,8.31328,90644,0.9913747,20.407
7,Liguria,Maschi,64,90265,807,8.94002,89862,0.9903325,19.574
7,Liguria,Maschi,65,89458,931,10.40156,88993,0.9887784,18.746
7,Liguria,Maschi,66,88528,1067,12.05021,87994,0.9873014,17.938
7,Liguria,Maschi,67,87461,1168,13.35498,86877,0.9858924,17.150
7,Liguria,Maschi,68,86293,1283,14.87048,85651,0.9842741,16.376
7,Liguria,Maschi,69,85010,1411,16.59418,84304,0.9822785,15.615
7,Liguria,Maschi,70,83599,1577,18.86781,82810,0.9798552,14.870
7,Liguria,Maschi,71,82022,1759,21.44642,81142,0.9775017,14.147
7,Liguria,Maschi,72,80263,1892,23.57319,79317,0.9759945,13.446
7,Liguria,Maschi,73,78371,1916,24.44828,77413,0.9747240,12.758
7,Liguria,Maschi,74,76455,1997,26.12442,75456,0.9726470,12.066
7,Liguria,Maschi,75,74457,2131,28.61451,73392,0.9693383,11.376
7,Liguria,Maschi,76,72327,2370,32.76917,71142,0.9643900,10.696
7,Liguria,Maschi,77,69957,2697,38.54705,68608,0.9593072,10.042
7,Liguria,Maschi,78,67260,2887,42.92451,65816,0.9543202,9.424
7,Liguria,Maschi,79,64373,3126,48.55857,62810,0.9486128,8.824
7,Liguria,Maschi,80,61247,3329,54.36029,59582,0.9424797,8.249
7,Liguria,Maschi,81,57918,3525,60.86202,56155,0.9355847,7.695
7,Liguria,Maschi,82,54393,3710,68.19876,52538,0.9282108,7.161
7,Liguria,Maschi,83,50683,3834,75.64235,48766,0.9204405,6.649
7,Liguria,Maschi,84,46849,3926,83.79715,44886,0.9108946,6.152
7,Liguria,Maschi,85,42924,4073,94.89921,40887,0.8994379,5.669
7,Liguria,Maschi,86,38850,4150,106.81879,36775,0.8853229,5.211
7,Liguria,Maschi,87,34700,4285,123.47531,32558,0.8690653,4.774
7,Liguria,Maschi,88,30416,4241,139.44483,28295,0.8512745,4.376
7,Liguria,Maschi,89,26174,4175,159.50993,24087,0.8319113,4.004
7,Liguria,Maschi,90,21999,3922,178.29565,20038,0.8099086,3.669
7,Liguria,Maschi,91,18077,3696,204.44669,16229,0.7867519,3.357
7,Liguria,Maschi,92,14381,3226,224.31129,12768,0.7653277,3.091
7,Liguria,Maschi,93,11155,2767,248.02942,9772,0.7341186,2.840
7,Liguria,Maschi,94,8388,2429,289.62177,7174,0.7003110,2.612
7,Liguria,Maschi,95,5959,1870,313.86067,5024,0.6788570,2.473
7,Liguria,Maschi,96,4089,1356,331.75652,3410,0.6682297,2.376
7,Liguria,Maschi,97,2732,907,331.79095,2279,0.6698642,2.307
7,Liguria,Maschi,98,1826,598,327.65873,1527,0.6689867,2.204
7,Liguria,Maschi,99,1227,412,336.00264,1021,0.6495086,2.034
7,Liguria,Maschi,100,815,303,372.31200,663,0.5992854,1.811
7,Liguria,Maschi,101,512,228,445.96405,398,0.5420444,1.588
7,Liguria,Maschi,102,283,136,479.59955,215,0.5087566,1.464
7,Liguria,Maschi,103,148,76,513.61823,110,0.4752238,1.352
7,Liguria,Maschi,104,72,39,547.71699,52,0.4417375,1.252
7,Liguria,Maschi,105,32,19,581.57864,23,0.4085944,1.162
7,Liguria,Maschi,106,14,8,614.89128,9,0.3760837,1.082
7,Liguria,Maschi,107,5,3,647.35137,4,0.3444803,1.010
7,Liguria,Maschi,108,2,1,678.68269,1,0.3140336,0.947
7,Liguria,Maschi,109,1,0,708.63478,0,0.2849659,0.891
7,Liguria,Maschi,110,0,0,736.99728,0,0.2574630,0.841
7,Liguria,Maschi,111,0,0,763.60027,0,0.2316733,0.798
7,Liguria,Maschi,112,0,0,788.31992,0,0.2077052,0.760
7,Liguria,Maschi,113,0,0,811.07250,0,0.1856309,0.726
7,Liguria,Maschi,114,0,0,831.81791,0,0.1654850,0.697
7,Liguria,Maschi,115,0,0,850.55173,0,0.1472701,0.672
7,Liguria,Maschi,116,0,0,867.30464,0,0.1309583,0.650
7,Liguria,Maschi,117,0,0,882.13260,0,0.1164985,0.631
7,Liguria,Maschi,118,0,0,895.11545,0,0.1038182,0.616
7,Liguria,Maschi,119,0,0,906.34835,0,0.0928304,0.602
7,Liguria,Femmine,0,100000,235,2.35264,99779,0.9997826,84.664
7,Liguria,Femmine,1,99765,16,0.15662,99757,0.9998712,83.863
7,Liguria,Femmine,2,99749,10,0.10105,99744,0.9999199,82.876
7,Liguria,Femmine,3,99739,6,0.05913,99736,0.9999537,81.884
7,Liguria,Femmine,4,99733,3,0.03338,99731,0.9999685,80.889
7,Liguria,Femmine,5,99730,3,0.02953,99728,0.9999643,79.892
7,Liguria,Femmine,6,99727,4,0.04180,99725,0.9999521,78.894
7,Liguria,Femmine,7,99723,5,0.05407,99720,0.9999423,77.897
7,Liguria,Femmine,8,99717,6,0.06143,99714,0.9999400,76.901
7,Liguria,Femmine,9,99711,6,0.05866,99708,0.9999422,75.906
7,Liguria,Femmine,10,99705,6,0.05692,99702,0.9999410,74.910
7,Liguria,Femmine,11,99700,6,0.06112,99697,0.9999330,73.915
7,Liguria,Femmine,12,99694,7,0.07291,99690,0.9999191,72.919
7,Liguria,Femmine,13,99686,9,0.08886,99682,0.9999063,71.924
7,Liguria,Femmine,14,99677,10,0.09844,99673,0.9998924,70.931
7,Liguria,Femmine,15,99668,12,0.11671,99662,0.9998710,69.938
7,Liguria,Femmine,16,99656,14,0.14136,99649,0.9998470,68.946
7,Liguria,Femmine,17,99642,16,0.16459,99634,0.9998316,67.956
7,Liguria,Femmine,18,99625,17,0.17228,99617,0.9998346,66.967
7,Liguria,Femmine,19,99608,16,0.15851,99600,0.9998524,65.978
7,Liguria,Femmine,20,99593,14,0.13661,99586,0.9998707,64.988
7,Liguria,Femmine,21,99579,12,0.12208,99573,0.9998793,63.997
7,Liguria,Femmine,22,99567,12,0.11927,99561,0.9998812,63.005
7,Liguria,Femmine,23,99555,12,0.11827,99549,0.9998831,62.012
7,Liguria,Femmine,24,99543,12,0.11554,99537,0.9998885,61.020
7,Liguria,Femmine,25,99532,11,0.10747,99526,0.9998947,60.027
7,Liguria,Femmine,26,99521,10,0.10321,99516,0.9998929,59.033
7,Liguria,Femmine,27,99511,11,0.11090,99505,0.9998780,58.039
7,Liguria,Femmine,28,99500,13,0.13304,99493,0.9998470,57.046
7,Liguria,Femmine,29,99486,17,0.17289,99478,0.9997998,56.053
7,Liguria,Femmine,30,99469,23,0.22741,99458,0.9997401,55.063
7,Liguria,Femmine,31,99447,29,0.29242,99432,0.9996784,54.075
7,Liguria,Femmine,32,99417,35,0.35082,99400,0.9996237,53.091
7,Liguria,Femmine,33,99383,40,0.40171,99363,0.9995801,52.109
7,Liguria,Femmine,34,99343,44,0.43815,99321,0.9995425,51.130
7,Liguria,Femmine,35,99299,47,0.47678,99275,0.9995102,50.152
7,Liguria,Femmine,36,99252,50,0.50282,99227,0.9994856,49.176
7,Liguria,Femmine,37,99202,52,0.52590,99176,0.9994668,48.200
7,Liguria,Femmine,38,99150,54,0.54041,99123,0.9994354,47.225
7,Liguria,Femmine,39,99096,58,0.58874,99067,0.9993865,46.251
7,Liguria,Femmine,40,99038,63,0.63823,99006,0.9993276,45.278
7,Liguria,Femmine,41,98975,70,0.70662,98940,0.9992852,44.306
7,Liguria,Femmine,42,98905,72,0.72295,98869,0.9992706,43.337
7,Liguria,Femmine,43,98833,73,0.73577,98797,0.9992485,42.368
7,Liguria,Femmine,44,98760,76,0.76722,98723,0.9991837,41.399
7,Liguria,Femmine,45,98685,85,0.86534,98642,0.9990302,40.430
7,Liguria,Femmine,46,98599,106,1.07426,98546,0.9988346,39.465
7,Liguria,Femmine,47,98493,124,1.25655,98431,0.9986733,38.507
7,Liguria,Femmine,48,98370,137,1.39684,98301,0.9985300,37.555
7,Liguria,Femmine,49,98232,152,1.54329,98156,0.9983901,36.607
7,Liguria,Femmine,50,98081,164,1.67655,97998,0.9982678,35.662
7,Liguria,Femmine,51,97916,175,1.78789,97829,0.9982094,34.721
7,Liguria,Femmine,52,97741,175,1.79331,97653,0.9982223,33.783
7,Liguria,Femmine,53,97566,172,1.76213,97480,0.9981689,32.843
7,Liguria,Femmine,54,97394,185,1.90016,97301,0.9979118,31.900
7,Liguria,Femmine,55,97209,221,2.27656,97098,0.9975043,30.959
7,Liguria,Femmine,56,96988,263,2.71526,96856,0.9970775,30.029
7,Liguria,Femmine,57,96724,303,3.13029,96573,0.9967921,29.109
7,Liguria,Femmine,58,96421,317,3.28576,96263,0.9966670,28.199
7,Liguria,Femmine,59,96105,325,3.38030,95942,0.9964940,27.290
7,Liguria,Femmine,60,95780,348,3.63209,95606,0.9962099,26.381
7,Liguria,Femmine,61,95432,377,3.94868,95243,0.9958883,25.476
7,Liguria,Femmine,62,95055,406,4.27539,94852,0.9954132,24.575
7,Liguria,Femmine,63,94649,464,4.89960,94417,0.9947513,23.678
7,Liguria,Femmine,64,94185,527,5.59947,93921,0.9941550,22.792
7,Liguria,Femmine,65,93657,571,6.09199,93372,0.9934679,21.918
7,Liguria,Femmine,66,93087,649,6.97489,92762,0.9928158,21.049
7,Liguria,Femmine,67,92438,684,7.39501,92096,0.9922563,20.193
7,Liguria,Femmine,68,91754,743,8.09498,91383,0.9915568,19.340
7,Liguria,Femmine,69,91011,800,8.79432,90611,0.9906774,18.494
7,Liguria,Femmine,70,90211,889,9.85559,89766,0.9894748,17.653
7,Liguria,Femmine,71,89322,1001,11.20156,88822,0.9881030,16.824
7,Liguria,Femmine,72,88321,1113,12.60030,87765,0.9865663,16.009
7,Liguria,Femmine,73,87208,1245,14.27767,86586,0.9850540,15.207
7,Liguria,Femmine,74,85963,1343,15.62394,85292,0.9836612,14.420
7,Liguria,Femmine,75,84620,1444,17.06495,83898,0.9820106,13.641
7,Liguria,Femmine,76,83176,1575,18.92991,82389,0.9793393,12.869
7,Liguria,Femmine,77,81602,1830,22.42486,80687,0.9757639,12.108
7,Liguria,Femmine,78,79772,2081,26.08881,78731,0.9714030,11.374
7,Liguria,Femmine,79,77691,2422,31.17233,76480,0.9669517,10.665
7,Liguria,Femmine,80,75269,2633,34.98470,73952,0.9628020,9.992
7,Liguria,Femmine,81,72636,2868,39.49163,71201,0.9587612,9.337
7,Liguria,Femmine,82,69767,3004,43.05780,68265,0.9541365,8.700
7,Liguria,Femmine,83,66763,3258,48.79546,65134,0.9472983,8.069
7,Liguria,Femmine,84,63505,3608,56.80834,61701,0.9382430,7.457
7,Liguria,Femmine,85,59898,4013,67.00377,57891,0.9285932,6.876
7,Liguria,Femmine,86,55884,4254,76.12609,53757,0.9182790,6.334
7,Liguria,Femmine,87,51630,4532,87.77699,49364,0.9055692,5.815
7,Liguria,Femmine,88,47098,4791,101.72485,44703,0.8907192,5.326
7,Liguria,Femmine,89,42307,4979,117.69253,39817,0.8732110,4.873
7,Liguria,Femmine,90,37328,5118,137.09895,34769,0.8553675,4.456
7,Liguria,Femmine,91,32210,4940,153.36296,29740,0.8390692,4.085
7,Liguria,Femmine,92,27270,4632,169.86950,24954,0.8200811,3.734
7,Liguria,Femmine,93,22638,4347,192.02475,20464,0.7946122,3.396
7,Liguria,Femmine,94,18291,4059,221.92682,16261,0.7647194,3.084
7,Liguria,Femmine,95,14232,3593,252.44322,12435,0.7369631,2.821
7,Liguria,Femmine,96,10639,2949,277.20793,9164,0.7132913,2.604
7,Liguria,Femmine,97,7690,2306,299.85326,6537,0.6913911,2.411
7,Liguria,Femmine,98,5384,1729,321.11434,4520,0.6688846,2.230
7,Liguria,Femmine,99,3655,1264,345.84688,3023,0.6415456,2.048
7,Liguria,Femmine,100,2391,903,377.72750,1939,0.6059709,1.867
7,Liguria,Femmine,101,1488,625,420.22604,1175,0.5678370,1.697
7,Liguria,Femmine,102,863,391,452.75203,667,0.5355731,1.564
7,Liguria,Femmine,103,472,229,485.76067,357,0.5029634,1.445
7,Liguria,Femmine,104,243,126,518.96396,180,0.4702855,1.338
7,Liguria,Femmine,105,117,64,552.06316,85,0.4378214,1.242
7,Liguria,Femmine,106,52,31,584.76078,37,0.4058491,1.156
7,Liguria,Femmine,107,22,13,616.76483,15,0.3746351,1.079
7,Liguria,Femmine,108,8,5,647.80571,6,0.3444231,1.011
7,Liguria,Femmine,109,3,2,677.64211,2,0.3154297,0.950
7,Liguria,Femmine,110,1,1,706.06264,1,0.2878416,0.897
7,Liguria,Femmine,111,0,0,732.89682,0,0.2618080,0.849
7,Liguria,Femmine,112,0,0,758.01639,0,0.2374410,0.808
7,Liguria,Femmine,113,0,0,781.33149,0,0.2148178,0.771
7,Liguria,Femmine,114,0,0,802.79196,0,0.1939807,0.739
7,Liguria,Femmine,115,0,0,822.38463,0,0.1749391,0.711
7,Liguria,Femmine,116,0,0,840.12845,0,0.1576748,0.686
7,Liguria,Femmine,117,0,0,856.06579,0,0.1421475,0.665
7,Liguria,Femmine,118,0,0,870.26601,0,0.1282935,0.647
7,Liguria,Femmine,119,0,0,882.80977,0,0.1160379,0.631
8,Emilia-Romagna,Maschi e femmine,0,100000,208,2.07592,99805,0.9998085,83.259
8,Emilia-Romagna,Maschi e femmine,1,99792,14,0.13757,99786,0.9998569,82.431
8,Emilia-Romagna,Maschi e femmine,2,99779,15,0.14869,99771,0.9998549,81.442
8,Emilia-Romagna,Maschi e femmine,3,99764,14,0.14155,99757,0.9998662,80.454
8,Emilia-Romagna,Maschi e femmine,4,99750,13,0.12609,99743,0.9998858,79.466
8,Emilia-Romagna,Maschi e femmine,5,99737,10,0.10224,99732,0.9999031,78.476
8,Emilia-Romagna,Maschi e femmine,6,99727,9,0.09152,99722,0.9999094,77.484
8,Emilia-Romagna,Maschi e femmine,7,99718,9,0.08973,99713,0.9999135,76.491
8,Emilia-Romagna,Maschi e femmine,8,99709,8,0.08324,99705,0.9999208,75.498
8,Emilia-Romagna,Maschi e femmine,9,99701,7,0.07508,99697,0.9999279,74.504
8,Emilia-Romagna,Maschi e femmine,10,99693,7,0.06915,99690,0.9999320,73.509
8,Emilia-Romagna,Maschi e femmine,11,99686,7,0.06685,99683,0.9999284,72.514
8,Emilia-Romagna,Maschi e femmine,12,99680,8,0.07630,99676,0.9999157,71.519
8,Emilia-Romagna,Maschi e femmine,13,99672,9,0.09237,99667,0.9998999,70.525
8,Emilia-Romagna,Maschi e femmine,14,99663,11,0.10778,99657,0.9998825,69.531
8,Emilia-Romagna,Maschi e femmine,15,99652,13,0.12719,99646,0.9998560,68.538
8,Emilia-Romagna,Maschi e femmine,16,99639,16,0.16075,99631,0.9998234,67.547
8,Emilia-Romagna,Maschi e femmine,17,99623,19,0.19255,99614,0.9997911,66.558
8,Emilia-Romagna,Maschi e femmine,18,99604,22,0.22525,99593,0.9997534,65.571
8,Emilia-Romagna,Maschi e femmine,19,99582,27,0.26786,99568,0.9997156,64.585
8,Emilia-Romagna,Maschi e femmine,20,99555,30,0.30094,99540,0.9996877,63.602
8,Emilia-Romagna,Maschi e femmine,21,99525,32,0.32375,99509,0.9996729,62.621
8,Emilia-Romagna,Maschi e femmine,22,99493,33,0.33043,99476,0.9996716,61.642
8,Emilia-Romagna,Maschi e femmine,23,99460,32,0.32646,99444,0.9996842,60.662
8,Emilia-Romagna,Maschi e femmine,24,99427,30,0.30509,99412,0.9997023,59.681
8,Emilia-Romagna,Maschi e femmine,25,99397,29,0.29027,99383,0.9997132,58.700
8,Emilia-Romagna,Maschi e femmine,26,99368,28,0.28340,99354,0.9997142,57.716
8,Emilia-Romagna,Maschi e femmine,27,99340,29,0.28819,99326,0.9997118,56.733
8,Emilia-Romagna,Maschi e femmine,28,99311,29,0.28827,99297,0.9997024,55.749
8,Emilia-Romagna,Maschi e femmine,29,99283,30,0.30700,99268,0.9996856,54.765
8,Emilia-Romagna,Maschi e femmine,30,99252,32,0.32190,99236,0.9996692,53.781
8,Emilia-Romagna,Maschi e femmine,31,99220,34,0.33976,99204,0.9996537,52.799
8,Emilia-Romagna,Maschi e femmine,32,99187,35,0.35289,99169,0.9996294,51.816
8,Emilia-Romagna,Maschi e femmine,33,99152,39,0.38837,99132,0.9995922,50.834
8,Emilia-Romagna,Maschi e femmine,34,99113,42,0.42719,99092,0.9995473,49.854
8,Emilia-Romagna,Maschi e femmine,35,99071,47,0.47815,99047,0.9995073,48.875
8,Emilia-Romagna,Maschi e femmine,36,99023,50,0.50721,98998,0.9994770,47.898
8,Emilia-Romagna,Maschi e femmine,37,98973,53,0.53876,98947,0.9994467,46.922
8,Emilia-Romagna,Maschi e femmine,38,98920,56,0.56780,98892,0.9994128,45.947
8,Emilia-Romagna,Maschi e femmine,39,98864,60,0.60666,98834,0.9993634,44.973
8,Emilia-Romagna,Maschi e femmine,40,98804,66,0.66655,98771,0.9992948,44.000
8,Emilia-Romagna,Maschi e femmine,41,98738,73,0.74396,98701,0.9992143,43.029
8,Emilia-Romagna,Maschi e femmine,42,98664,82,0.82749,98624,0.9991141,42.061
8,Emilia-Romagna,Maschi e femmine,43,98583,93,0.94444,98536,0.9990017,41.095
8,Emilia-Romagna,Maschi e femmine,44,98490,104,1.05215,98438,0.9988966,40.134
8,Emilia-Romagna,Maschi e femmine,45,98386,114,1.15463,98329,0.9987891,39.175
8,Emilia-Romagna,Maschi e femmine,46,98273,125,1.26723,98210,0.9986852,38.220
8,Emilia-Romagna,Maschi e femmine,47,98148,134,1.36238,98081,0.9986132,37.268
8,Emilia-Romagna,Maschi e femmine,48,98014,138,1.41132,97945,0.9985640,36.318
8,Emilia-Romagna,Maschi e femmine,49,97876,143,1.46076,97804,0.9985113,35.369
8,Emilia-Romagna,Maschi e femmine,50,97733,148,1.51668,97659,0.9983797,34.420
8,Emilia-Romagna,Maschi e femmine,51,97585,168,1.72401,97501,0.9981444,33.471
8,Emilia-Romagna,Maschi e femmine,52,97416,194,1.98740,97320,0.9978349,32.528
8,Emilia-Romagna,Maschi e femmine,53,97223,228,2.34321,97109,0.9974955,31.592
8,Emilia-Romagna,Maschi e femmine,54,96995,259,2.66608,96866,0.9972204,30.665
8,Emilia-Romagna,Maschi e femmine,55,96736,280,2.89348,96597,0.9970231,29.746
8,Emilia-Romagna,Maschi e femmine,56,96457,295,3.06053,96309,0.9967689,28.831
8,Emilia-Romagna,Maschi e femmine,57,96161,327,3.40223,95998,0.9964398,27.917
8,Emilia-Romagna,Maschi e femmine,58,95834,356,3.71864,95656,0.9960681,27.011
8,Emilia-Romagna,Maschi e femmine,59,95478,396,4.14604,95280,0.9956341,26.110
8,Emilia-Romagna,Maschi e femmine,60,95082,436,4.58661,94864,0.9951498,25.217
8,Emilia-Romagna,Maschi e femmine,61,94646,484,5.11504,94404,0.9946480,24.331
8,Emilia-Romagna,Maschi e femmine,62,94162,526,5.59021,93899,0.9941607,23.453
8,Emilia-Romagna,Maschi e femmine,63,93635,570,6.08979,93350,0.9935273,22.582
8,Emilia-Romagna,Maschi e femmine,64,93065,638,6.85789,92746,0.9927978,21.717
8,Emilia-Romagna,Maschi e femmine,65,92427,698,7.54884,92078,0.9921895,20.864
8,Emilia-Romagna,Maschi e femmine,66,91729,741,8.07412,91359,0.9914416,20.019
8,Emilia-Romagna,Maschi e femmine,67,90989,823,9.04668,90577,0.9905071,19.178
8,Emilia-Romagna,Maschi e femmine,68,90165,897,9.94317,89717,0.9894791,18.348
8,Emilia-Romagna,Maschi e femmine,69,89269,991,11.10434,88773,0.9882303,17.527
8,Emilia-Romagna,Maschi e femmine,70,88278,1098,12.44249,87728,0.9867296,16.719
8,Emilia-Romagna,Maschi e femmine,71,87179,1230,14.10879,86564,0.9852457,15.923
8,Emilia-Romagna,Maschi e femmine,72,85949,1324,15.40900,85287,0.9837804,15.144
8,Emilia-Romagna,Maschi e femmine,73,84625,1442,17.04297,83904,0.9820997,14.373
8,Emilia-Romagna,Maschi e femmine,74,83183,1562,18.77257,82402,0.9801256,13.613
8,Emilia-Romagna,Maschi e femmine,75,81621,1714,20.99733,80764,0.9778570,12.864
8,Emilia-Romagna,Maschi e femmine,76,79907,1863,23.31325,78976,0.9749066,12.129
8,Emilia-Romagna,Maschi e femmine,77,78044,2101,26.91595,76994,0.9714046,11.407
8,Emilia-Romagna,Maschi e femmine,78,75944,2303,30.32135,74792,0.9674076,10.709
8,Emilia-Romagna,Maschi e femmine,79,73641,2573,34.93455,72355,0.9622892,10.028
8,Emilia-Romagna,Maschi e femmine,80,71068,2884,40.58754,69626,0.9569230,9.373
8,Emilia-Romagna,Maschi e femmine,81,68184,3114,45.67177,66627,0.9519929,8.748
8,Emilia-Romagna,Maschi e femmine,82,65070,3283,50.45421,63428,0.9468530,8.143
8,Emilia-Romagna,Maschi e femmine,83,61787,3459,55.98284,60057,0.9398988,7.549
8,Emilia-Romagna,Maschi e femmine,84,58328,3760,64.46387,56448,0.9302559,6.967
8,Emilia-Romagna,Maschi e femmine,85,54568,4114,75.38820,52511,0.9181065,6.413
8,Emilia-Romagna,Maschi e femmine,86,50454,4487,88.92920,48211,0.9052304,5.895
8,Emilia-Romagna,Maschi e femmine,87,45967,4651,101.17998,43642,0.8922646,5.421
8,Emilia-Romagna,Maschi e femmine,88,41316,4753,115.02873,38940,0.8774419,4.975
8,Emilia-Romagna,Maschi e femmine,89,36564,4792,131.06612,34167,0.8613273,4.557
8,Emilia-Romagna,Maschi e femmine,90,31771,4684,147.42668,29429,0.8431789,4.169
8,Emilia-Romagna,Maschi e femmine,91,27087,4546,167.84002,24814,0.8210607,3.804
8,Emilia-Romagna,Maschi e femmine,92,22541,4334,192.27723,20374,0.7990075,3.470
8,Emilia-Romagna,Maschi e femmine,93,18207,3856,211.78237,16279,0.7747104,3.177
8,Emilia-Romagna,Maschi e femmine,94,14351,3479,242.42595,12611,0.7462783,2.896
8,Emilia-Romagna,Maschi e femmine,95,10872,2921,268.63207,9412,0.7213637,2.663
8,Emilia-Romagna,Maschi e femmine,96,7951,2324,292.31506,6789,0.6969302,2.458
8,Emilia-Romagna,Maschi e femmine,97,5627,1791,318.26676,4732,0.6707595,2.266
8,Emilia-Romagna,Maschi e femmine,98,3836,1325,345.33724,3174,0.6435871,2.091
8,Emilia-Romagna,Maschi e femmine,99,2511,938,373.33095,2043,0.6152032,1.930
8,Emilia-Romagna,Maschi e femmine,100,1574,634,403.09340,1257,0.5856879,1.782
8,Emilia-Romagna,Maschi e femmine,101,939,407,433.10684,736,0.5554786,1.647
8,Emilia-Romagna,Maschi e femmine,102,533,247,464.65661,409,0.5242321,1.524
8,Emilia-Romagna,Maschi e femmine,103,285,142,496.52342,214,0.4927833,1.412
8,Emilia-Romagna,Maschi e femmine,104,144,76,528.45550,106,0.4613725,1.312
8,Emilia-Romagna,Maschi e femmine,105,68,38,560.19927,49,0.4302366,1.221
8,Emilia-Romagna,Maschi e femmine,106,30,18,591.50991,21,0.3996035,1.140
8,Emilia-Romagna,Maschi e femmine,107,12,8,622.15122,8,0.3696886,1.068
8,Emilia-Romagna,Maschi e femmine,108,5,3,651.90766,3,0.3406876,1.003
8,Emilia-Romagna,Maschi e femmine,109,2,1,680.58458,1,0.3127768,0.945
8,Emilia-Romagna,Maschi e femmine,110,1,0,708.00667,0,0.2861131,0.893
8,Emilia-Romagna,Maschi e femmine,111,0,0,734.02498,0,0.2608292,0.848
8,Emilia-Romagna,Maschi e femmine,112,0,0,758.51789,0,0.2370336,0.807
8,Emilia-Romagna,Maschi e femmine,113,0,0,781.38831,0,0.2148122,0.771
8,Emilia-Romagna,Maschi e femmine,114,0,0,802.56814,0,0.1942248,0.739
8,Emilia-Romagna,Maschi e femmine,115,0,0,822.01935,0,0.1753042,0.711
8,Emilia-Romagna,Maschi e femmine,116,0,0,839.73342,0,0.1580575,0.687
8,Emilia-Romagna,Maschi e femmine,117,0,0,855.72606,0,0.1424688,0.665
8,Emilia-Romagna,Maschi e femmine,118,0,0,870.04326,0,0.1284957,0.647
8,Emilia-Romagna,Maschi e femmine,119,0,0,882.74683,0,0.1160805,0.631
8,Emilia-Romagna,Maschi,0,100000,222,2.22431,99791,0.9997586,81.404
8,Emilia-Romagna,Maschi,1,99778,22,0.21980,99767,0.9997918,80.584
8,Emilia-Romagna,Maschi,2,99756,20,0.19665,99746,0.9998157,79.601
8,Emilia-Romagna,Maschi,3,99736,17,0.17193,99727,0.9998402,78.617
8,Emilia-Romagna,Maschi,4,99719,15,0.14757,99712,0.9998660,77.630
8,Emilia-Romagna,Maschi,5,99704,12,0.12049,99698,0.9998876,76.642
8,Emilia-Romagna,Maschi,6,99692,10,0.10440,99687,0.9999015,75.651
8,Emilia-Romagna,Maschi,7,99682,9,0.09263,99677,0.9999162,74.659
8,Emilia-Romagna,Maschi,8,99673,7,0.07501,99669,0.9999305,73.666
8,Emilia-Romagna,Maschi,9,99665,6,0.06403,99662,0.9999383,72.671
8,Emilia-Romagna,Maschi,10,99659,6,0.05932,99656,0.9999402,71.676
8,Emilia-Romagna,Maschi,11,99653,6,0.06031,99650,0.9999324,70.680
8,Emilia-Romagna,Maschi,12,99647,7,0.07486,99643,0.9999112,69.684
8,Emilia-Romagna,Maschi,13,99639,10,0.10270,99634,0.9998836,68.689
8,Emilia-Romagna,Maschi,14,99629,13,0.13014,99623,0.9998519,67.697
8,Emilia-Romagna,Maschi,15,99616,17,0.16601,99608,0.9998110,66.705
8,Emilia-Romagna,Maschi,16,99600,21,0.21208,99589,0.9997652,65.716
8,Emilia-Romagna,Maschi,17,99578,26,0.25743,99566,0.9997184,64.730
8,Emilia-Romagna,Maschi,18,99553,30,0.30578,99538,0.9996610,63.747
8,Emilia-Romagna,Maschi,19,99522,37,0.37224,99504,0.9995982,62.766
8,Emilia-Romagna,Maschi,20,99485,43,0.43143,99464,0.9995444,61.789
8,Emilia-Romagna,Maschi,21,99442,48,0.47988,99419,0.9995119,60.816
8,Emilia-Romagna,Maschi,22,99395,49,0.49628,99370,0.9994993,59.845
8,Emilia-Romagna,Maschi,23,99345,50,0.50518,99320,0.9995038,58.874
8,Emilia-Romagna,Maschi,24,99295,48,0.48716,99271,0.9995226,57.904
8,Emilia-Romagna,Maschi,25,99247,46,0.46754,99224,0.9995405,56.932
8,Emilia-Romagna,Maschi,26,99200,45,0.45138,99178,0.9995522,55.958
8,Emilia-Romagna,Maschi,27,99156,44,0.44418,99134,0.9995639,54.983
8,Emilia-Romagna,Maschi,28,99112,42,0.42800,99090,0.9995621,54.007
8,Emilia-Romagna,Maschi,29,99069,44,0.44784,99047,0.9995415,53.030
8,Emilia-Romagna,Maschi,30,99025,46,0.46920,99002,0.9995223,52.054
8,Emilia-Romagna,Maschi,31,98978,48,0.48616,98954,0.9995136,51.078
8,Emilia-Romagna,Maschi,32,98930,48,0.48673,98906,0.9995050,50.102
8,Emilia-Romagna,Maschi,33,98882,50,0.50327,98857,0.9994791,49.127
8,Emilia-Romagna,Maschi,34,98832,53,0.53857,98806,0.9994267,48.151
8,Emilia-Romagna,Maschi,35,98779,60,0.60796,98749,0.9993656,47.177
8,Emilia-Romagna,Maschi,36,98719,65,0.66091,98686,0.9993139,46.205
8,Emilia-Romagna,Maschi,37,98654,70,0.71130,98619,0.9992826,45.235
8,Emilia-Romagna,Maschi,38,98584,71,0.72352,98548,0.9992724,44.267
8,Emilia-Romagna,Maschi,39,98512,72,0.73163,98476,0.9992484,43.299
8,Emilia-Romagna,Maschi,40,98440,76,0.77155,98402,0.9991725,42.330
8,Emilia-Romagna,Maschi,41,98364,87,0.88355,98321,0.9990449,41.363
8,Emilia-Romagna,Maschi,42,98277,101,1.02667,98227,0.9988723,40.399
8,Emilia-Romagna,Maschi,43,98176,121,1.22880,98116,0.9987112,39.440
8,Emilia-Romagna,Maschi,44,98056,132,1.34892,97990,0.9986211,38.488
8,Emilia-Romagna,Maschi,45,97923,138,1.40897,97854,0.9985432,37.539
8,Emilia-Romagna,Maschi,46,97786,147,1.50469,97712,0.9984248,36.591
8,Emilia-Romagna,Maschi,47,97638,161,1.64588,97558,0.9983253,35.646
8,Emilia-Romagna,Maschi,48,97478,166,1.70353,97395,0.9982601,34.703
8,Emilia-Romagna,Maschi,49,97312,173,1.77634,97225,0.9981959,33.762
8,Emilia-Romagna,Maschi,50,97139,178,1.83186,97050,0.9980470,32.821
8,Emilia-Romagna,Maschi,51,96961,201,2.07436,96860,0.9977426,31.880
8,Emilia-Romagna,Maschi,52,96760,236,2.44083,96642,0.9972858,30.946
8,Emilia-Romagna,Maschi,53,96524,288,2.98828,96379,0.9968596,30.020
8,Emilia-Romagna,Maschi,54,96235,317,3.29296,96077,0.9965968,29.109
8,Emilia-Romagna,Maschi,55,95918,337,3.51385,95750,0.9963977,28.203
8,Emilia-Romagna,Maschi,56,95581,353,3.69113,95405,0.9961047,27.301
8,Emilia-Romagna,Maschi,57,95228,390,4.10015,95033,0.9957042,26.400
8,Emilia-Romagna,Maschi,58,94838,426,4.49231,94625,0.9952130,25.507
8,Emilia-Romagna,Maschi,59,94412,480,5.08296,94172,0.9945924,24.620
8,Emilia-Romagna,Maschi,60,93932,539,5.73384,93663,0.9938097,23.743
8,Emilia-Romagna,Maschi,61,93393,621,6.64948,93083,0.9929950,22.877
8,Emilia-Romagna,Maschi,62,92772,683,7.36290,92431,0.9923244,22.027
8,Emilia-Romagna,Maschi,63,92089,736,7.99066,91721,0.9915691,21.186
8,Emilia-Romagna,Maschi,64,91353,811,8.87477,90948,0.9908333,20.353
8,Emilia-Romagna,Maschi,65,90543,857,9.46121,90114,0.9902448,19.531
8,Emilia-Romagna,Maschi,66,89686,902,10.05210,89235,0.9892961,18.712
8,Emilia-Romagna,Maschi,67,88784,1009,11.36231,88280,0.9881153,17.897
8,Emilia-Romagna,Maschi,68,87776,1090,12.41310,87231,0.9868026,17.097
8,Emilia-Romagna,Maschi,69,86686,1213,13.99163,86080,0.9851640,16.306
8,Emilia-Romagna,Maschi,70,85473,1341,15.69237,84803,0.9831317,15.530
8,Emilia-Romagna,Maschi,71,84132,1520,18.06295,83372,0.9811270,14.770
8,Emilia-Romagna,Maschi,72,82612,1627,19.69796,81799,0.9794301,14.032
8,Emilia-Romagna,Maschi,73,80985,1738,21.45944,80116,0.9776844,13.304
8,Emilia-Romagna,Maschi,74,79247,1838,23.19044,78328,0.9755313,12.585
8,Emilia-Romagna,Maschi,75,77409,1995,25.77728,76412,0.9729155,11.872
8,Emilia-Romagna,Maschi,76,75414,2144,28.42638,74342,0.9691339,11.173
8,Emilia-Romagna,Maschi,77,73270,2446,33.37726,72047,0.9646070,10.485
8,Emilia-Romagna,Maschi,78,70825,2654,37.47830,69497,0.9600454,9.830
8,Emilia-Romagna,Maschi,79,68170,2899,42.52736,66721,0.9543427,9.193
8,Emilia-Romagna,Maschi,80,65271,3193,48.92621,63674,0.9480634,8.579
8,Emilia-Romagna,Maschi,81,62078,3421,55.10187,60367,0.9422213,7.995
8,Emilia-Romagna,Maschi,82,58657,3555,60.61163,56879,0.9362873,7.432
8,Emilia-Romagna,Maschi,83,55102,3693,67.01394,53255,0.9283478,6.879
8,Emilia-Romagna,Maschi,84,51409,3939,76.62353,49440,0.9177600,6.337
8,Emilia-Romagna,Maschi,85,47470,4193,88.32247,45374,0.9041528,5.822
8,Emilia-Romagna,Maschi,86,43277,4505,104.10089,41025,0.8891124,5.337
8,Emilia-Romagna,Maschi,87,38772,4593,118.46283,36476,0.8748270,4.899
8,Emilia-Romagna,Maschi,88,34179,4538,132.78482,31910,0.8599888,4.491
8,Emilia-Romagna,Maschi,89,29641,4397,148.34409,27442,0.8421550,4.102
8,Emilia-Romagna,Maschi,90,25244,4266,169.00077,23111,0.8198853,3.729
8,Emilia-Romagna,Maschi,91,20977,4059,193.48889,18948,0.7940359,3.386
8,Emilia-Romagna,Maschi,92,16919,3746,221.43232,15045,0.7701912,3.078
8,Emilia-Romagna,Maschi,93,13172,3169,240.56760,11588,0.7435175,2.811
8,Emilia-Romagna,Maschi,94,10003,2775,277.43883,8616,0.7096553,2.543
8,Emilia-Romagna,Maschi,95,7228,2228,308.20603,6114,0.6790154,2.328
8,Emilia-Romagna,Maschi,96,5000,1697,339.45634,4152,0.6497861,2.143
8,Emilia-Romagna,Maschi,97,3303,1211,366.49995,2698,0.6239306,1.987
8,Emilia-Romagna,Maschi,98,2092,819,391.17517,1683,0.5996733,1.847
8,Emilia-Romagna,Maschi,99,1274,529,415.35823,1009,0.5731021,1.712
8,Emilia-Romagna,Maschi,100,745,333,446.63586,578,0.5393921,1.573
8,Emilia-Romagna,Maschi,101,412,200,485.85720,312,0.5023116,1.440
8,Emilia-Romagna,Maschi,102,212,110,520.69981,157,0.4679564,1.328
8,Emilia-Romagna,Maschi,103,102,56,555.71093,73,0.4335686,1.228
8,Emilia-Romagna,Maschi,104,45,27,590.56074,32,0.3994612,1.138
8,Emilia-Romagna,Maschi,105,18,12,624.90884,13,0.3659487,1.057
8,Emilia-Romagna,Maschi,106,7,5,658.42514,5,0.3333337,0.986
8,Emilia-Romagna,Maschi,107,2,2,690.79311,2,0.3019003,0.923
8,Emilia-Romagna,Maschi,108,1,1,721.72966,0,0.2719021,0.867
8,Emilia-Romagna,Maschi,109,0,0,750.98299,0,0.2435614,0.817
8,Emilia-Romagna,Maschi,110,0,0,778.34722,0,0.2170598,0.774
8,Emilia-Romagna,Maschi,111,0,0,803.66198,0,0.1925378,0.736
8,Emilia-Romagna,Maschi,112,0,0,826.81758,0,0.1700927,0.704
8,Emilia-Romagna,Maschi,113,0,0,847.74792,0,0.1497831,0.675
8,Emilia-Romagna,Maschi,114,0,0,866.43339,0,0.1316273,0.651
8,Emilia-Romagna,Maschi,115,0,0,882.89184,0,0.1156106,0.630
8,Emilia-Romagna,Maschi,116,0,0,897.17733,0,0.1016859,0.613
8,Emilia-Romagna,Maschi,117,0,0,909.36943,0,0.0897828,0.598
8,Emilia-Romagna,Maschi,118,0,0,919.57125,0,0.0798087,0.587
8,Emilia-Romagna,Maschi,119,0,0,927.90035,0,0.0716568,0.577
8,Emilia-Romagna,Femmine,0,100000,192,1.91941,99819,0.9998611,85.205
8,Emilia-Romagna,Femmine,1,99808,5,0.05085,99806,0.9999255,84.367
8,Emilia-Romagna,Femmine,2,99803,10,0.09812,99798,0.9998962,83.372
8,Emilia-Romagna,Femmine,3,99793,11,0.10951,99788,0.9998935,82.380
8,Emilia-Romagna,Femmine,4,99782,10,0.10343,99777,0.9999068,81.389
8,Emilia-Romagna,Femmine,5,99772,8,0.08300,99768,0.9999195,80.397
8,Emilia-Romagna,Femmine,6,99764,8,0.07794,99760,0.9999177,79.404
8,Emilia-Romagna,Femmine,7,99756,9,0.08667,99752,0.9999107,78.410
8,Emilia-Romagna,Femmine,8,99747,9,0.09192,99743,0.9999107,77.417
8,Emilia-Romagna,Femmine,9,99738,9,0.08672,99734,0.9999169,76.424
8,Emilia-Romagna,Femmine,10,99729,8,0.07952,99725,0.9999234,75.430
8,Emilia-Romagna,Femmine,11,99721,7,0.07374,99718,0.9999242,74.436
8,Emilia-Romagna,Femmine,12,99714,8,0.07781,99710,0.9999204,73.442
8,Emilia-Romagna,Femmine,13,99706,8,0.08149,99702,0.9999171,72.447
8,Emilia-Romagna,Femmine,14,99698,8,0.08422,99694,0.9999148,71.453
8,Emilia-Romagna,Femmine,15,99690,9,0.08627,99686,0.9999035,70.459
8,Emilia-Romagna,Femmine,16,99681,11,0.10664,99676,0.9998846,69.465
8,Emilia-Romagna,Femmine,17,99671,12,0.12417,99664,0.9998677,68.473
8,Emilia-Romagna,Femmine,18,99658,14,0.14039,99651,0.9998509,67.481
8,Emilia-Romagna,Femmine,19,99644,16,0.15787,99636,0.9998393,66.491
8,Emilia-Romagna,Femmine,20,99629,16,0.16350,99620,0.9998386,65.501
8,Emilia-Romagna,Femmine,21,99612,16,0.15934,99604,0.9998424,64.512
8,Emilia-Romagna,Femmine,22,99596,16,0.15584,99589,0.9998529,63.522
8,Emilia-Romagna,Femmine,23,99581,14,0.13840,99574,0.9998740,62.532
8,Emilia-Romagna,Femmine,24,99567,11,0.11356,99561,0.9998913,61.540
8,Emilia-Romagna,Femmine,25,99556,10,0.10387,99551,0.9998946,60.547
8,Emilia-Romagna,Femmine,26,99545,11,0.10683,99540,0.9998844,59.553
8,Emilia-Romagna,Femmine,27,99535,12,0.12428,99529,0.9998671,58.560
8,Emilia-Romagna,Femmine,28,99522,14,0.14149,99515,0.9998497,57.567
8,Emilia-Romagna,Femmine,29,99508,16,0.15910,99500,0.9998368,56.575
8,Emilia-Romagna,Femmine,30,99492,17,0.16725,99484,0.9998233,55.584
8,Emilia-Romagna,Femmine,31,99476,19,0.18610,99467,0.9998007,54.593
8,Emilia-Romagna,Femmine,32,99457,21,0.21246,99447,0.9997599,53.603
8,Emilia-Romagna,Femmine,33,99436,27,0.26785,99423,0.9997109,52.614
8,Emilia-Romagna,Femmine,34,99410,31,0.31038,99394,0.9996738,51.628
8,Emilia-Romagna,Femmine,35,99379,34,0.34204,99362,0.9996559,50.644
8,Emilia-Romagna,Femmine,36,99345,34,0.34609,99328,0.9996480,49.661
8,Emilia-Romagna,Femmine,37,99310,36,0.35796,99293,0.9996187,48.678
8,Emilia-Romagna,Femmine,38,99275,40,0.40469,99255,0.9995598,47.696
8,Emilia-Romagna,Femmine,39,99235,47,0.47579,99211,0.9994838,46.715
8,Emilia-Romagna,Femmine,40,99187,55,0.55662,99160,0.9994228,45.737
8,Emilia-Romagna,Femmine,41,99132,59,0.59786,99103,0.9993915,44.762
8,Emilia-Romagna,Femmine,42,99073,61,0.61909,99042,0.9993669,43.789
8,Emilia-Romagna,Femmine,43,99012,64,0.64707,98980,0.9993055,42.815
8,Emilia-Romagna,Femmine,44,98948,73,0.74197,98911,0.9991846,41.843
8,Emilia-Romagna,Femmine,45,98874,88,0.88896,98830,0.9990459,40.873
8,Emilia-Romagna,Femmine,46,98786,101,1.01931,98736,0.9989571,39.909
8,Emilia-Romagna,Femmine,47,98686,105,1.06655,98633,0.9989135,38.950
8,Emilia-Romagna,Femmine,48,98580,109,1.10657,98526,0.9988808,37.991
8,Emilia-Romagna,Femmine,49,98471,111,1.13186,98415,0.9988399,37.032
8,Emilia-Romagna,Femmine,50,98360,117,1.18839,98301,0.9987262,36.074
8,Emilia-Romagna,Femmine,51,98243,134,1.35933,98176,0.9985625,35.116
8,Emilia-Romagna,Femmine,52,98109,149,1.51582,98035,0.9984056,34.163
8,Emilia-Romagna,Femmine,53,97961,164,1.67310,97879,0.9981557,33.214
8,Emilia-Romagna,Femmine,54,97797,197,2.01570,97698,0.9978669,32.269
8,Emilia-Romagna,Femmine,55,97600,220,2.25067,97490,0.9976708,31.333
8,Emilia-Romagna,Femmine,56,97380,234,2.40795,97263,0.9974557,30.403
8,Emilia-Romagna,Femmine,57,97145,260,2.68096,97015,0.9971995,29.475
8,Emilia-Romagna,Femmine,58,96885,283,2.92029,96743,0.9969496,28.553
8,Emilia-Romagna,Femmine,59,96602,307,3.18092,96448,0.9967060,27.635
8,Emilia-Romagna,Femmine,60,96295,328,3.40735,96131,0.9965254,26.721
8,Emilia-Romagna,Femmine,61,95967,340,3.54207,95797,0.9963396,25.811
8,Emilia-Romagna,Femmine,62,95627,361,3.77910,95446,0.9960333,24.901
8,Emilia-Romagna,Femmine,63,95265,396,4.15496,95067,0.9955166,23.994
8,Emilia-Romagna,Femmine,64,94870,457,4.81311,94641,0.9947856,23.092
8,Emilia-Romagna,Femmine,65,94413,530,5.61772,94148,0.9941495,22.201
8,Emilia-Romagna,Femmine,66,93883,571,6.08460,93597,0.9935949,21.324
8,Emilia-Romagna,Femmine,67,93311,628,6.72761,92997,0.9928967,20.451
8,Emilia-Romagna,Femmine,68,92684,693,7.48149,92337,0.9921396,19.586
8,Emilia-Romagna,Femmine,69,91990,758,8.24217,91611,0.9912606,18.730
8,Emilia-Romagna,Femmine,70,91232,843,9.24069,90810,0.9902614,17.882
8,Emilia-Romagna,Femmine,71,90389,926,10.24118,89926,0.9892578,17.044
8,Emilia-Romagna,Femmine,72,89463,1006,11.24840,88960,0.9879823,16.215
8,Emilia-Romagna,Femmine,73,88457,1132,12.79576,87891,0.9863272,15.394
8,Emilia-Romagna,Femmine,74,87325,1272,14.56125,86689,0.9844853,14.587
8,Emilia-Romagna,Femmine,75,86053,1418,16.48229,85344,0.9825020,13.795
8,Emilia-Romagna,Femmine,76,84635,1568,18.53063,83851,0.9802755,13.018
8,Emilia-Romagna,Femmine,77,83067,1739,20.94098,82197,0.9776489,12.254
8,Emilia-Romagna,Femmine,78,81327,1935,23.79139,80360,0.9740769,11.505
8,Emilia-Romagna,Femmine,79,79392,2231,28.10670,78277,0.9693803,10.774
8,Emilia-Romagna,Femmine,80,77161,2562,33.20530,75880,0.9646997,10.071
8,Emilia-Romagna,Femmine,81,74599,2795,37.46725,73201,0.9604154,9.399
8,Emilia-Romagna,Femmine,82,71804,3000,41.78433,70304,0.9557813,8.746
8,Emilia-Romagna,Femmine,83,68803,3217,46.75926,67195,0.9494520,8.105
8,Emilia-Romagna,Femmine,84,65586,3576,54.52263,63798,0.9403526,7.478
8,Emilia-Romagna,Femmine,85,62010,4035,65.06774,59993,0.9290950,6.881
8,Emilia-Romagna,Femmine,86,57975,4473,77.14845,55739,0.9175590,6.325
8,Emilia-Romagna,Femmine,87,53503,4718,88.17599,51144,0.9051752,5.812
8,Emilia-Romagna,Femmine,88,48785,4982,102.11659,46294,0.8899317,5.326
8,Emilia-Romagna,Femmine,89,43803,5209,118.92442,41199,0.8745634,4.874
8,Emilia-Romagna,Femmine,90,38594,5126,132.82777,36031,0.8586087,4.465
8,Emilia-Romagna,Femmine,91,33468,5063,151.26653,30936,0.8381000,4.072
8,Emilia-Romagna,Femmine,92,28405,4955,174.42863,25928,0.8161990,3.709
8,Emilia-Romagna,Femmine,93,23450,4576,195.15352,21162,0.7922311,3.387
8,Emilia-Romagna,Femmine,94,18874,4217,223.44319,16765,0.7654985,3.087
8,Emilia-Romagna,Femmine,95,14657,3646,248.74164,12834,0.7418692,2.831
8,Emilia-Romagna,Femmine,96,11011,2980,270.62861,9521,0.7177518,2.603
8,Emilia-Romagna,Femmine,97,8031,2395,298.17911,6834,0.6894972,2.383
8,Emilia-Romagna,Femmine,98,5636,1849,328.06248,4712,0.6595322,2.183
8,Emilia-Romagna,Femmine,99,3787,1359,358.92982,3108,0.6291275,2.004
8,Emilia-Romagna,Femmine,100,2428,946,389.50176,1955,0.5995839,1.846
8,Emilia-Romagna,Femmine,101,1482,620,418.29398,1172,0.5697578,1.705
8,Emilia-Romagna,Femmine,102,862,389,450.78204,668,0.5375244,1.572
8,Emilia-Romagna,Femmine,103,474,229,483.76685,359,0.5049312,1.452
8,Emilia-Romagna,Femmine,104,244,126,516.96186,181,0.4722547,1.344
8,Emilia-Romagna,Femmine,105,118,65,550.06958,86,0.4397758,1.247
8,Emilia-Romagna,Femmine,106,53,31,582.79343,38,0.4077719,1.161
8,Emilia-Romagna,Femmine,107,22,14,614.84205,15,0.3765091,1.083
8,Emilia-Romagna,Femmine,108,9,6,645.94611,6,0.3462310,1.015
8,Emilia-Romagna,Femmine,109,3,2,675.86421,2,0.3171543,0.954
8,Emilia-Romagna,Femmine,110,1,1,704.38460,1,0.2894660,0.900
8,Emilia-Romagna,Femmine,111,0,0,731.33609,0,0.2633160,0.852
8,Emilia-Romagna,Femmine,112,0,0,756.58952,0,0.2388171,0.810
8,Emilia-Romagna,Femmine,113,0,0,780.05388,0,0.2160475,0.773
8,Emilia-Romagna,Femmine,114,0,0,801.67777,0,0.1950505,0.740
8,Emilia-Romagna,Femmine,115,0,0,821.44665,0,0.1758367,0.712
8,Emilia-Romagna,Femmine,116,0,0,839.37808,0,0.1583890,0.687
8,Emilia-Romagna,Femmine,117,0,0,855.51302,0,0.1426682,0.666
8,Emilia-Romagna,Femmine,118,0,0,869.91948,0,0.1286121,0.647
8,Emilia-Romagna,Femmine,119,0,0,882.67681,0,0.1161466,0.631
9,Toscana,Maschi e femmine,0,100000,152,1.52431,99857,0.9998307,83.302
9,Toscana,Maschi e femmine,1,99848,16,0.15854,99840,0.9998599,82.428
9,Toscana,Maschi e femmine,2,99832,12,0.12171,99826,0.9998920,81.441
9,Toscana,Maschi e femmine,3,99820,9,0.09426,99815,0.9999144,80.451
9,Toscana,Maschi e femmine,4,99810,8,0.07690,99806,0.9999262,79.459
9,Toscana,Maschi e femmine,5,99803,7,0.07074,99799,0.9999248,78.465
9,Toscana,Maschi e femmine,6,99795,8,0.07975,99791,0.9999145,77.470
9,Toscana,Maschi e femmine,7,99787,9,0.09124,99783,0.9999055,76.477
9,Toscana,Maschi e femmine,8,99778,10,0.09780,99774,0.9999060,75.483
9,Toscana,Maschi e femmine,9,99769,9,0.09026,99764,0.9999176,74.491
9,Toscana,Maschi e femmine,10,99760,7,0.07446,99756,0.9999338,73.497
9,Toscana,Maschi e femmine,11,99752,6,0.05792,99749,0.9999405,72.503
9,Toscana,Maschi e femmine,12,99746,6,0.06116,99743,0.9999299,71.507
9,Toscana,Maschi e femmine,13,99740,8,0.07903,99736,0.9999058,70.511
9,Toscana,Maschi e femmine,14,99732,11,0.10931,99727,0.9998800,69.517
9,Toscana,Maschi e femmine,15,99722,13,0.13060,99715,0.9998581,68.525
9,Toscana,Maschi e femmine,16,99709,15,0.15329,99701,0.9998355,67.533
9,Toscana,Maschi e femmine,17,99693,18,0.17564,99684,0.9998102,66.544
9,Toscana,Maschi e femmine,18,99676,20,0.20396,99666,0.9997824,65.555
9,Toscana,Maschi e femmine,19,99655,23,0.23129,99644,0.9997582,64.569
9,Toscana,Maschi e femmine,20,99632,25,0.25231,99620,0.9997480,63.583
9,Toscana,Maschi e femmine,21,99607,25,0.25160,99595,0.9997514,62.599
9,Toscana,Maschi e femmine,22,99582,24,0.24557,99570,0.9997570,61.615
9,Toscana,Maschi e femmine,23,99558,24,0.24051,99546,0.9997600,60.630
9,Toscana,Maschi e femmine,24,99534,24,0.23944,99522,0.9997560,59.644
9,Toscana,Maschi e femmine,25,99510,25,0.24853,99498,0.9997361,58.659
9,Toscana,Maschi e femmine,26,99485,28,0.27921,99471,0.9997037,57.673
9,Toscana,Maschi e femmine,27,99457,31,0.31343,99442,0.9996721,56.689
9,Toscana,Maschi e femmine,28,99426,34,0.34234,99409,0.9996462,55.707
9,Toscana,Maschi e femmine,29,99392,36,0.36527,99374,0.9996268,54.726
9,Toscana,Maschi e femmine,30,99356,38,0.38123,99337,0.9996198,53.745
9,Toscana,Maschi e femmine,31,99318,38,0.37922,99299,0.9996166,52.766
9,Toscana,Maschi e femmine,32,99280,38,0.38761,99261,0.9996120,51.785
9,Toscana,Maschi e femmine,33,99242,39,0.38840,99223,0.9996053,50.805
9,Toscana,Maschi e femmine,34,99203,40,0.40095,99183,0.9995889,49.825
9,Toscana,Maschi e femmine,35,99164,42,0.42122,99143,0.9995595,48.845
9,Toscana,Maschi e femmine,36,99122,46,0.45980,99099,0.9995235,47.865
9,Toscana,Maschi e femmine,37,99076,49,0.49329,99052,0.9994895,46.887
9,Toscana,Maschi e femmine,38,99027,52,0.52776,99001,0.9994475,45.910
9,Toscana,Maschi e femmine,39,98975,57,0.57717,98946,0.9993884,44.934
9,Toscana,Maschi e femmine,40,98918,64,0.64611,98886,0.9992932,43.959
9,Toscana,Maschi e femmine,41,98854,76,0.76755,98816,0.9991843,42.987
9,Toscana,Maschi e femmine,42,98778,85,0.86397,98735,0.9990989,42.020
9,Toscana,Maschi e femmine,43,98693,93,0.93823,98646,0.9990108,41.056
9,Toscana,Maschi e femmine,44,98600,103,1.04022,98549,0.9989036,40.094
9,Toscana,Maschi e femmine,45,98498,114,1.15274,98441,0.9987879,39.135
9,Toscana,Maschi e femmine,46,98384,125,1.27149,98322,0.9986590,38.180
9,Toscana,Maschi e femmine,47,98259,139,1.41066,98190,0.9985572,37.228
9,Toscana,Maschi e femmine,48,98120,145,1.47501,98048,0.9984947,36.280
9,Toscana,Maschi e femmine,49,97976,150,1.53568,97900,0.9983964,35.333
9,Toscana,Maschi e femmine,50,97825,164,1.67167,97743,0.9982457,34.386
9,Toscana,Maschi e femmine,51,97662,179,1.83717,97572,0.9980451,33.443
9,Toscana,Maschi e femmine,52,97482,202,2.07293,97381,0.9977995,32.504
9,Toscana,Maschi e femmine,53,97280,226,2.32831,97167,0.9974954,31.570
9,Toscana,Maschi e femmine,54,97054,260,2.68122,96924,0.9971803,30.643
9,Toscana,Maschi e femmine,55,96793,286,2.95849,96650,0.9969305,29.724
9,Toscana,Maschi e femmine,56,96507,307,3.18074,96354,0.9966810,28.810
9,Toscana,Maschi e femmine,57,96200,333,3.45774,96034,0.9963836,27.901
9,Toscana,Maschi e femmine,58,95867,362,3.77553,95687,0.9960647,26.996
9,Toscana,Maschi e femmine,59,95506,391,4.09558,95310,0.9956392,26.096
9,Toscana,Maschi e femmine,60,95114,440,4.62714,94894,0.9952041,25.201
9,Toscana,Maschi e femmine,61,94674,470,4.96543,94439,0.9948659,24.316
9,Toscana,Maschi e femmine,62,94204,500,5.30364,93954,0.9944628,23.435
9,Toscana,Maschi e femmine,63,93705,541,5.77202,93434,0.9938638,22.557
9,Toscana,Maschi e femmine,64,93164,606,6.50252,92861,0.9930238,21.685
9,Toscana,Maschi e femmine,65,92558,690,7.45296,92213,0.9921190,20.824
9,Toscana,Maschi e femmine,66,91868,764,8.31220,91486,0.9912478,19.977
9,Toscana,Maschi e femmine,67,91104,838,9.19586,90686,0.9904169,19.140
9,Toscana,Maschi e femmine,68,90267,900,9.97398,89816,0.9895189,18.313
9,Toscana,Maschi e femmine,69,89366,982,10.99339,88875,0.9883946,17.492
9,Toscana,Maschi e femmine,70,88384,1080,12.22419,87844,0.9870128,16.681
9,Toscana,Maschi e femmine,71,87303,1201,13.75965,86703,0.9855845,15.882
9,Toscana,Maschi e femmine,72,86102,1298,15.08059,85453,0.9839231,15.096
9,Toscana,Maschi e femmine,73,84804,1449,17.08839,84079,0.9820968,14.320
9,Toscana,Maschi e femmine,74,83355,1561,18.73224,82574,0.9802417,13.560
9,Toscana,Maschi e femmine,75,81793,1702,20.80394,80942,0.9778627,12.809
9,Toscana,Maschi e femmine,76,80092,1882,23.49906,79151,0.9748041,12.071
9,Toscana,Maschi e femmine,77,78209,2106,26.93354,77156,0.9713585,11.349
9,Toscana,Maschi e femmine,78,76103,2313,30.39676,74946,0.9669905,10.649
9,Toscana,Maschi e femmine,79,73790,2635,35.70424,72472,0.9620583,9.968
9,Toscana,Maschi e femmine,80,71155,2865,40.26193,69723,0.9575507,9.318
9,Toscana,Maschi e femmine,81,68290,3055,44.72850,66763,0.9528523,8.688
9,Toscana,Maschi e femmine,82,65236,3241,49.68014,63615,0.9476432,8.072
9,Toscana,Maschi e femmine,83,61995,3420,55.17331,60285,0.9407013,7.467
9,Toscana,Maschi e femmine,84,58574,3729,63.66497,56710,0.9308153,6.874
9,Toscana,Maschi e femmine,85,54845,4118,75.07969,52786,0.9186031,6.308
9,Toscana,Maschi e femmine,86,50727,4476,88.22681,48490,0.9053730,5.779
9,Toscana,Maschi e femmine,87,46252,4701,101.64661,43901,0.8904106,5.290
9,Toscana,Maschi e femmine,88,41551,4921,118.43082,39090,0.8730518,4.832
9,Toscana,Maschi e femmine,89,36630,5004,136.60983,34128,0.8539834,4.414
9,Toscana,Maschi e femmine,90,31626,4962,156.91178,29145,0.8342794,4.033
9,Toscana,Maschi e femmine,91,26663,4697,176.16890,24315,0.8135703,3.691
9,Toscana,Maschi e femmine,92,21966,4369,198.88463,19782,0.7916638,3.373
9,Toscana,Maschi e femmine,93,17597,3874,220.13422,15660,0.7674846,3.086
9,Toscana,Maschi e femmine,94,13724,3409,248.39133,12019,0.7406226,2.816
9,Toscana,Maschi e femmine,95,10315,2826,273.99403,8902,0.7133063,2.581
9,Toscana,Maschi e femmine,96,7489,2278,304.18615,6350,0.6849333,2.367
9,Toscana,Maschi e femmine,97,5211,1723,330.70387,4349,0.6586869,2.183
9,Toscana,Maschi e femmine,98,3487,1246,357.16449,2865,0.6319939,2.014
9,Toscana,Maschi e femmine,99,2242,863,384.87143,1810,0.6030851,1.856
9,Toscana,Maschi e femmine,100,1379,574,416.49360,1092,0.5701602,1.704
9,Toscana,Maschi e femmine,101,805,364,452.71220,623,0.5354857,1.563
9,Toscana,Maschi e femmine,102,440,214,486.07906,333,0.5025025,1.443
9,Toscana,Maschi e femmine,103,226,118,519.71580,168,0.4693842,1.334
9,Toscana,Maschi e femmine,104,109,60,553.31085,79,0.4364276,1.237
9,Toscana,Maschi e femmine,105,49,28,586.54488,34,0.4039306,1.150
9,Toscana,Maschi e femmine,106,20,12,619.10584,14,0.3721813,1.073
9,Toscana,Maschi e femmine,107,8,5,650.69341,5,0.3414512,1.004
9,Toscana,Maschi e femmine,108,3,2,681.03714,2,0.3119828,0.943
9,Toscana,Maschi e femmine,109,1,1,709.90097,1,0.2839857,0.889
9,Toscana,Maschi e femmine,110,0,0,737.08737,0,0.2576335,0.842
9,Toscana,Maschi e femmine,111,0,0,762.44588,0,0.2330569,0.800
9,Toscana,Maschi e femmine,112,0,0,785.87449,0,0.2103444,0.764
9,Toscana,Maschi e femmine,113,0,0,807.31407,0,0.1895462,0.732
9,Toscana,Maschi e femmine,114,0,0,826.74840,0,0.1706748,0.705
9,Toscana,Maschi e femmine,115,0,0,844.19869,0,0.1537094,0.681
9,Toscana,Maschi e femmine,116,0,0,859.71705,0,0.1386027,0.660
9,Toscana,Maschi e femmine,117,0,0,873.37509,0,0.1252885,0.643
9,Toscana,Maschi e femmine,118,0,0,885.26573,0,0.1136823,0.628
9,Toscana,Maschi e femmine,119,0,0,895.48663,0,0.1036940,0.616
9,Toscana,Maschi,0,100000,160,1.59911,99850,0.9998356,81.344
9,Toscana,Maschi,1,99840,14,0.13979,99833,0.9998698,80.474
9,Toscana,Maschi,2,99826,12,0.12061,99820,0.9998857,79.485
9,Toscana,Maschi,3,99814,11,0.10791,99809,0.9998964,78.494
9,Toscana,Maschi,4,99803,10,0.09921,99798,0.9999034,77.503
9,Toscana,Maschi,5,99793,9,0.09400,99789,0.9999085,76.510
9,Toscana,Maschi,6,99784,9,0.08898,99780,0.9999119,75.517
9,Toscana,Maschi,7,99775,9,0.08713,99771,0.9999132,74.524
9,Toscana,Maschi,8,99766,9,0.08641,99762,0.9999146,73.531
9,Toscana,Maschi,9,99758,8,0.08439,99754,0.9999188,72.537
9,Toscana,Maschi,10,99749,8,0.07798,99746,0.9999286,71.543
9,Toscana,Maschi,11,99742,6,0.06474,99738,0.9999389,70.549
9,Toscana,Maschi,12,99735,6,0.05747,99732,0.9999386,69.553
9,Toscana,Maschi,13,99729,7,0.06542,99726,0.9999163,68.557
9,Toscana,Maschi,14,99723,10,0.10189,99718,0.9998800,67.562
9,Toscana,Maschi,15,99713,14,0.13816,99706,0.9998392,66.568
9,Toscana,Maschi,16,99699,18,0.18348,99690,0.9997991,65.577
9,Toscana,Maschi,17,99681,22,0.21830,99670,0.9997620,64.589
9,Toscana,Maschi,18,99659,26,0.25772,99646,0.9997252,63.603
9,Toscana,Maschi,19,99633,29,0.29191,99619,0.9996921,62.620
9,Toscana,Maschi,20,99604,32,0.32380,99588,0.9996737,61.638
9,Toscana,Maschi,21,99572,33,0.32871,99556,0.9996695,60.658
9,Toscana,Maschi,22,99539,33,0.33228,99523,0.9996683,59.677
9,Toscana,Maschi,23,99506,33,0.33106,99490,0.9996651,58.697
9,Toscana,Maschi,24,99473,34,0.33879,99456,0.9996561,57.716
9,Toscana,Maschi,25,99439,35,0.34899,99422,0.9996399,56.736
9,Toscana,Maschi,26,99405,37,0.37129,99386,0.9996140,55.755
9,Toscana,Maschi,27,99368,40,0.40074,99348,0.9995791,54.776
9,Toscana,Maschi,28,99328,44,0.44110,99306,0.9995289,53.798
9,Toscana,Maschi,29,99284,50,0.50118,99259,0.9994663,52.821
9,Toscana,Maschi,30,99234,56,0.56619,99206,0.9994239,51.847
9,Toscana,Maschi,31,99178,58,0.58606,99149,0.9994154,50.876
9,Toscana,Maschi,32,99120,58,0.58306,99091,0.9994260,49.906
9,Toscana,Maschi,33,99062,56,0.56485,99034,0.9994373,48.935
9,Toscana,Maschi,34,99006,55,0.56050,98979,0.9994337,47.962
9,Toscana,Maschi,35,98951,57,0.57210,98923,0.9994096,46.989
9,Toscana,Maschi,36,98894,60,0.60874,98864,0.9993751,46.015
9,Toscana,Maschi,37,98834,63,0.64109,98802,0.9993371,45.043
9,Toscana,Maschi,38,98771,68,0.68475,98737,0.9992656,44.072
9,Toscana,Maschi,39,98703,77,0.78418,98664,0.9991577,43.102
9,Toscana,Maschi,40,98626,89,0.90042,98581,0.9990213,42.135
9,Toscana,Maschi,41,98537,104,1.05701,98485,0.9989098,41.173
9,Toscana,Maschi,42,98433,111,1.12343,98377,0.9988694,40.216
9,Toscana,Maschi,43,98322,112,1.13774,98266,0.9988431,39.260
9,Toscana,Maschi,44,98210,116,1.17614,98153,0.9987731,38.304
9,Toscana,Maschi,45,98095,125,1.27776,98032,0.9986400,37.349
9,Toscana,Maschi,46,97969,141,1.44236,97899,0.9984710,36.396
9,Toscana,Maschi,47,97828,158,1.61581,97749,0.9983349,35.448
9,Toscana,Maschi,48,97670,167,1.71443,97586,0.9982372,34.504
9,Toscana,Maschi,49,97503,177,1.81131,97414,0.9980989,33.563
9,Toscana,Maschi,50,97326,194,1.99096,97229,0.9979066,32.623
9,Toscana,Maschi,51,97132,213,2.19610,97026,0.9976573,31.687
9,Toscana,Maschi,52,96919,241,2.48971,96798,0.9973758,30.756
9,Toscana,Maschi,53,96678,267,2.75902,96544,0.9969601,29.831
9,Toscana,Maschi,54,96411,320,3.32146,96251,0.9964769,28.912
9,Toscana,Maschi,55,96091,358,3.72545,95912,0.9961230,28.007
9,Toscana,Maschi,56,95733,386,4.02915,95540,0.9957696,27.110
9,Toscana,Maschi,57,95347,423,4.43245,95136,0.9953489,26.217
9,Toscana,Maschi,58,94924,462,4.87072,94693,0.9949296,25.332
9,Toscana,Maschi,59,94462,498,5.27114,94213,0.9944176,24.454
9,Toscana,Maschi,60,93964,554,5.89528,93687,0.9938828,23.580
9,Toscana,Maschi,61,93410,592,6.34037,93114,0.9934392,22.717
9,Toscana,Maschi,62,92818,630,6.78265,92503,0.9928520,21.859
9,Toscana,Maschi,63,92188,693,7.51588,91842,0.9920458,21.005
9,Toscana,Maschi,64,91495,768,8.39594,91111,0.9909085,20.160
9,Toscana,Maschi,65,90727,888,9.79288,90283,0.9897044,19.327
9,Toscana,Maschi,66,89839,971,10.80332,89354,0.9885512,18.513
9,Toscana,Maschi,67,88868,1075,12.10141,88331,0.9874437,17.710
9,Toscana,Maschi,68,87793,1143,13.01685,87221,0.9863773,16.920
9,Toscana,Maschi,69,86650,1234,14.23647,86033,0.9850958,16.137
9,Toscana,Maschi,70,85416,1331,15.58151,84751,0.9832583,15.363
9,Toscana,Maschi,71,84086,1507,17.92028,83332,0.9813564,14.598
9,Toscana,Maschi,72,82579,1600,19.38002,81778,0.9793367,13.855
9,Toscana,Maschi,73,80978,1779,21.97199,80089,0.9770885,13.119
9,Toscana,Maschi,74,79199,1891,23.87219,78254,0.9747566,12.403
9,Toscana,Maschi,75,77308,2060,26.64818,76278,0.9714525,11.694
9,Toscana,Maschi,76,75248,2295,30.49879,74101,0.9671996,11.000
9,Toscana,Maschi,77,72953,2566,35.17441,71670,0.9629102,10.331
9,Toscana,Maschi,78,70387,2750,39.07509,69012,0.9578358,9.689
9,Toscana,Maschi,79,67637,3069,45.37898,66102,0.9517110,9.063
9,Toscana,Maschi,80,64568,3315,51.33732,62910,0.9459712,8.470
9,Toscana,Maschi,81,61253,3483,56.86597,59511,0.9402726,7.901
9,Toscana,Maschi,82,57770,3626,62.76129,55957,0.9346369,7.347
9,Toscana,Maschi,83,54144,3689,68.13923,52299,0.9278278,6.806
9,Toscana,Maschi,84,50455,3860,76.50011,48525,0.9175221,6.267
9,Toscana,Maschi,85,46595,4145,88.95084,44522,0.9039181,5.745
9,Toscana,Maschi,86,42450,4411,103.90928,40245,0.8891809,5.257
9,Toscana,Maschi,87,38039,4509,118.53015,35785,0.8724557,4.808
9,Toscana,Maschi,88,33530,4620,137.77059,31221,0.8524598,4.387
9,Toscana,Maschi,89,28911,4593,158.87073,26614,0.8316350,4.009
9,Toscana,Maschi,90,24318,4369,179.65257,22133,0.8113065,3.671
9,Toscana,Maschi,91,19949,3984,199.71439,17957,0.7901282,3.366
9,Toscana,Maschi,92,15965,3553,222.56408,14188,0.7665241,3.081
9,Toscana,Maschi,93,12412,3072,247.51156,10876,0.7397572,2.820
9,Toscana,Maschi,94,9340,2589,277.16175,8045,0.7094850,2.583
9,Toscana,Maschi,95,6751,2086,308.98835,5708,0.6797733,2.382
9,Toscana,Maschi,96,4665,1570,336.49036,3880,0.6566877,2.223
9,Toscana,Maschi,97,3095,1094,353.59383,2548,0.6409510,2.097
9,Toscana,Maschi,98,2001,735,367.48827,1633,0.6254481,1.970
9,Toscana,Maschi,99,1266,488,385.71951,1021,0.6016167,1.825
9,Toscana,Maschi,100,777,326,418.99900,615,0.5616957,1.656
9,Toscana,Maschi,101,452,213,471.53182,345,0.5165177,1.490
9,Toscana,Maschi,102,239,121,506.09574,178,0.4823892,1.374
9,Toscana,Maschi,103,118,64,540.92505,86,0.4481338,1.269
9,Toscana,Maschi,104,54,31,575.69921,39,0.4140571,1.175
9,Toscana,Maschi,105,23,14,610.08539,16,0.3804681,1.091
9,Toscana,Maschi,106,9,6,643.75892,6,0.3476656,1.017
9,Toscana,Maschi,107,3,2,676.40647,2,0.3159317,0.950
9,Toscana,Maschi,108,1,1,707.74565,1,0.2855199,0.892
9,Toscana,Maschi,109,0,0,737.52315,0,0.2566542,0.840
9,Toscana,Maschi,110,0,0,765.52933,0,0.2295193,0.794
9,Toscana,Maschi,111,0,0,791.59816,0,0.2042603,0.754
9,Toscana,Maschi,112,0,0,815.61265,0,0.1809802,0.719
9,Toscana,Maschi,113,0,0,837.49821,0,0.1597441,0.689
9,Toscana,Maschi,114,0,0,857.22580,0,0.1405781,0.663
9,Toscana,Maschi,115,0,0,874.80338,0,0.1234752,0.640
9,Toscana,Maschi,116,0,0,890.27492,0,0.1083967,0.621
9,Toscana,Maschi,117,0,0,903.71002,0,0.0952806,0.605
9,Toscana,Maschi,118,0,0,915.20216,0,0.0840429,0.592
9,Toscana,Maschi,119,0,0,924.85976,0,0.0745851,0.581
9,Toscana,Femmine,0,100000,145,1.44542,99864,0.9998255,85.354
9,Toscana,Femmine,1,99855,18,0.17832,99847,0.9998494,84.477
9,Toscana,Femmine,2,99838,12,0.12287,99832,0.9998986,83.492
9,Toscana,Femmine,3,99825,8,0.07985,99821,0.9999334,82.502
9,Toscana,Femmine,4,99817,5,0.05338,99815,0.9999502,81.509
9,Toscana,Femmine,5,99812,5,0.04621,99810,0.9999419,80.513
9,Toscana,Femmine,6,99807,7,0.07002,99804,0.9999172,79.517
9,Toscana,Femmine,7,99800,10,0.09557,99796,0.9998973,78.522
9,Toscana,Femmine,8,99791,11,0.10981,99785,0.9998969,77.530
9,Toscana,Femmine,9,99780,10,0.09645,99775,0.9999164,76.538
9,Toscana,Femmine,10,99770,7,0.07075,99767,0.9999393,75.546
9,Toscana,Femmine,11,99763,5,0.05072,99761,0.9999421,74.551
9,Toscana,Femmine,12,99758,6,0.06505,99755,0.9999208,73.555
9,Toscana,Femmine,13,99752,9,0.09339,99747,0.9998947,72.560
9,Toscana,Femmine,14,99742,12,0.11714,99737,0.9998801,71.566
9,Toscana,Femmine,15,99731,12,0.12263,99725,0.9998780,70.575
9,Toscana,Femmine,16,99719,12,0.12145,99712,0.9998740,69.583
9,Toscana,Femmine,17,99706,13,0.13065,99700,0.9998610,68.592
9,Toscana,Femmine,18,99693,15,0.14728,99686,0.9998427,67.600
9,Toscana,Femmine,19,99679,17,0.16737,99670,0.9998278,66.610
9,Toscana,Femmine,20,99662,18,0.17693,99653,0.9998264,65.621
9,Toscana,Femmine,21,99644,17,0.17031,99636,0.9998378,64.633
9,Toscana,Femmine,22,99627,15,0.15418,99620,0.9998504,63.644
9,Toscana,Femmine,23,99612,14,0.14510,99605,0.9998601,62.654
9,Toscana,Femmine,24,99598,13,0.13476,99591,0.9998613,61.663
9,Toscana,Femmine,25,99584,14,0.14272,99577,0.9998375,60.671
9,Toscana,Femmine,26,99570,18,0.18223,99561,0.9997981,59.679
9,Toscana,Femmine,27,99552,22,0.22150,99541,0.9997701,58.690
9,Toscana,Femmine,28,99530,24,0.23838,99518,0.9997697,57.703
9,Toscana,Femmine,29,99506,22,0.22223,99495,0.9997956,56.717
9,Toscana,Femmine,30,99484,19,0.18661,99475,0.9998259,55.729
9,Toscana,Femmine,31,99465,16,0.16168,99457,0.9998281,54.740
9,Toscana,Femmine,32,99449,18,0.18213,99440,0.9998075,53.748
9,Toscana,Femmine,33,99431,20,0.20297,99421,0.9997819,52.758
9,Toscana,Femmine,34,99411,23,0.23333,99399,0.9997520,51.769
9,Toscana,Femmine,35,99388,26,0.26277,99375,0.9997169,50.781
9,Toscana,Femmine,36,99362,30,0.30343,99347,0.9996792,49.794
9,Toscana,Femmine,37,99332,34,0.33818,99315,0.9996494,48.809
9,Toscana,Femmine,38,99298,36,0.36304,99280,0.9996385,47.825
9,Toscana,Femmine,39,99262,36,0.36005,99244,0.9996302,46.842
9,Toscana,Femmine,40,99226,38,0.37950,99207,0.9995781,45.859
9,Toscana,Femmine,41,99189,46,0.46427,99165,0.9994717,44.876
9,Toscana,Femmine,42,99142,59,0.59226,99113,0.9993392,43.897
9,Toscana,Femmine,43,99084,72,0.72941,99048,0.9991863,42.923
9,Toscana,Femmine,44,99011,89,0.89800,98967,0.9990401,41.954
9,Toscana,Femmine,45,98923,101,1.02195,98872,0.9989426,40.991
9,Toscana,Femmine,46,98821,108,1.09281,98767,0.9988555,40.032
9,Toscana,Femmine,47,98713,118,1.19621,98654,0.9987895,39.075
9,Toscana,Femmine,48,98595,121,1.22485,98535,0.9987637,38.122
9,Toscana,Femmine,49,98475,123,1.24785,98413,0.9987069,37.168
9,Toscana,Femmine,50,98352,132,1.33845,98286,0.9985994,36.214
9,Toscana,Femmine,51,98220,144,1.46282,98148,0.9984494,35.261
9,Toscana,Femmine,52,98076,161,1.63860,97996,0.9982409,34.312
9,Toscana,Femmine,53,97916,184,1.87986,97824,0.9980525,33.368
9,Toscana,Femmine,54,97732,197,2.01533,97633,0.9979114,32.430
9,Toscana,Femmine,55,97535,211,2.16195,97429,0.9977686,31.494
9,Toscana,Femmine,56,97324,224,2.30106,97212,0.9976251,30.561
9,Toscana,Femmine,57,97100,238,2.44899,96981,0.9974534,29.631
9,Toscana,Femmine,58,96862,256,2.64449,96734,0.9972357,28.702
9,Toscana,Femmine,59,96606,279,2.88433,96467,0.9968963,27.777
9,Toscana,Femmine,60,96327,320,3.32376,96167,0.9965603,26.856
9,Toscana,Femmine,61,96007,341,3.55606,95836,0.9963262,25.944
9,Toscana,Femmine,62,95666,363,3.79200,95484,0.9961064,25.035
9,Toscana,Femmine,63,95303,381,3.99551,95113,0.9957125,24.128
9,Toscana,Femmine,64,94922,435,4.58076,94705,0.9951661,23.223
9,Toscana,Femmine,65,94487,481,5.08817,94247,0.9945534,22.327
9,Toscana,Femmine,66,94007,546,5.80687,93734,0.9939525,21.439
9,Toscana,Femmine,67,93461,588,6.28962,93167,0.9933819,20.561
9,Toscana,Femmine,68,92873,645,6.94859,92550,0.9926325,19.688
9,Toscana,Femmine,69,92228,718,7.78926,91868,0.9916430,18.823
9,Toscana,Femmine,70,91509,817,8.92910,91101,0.9906838,17.966
9,Toscana,Femmine,71,90692,880,9.70672,90252,0.9896858,17.124
9,Toscana,Femmine,72,89812,981,10.92772,89321,0.9883331,16.287
9,Toscana,Femmine,73,88830,1103,12.41420,88279,0.9868667,15.461
9,Toscana,Femmine,74,87728,1216,13.86143,87120,0.9854116,14.649
9,Toscana,Femmine,75,86511,1326,15.32560,85849,0.9838337,13.848
9,Toscana,Femmine,76,85186,1450,17.02015,84461,0.9817906,13.056
9,Toscana,Femmine,77,83736,1626,19.41920,82923,0.9789993,12.273
9,Toscana,Femmine,78,82110,1857,22.61358,81181,0.9751287,11.506
9,Toscana,Femmine,79,80253,2181,27.18129,79162,0.9710837,10.761
9,Toscana,Femmine,80,78072,2397,30.69974,76873,0.9674387,10.048
9,Toscana,Femmine,81,75675,2609,34.48186,74370,0.9633472,9.350
9,Toscana,Femmine,82,73065,2842,38.90136,71644,0.9582311,8.666
9,Toscana,Femmine,83,70223,3143,44.75254,68652,0.9509250,7.997
9,Toscana,Femmine,84,67080,3595,53.59987,65283,0.9411124,7.348
9,Toscana,Femmine,85,63485,4093,64.47483,61438,0.9296793,6.736
9,Toscana,Femmine,86,59392,4548,76.56937,57118,0.9172322,6.166
9,Toscana,Femmine,87,54844,4907,89.48017,52390,0.9031387,5.635
9,Toscana,Femmine,88,49937,5242,104.96789,47316,0.8871205,5.140
9,Toscana,Femmine,89,44695,5440,121.71887,41975,0.8686351,4.684
9,Toscana,Femmine,90,39255,5588,142.34777,36461,0.8486927,4.264
9,Toscana,Femmine,91,33667,5446,161.75381,30944,0.8276256,3.889
9,Toscana,Femmine,92,28221,5222,185.04434,25610,0.8060324,3.543
9,Toscana,Femmine,93,22999,4713,204.91691,20643,0.7825232,3.234
9,Toscana,Femmine,94,18286,4266,233.27367,16153,0.7565382,2.938
9,Toscana,Femmine,95,14020,3600,256.74962,12221,0.7293512,2.680
9,Toscana,Femmine,96,10421,3015,289.34944,8913,0.6975821,2.433
9,Toscana,Femmine,97,7405,2376,320.80726,6218,0.6662240,2.220
9,Toscana,Femmine,98,5030,1775,352.87027,4142,0.6346936,2.033
9,Toscana,Femmine,99,3255,1252,384.52381,2629,0.6036860,1.868
9,Toscana,Femmine,100,2003,832,415.47016,1587,0.5735686,1.723
9,Toscana,Femmine,101,1171,521,445.18369,910,0.5429416,1.592
9,Toscana,Femmine,102,650,311,478.46139,494,0.5100146,1.469
9,Toscana,Femmine,103,339,174,512.08147,252,0.4768819,1.358
9,Toscana,Femmine,104,165,90,545.73792,120,0.4438358,1.258
9,Toscana,Femmine,105,75,43,579.11647,53,0.4111705,1.169
9,Toscana,Femmine,106,32,19,611.90725,22,0.3791734,1.089
9,Toscana,Femmine,107,12,8,643.80921,8,0.3481177,1.018
9,Toscana,Femmine,108,4,3,674.54755,3,0.3182502,0.956
9,Toscana,Femmine,109,1,1,703.87963,1,0.2897880,0.900
9,Toscana,Femmine,110,0,0,731.59624,0,0.2629154,0.851
9,Toscana,Femmine,111,0,0,757.53252,0,0.2377768,0.808
9,Toscana,Femmine,112,0,0,781.56888,0,0.2144768,0.770
9,Toscana,Femmine,113,0,0,803.62642,0,0.1930840,0.737
9,Toscana,Femmine,114,0,0,823.66785,0,0.1736300,0.709
9,Toscana,Femmine,115,0,0,841.69413,0,0.1561130,0.684
9,Toscana,Femmine,116,0,0,857.73914,0,0.1405022,0.663
9,Toscana,Femmine,117,0,0,871.86028,0,0.1267447,0.645
9,Toscana,Femmine,118,0,0,884.14193,0,0.1147640,0.629
9,Toscana,Femmine,119,0,0,894.67914,0,0.1044724,0.616
10,Umbria,Maschi e femmine,0,100000,223,2.23145,99790,0.9998068,83.269
10,Umbria,Maschi e femmine,1,99777,12,0.12254,99771,0.9998885,82.454
10,Umbria,Maschi e femmine,2,99765,10,0.10050,99760,0.9999024,81.464
10,Umbria,Maschi e femmine,3,99755,9,0.09479,99750,0.9999050,80.472
10,Umbria,Maschi e femmine,4,99745,10,0.09526,99740,0.9999023,79.480
10,Umbria,Maschi e femmine,5,99736,10,0.10021,99731,0.9999035,78.487
10,Umbria,Maschi e femmine,6,99726,9,0.09271,99721,0.9999165,77.495
10,Umbria,Maschi e femmine,7,99716,7,0.07430,99713,0.9999357,76.502
10,Umbria,Maschi e femmine,8,99709,5,0.05421,99706,0.9999528,75.508
10,Umbria,Maschi e femmine,9,99704,4,0.04026,99702,0.9999611,74.512
10,Umbria,Maschi e femmine,10,99700,4,0.03753,99698,0.9999602,73.515
10,Umbria,Maschi e femmine,11,99696,4,0.04199,99694,0.9999506,72.518
10,Umbria,Maschi e femmine,12,99692,6,0.05679,99689,0.9999304,71.521
10,Umbria,Maschi e femmine,13,99686,8,0.08250,99682,0.9998950,70.525
10,Umbria,Maschi e femmine,14,99678,13,0.12750,99671,0.9998379,69.531
10,Umbria,Maschi e femmine,15,99665,20,0.19667,99655,0.9997691,68.540
10,Umbria,Maschi e femmine,16,99645,26,0.26515,99632,0.9997185,67.553
10,Umbria,Maschi e femmine,17,99619,30,0.29794,99604,0.9997016,66.571
10,Umbria,Maschi e femmine,18,99589,30,0.29894,99574,0.9997087,65.590
10,Umbria,Maschi e femmine,19,99560,28,0.28375,99545,0.9997186,64.610
10,Umbria,Maschi e femmine,20,99531,28,0.27902,99517,0.9997193,63.628
10,Umbria,Maschi e femmine,21,99504,28,0.28234,99490,0.9997245,62.646
10,Umbria,Maschi e femmine,22,99475,27,0.26863,99462,0.9997416,61.663
10,Umbria,Maschi e femmine,23,99449,25,0.24824,99436,0.9997537,60.680
10,Umbria,Maschi e femmine,24,99424,24,0.24429,99412,0.9997381,59.695
10,Umbria,Maschi e femmine,25,99400,28,0.27954,99386,0.9996935,58.709
10,Umbria,Maschi e femmine,26,99372,33,0.33355,99355,0.9996528,57.725
10,Umbria,Maschi e femmine,27,99339,36,0.36086,99321,0.9996430,56.744
10,Umbria,Maschi e femmine,28,99303,35,0.35304,99285,0.9996491,55.765
10,Umbria,Maschi e femmine,29,99268,35,0.34872,99251,0.9996293,54.784
10,Umbria,Maschi e femmine,30,99233,39,0.39276,99214,0.9995744,53.803
10,Umbria,Maschi e femmine,31,99194,45,0.45842,99172,0.9995147,52.824
10,Umbria,Maschi e femmine,32,99149,51,0.51213,99123,0.9994899,51.848
10,Umbria,Maschi e femmine,33,99098,50,0.50803,99073,0.9995058,50.874
10,Umbria,Maschi e femmine,34,99048,48,0.48042,99024,0.9995286,49.900
10,Umbria,Maschi e femmine,35,99000,46,0.46239,98977,0.9995019,48.924
10,Umbria,Maschi e femmine,36,98954,53,0.53383,98928,0.9994108,47.946
10,Umbria,Maschi e femmine,37,98902,64,0.64455,98870,0.9992703,46.972
10,Umbria,Maschi e femmine,38,98838,81,0.81487,98798,0.9991268,46.001
10,Umbria,Maschi e femmine,39,98757,92,0.93151,98711,0.9990523,45.039
10,Umbria,Maschi e femmine,40,98665,95,0.96383,98618,0.9990663,44.080
10,Umbria,Maschi e femmine,41,98570,89,0.90350,98526,0.9991244,43.122
10,Umbria,Maschi e femmine,42,98481,83,0.84775,98439,0.9991403,42.161
10,Umbria,Maschi e femmine,43,98398,86,0.87164,98355,0.9990519,41.196
10,Umbria,Maschi e femmine,44,98312,101,1.02462,98262,0.9988980,40.232
10,Umbria,Maschi e femmine,45,98211,116,1.17950,98153,0.9987745,39.272
10,Umbria,Maschi e femmine,46,98095,125,1.27147,98033,0.9986998,38.318
10,Umbria,Maschi e femmine,47,97971,130,1.32893,97905,0.9986110,37.366
10,Umbria,Maschi e femmine,48,97840,142,1.44910,97769,0.9984569,36.415
10,Umbria,Maschi e femmine,49,97699,160,1.63724,97619,0.9982123,35.467
10,Umbria,Maschi e femmine,50,97539,189,1.93846,97444,0.9979241,34.525
10,Umbria,Maschi e femmine,51,97350,215,2.21365,97242,0.9977168,33.591
10,Umbria,Maschi e femmine,52,97134,229,2.35297,97020,0.9975965,32.664
10,Umbria,Maschi e femmine,53,96906,238,2.45409,96787,0.9974548,31.740
10,Umbria,Maschi e femmine,54,96668,255,2.63645,96540,0.9972580,30.817
10,Umbria,Maschi e femmine,55,96413,275,2.84784,96276,0.9969924,29.897
10,Umbria,Maschi e femmine,56,96138,305,3.16775,95986,0.9966235,28.981
10,Umbria,Maschi e femmine,57,95834,344,3.58593,95662,0.9963002,28.072
10,Umbria,Maschi e femmine,58,95490,364,3.81406,95308,0.9961286,27.171
10,Umbria,Maschi e femmine,59,95126,374,3.92905,94939,0.9960100,26.273
10,Umbria,Maschi e femmine,60,94752,384,4.05120,94560,0.9958060,25.375
10,Umbria,Maschi e femmine,61,94368,409,4.33743,94164,0.9953388,24.476
10,Umbria,Maschi e femmine,62,93959,469,4.98636,93725,0.9945044,23.580
10,Umbria,Maschi e femmine,63,93490,562,6.00741,93210,0.9935078,22.696
10,Umbria,Maschi e femmine,64,92929,649,6.97983,92604,0.9926520,21.830
10,Umbria,Maschi e femmine,65,92280,712,7.71879,91924,0.9919889,20.980
10,Umbria,Maschi e femmine,66,91568,761,8.30575,91188,0.9913633,20.139
10,Umbria,Maschi e femmine,67,90807,815,8.97045,90400,0.9904557,19.304
10,Umbria,Maschi e femmine,68,89993,911,10.12334,89537,0.9891626,18.474
10,Umbria,Maschi e femmine,69,89082,1030,11.55885,88567,0.9878966,17.658
10,Umbria,Maschi e femmine,70,88052,1114,12.65425,87495,0.9865879,16.858
10,Umbria,Maschi e femmine,71,86938,1233,14.17965,86321,0.9852238,16.068
10,Umbria,Maschi e femmine,72,85705,1318,15.38129,85046,0.9840088,15.292
10,Umbria,Maschi e femmine,73,84387,1402,16.61064,83686,0.9826953,14.523
10,Umbria,Maschi e femmine,74,82985,1495,18.01040,82238,0.9810310,13.760
10,Umbria,Maschi e femmine,75,81490,1625,19.94523,80678,0.9789554,13.003
10,Umbria,Maschi e femmine,76,79865,1770,22.16636,78980,0.9763500,12.258
10,Umbria,Maschi e femmine,77,78095,1965,25.16734,77112,0.9733003,11.524
10,Umbria,Maschi e femmine,78,76129,2152,28.27170,75053,0.9695217,10.809
10,Umbria,Maschi e femmine,79,73977,2423,32.74918,72766,0.9646201,10.109
10,Umbria,Maschi e femmine,80,71554,2726,38.09962,70191,0.9589419,9.434
10,Umbria,Maschi e femmine,81,68828,3038,44.13379,67309,0.9529316,8.788
10,Umbria,Maschi e femmine,82,65791,3299,50.13856,64141,0.9465612,8.170
10,Umbria,Maschi e femmine,83,62492,3557,56.91333,60714,0.9392751,7.575
10,Umbria,Maschi e femmine,84,58935,3817,64.76641,57027,0.9308984,7.002
10,Umbria,Maschi e femmine,85,55118,4064,73.73697,53086,0.9203825,6.453
10,Umbria,Maschi e femmine,86,51054,4389,85.96615,48860,0.9077965,5.927
10,Umbria,Maschi e femmine,87,46665,4621,99.02739,44355,0.8940725,5.437
10,Umbria,Maschi e femmine,88,42044,4776,113.58599,39656,0.8768302,4.980
10,Umbria,Maschi e femmine,89,37268,4993,133.98168,34772,0.8589311,4.554
10,Umbria,Maschi e femmine,90,32275,4817,149.25256,29867,0.8443473,4.181
10,Umbria,Maschi e femmine,91,27458,4480,163.17563,25218,0.8262320,3.826
10,Umbria,Maschi e femmine,92,22977,4284,186.42587,20836,0.8047877,3.475
10,Umbria,Maschi e femmine,93,18694,3851,206.01211,16768,0.7822185,3.157
10,Umbria,Maschi e femmine,94,14843,3452,232.60465,13116,0.7520297,2.846
10,Umbria,Maschi e femmine,95,11390,3053,267.99336,9864,0.7184017,2.557
10,Umbria,Maschi e femmine,96,8338,2503,300.18421,7086,0.6832018,2.310
10,Umbria,Maschi e femmine,97,5835,1987,340.53862,4841,0.6438708,2.087
10,Umbria,Maschi e femmine,98,3848,1461,379.77065,3117,0.6082096,1.906
10,Umbria,Maschi e femmine,99,2387,981,411.16998,1896,0.5794752,1.767
10,Umbria,Maschi e femmine,100,1405,613,436.41196,1099,0.5558142,1.653
10,Umbria,Maschi e femmine,101,792,363,457.97935,611,0.5304621,1.545
10,Umbria,Maschi e femmine,102,429,211,490.86275,324,0.4979799,1.428
10,Umbria,Maschi e femmine,103,219,115,523.93443,161,0.4654343,1.323
10,Umbria,Maschi e femmine,104,104,58,556.89718,75,0.4331069,1.228
10,Umbria,Maschi e femmine,105,46,27,589.45184,33,0.4012753,1.144
10,Umbria,Maschi e femmine,106,19,12,621.31113,13,0.3702038,1.069
10,Umbria,Maschi e femmine,107,7,5,652.20268,5,0.3401379,1.001
10,Umbria,Maschi e femmine,108,2,2,681.88492,2,0.3112936,0.942
10,Umbria,Maschi e femmine,109,1,1,710.14979,1,0.2838565,0.889
10,Umbria,Maschi e femmine,110,0,0,736.82217,0,0.2579807,0.843
10,Umbria,Maschi e femmine,111,0,0,761.76678,0,0.2337850,0.801
10,Umbria,Maschi e femmine,112,0,0,784.88664,0,0.2113550,0.765
10,Umbria,Maschi e femmine,113,0,0,806.11656,0,0.1907480,0.734
10,Umbria,Maschi e femmine,114,0,0,825.42354,0,0.1719932,0.706
10,Umbria,Maschi e femmine,115,0,0,842.80401,0,0.1550936,0.683
10,Umbria,Maschi e femmine,116,0,0,858.28071,0,0.1400293,0.662
10,Umbria,Maschi e femmine,117,0,0,871.89600,0,0.1267615,0.645
10,Umbria,Maschi e femmine,118,0,0,883.71820,0,0.1152287,0.630
10,Umbria,Maschi e femmine,119,0,0,893.82776,0,0.1053567,0.618
10,Umbria,Maschi,0,100000,253,2.52912,99762,0.9997907,81.229
10,Umbria,Maschi,1,99747,12,0.11939,99741,0.9999001,80.434
10,Umbria,Maschi,2,99735,8,0.08037,99731,0.9999234,79.444
10,Umbria,Maschi,3,99727,7,0.07289,99724,0.9999248,78.450
10,Umbria,Maschi,4,99720,8,0.07747,99716,0.9999168,77.456
10,Umbria,Maschi,5,99712,9,0.08897,99708,0.9999159,76.462
10,Umbria,Maschi,6,99703,8,0.07917,99699,0.9999331,75.468
10,Umbria,Maschi,7,99695,5,0.05467,99693,0.9999553,74.474
10,Umbria,Maschi,8,99690,3,0.03466,99688,0.9999683,73.478
10,Umbria,Maschi,9,99686,3,0.02872,99685,0.9999639,72.481
10,Umbria,Maschi,10,99684,4,0.04339,99681,0.9999488,71.483
10,Umbria,Maschi,11,99679,6,0.05902,99676,0.9999258,70.486
10,Umbria,Maschi,12,99673,9,0.08948,99669,0.9998942,69.490
10,Umbria,Maschi,13,99665,12,0.12221,99658,0.9998528,68.496
10,Umbria,Maschi,14,99652,17,0.17213,99644,0.9998002,67.505
10,Umbria,Maschi,15,99635,23,0.22742,99624,0.9997437,66.516
10,Umbria,Maschi,16,99613,28,0.28524,99598,0.9997044,65.531
10,Umbria,Maschi,17,99584,30,0.30597,99569,0.9996881,64.550
10,Umbria,Maschi,18,99554,32,0.31774,99538,0.9996764,63.569
10,Umbria,Maschi,19,99522,33,0.32941,99506,0.9996478,62.589
10,Umbria,Maschi,20,99489,37,0.37502,99471,0.9995989,61.610
10,Umbria,Maschi,21,99452,42,0.42716,99431,0.9995668,60.633
10,Umbria,Maschi,22,99409,44,0.43932,99388,0.9995694,59.658
10,Umbria,Maschi,23,99366,42,0.42185,99345,0.9995896,58.684
10,Umbria,Maschi,24,99324,40,0.39897,99304,0.9995885,57.709
10,Umbria,Maschi,25,99284,42,0.42402,99263,0.9995492,56.732
10,Umbria,Maschi,26,99242,47,0.47767,99218,0.9995042,55.756
10,Umbria,Maschi,27,99195,51,0.51395,99169,0.9994916,54.782
10,Umbria,Maschi,28,99144,50,0.50281,99119,0.9994954,53.810
10,Umbria,Maschi,29,99094,50,0.50632,99069,0.9994591,52.837
10,Umbria,Maschi,30,99044,57,0.57549,99015,0.9993719,51.863
10,Umbria,Maschi,31,98987,67,0.68077,98953,0.9992778,50.893
10,Umbria,Maschi,32,98919,76,0.76357,98882,0.9992346,49.927
10,Umbria,Maschi,33,98844,76,0.76721,98806,0.9992504,48.965
10,Umbria,Maschi,34,98768,72,0.73206,98732,0.9992873,48.002
10,Umbria,Maschi,35,98696,68,0.69325,98661,0.9992703,47.037
10,Umbria,Maschi,36,98627,76,0.76621,98589,0.9991850,46.069
10,Umbria,Maschi,37,98552,85,0.86393,98509,0.9990509,45.104
10,Umbria,Maschi,38,98467,102,1.03429,98416,0.9989230,44.143
10,Umbria,Maschi,39,98365,110,1.11973,98310,0.9988781,43.188
10,Umbria,Maschi,40,98255,110,1.12412,98199,0.9989137,42.236
10,Umbria,Maschi,41,98144,103,1.04853,98093,0.9989687,41.283
10,Umbria,Maschi,42,98041,99,1.01400,97991,0.9989308,40.326
10,Umbria,Maschi,43,97942,110,1.12442,97887,0.9987589,39.366
10,Umbria,Maschi,44,97832,133,1.35791,97765,0.9985747,38.410
10,Umbria,Maschi,45,97699,146,1.49273,97626,0.9985154,37.461
10,Umbria,Maschi,46,97553,144,1.47653,97481,0.9985441,36.517
10,Umbria,Maschi,47,97409,140,1.43519,97339,0.9985192,35.570
10,Umbria,Maschi,48,97269,148,1.52642,97195,0.9983555,34.620
10,Umbria,Maschi,49,97121,171,1.76272,97035,0.9980509,33.672
10,Umbria,Maschi,50,96949,207,2.13587,96846,0.9976986,32.731
10,Umbria,Maschi,51,96742,239,2.46722,96623,0.9974553,31.800
10,Umbria,Maschi,52,96504,253,2.62234,96377,0.9973026,30.877
10,Umbria,Maschi,53,96251,267,2.77271,96117,0.9970715,29.957
10,Umbria,Maschi,54,95984,296,3.08465,95836,0.9967790,29.039
10,Umbria,Maschi,55,95688,321,3.35775,95527,0.9963431,28.127
10,Umbria,Maschi,56,95366,377,3.95699,95178,0.9956775,27.221
10,Umbria,Maschi,57,94989,445,4.68942,94766,0.9950266,26.327
10,Umbria,Maschi,58,94544,497,5.25872,94295,0.9945757,25.448
10,Umbria,Maschi,59,94046,526,5.59074,93783,0.9943251,24.580
10,Umbria,Maschi,60,93521,539,5.75961,93251,0.9941452,23.716
10,Umbria,Maschi,61,92982,553,5.95046,92705,0.9936215,22.850
10,Umbria,Maschi,62,92429,629,6.80910,92114,0.9926174,21.984
10,Umbria,Maschi,63,91799,731,7.96010,91434,0.9914621,21.131
10,Umbria,Maschi,64,91069,831,9.12028,90653,0.9904488,20.297
10,Umbria,Maschi,65,90238,901,9.98611,89787,0.9895873,19.479
10,Umbria,Maschi,66,89337,969,10.84368,88853,0.9886707,18.670
10,Umbria,Maschi,67,88368,1045,11.82033,87846,0.9873276,17.870
10,Umbria,Maschi,68,87324,1182,13.53474,86733,0.9856467,17.077
10,Umbria,Maschi,69,86142,1308,15.18304,85488,0.9843058,16.305
10,Umbria,Maschi,70,84834,1375,16.21317,84146,0.9829117,15.549
10,Umbria,Maschi,71,83458,1500,17.97784,82708,0.9811648,14.797
10,Umbria,Maschi,72,81958,1615,19.70827,81150,0.9797544,14.058
10,Umbria,Maschi,73,80343,1671,20.79374,79507,0.9785431,13.331
10,Umbria,Maschi,74,78672,1741,22.13417,77801,0.9766136,12.603
10,Umbria,Maschi,75,76931,1898,24.66688,75982,0.9734860,11.877
10,Umbria,Maschi,76,75033,2132,28.40782,73967,0.9692947,11.165
10,Umbria,Maschi,77,72902,2411,33.06989,71696,0.9648947,10.477
10,Umbria,Maschi,78,70491,2623,37.21037,69179,0.9603621,9.818
10,Umbria,Maschi,79,67868,2861,42.15918,66437,0.9550657,9.178
10,Umbria,Maschi,80,65007,3109,47.83161,63452,0.9485597,8.560
10,Umbria,Maschi,81,61897,3419,55.23020,60188,0.9407737,7.965
10,Umbria,Maschi,82,58479,3711,63.45594,56623,0.9330966,7.401
10,Umbria,Maschi,83,54768,3866,70.58453,52835,0.9254239,6.869
10,Umbria,Maschi,84,50902,4015,78.87090,48895,0.9164731,6.353
10,Umbria,Maschi,85,46887,4153,88.58147,44811,0.9052586,5.854
10,Umbria,Maschi,86,42734,4337,101.49998,40565,0.8917653,5.374
10,Umbria,Maschi,87,38396,4444,115.73015,36175,0.8750368,4.925
10,Umbria,Maschi,88,33953,4597,135.40461,31654,0.8550327,4.504
10,Umbria,Maschi,89,29355,4580,156.02769,27065,0.8375629,4.131
10,Umbria,Maschi,90,24775,4213,170.03152,22669,0.8224711,3.802
10,Umbria,Maschi,91,20563,3836,186.56212,18645,0.8011849,3.479
10,Umbria,Maschi,92,16726,3577,213.87839,14938,0.7783289,3.162
10,Umbria,Maschi,93,13149,3045,231.58386,11626,0.7586963,2.886
10,Umbria,Maschi,94,10104,2566,253.95297,8821,0.7301294,2.605
10,Umbria,Maschi,95,7538,2195,291.20651,6440,0.6981693,2.322
10,Umbria,Maschi,96,5343,1693,316.81989,4497,0.6583480,2.071
10,Umbria,Maschi,97,3650,1380,377.99975,2960,0.5960907,1.799
10,Umbria,Maschi,98,2270,1012,445.56459,1765,0.5365193,1.588
10,Umbria,Maschi,99,1259,624,495.79484,947,0.4963468,1.463
10,Umbria,Maschi,100,635,330,519.23880,470,0.4871700,1.410
10,Umbria,Maschi,101,305,152,499.49952,229,0.4886951,1.393
10,Umbria,Maschi,102,153,82,534.89194,112,0.4538357,1.285
10,Umbria,Maschi,103,71,41,570.40035,51,0.4189962,1.188
10,Umbria,Maschi,104,31,18,605.68613,21,0.3844965,1.100
10,Umbria,Maschi,105,12,8,640.40089,8,0.3506575,1.023
10,Umbria,Maschi,106,4,3,674.20796,3,0.3177866,0.954
10,Umbria,Maschi,107,1,1,706.78558,1,0.2861717,0.892
10,Umbria,Maschi,108,0,0,737.84721,0,0.2560687,0.838
10,Umbria,Maschi,109,0,0,767.13924,0,0.2277013,0.791
10,Umbria,Maschi,110,0,0,794.45570,0,0.2012508,0.749
10,Umbria,Maschi,111,0,0,819.63772,0,0.1768569,0.713
10,Umbria,Maschi,112,0,0,842.57860,0,0.1546144,0.682
10,Umbria,Maschi,113,0,0,863.21637,0,0.1345793,0.655
10,Umbria,Maschi,114,0,0,881.53655,0,0.1167660,0.632
10,Umbria,Maschi,115,0,0,897.56281,0,0.1011556,0.612
10,Umbria,Maschi,116,0,0,911.35557,0,0.0876962,0.596
10,Umbria,Maschi,117,0,0,923.00089,0,0.0763122,0.583
10,Umbria,Maschi,118,0,0,932.60849,0,0.0669057,0.572
10,Umbria,Maschi,119,0,0,940.30236,0,0.0593644,0.563
10,Umbria,Femmine,0,100000,192,1.91758,99820,0.9998237,85.407
10,Umbria,Femmine,1,99808,13,0.12586,99802,0.9998762,84.570
10,Umbria,Femmine,2,99796,12,0.12174,99790,0.9998802,83.581
10,Umbria,Femmine,3,99784,12,0.11788,99778,0.9998841,82.591
10,Umbria,Femmine,4,99772,11,0.11401,99766,0.9998870,81.601
10,Umbria,Femmine,5,99760,11,0.11207,99755,0.9998905,80.610
10,Umbria,Femmine,6,99749,11,0.10697,99744,0.9998990,79.619
10,Umbria,Femmine,7,99739,9,0.09500,99734,0.9999151,78.627
10,Umbria,Femmine,8,99729,7,0.07483,99725,0.9999364,77.635
10,Umbria,Femmine,9,99722,5,0.05244,99719,0.9999581,76.641
10,Umbria,Femmine,10,99716,3,0.03135,99715,0.9999723,75.645
10,Umbria,Femmine,11,99713,2,0.02403,99712,0.9999768,74.647
10,Umbria,Femmine,12,99711,2,0.02231,99710,0.9999685,73.649
10,Umbria,Femmine,13,99709,4,0.04063,99707,0.9999395,72.650
10,Umbria,Femmine,14,99705,8,0.08044,99701,0.9998777,71.653
10,Umbria,Femmine,15,99697,16,0.16425,99688,0.9997959,70.659
10,Umbria,Femmine,16,99680,24,0.24396,99668,0.9997333,69.671
10,Umbria,Femmine,17,99656,29,0.28948,99641,0.9997157,68.687
10,Umbria,Femmine,18,99627,28,0.27913,99613,0.9997426,67.707
10,Umbria,Femmine,19,99599,23,0.23561,99587,0.9997933,66.726
10,Umbria,Femmine,20,99576,18,0.17783,99567,0.9998462,65.742
10,Umbria,Femmine,21,99558,13,0.12973,99552,0.9998907,64.753
10,Umbria,Femmine,22,99545,9,0.08882,99541,0.9999229,63.762
10,Umbria,Femmine,23,99536,7,0.06543,99533,0.9999266,62.767
10,Umbria,Femmine,24,99530,8,0.08146,99526,0.9998955,61.771
10,Umbria,Femmine,25,99522,13,0.12750,99515,0.9998453,60.776
10,Umbria,Femmine,26,99509,18,0.18193,99500,0.9998091,59.784
10,Umbria,Femmine,27,99491,20,0.19986,99481,0.9998023,58.795
10,Umbria,Femmine,28,99471,19,0.19558,99461,0.9998107,57.806
10,Umbria,Femmine,29,99452,18,0.18307,99442,0.9998081,56.818
10,Umbria,Femmine,30,99433,20,0.20076,99423,0.9997872,55.828
10,Umbria,Femmine,31,99413,22,0.22489,99402,0.9997635,54.839
10,Umbria,Femmine,32,99391,25,0.24818,99379,0.9997579,53.851
10,Umbria,Femmine,33,99366,23,0.23612,99355,0.9997737,52.864
10,Umbria,Femmine,34,99343,22,0.21655,99332,0.9997815,51.877
10,Umbria,Femmine,35,99321,22,0.22043,99310,0.9997446,50.888
10,Umbria,Femmine,36,99299,29,0.29039,99285,0.9996474,49.899
10,Umbria,Femmine,37,99271,41,0.41484,99250,0.9995000,48.913
10,Umbria,Femmine,38,99229,58,0.58522,99200,0.9993401,47.933
10,Umbria,Femmine,39,99171,73,0.73459,99135,0.9992346,46.961
10,Umbria,Femmine,40,99099,79,0.79619,99059,0.9992260,45.995
10,Umbria,Femmine,41,99020,74,0.75187,98982,0.9992871,45.032
10,Umbria,Femmine,42,98945,67,0.67398,98912,0.9993592,44.065
10,Umbria,Femmine,43,98878,60,0.60754,98848,0.9993579,43.095
10,Umbria,Femmine,44,98818,67,0.67662,98785,0.9992354,42.120
10,Umbria,Femmine,45,98752,84,0.85267,98709,0.9990449,41.149
10,Umbria,Femmine,46,98667,104,1.05763,98615,0.9988622,40.183
10,Umbria,Femmine,47,98563,120,1.21814,98503,0.9987067,39.225
10,Umbria,Femmine,48,98443,135,1.36851,98376,0.9985626,38.273
10,Umbria,Femmine,49,98308,148,1.50648,98234,0.9983804,37.324
10,Umbria,Femmine,50,98160,170,1.73280,98075,0.9981589,36.380
10,Umbria,Femmine,51,97990,191,1.94960,97895,0.9979890,35.442
10,Umbria,Femmine,52,97799,203,2.07261,97698,0.9979024,34.510
10,Umbria,Femmine,53,97596,207,2.12270,97493,0.9978534,33.581
10,Umbria,Femmine,54,97389,211,2.17063,97283,0.9977556,32.651
10,Umbria,Femmine,55,97178,225,2.31842,97065,0.9976661,31.721
10,Umbria,Femmine,56,96952,228,2.34938,96839,0.9976034,30.794
10,Umbria,Femmine,57,96725,236,2.44392,96606,0.9976165,29.865
10,Umbria,Femmine,58,96488,224,2.32285,96376,0.9977289,28.937
10,Umbria,Femmine,59,96264,214,2.21924,96157,0.9977408,28.003
10,Umbria,Femmine,60,96050,221,2.29934,95940,0.9975061,27.065
10,Umbria,Femmine,61,95830,258,2.68894,95701,0.9970908,26.126
10,Umbria,Femmine,62,95572,299,3.13005,95422,0.9964225,25.195
10,Umbria,Femmine,63,95273,384,4.02634,95081,0.9955790,24.272
10,Umbria,Femmine,64,94889,457,4.81725,94661,0.9948730,23.369
10,Umbria,Femmine,65,94432,514,5.43822,94175,0.9943987,22.479
10,Umbria,Femmine,66,93919,541,5.76533,93648,0.9940513,21.599
10,Umbria,Femmine,67,93377,573,6.13322,93091,0.9935601,20.722
10,Umbria,Femmine,68,92804,626,6.74840,92491,0.9926286,19.847
10,Umbria,Femmine,69,92178,737,7.99861,91809,0.9914115,18.978
10,Umbria,Femmine,70,91441,840,9.18318,91021,0.9901603,18.127
10,Umbria,Femmine,71,90601,952,10.50235,90125,0.9891378,17.290
10,Umbria,Femmine,72,89650,1006,11.22578,89146,0.9880775,16.469
10,Umbria,Femmine,73,88643,1119,12.62714,88084,0.9866334,15.650
10,Umbria,Femmine,74,87524,1235,14.11561,86906,0.9851849,14.844
10,Umbria,Femmine,75,86288,1340,15.52456,85619,0.9840483,14.049
10,Umbria,Femmine,76,84949,1392,16.38548,84253,0.9828393,13.263
10,Umbria,Femmine,77,83557,1500,17.94881,82807,0.9809159,12.475
10,Umbria,Femmine,78,82057,1661,20.24009,81227,0.9776795,11.694
10,Umbria,Femmine,79,80396,1965,24.44383,79414,0.9729763,10.925
10,Umbria,Femmine,80,78431,2327,29.66821,77268,0.9678479,10.187
10,Umbria,Femmine,81,76104,2642,34.71188,74783,0.9631361,9.483
10,Umbria,Femmine,82,73462,2872,39.09338,72027,0.9575885,8.806
10,Umbria,Femmine,83,70591,3238,45.86471,68972,0.9503260,8.144
10,Umbria,Femmine,84,67353,3615,53.66631,65546,0.9421007,7.511
10,Umbria,Femmine,85,63738,3976,62.37227,61751,0.9318014,6.909
10,Umbria,Femmine,86,59763,4447,74.41248,57539,0.9195468,6.335
10,Umbria,Femmine,87,55316,4811,86.97962,52910,0.9075640,5.804
10,Umbria,Femmine,88,50504,4970,98.41219,48019,0.8916938,5.309
10,Umbria,Femmine,89,45534,5431,119.28009,42819,0.8729103,4.834
10,Umbria,Femmine,90,40103,5452,135.95703,37377,0.8580748,4.421
10,Umbria,Femmine,91,34651,5157,148.83255,32072,0.8412549,4.038
10,Umbria,Femmine,92,29493,5025,170.39101,26981,0.8198865,3.657
10,Umbria,Femmine,93,24468,4694,191.83289,22121,0.7949932,3.306
10,Umbria,Femmine,94,19774,4376,221.30773,17586,0.7633971,2.972
10,Umbria,Femmine,95,15398,3946,256.24492,13425,0.7284557,2.674
10,Umbria,Femmine,96,11452,3345,292.11476,9780,0.6949494,2.423
10,Umbria,Femmine,97,8107,2621,323.32443,6796,0.6648350,2.217
10,Umbria,Femmine,98,5486,1935,352.66310,4518,0.6359057,2.037
10,Umbria,Femmine,99,3551,1356,381.75321,2873,0.6063685,1.874
10,Umbria,Femmine,100,2195,906,412.84429,1742,0.5741667,1.722
10,Umbria,Femmine,101,1289,577,447.95521,1000,0.5402035,1.582
10,Umbria,Femmine,102,712,342,481.24641,540,0.5072741,1.459
10,Umbria,Femmine,103,369,190,514.85499,274,0.4741632,1.349
10,Umbria,Femmine,104,179,98,548.47299,130,0.4411647,1.251
10,Umbria,Femmine,105,81,47,581.78469,57,0.4085741,1.162
10,Umbria,Femmine,106,34,21,614.47925,23,0.3766791,1.083
10,Umbria,Femmine,107,13,8,646.25522,9,0.3457533,1.013
10,Umbria,Femmine,108,5,3,676.83795,3,0.3160432,0.951
10,Umbria,Femmine,109,1,1,705.98551,1,0.2877652,0.896
10,Umbria,Femmine,110,0,0,733.48985,0,0.2611026,0.848
10,Umbria,Femmine,111,0,0,759.18773,0,0.2361983,0.805
10,Umbria,Femmine,112,0,0,782.96151,0,0.2131556,0.768
10,Umbria,Femmine,113,0,0,804.73449,0,0.1920411,0.736
10,Umbria,Femmine,114,0,0,824.47174,0,0.1728846,0.708
10,Umbria,Femmine,115,0,0,842.17668,0,0.1556820,0.684
10,Umbria,Femmine,116,0,0,857.88563,0,0.1404006,0.663
10,Umbria,Femmine,117,0,0,871.65839,0,0.1269854,0.645
10,Umbria,Femmine,118,0,0,883.58160,0,0.1153578,0.630
10,Umbria,Femmine,119,0,0,893.75244,0,0.1054281,0.618
11,Marche,Maschi e femmine,0,100000,159,1.58832,99851,0.9998146,83.271
11,Marche,Maschi e femmine,1,99841,18,0.18304,99832,0.9998244,82.403
11,Marche,Maschi e femmine,2,99823,17,0.16811,99815,0.9998410,81.418
11,Marche,Maschi e femmine,3,99806,15,0.14983,99799,0.9998579,80.431
11,Marche,Maschi e femmine,4,99791,13,0.13435,99784,0.9998692,79.443
11,Marche,Maschi e femmine,5,99778,13,0.12730,99771,0.9998726,78.454
11,Marche,Maschi e femmine,6,99765,13,0.12748,99759,0.9998748,77.464
11,Marche,Maschi e femmine,7,99752,12,0.12296,99746,0.9998861,76.474
11,Marche,Maschi e femmine,8,99740,10,0.10489,99735,0.9999117,75.483
11,Marche,Maschi e femmine,9,99730,7,0.07173,99726,0.9999398,74.491
11,Marche,Maschi e femmine,10,99722,5,0.04871,99720,0.9999548,73.496
11,Marche,Maschi e femmine,11,99718,4,0.04171,99716,0.9999506,72.500
11,Marche,Maschi e femmine,12,99713,6,0.05707,99711,0.9999246,71.503
11,Marche,Maschi e femmine,13,99708,9,0.09382,99703,0.9998845,70.507
11,Marche,Maschi e femmine,14,99698,14,0.13720,99692,0.9998424,69.513
11,Marche,Maschi e femmine,15,99685,18,0.17807,99676,0.9998087,68.523
11,Marche,Maschi e femmine,16,99667,20,0.20457,99657,0.9997946,67.535
11,Marche,Maschi e femmine,17,99647,21,0.20621,99636,0.9997984,66.549
11,Marche,Maschi e femmine,18,99626,20,0.19708,99616,0.9998058,65.562
11,Marche,Maschi e femmine,19,99606,19,0.19133,99597,0.9998007,64.575
11,Marche,Maschi e femmine,20,99587,21,0.20732,99577,0.9997766,63.587
11,Marche,Maschi e femmine,21,99567,24,0.23942,99555,0.9997425,62.600
11,Marche,Maschi e femmine,22,99543,27,0.27553,99529,0.9997093,61.615
11,Marche,Maschi e femmine,23,99515,30,0.30579,99500,0.9996738,60.632
11,Marche,Maschi e femmine,24,99485,34,0.34668,99468,0.9996337,59.650
11,Marche,Maschi e femmine,25,99450,38,0.38594,99431,0.9995963,58.671
11,Marche,Maschi e femmine,26,99412,42,0.42141,99391,0.9995757,57.693
11,Marche,Maschi e femmine,27,99370,42,0.42717,99349,0.9995803,56.718
11,Marche,Maschi e femmine,28,99328,41,0.41227,99307,0.9995983,55.742
11,Marche,Maschi e femmine,29,99287,39,0.39109,99267,0.9996067,54.764
11,Marche,Maschi e femmine,30,99248,39,0.39558,99228,0.9996058,53.786
11,Marche,Maschi e femmine,31,99209,39,0.39280,99189,0.9996095,52.807
11,Marche,Maschi e femmine,32,99170,38,0.38821,99151,0.9996120,51.827
11,Marche,Maschi e femmine,33,99131,38,0.38774,99112,0.9996012,50.847
11,Marche,Maschi e femmine,34,99093,41,0.40981,99073,0.9995779,49.867
11,Marche,Maschi e femmine,35,99052,43,0.43430,99031,0.9995475,48.887
11,Marche,Maschi e femmine,36,99009,47,0.47071,98986,0.9995128,47.908
11,Marche,Maschi e femmine,37,98963,50,0.50379,98938,0.9994731,46.930
11,Marche,Maschi e femmine,38,98913,54,0.55005,98886,0.9994129,45.954
11,Marche,Maschi e femmine,39,98858,62,0.62408,98827,0.9993252,44.979
11,Marche,Maschi e femmine,40,98797,72,0.72559,98761,0.9992224,44.006
11,Marche,Maschi e femmine,41,98725,82,0.82965,98684,0.9991131,43.038
11,Marche,Maschi e femmine,42,98643,93,0.94423,98596,0.9990069,42.073
11,Marche,Maschi e femmine,43,98550,103,1.04203,98499,0.9988985,41.113
11,Marche,Maschi e femmine,44,98447,114,1.16103,98390,0.9987890,40.155
11,Marche,Maschi e femmine,45,98333,124,1.26105,98271,0.9987109,39.201
11,Marche,Maschi e femmine,46,98209,129,1.31715,98144,0.9986616,38.250
11,Marche,Maschi e femmine,47,98080,133,1.35973,98013,0.9986205,37.300
11,Marche,Maschi e femmine,48,97946,137,1.39924,97878,0.9985614,36.350
11,Marche,Maschi e femmine,49,97809,145,1.47810,97737,0.9984306,35.400
11,Marche,Maschi e femmine,50,97665,162,1.66075,97583,0.9982318,34.452
11,Marche,Maschi e femmine,51,97502,183,1.87580,97411,0.9980082,33.508
11,Marche,Maschi e femmine,52,97319,205,2.10804,97217,0.9977760,32.570
11,Marche,Maschi e femmine,53,97114,227,2.34025,97001,0.9974936,31.638
11,Marche,Maschi e femmine,54,96887,259,2.67303,96758,0.9971815,30.711
11,Marche,Maschi e femmine,55,96628,286,2.96439,96485,0.9968932,29.792
11,Marche,Maschi e femmine,56,96342,313,3.24954,96185,0.9965955,28.879
11,Marche,Maschi e femmine,57,96029,342,3.55990,95858,0.9963294,27.972
11,Marche,Maschi e femmine,58,95687,362,3.78169,95506,0.9960916,27.070
11,Marche,Maschi e femmine,59,95325,385,4.03553,95133,0.9956621,26.171
11,Marche,Maschi e femmine,60,94940,441,4.64152,94720,0.9950325,25.275
11,Marche,Maschi e femmine,61,94499,500,5.29505,94249,0.9944261,24.390
11,Marche,Maschi e femmine,62,93999,550,5.85415,93724,0.9939096,23.517
11,Marche,Maschi e femmine,63,93449,591,6.32813,93153,0.9933764,22.653
11,Marche,Maschi e femmine,64,92857,643,6.92093,92536,0.9928186,21.794
11,Marche,Maschi e femmine,65,92215,686,7.44370,91872,0.9923157,20.942
11,Marche,Maschi e femmine,66,91528,726,7.92667,91166,0.9917675,20.096
11,Marche,Maschi e femmine,67,90803,776,8.54082,90415,0.9910818,19.252
11,Marche,Maschi e femmine,68,90027,837,9.29885,89609,0.9900686,18.414
11,Marche,Maschi e femmine,69,89190,943,10.56980,88719,0.9886546,17.582
11,Marche,Maschi e femmine,70,88247,1070,12.12928,87712,0.9871385,16.764
11,Marche,Maschi e femmine,71,87177,1186,13.60266,86584,0.9857298,15.964
11,Marche,Maschi e femmine,72,85991,1285,14.94690,85349,0.9841966,15.177
11,Marche,Maschi e femmine,73,84706,1412,16.67291,84000,0.9824182,14.400
11,Marche,Maschi e femmine,74,83294,1541,18.50601,82523,0.9802342,13.636
11,Marche,Maschi e femmine,75,81752,1721,21.04930,80892,0.9777375,12.883
11,Marche,Maschi e femmine,76,80031,1881,23.50182,79091,0.9752703,12.150
11,Marche,Maschi e femmine,77,78151,2031,25.98722,77135,0.9725615,11.430
11,Marche,Maschi e femmine,78,76120,2202,28.92852,75019,0.9685800,10.722
11,Marche,Maschi e femmine,79,73918,2512,33.98565,72662,0.9631176,10.026
11,Marche,Maschi e femmine,80,71405,2848,39.88102,69982,0.9568849,9.361
11,Marche,Maschi e femmine,81,68558,3187,46.48343,66964,0.9511252,8.729
11,Marche,Maschi e femmine,82,65371,3359,51.38270,63691,0.9464475,8.131
11,Marche,Maschi e femmine,83,62012,3463,55.83976,60281,0.9402426,7.544
11,Marche,Maschi e femmine,84,58549,3742,63.90678,56678,0.9318185,6.961
11,Marche,Maschi e femmine,85,54808,3987,72.74799,52814,0.9215393,6.402
11,Marche,Maschi e femmine,86,50820,4301,84.62168,48670,0.9093685,5.865
11,Marche,Maschi e femmine,87,46520,4522,97.19691,44259,0.8940148,5.361
11,Marche,Maschi e femmine,88,41998,4860,115.71956,39568,0.8760543,4.884
11,Marche,Maschi e femmine,89,37138,4949,133.24832,34664,0.8586936,4.458
11,Marche,Maschi e femmine,90,32190,4848,150.60328,29766,0.8426277,4.066
11,Marche,Maschi e femmine,91,27342,4521,165.34147,25081,0.8218966,3.698
11,Marche,Maschi e femmine,92,22821,4413,193.39333,20614,0.7937792,3.332
11,Marche,Maschi e femmine,93,18408,4089,222.12383,16363,0.7599136,3.011
11,Marche,Maschi e femmine,94,14319,3768,263.17815,12435,0.7248513,2.728
11,Marche,Maschi e femmine,95,10550,3074,291.39484,9013,0.7004980,2.523
11,Marche,Maschi e femmine,96,7476,2325,310.94289,6314,0.6801834,2.356
11,Marche,Maschi e femmine,97,5151,1714,332.69462,4295,0.6585387,2.193
11,Marche,Maschi e femmine,98,3438,1219,354.59865,2828,0.6354950,2.037
11,Marche,Maschi e femmine,99,2219,843,379.85414,1797,0.6081688,1.881
11,Marche,Maschi e femmine,100,1376,566,411.14457,1093,0.5749599,1.728
11,Marche,Maschi e femmine,101,810,363,448.63757,628,0.5401388,1.585
11,Marche,Maschi e femmine,102,447,215,480.21732,339,0.5088834,1.468
11,Marche,Maschi e femmine,103,232,119,512.08564,173,0.4774462,1.362
11,Marche,Maschi e femmine,104,113,62,544.00883,82,0.4460508,1.266
11,Marche,Maschi e femmine,105,52,30,575.74853,37,0.4149218,1.180
11,Marche,Maschi e femmine,106,22,13,607.06896,15,0.3842808,1.102
11,Marche,Maschi e femmine,107,9,5,637.73384,6,0.3543458,1.033
11,Marche,Maschi e femmine,108,3,2,667.51757,2,0.3253240,0.970
11,Marche,Maschi e femmine,109,1,1,696.20636,1,0.2974110,0.915
11,Marche,Maschi e femmine,110,0,0,723.59889,0,0.2707884,0.865
11,Marche,Maschi e femmine,111,0,0,749.51817,0,0.2456146,0.821
11,Marche,Maschi e femmine,112,0,0,773.81688,0,0.2220214,0.782
11,Marche,Maschi e femmine,113,0,0,796.37845,0,0.2001119,0.748
11,Marche,Maschi e femmine,114,0,0,817.12395,0,0.1799556,0.718
11,Marche,Maschi e femmine,115,0,0,836.01368,0,0.1615868,0.692
11,Marche,Maschi e femmine,116,0,0,853.04533,0,0.1450070,0.669
11,Marche,Maschi e femmine,117,0,0,868.24635,0,0.1301901,0.649
11,Marche,Maschi e femmine,118,0,0,881.67755,0,0.1170805,0.632
11,Marche,Maschi e femmine,119,0,0,893.41611,0,0.1056068,0.618
11,Marche,Maschi,0,100000,191,1.91474,99820,0.9997807,81.203
11,Marche,Maschi,1,99809,21,0.21225,99798,0.9998096,80.358
11,Marche,Maschi,2,99787,17,0.16855,99779,0.9998436,79.375
11,Marche,Maschi,3,99771,14,0.14428,99763,0.9998609,78.388
11,Marche,Maschi,4,99756,13,0.13389,99749,0.9998619,77.399
11,Marche,Maschi,5,99743,14,0.14234,99736,0.9998566,76.409
11,Marche,Maschi,6,99729,14,0.14440,99721,0.9998615,75.420
11,Marche,Maschi,7,99714,13,0.13264,99708,0.9998813,74.431
11,Marche,Maschi,8,99701,10,0.10469,99696,0.9999129,73.441
11,Marche,Maschi,9,99691,7,0.06961,99687,0.9999408,72.448
11,Marche,Maschi,10,99684,5,0.04884,99681,0.9999576,71.454
11,Marche,Maschi,11,99679,4,0.03590,99677,0.9999625,70.457
11,Marche,Maschi,12,99675,4,0.03916,99673,0.9999430,69.459
11,Marche,Maschi,13,99671,7,0.07480,99667,0.9998924,68.462
11,Marche,Maschi,14,99664,14,0.14043,99657,0.9998176,67.467
11,Marche,Maschi,15,99650,22,0.22430,99639,0.9997459,66.477
11,Marche,Maschi,16,99627,28,0.28395,99613,0.9997112,65.491
11,Marche,Maschi,17,99599,29,0.29372,99585,0.9997148,64.510
11,Marche,Maschi,18,99570,28,0.27664,99556,0.9997284,63.529
11,Marche,Maschi,19,99542,27,0.26648,99529,0.9997222,62.546
11,Marche,Maschi,20,99516,29,0.28908,99501,0.9996895,61.563
11,Marche,Maschi,21,99487,33,0.33198,99471,0.9996473,60.580
11,Marche,Maschi,22,99454,37,0.37336,99435,0.9996077,59.600
11,Marche,Maschi,23,99417,41,0.41128,99396,0.9995510,58.622
11,Marche,Maschi,24,99376,48,0.48672,99352,0.9994686,57.646
11,Marche,Maschi,25,99328,57,0.57615,99299,0.9993893,56.674
11,Marche,Maschi,26,99270,64,0.64531,99238,0.9993605,55.707
11,Marche,Maschi,27,99206,63,0.63369,99175,0.9993992,54.742
11,Marche,Maschi,28,99143,56,0.56788,99115,0.9994683,53.777
11,Marche,Maschi,29,99087,49,0.49557,99063,0.9995078,52.807
11,Marche,Maschi,30,99038,48,0.48891,99014,0.9995105,51.833
11,Marche,Maschi,31,98990,49,0.49000,98965,0.9995116,50.858
11,Marche,Maschi,32,98941,48,0.48689,98917,0.9995124,49.883
11,Marche,Maschi,33,98893,48,0.48826,98869,0.9994939,48.907
11,Marche,Maschi,34,98845,52,0.52393,98819,0.9994510,47.930
11,Marche,Maschi,35,98793,57,0.57417,98765,0.9993968,46.955
11,Marche,Maschi,36,98736,62,0.63227,98705,0.9993559,45.982
11,Marche,Maschi,37,98674,65,0.65601,98641,0.9993514,45.011
11,Marche,Maschi,38,98609,63,0.64116,98577,0.9993468,44.040
11,Marche,Maschi,39,98546,66,0.66520,98513,0.9992951,43.068
11,Marche,Maschi,40,98480,73,0.74458,98444,0.9991946,42.096
11,Marche,Maschi,41,98407,85,0.86628,98364,0.9990534,41.127
11,Marche,Maschi,42,98322,101,1.02705,98271,0.9988838,40.162
11,Marche,Maschi,43,98221,118,1.20542,98161,0.9986815,39.203
11,Marche,Maschi,44,98102,140,1.43172,98032,0.9984949,38.250
11,Marche,Maschi,45,97962,155,1.57851,97885,0.9983975,37.304
11,Marche,Maschi,46,97807,159,1.62651,97728,0.9983418,36.362
11,Marche,Maschi,47,97648,165,1.68989,97566,0.9982850,35.421
11,Marche,Maschi,48,97483,170,1.74025,97398,0.9982244,34.480
11,Marche,Maschi,49,97313,176,1.81100,97225,0.9980761,33.539
11,Marche,Maschi,50,97137,198,2.03699,97038,0.9978931,32.599
11,Marche,Maschi,51,96939,211,2.17705,96834,0.9977284,31.664
11,Marche,Maschi,52,96728,229,2.36645,96614,0.9974867,30.732
11,Marche,Maschi,53,96499,257,2.66053,96371,0.9970331,29.804
11,Marche,Maschi,54,96243,315,3.27402,96085,0.9964461,28.882
11,Marche,Maschi,55,95928,368,3.83479,95744,0.9958835,27.975
11,Marche,Maschi,56,95560,420,4.39927,95349,0.9953325,27.081
11,Marche,Maschi,57,95139,470,4.93686,94904,0.9949090,26.199
11,Marche,Maschi,58,94670,497,5.24589,94421,0.9946594,25.326
11,Marche,Maschi,59,94173,512,5.43578,93917,0.9941492,24.457
11,Marche,Maschi,60,93661,587,6.26803,93368,0.9933815,23.588
11,Marche,Maschi,61,93074,649,6.97117,92750,0.9926711,22.734
11,Marche,Maschi,62,92425,711,7.68906,92070,0.9920330,21.890
11,Marche,Maschi,63,91715,756,8.24708,91336,0.9912778,21.055
11,Marche,Maschi,64,90958,837,9.20137,90540,0.9904155,20.226
11,Marche,Maschi,65,90121,899,9.97117,89672,0.9896396,19.410
11,Marche,Maschi,66,89223,959,10.75360,88743,0.9888671,18.600
11,Marche,Maschi,67,88263,1016,11.51639,87755,0.9880173,17.797
11,Marche,Maschi,68,87247,1087,12.45436,86703,0.9869585,16.998
11,Marche,Maschi,69,86160,1175,13.63608,85573,0.9855411,16.206
11,Marche,Maschi,70,84985,1300,15.29306,84335,0.9837670,15.424
11,Marche,Maschi,71,83685,1438,17.18762,82966,0.9819747,14.655
11,Marche,Maschi,72,82247,1553,18.87772,81471,0.9797996,13.903
11,Marche,Maschi,73,80694,1739,21.54860,79825,0.9773862,13.161
11,Marche,Maschi,74,78956,1871,23.70253,78020,0.9748248,12.440
11,Marche,Maschi,75,77084,2057,26.68369,76056,0.9716052,11.729
11,Marche,Maschi,76,75027,2262,30.15289,73896,0.9679872,11.037
11,Marche,Maschi,77,72765,2469,33.93045,71531,0.9643136,10.365
11,Marche,Maschi,78,70296,2636,37.50410,68978,0.9594746,9.711
11,Marche,Maschi,79,67660,2954,43.66439,66183,0.9533638,9.070
11,Marche,Maschi,80,64705,3219,49.74360,63096,0.9466081,8.462
11,Marche,Maschi,81,61487,3519,57.23112,59727,0.9396626,7.878
11,Marche,Maschi,82,57968,3689,63.63227,56123,0.9339228,7.326
11,Marche,Maschi,83,54279,3728,68.68838,52415,0.9268437,6.790
11,Marche,Maschi,84,50551,3941,77.95365,48580,0.9175696,6.254
11,Marche,Maschi,85,46610,4068,87.28556,44576,0.9067073,5.741
11,Marche,Maschi,86,42542,4249,99.87433,40417,0.8926308,5.242
11,Marche,Maschi,87,38293,4430,115.69558,36078,0.8728072,4.768
11,Marche,Maschi,88,33863,4747,140.19432,31489,0.8500683,4.326
11,Marche,Maschi,89,29115,4695,161.25684,26768,0.8299038,3.950
11,Marche,Maschi,90,24420,4411,180.63506,22215,0.8134300,3.614
11,Marche,Maschi,91,20009,3878,193.81332,18070,0.7969326,3.300
11,Marche,Maschi,92,16131,3461,214.54622,14401,0.7737005,2.973
11,Marche,Maschi,93,12670,3057,241.26326,11142,0.7323637,2.649
11,Marche,Maschi,94,9613,2907,302.39548,8160,0.6790232,2.332
11,Marche,Maschi,95,6706,2331,347.61272,5541,0.6437599,2.126
11,Marche,Maschi,96,4375,1616,369.46434,3567,0.6213112,1.992
11,Marche,Maschi,97,2759,1085,393.31844,2216,0.5997101,1.866
11,Marche,Maschi,98,1674,689,411.78110,1329,0.5808488,1.752
11,Marche,Maschi,99,984,425,431.68079,772,0.5562909,1.628
11,Marche,Maschi,100,559,260,464.87371,429,0.5173048,1.485
11,Marche,Maschi,101,299,154,515.99850,222,0.4724025,1.341
11,Marche,Maschi,102,145,80,551.56229,105,0.4374305,1.238
11,Marche,Maschi,103,65,38,587.11534,46,0.4025999,1.145
11,Marche,Maschi,104,27,17,622.30948,18,0.3682380,1.062
11,Marche,Maschi,105,10,7,656.78898,7,0.3346707,0.988
11,Marche,Maschi,106,3,2,690.21269,2,0.3022082,0.923
11,Marche,Maschi,107,1,1,722.25721,1,0.2711390,0.865
11,Marche,Maschi,108,0,0,752.63739,0,0.2417175,0.814
11,Marche,Maschi,109,0,0,781.10370,0,0.2141637,0.769
11,Marche,Maschi,110,0,0,807.45684,0,0.1886537,0.730
11,Marche,Maschi,111,0,0,831.54683,0,0.1653203,0.697
11,Marche,Maschi,112,0,0,853.27759,0,0.1442502,0.668
11,Marche,Maschi,113,0,0,872.59902,0,0.1254900,0.643
11,Marche,Maschi,114,0,0,889.50935,0,0.1090444,0.622
11,Marche,Maschi,115,0,0,904.04529,0,0.0948835,0.605
11,Marche,Maschi,116,0,0,916.28026,0,0.0829447,0.590
11,Marche,Maschi,117,0,0,926.31295,0,0.0731413,0.579
11,Marche,Maschi,118,0,0,934.26510,0,0.0653644,0.570
11,Marche,Maschi,119,0,0,940.27183,0,0.0594911,0.563
11,Marche,Femmine,0,100000,124,1.24416,99883,0.9998504,85.437
11,Marche,Femmine,1,99876,15,0.15224,99868,0.9998401,84.543
11,Marche,Femmine,2,99860,17,0.16765,99852,0.9998383,83.556
11,Marche,Femmine,3,99844,16,0.15568,99836,0.9998547,82.570
11,Marche,Femmine,4,99828,13,0.13484,99821,0.9998769,81.583
11,Marche,Femmine,5,99815,11,0.11145,99809,0.9998894,80.594
11,Marche,Femmine,6,99804,11,0.10965,99798,0.9998888,79.603
11,Marche,Femmine,7,99793,11,0.11275,99787,0.9998911,78.611
11,Marche,Femmine,8,99781,10,0.10511,99776,0.9999105,77.620
11,Marche,Femmine,9,99771,7,0.07397,99767,0.9999387,76.628
11,Marche,Femmine,10,99763,5,0.04857,99761,0.9999518,75.634
11,Marche,Femmine,11,99759,5,0.04784,99756,0.9999381,74.637
11,Marche,Femmine,12,99754,8,0.07595,99750,0.9999051,73.641
11,Marche,Femmine,13,99746,11,0.11389,99741,0.9998762,72.647
11,Marche,Femmine,14,99735,13,0.13379,99728,0.9998684,71.655
11,Marche,Femmine,15,99722,13,0.12933,99715,0.9998749,70.664
11,Marche,Femmine,16,99709,12,0.12091,99703,0.9998826,69.673
11,Marche,Femmine,17,99697,11,0.11398,99691,0.9998864,68.682
11,Marche,Femmine,18,99685,11,0.11325,99680,0.9998873,67.690
11,Marche,Femmine,19,99674,11,0.11217,99668,0.9998833,66.697
11,Marche,Femmine,20,99663,12,0.12119,99657,0.9998684,65.705
11,Marche,Femmine,21,99651,14,0.14194,99644,0.9998428,64.712
11,Marche,Femmine,22,99637,17,0.17252,99628,0.9998164,63.722
11,Marche,Femmine,23,99619,19,0.19475,99610,0.9998030,62.732
11,Marche,Femmine,24,99600,20,0.19928,99590,0.9998074,61.745
11,Marche,Femmine,25,99580,19,0.18582,99571,0.9998141,60.757
11,Marche,Femmine,26,99562,19,0.18594,99552,0.9998020,59.768
11,Marche,Femmine,27,99543,21,0.21007,99533,0.9997706,58.779
11,Marche,Femmine,28,99522,25,0.24875,99510,0.9997350,57.791
11,Marche,Femmine,29,99497,28,0.28133,99483,0.9997106,56.806
11,Marche,Femmine,30,99469,30,0.29755,99455,0.9997059,55.821
11,Marche,Femmine,31,99440,29,0.29073,99425,0.9997123,54.838
11,Marche,Femmine,32,99411,28,0.28460,99397,0.9997166,53.854
11,Marche,Femmine,33,99383,28,0.28221,99369,0.9997139,52.869
11,Marche,Femmine,34,99355,29,0.29005,99340,0.9997112,51.884
11,Marche,Femmine,35,99326,29,0.28755,99311,0.9997056,50.899
11,Marche,Femmine,36,99297,30,0.30126,99282,0.9996773,49.913
11,Marche,Femmine,37,99267,34,0.34417,99250,0.9996007,48.928
11,Marche,Femmine,38,99233,45,0.45454,99211,0.9994823,47.945
11,Marche,Femmine,39,99188,58,0.58097,99159,0.9993567,46.966
11,Marche,Femmine,40,99130,70,0.70568,99095,0.9992515,45.993
11,Marche,Femmine,41,99060,78,0.79126,99021,0.9991757,45.025
11,Marche,Femmine,42,98982,85,0.85744,98940,0.9991359,44.061
11,Marche,Femmine,43,98897,86,0.87086,98854,0.9991258,43.098
11,Marche,Femmine,44,98811,87,0.87759,98768,0.9990968,42.135
11,Marche,Femmine,45,98724,92,0.92882,98678,0.9990388,41.172
11,Marche,Femmine,46,98633,98,0.99360,98584,0.9989959,40.209
11,Marche,Femmine,47,98535,100,1.01466,98485,0.9989711,39.249
11,Marche,Femmine,48,98435,103,1.04307,98383,0.9989132,38.288
11,Marche,Femmine,49,98332,111,1.13064,98276,0.9988005,37.328
11,Marche,Femmine,50,98221,125,1.26835,98159,0.9985850,36.369
11,Marche,Femmine,51,98096,153,1.56183,98020,0.9982998,35.415
11,Marche,Femmine,52,97943,180,1.83886,97853,0.9980772,34.470
11,Marche,Femmine,53,97763,196,2.00683,97665,0.9979726,33.532
11,Marche,Femmine,54,97567,200,2.04798,97467,0.9979458,32.599
11,Marche,Femmine,55,97367,201,2.06049,97267,0.9979407,31.665
11,Marche,Femmine,56,97166,200,2.05803,97066,0.9979027,30.729
11,Marche,Femmine,57,96966,207,2.13658,96863,0.9977955,29.791
11,Marche,Femmine,58,96759,220,2.27257,96649,0.9975656,28.854
11,Marche,Femmine,59,96539,251,2.59652,96414,0.9972144,27.918
11,Marche,Femmine,60,96289,286,2.97514,96145,0.9967211,26.990
11,Marche,Femmine,61,96002,344,3.58358,95830,0.9962150,26.069
11,Marche,Femmine,62,95658,381,3.98721,95467,0.9958152,25.161
11,Marche,Femmine,63,95277,418,4.38312,95068,0.9954990,24.260
11,Marche,Femmine,64,94859,438,4.61931,94640,0.9952381,23.364
11,Marche,Femmine,65,94421,463,4.90510,94189,0.9949964,22.470
11,Marche,Femmine,66,93958,479,5.10257,93718,0.9946566,21.579
11,Marche,Femmine,67,93478,522,5.58554,93217,0.9941160,20.687
11,Marche,Femmine,68,92956,575,6.18409,92669,0.9931291,19.800
11,Marche,Femmine,69,92381,699,7.56193,92032,0.9916993,18.920
11,Marche,Femmine,70,91683,829,9.04503,91268,0.9904143,18.061
11,Marche,Femmine,71,90853,920,10.13128,90393,0.9893525,17.221
11,Marche,Femmine,72,89933,1004,11.16900,89431,0.9884041,16.392
11,Marche,Femmine,73,88929,1070,12.02769,88394,0.9871888,15.571
11,Marche,Femmine,74,87859,1195,13.60429,87261,0.9853098,14.755
11,Marche,Femmine,75,86664,1369,15.79109,85979,0.9834260,13.952
11,Marche,Femmine,76,85295,1482,17.36944,84554,0.9819377,13.167
11,Marche,Femmine,77,83814,1573,18.76749,83027,0.9799987,12.391
11,Marche,Femmine,78,82241,1748,21.25879,81367,0.9766525,11.619
11,Marche,Femmine,79,80492,2051,25.48154,79467,0.9716082,10.860
11,Marche,Femmine,80,78441,2461,31.37810,77211,0.9656588,10.131
11,Marche,Femmine,81,75980,2842,37.40022,74559,0.9607081,9.443
11,Marche,Femmine,82,73138,3017,41.25699,71630,0.9566801,8.791
11,Marche,Femmine,83,70121,3188,45.47152,68527,0.9509209,8.147
11,Marche,Femmine,84,66932,3538,52.85860,65163,0.9428792,7.512
11,Marche,Femmine,85,63394,3906,61.62079,61441,0.9327383,6.903
11,Marche,Femmine,86,59488,4359,73.27297,57309,0.9216319,6.323
11,Marche,Femmine,87,55129,4623,83.86611,52817,0.9090012,5.784
11,Marche,Femmine,88,50506,4989,98.78447,48011,0.8936179,5.268
11,Marche,Femmine,89,45516,5226,114.81256,42904,0.8771637,4.790
11,Marche,Femmine,90,40291,5314,131.90080,37633,0.8603496,4.347
11,Marche,Femmine,91,34976,5197,148.57741,32378,0.8362711,3.931
11,Marche,Femmine,92,29780,5406,181.52451,27077,0.8048487,3.530
11,Marche,Femmine,93,24374,5162,211.80036,21793,0.7743715,3.202
11,Marche,Femmine,94,19211,4672,243.17253,16876,0.7472795,2.928
11,Marche,Femmine,95,14540,3858,265.33630,12611,0.7255420,2.708
11,Marche,Femmine,96,10682,3064,286.87422,9150,0.7032221,2.505
11,Marche,Femmine,97,7617,2366,310.66551,6434,0.6788973,2.312
11,Marche,Femmine,98,5251,1766,336.24368,4368,0.6522681,2.129
11,Marche,Femmine,99,3485,1272,365.03984,2849,0.6223859,1.954
11,Marche,Femmine,100,2213,880,397.41744,1773,0.5890067,1.789
11,Marche,Femmine,101,1334,578,433.52270,1044,0.5545232,1.639
11,Marche,Femmine,102,755,352,466.57927,579,0.5217734,1.512
11,Marche,Femmine,103,403,202,500.06164,302,0.4887358,1.396
11,Marche,Femmine,104,201,108,533.67215,148,0.4556959,1.293
11,Marche,Femmine,105,94,53,567.10342,67,0.4229428,1.200
11,Marche,Femmine,106,41,24,600.05061,28,0.3907601,1.117
11,Marche,Femmine,107,16,10,632.21589,11,0.3594190,1.044
11,Marche,Femmine,108,6,4,663.32556,4,0.3291659,0.978
11,Marche,Femmine,109,2,1,693.13607,1,0.3002190,0.920
11,Marche,Femmine,110,1,0,721.43548,0,0.2727649,0.869
11,Marche,Femmine,111,0,0,748.05453,0,0.2469520,0.823
11,Marche,Femmine,112,0,0,772.86772,0,0.2228897,0.784
11,Marche,Femmine,113,0,0,795.78922,0,0.2006522,0.749
11,Marche,Femmine,114,0,0,816.77399,0,0.1802775,0.718
11,Marche,Femmine,115,0,0,835.81473,0,0.1617705,0.692
11,Marche,Femmine,116,0,0,852.93686,0,0.1451076,0.669
11,Marche,Femmine,117,0,0,868.18941,0,0.1302431,0.649
11,Marche,Femmine,118,0,0,881.64859,0,0.1171076,0.632
11,Marche,Femmine,119,0,0,893.40171,0,0.1056204,0.618
12,Lazio,Maschi e femmine,0,100000,190,1.89660,99822,0.9998350,82.872
12,Lazio,Maschi e femmine,1,99810,11,0.10586,99805,0.9999034,82.029
12,Lazio,Maschi e femmine,2,99800,9,0.08724,99795,0.9999189,81.037
12,Lazio,Maschi e femmine,3,99791,7,0.07490,99787,0.9999289,80.044
12,Lazio,Maschi e femmine,4,99784,7,0.06729,99780,0.9999340,79.050
12,Lazio,Maschi e femmine,5,99777,6,0.06469,99774,0.9999363,78.055
12,Lazio,Maschi e femmine,6,99770,6,0.06262,99767,0.9999386,77.060
12,Lazio,Maschi e femmine,7,99764,6,0.06013,99761,0.9999407,76.065
12,Lazio,Maschi e femmine,8,99758,6,0.05839,99755,0.9999421,75.070
12,Lazio,Maschi e femmine,9,99752,6,0.05738,99749,0.9999416,74.074
12,Lazio,Maschi e femmine,10,99747,6,0.05949,99744,0.9999395,73.078
12,Lazio,Maschi e femmine,11,99741,6,0.06149,99738,0.9999365,72.083
12,Lazio,Maschi e femmine,12,99735,7,0.06551,99731,0.9999321,71.087
12,Lazio,Maschi e femmine,13,99728,7,0.07023,99725,0.9999239,70.092
12,Lazio,Maschi e femmine,14,99721,8,0.08188,99717,0.9999086,69.097
12,Lazio,Maschi e femmine,15,99713,10,0.10090,99708,0.9998857,68.102
12,Lazio,Maschi e femmine,16,99703,13,0.12771,99696,0.9998569,67.109
12,Lazio,Maschi e femmine,17,99690,16,0.15849,99682,0.9998239,66.118
12,Lazio,Maschi e femmine,18,99674,19,0.19363,99665,0.9997851,65.128
12,Lazio,Maschi e femmine,19,99655,24,0.23625,99643,0.9997519,64.141
12,Lazio,Maschi e femmine,20,99631,26,0.25993,99618,0.9997352,63.156
12,Lazio,Maschi e femmine,21,99606,27,0.26960,99592,0.9997286,62.172
12,Lazio,Maschi e femmine,22,99579,27,0.27324,99565,0.9997248,61.188
12,Lazio,Maschi e femmine,23,99551,28,0.27723,99538,0.9997235,60.205
12,Lazio,Maschi e femmine,24,99524,27,0.27577,99510,0.9997178,59.222
12,Lazio,Maschi e femmine,25,99496,29,0.28859,99482,0.9997004,58.238
12,Lazio,Maschi e femmine,26,99468,31,0.31058,99452,0.9996792,57.254
12,Lazio,Maschi e femmine,27,99437,33,0.33098,99420,0.9996614,56.272
12,Lazio,Maschi e femmine,28,99404,34,0.34627,99387,0.9996544,55.291
12,Lazio,Maschi e femmine,29,99369,34,0.34492,99352,0.9996616,54.310
12,Lazio,Maschi e femmine,30,99335,33,0.33198,99319,0.9996648,53.328
12,Lazio,Maschi e femmine,31,99302,34,0.33835,99285,0.9996417,52.346
12,Lazio,Maschi e femmine,32,99269,38,0.37826,99250,0.9995907,51.363
12,Lazio,Maschi e femmine,33,99231,44,0.44031,99209,0.9995321,50.382
12,Lazio,Maschi e femmine,34,99187,49,0.49544,99163,0.9994885,49.404
12,Lazio,Maschi e femmine,35,99138,52,0.52756,99112,0.9994609,48.429
12,Lazio,Maschi e femmine,36,99086,55,0.55072,99059,0.9994261,47.454
12,Lazio,Maschi e femmine,37,99031,59,0.59713,99002,0.9993823,46.480
12,Lazio,Maschi e femmine,38,98972,63,0.63826,98941,0.9993434,45.507
12,Lazio,Maschi e femmine,39,98909,67,0.67504,98876,0.9993048,44.536
12,Lazio,Maschi e femmine,40,98842,71,0.71546,98807,0.9992439,43.566
12,Lazio,Maschi e femmine,41,98772,79,0.79686,98732,0.9991723,42.597
12,Lazio,Maschi e femmine,42,98693,85,0.85865,98651,0.9990875,41.630
12,Lazio,Maschi e femmine,43,98608,95,0.96636,98560,0.9989465,40.666
12,Lazio,Maschi e femmine,44,98513,112,1.14069,98457,0.9987892,39.704
12,Lazio,Maschi e femmine,45,98400,126,1.28107,98337,0.9986747,38.749
12,Lazio,Maschi e femmine,46,98274,135,1.36960,98207,0.9985680,37.798
12,Lazio,Maschi e femmine,47,98140,147,1.49443,98066,0.9984645,36.849
12,Lazio,Maschi e femmine,48,97993,154,1.57658,97916,0.9983675,35.904
12,Lazio,Maschi e femmine,49,97839,165,1.68850,97756,0.9981532,34.960
12,Lazio,Maschi e femmine,50,97673,196,2.00532,97576,0.9978589,34.018
12,Lazio,Maschi e femmine,51,97478,222,2.27725,97367,0.9976485,33.085
12,Lazio,Maschi e femmine,52,97256,236,2.42593,97138,0.9974859,32.160
12,Lazio,Maschi e femmine,53,97020,252,2.60241,96893,0.9973022,31.237
12,Lazio,Maschi e femmine,54,96767,270,2.79342,96632,0.9970535,30.317
12,Lazio,Maschi e femmine,55,96497,299,3.10006,96347,0.9967211,29.400
12,Lazio,Maschi e femmine,56,96198,333,3.45826,96031,0.9963488,28.490
12,Lazio,Maschi e femmine,57,95865,369,3.84490,95681,0.9959497,27.587
12,Lazio,Maschi e femmine,58,95496,406,4.25655,95293,0.9955448,26.692
12,Lazio,Maschi e femmine,59,95090,443,4.65464,94869,0.9951575,25.804
12,Lazio,Maschi e femmine,60,94647,476,5.03130,94409,0.9947053,24.922
12,Lazio,Maschi e femmine,61,94171,524,5.55945,93909,0.9942168,24.046
12,Lazio,Maschi e femmine,62,93648,563,6.00811,93366,0.9936244,23.177
12,Lazio,Maschi e femmine,63,93085,628,6.74531,92771,0.9927928,22.314
12,Lazio,Maschi e femmine,64,92457,709,7.67229,92102,0.9919281,21.463
12,Lazio,Maschi e femmine,65,91748,778,8.47457,91359,0.9911252,20.625
12,Lazio,Maschi e femmine,66,90970,844,9.27851,90548,0.9902676,19.797
12,Lazio,Maschi e femmine,67,90126,918,10.19048,89667,0.9893427,18.977
12,Lazio,Maschi e femmine,68,89208,993,11.12889,88711,0.9883794,18.168
12,Lazio,Maschi e femmine,69,88215,1069,12.11785,87680,0.9872370,17.366
12,Lazio,Maschi e femmine,70,87146,1169,13.41609,86561,0.9859033,16.573
12,Lazio,Maschi e femmine,71,85977,1271,14.78648,85341,0.9843802,15.792
12,Lazio,Maschi e femmine,72,84706,1395,16.46559,84008,0.9825182,15.021
12,Lazio,Maschi e femmine,73,83311,1543,18.51509,82540,0.9808154,14.265
12,Lazio,Maschi e femmine,74,81768,1624,19.86680,80956,0.9793365,13.524
12,Lazio,Maschi e femmine,75,80144,1721,21.47634,79283,0.9769742,12.788
12,Lazio,Maschi e femmine,76,78423,1930,24.60933,77458,0.9733456,12.058
12,Lazio,Maschi e femmine,77,76493,2199,28.75108,75393,0.9695509,11.350
12,Lazio,Maschi e femmine,78,74293,2392,32.19746,73097,0.9653021,10.671
12,Lazio,Maschi e femmine,79,71901,2681,37.28144,70561,0.9606862,10.009
12,Lazio,Maschi e femmine,80,69221,2867,41.42493,67787,0.9563289,9.377
12,Lazio,Maschi e femmine,81,66353,3053,46.01434,64827,0.9513070,8.761
12,Lazio,Maschi e femmine,82,63300,3260,51.50084,61670,0.9452919,8.159
12,Lazio,Maschi e femmine,83,60040,3488,58.08953,58296,0.9382637,7.575
12,Lazio,Maschi e femmine,84,56552,3710,65.60807,54697,0.9297398,7.012
12,Lazio,Maschi e femmine,85,52842,3976,75.23904,50854,0.9188568,6.469
12,Lazio,Maschi e femmine,86,48866,4277,87.52777,46728,0.9061944,5.954
12,Lazio,Maschi e femmine,87,44589,4489,100.68560,42344,0.8922961,5.478
12,Lazio,Maschi e femmine,88,40100,4632,115.50802,37784,0.8760312,5.035
12,Lazio,Maschi e femmine,89,35468,4736,133.53445,33100,0.8592738,4.627
12,Lazio,Maschi e femmine,90,30732,4580,149.02639,28442,0.8429563,4.263
12,Lazio,Maschi e femmine,91,26152,4353,166.46502,23975,0.8249066,3.922
12,Lazio,Maschi e femmine,92,21798,4042,185.44493,19777,0.8051829,3.606
12,Lazio,Maschi e femmine,93,17756,3663,206.32306,15924,0.7814913,3.313
12,Lazio,Maschi e femmine,94,14093,3296,233.86210,12445,0.7561309,3.044
12,Lazio,Maschi e femmine,95,10797,2774,256.93078,9410,0.7341101,2.821
12,Lazio,Maschi e femmine,96,8023,2230,277.94677,6908,0.7136470,2.623
12,Lazio,Maschi e femmine,97,5793,1726,297.99520,4930,0.6935357,2.440
12,Lazio,Maschi e femmine,98,4067,1295,318.52835,3419,0.6718140,2.264
12,Lazio,Maschi e femmine,99,2771,949,342.35785,2297,0.6457970,2.089
12,Lazio,Maschi e femmine,100,1823,678,372.21464,1483,0.6136909,1.915
12,Lazio,Maschi e femmine,101,1144,468,408.76014,910,0.5797916,1.755
12,Lazio,Maschi e femmine,102,676,297,439.57149,528,0.5491961,1.622
12,Lazio,Maschi e femmine,103,379,179,470.84630,290,0.5182510,1.502
12,Lazio,Maschi e femmine,104,201,101,502.35304,150,0.4871791,1.394
12,Lazio,Maschi e femmine,105,100,53,533.85559,73,0.4562034,1.297
12,Lazio,Maschi e femmine,106,47,26,565.12273,33,0.4255410,1.209
12,Lazio,Maschi e femmine,107,20,12,595.92766,14,0.3954008,1.130
12,Lazio,Maschi e femmine,108,8,5,626.05951,6,0.3659757,1.059
12,Lazio,Maschi e femmine,109,3,2,655.32389,2,0.3374431,0.996
12,Lazio,Maschi e femmine,110,1,1,683.54193,1,0.3099638,0.940
12,Lazio,Maschi e femmine,111,0,0,710.55794,0,0.2836769,0.889
12,Lazio,Maschi e femmine,112,0,0,736.24116,0,0.2586992,0.844
12,Lazio,Maschi e femmine,113,0,0,760.48384,0,0.2351255,0.804
12,Lazio,Maschi e femmine,114,0,0,783.20608,0,0.2130255,0.768
12,Lazio,Maschi e femmine,115,0,0,804.35725,0,0.1924424,0.736
12,Lazio,Maschi e femmine,116,0,0,823.91564,0,0.1733942,0.708
12,Lazio,Maschi e femmine,117,0,0,841.88334,0,0.1558763,0.684
12,Lazio,Maschi e femmine,118,0,0,858.29238,0,0.1398585,0.662
12,Lazio,Maschi e femmine,119,0,0,873.19066,0,0.1252949,0.643
12,Lazio,Maschi,0,100000,216,2.16164,99797,0.9997970,80.791
12,Lazio,Maschi,1,99784,15,0.15048,99776,0.9998710,79.965
12,Lazio,Maschi,2,99769,11,0.10757,99763,0.9999048,78.976
12,Lazio,Maschi,3,99758,8,0.08292,99754,0.9999230,77.985
12,Lazio,Maschi,4,99750,7,0.07113,99746,0.9999274,76.991
12,Lazio,Maschi,5,99743,7,0.07416,99739,0.9999250,75.997
12,Lazio,Maschi,6,99735,8,0.07586,99732,0.9999251,75.002
12,Lazio,Maschi,7,99728,7,0.07396,99724,0.9999241,74.008
12,Lazio,Maschi,8,99720,8,0.07786,99716,0.9999208,73.013
12,Lazio,Maschi,9,99713,8,0.08050,99709,0.9999179,72.019
12,Lazio,Maschi,10,99705,8,0.08374,99700,0.9999166,71.025
12,Lazio,Maschi,11,99696,8,0.08306,99692,0.9999159,70.031
12,Lazio,Maschi,12,99688,8,0.08510,99684,0.9999152,69.037
12,Lazio,Maschi,13,99679,8,0.08447,99675,0.9999110,68.042
12,Lazio,Maschi,14,99671,9,0.09361,99666,0.9998993,67.048
12,Lazio,Maschi,15,99662,11,0.10773,99656,0.9998777,66.054
12,Lazio,Maschi,16,99651,14,0.13692,99644,0.9998424,65.061
12,Lazio,Maschi,17,99637,18,0.17825,99628,0.9997930,64.070
12,Lazio,Maschi,18,99620,23,0.23582,99608,0.9997205,63.082
12,Lazio,Maschi,19,99596,32,0.32325,99580,0.9996486,62.096
12,Lazio,Maschi,20,99564,38,0.37956,99545,0.9996075,61.116
12,Lazio,Maschi,21,99526,40,0.40543,99506,0.9995906,60.139
12,Lazio,Maschi,22,99486,41,0.41342,99465,0.9995896,59.163
12,Lazio,Maschi,23,99445,41,0.40738,99424,0.9996087,58.188
12,Lazio,Maschi,24,99404,37,0.37514,99385,0.9996243,57.211
12,Lazio,Maschi,25,99367,37,0.37627,99348,0.9996113,56.232
12,Lazio,Maschi,26,99329,40,0.40116,99310,0.9995831,55.253
12,Lazio,Maschi,27,99290,43,0.43257,99268,0.9995503,54.275
12,Lazio,Maschi,28,99247,46,0.46681,99223,0.9995299,53.299
12,Lazio,Maschi,29,99200,47,0.47334,99177,0.9995347,52.323
12,Lazio,Maschi,30,99153,45,0.45716,99131,0.9995372,51.348
12,Lazio,Maschi,31,99108,46,0.46845,99085,0.9995035,50.371
12,Lazio,Maschi,32,99062,52,0.52462,99036,0.9994399,49.395
12,Lazio,Maschi,33,99010,59,0.59565,98980,0.9993737,48.420
12,Lazio,Maschi,34,98951,65,0.65702,98918,0.9993329,47.449
12,Lazio,Maschi,35,98886,67,0.67709,98852,0.9993120,46.480
12,Lazio,Maschi,36,98819,69,0.69890,98784,0.9992587,45.511
12,Lazio,Maschi,37,98750,77,0.78371,98711,0.9991830,44.542
12,Lazio,Maschi,38,98672,84,0.85030,98630,0.9991255,43.577
12,Lazio,Maschi,39,98588,89,0.89875,98544,0.9990782,42.613
12,Lazio,Maschi,40,98500,93,0.94493,98453,0.9990243,41.651
12,Lazio,Maschi,41,98407,99,1.00642,98357,0.9989751,40.690
12,Lazio,Maschi,42,98308,103,1.04348,98256,0.9989054,39.731
12,Lazio,Maschi,43,98205,113,1.14581,98149,0.9987441,38.772
12,Lazio,Maschi,44,98093,134,1.36620,98025,0.9985439,37.816
12,Lazio,Maschi,45,97958,151,1.54611,97883,0.9983908,36.867
12,Lazio,Maschi,46,97807,164,1.67232,97725,0.9982356,35.923
12,Lazio,Maschi,47,97643,181,1.85669,97553,0.9980899,34.982
12,Lazio,Maschi,48,97462,191,1.96359,97366,0.9979777,34.047
12,Lazio,Maschi,49,97271,202,2.08119,97170,0.9977170,33.113
12,Lazio,Maschi,50,97068,241,2.48521,96948,0.9973535,32.181
12,Lazio,Maschi,51,96827,272,2.80822,96691,0.9970808,31.259
12,Lazio,Maschi,52,96555,293,3.03047,96409,0.9968014,30.346
12,Lazio,Maschi,53,96263,324,3.36724,96101,0.9964648,29.437
12,Lazio,Maschi,54,95938,355,3.70373,95761,0.9961482,28.535
12,Lazio,Maschi,55,95583,382,4.00033,95392,0.9958110,27.639
12,Lazio,Maschi,56,95201,417,4.37850,94992,0.9954013,26.748
12,Lazio,Maschi,57,94784,457,4.81983,94556,0.9949218,25.863
12,Lazio,Maschi,58,94327,504,5.33788,94075,0.9943618,24.986
12,Lazio,Maschi,59,93824,557,5.94013,93545,0.9937762,24.117
12,Lazio,Maschi,60,93266,607,6.50908,92963,0.9931848,23.259
12,Lazio,Maschi,61,92659,660,7.12330,92329,0.9925861,22.408
12,Lazio,Maschi,62,91999,709,7.70668,91645,0.9917797,21.565
12,Lazio,Maschi,63,91290,798,8.73793,90891,0.9906980,20.728
12,Lazio,Maschi,64,90492,893,9.87099,90046,0.9895202,19.907
12,Lazio,Maschi,65,89599,994,11.09464,89102,0.9883539,19.100
12,Lazio,Maschi,66,88605,1081,12.20377,88064,0.9872611,18.309
12,Lazio,Maschi,67,87524,1162,13.28061,86943,0.9861945,17.529
12,Lazio,Maschi,68,86361,1238,14.33747,85742,0.9850230,16.758
12,Lazio,Maschi,69,85123,1330,15.62577,84458,0.9835942,15.995
12,Lazio,Maschi,70,83793,1441,17.19811,83073,0.9819676,15.241
12,Lazio,Maschi,71,82352,1555,18.88125,81575,0.9799950,14.499
12,Lazio,Maschi,72,80797,1709,21.15027,79943,0.9775933,13.768
12,Lazio,Maschi,73,79088,1874,23.69028,78151,0.9755413,13.055
12,Lazio,Maschi,74,77215,1949,25.24569,76240,0.9737000,12.359
12,Lazio,Maschi,75,75265,2061,27.38163,74235,0.9707829,11.666
12,Lazio,Maschi,76,73204,2277,31.10433,72066,0.9665506,10.981
12,Lazio,Maschi,77,70927,2544,35.86979,69655,0.9620628,10.317
12,Lazio,Maschi,78,68383,2741,40.08154,67013,0.9568112,9.682
12,Lazio,Maschi,79,65642,3048,46.42583,64119,0.9510687,9.066
12,Lazio,Maschi,80,62595,3227,51.55883,60981,0.9457079,8.483
12,Lazio,Maschi,81,59368,3394,57.17386,57670,0.9394473,7.917
12,Lazio,Maschi,82,55973,3590,64.13640,54178,0.9323954,7.367
12,Lazio,Maschi,83,52383,3735,71.31046,50516,0.9239379,6.837
12,Lazio,Maschi,84,48648,3949,81.17859,46673,0.9140176,6.324
12,Lazio,Maschi,85,44699,4077,91.21065,42660,0.9030531,5.838
12,Lazio,Maschi,86,40622,4195,103.25894,38524,0.8904787,5.374
12,Lazio,Maschi,87,36427,4244,116.50480,34305,0.8754980,4.935
12,Lazio,Maschi,88,32183,4298,133.55372,30034,0.8574452,4.520
12,Lazio,Maschi,89,27885,4265,152.94331,25753,0.8375660,4.140
12,Lazio,Maschi,90,23620,4101,173.63833,21570,0.8181597,3.797
12,Lazio,Maschi,91,19519,3743,191.76572,17647,0.7996966,3.490
12,Lazio,Maschi,92,15776,3327,210.86683,14112,0.7789250,3.200
12,Lazio,Maschi,93,12449,2913,234.01088,10993,0.7522466,2.921
12,Lazio,Maschi,94,9536,2534,265.69423,8269,0.7214253,2.661
12,Lazio,Maschi,95,7002,2073,296.11564,5966,0.6926097,2.442
12,Lazio,Maschi,96,4929,1594,323.40799,4132,0.6667200,2.259
12,Lazio,Maschi,97,3335,1160,347.87088,2755,0.6432433,2.100
12,Lazio,Maschi,98,2175,805,370.38253,1772,0.6207038,1.954
12,Lazio,Maschi,99,1369,539,393.45339,1100,0.5947934,1.810
12,Lazio,Maschi,100,831,353,424.58384,654,0.5607013,1.659
12,Lazio,Maschi,101,478,222,464.87119,367,0.5231595,1.515
12,Lazio,Maschi,102,256,128,499.20780,192,0.4892352,1.396
12,Lazio,Maschi,103,128,68,533.84211,94,0.4551519,1.290
12,Lazio,Maschi,104,60,34,568.45805,43,0.4212116,1.194
12,Lazio,Maschi,105,26,16,602.72675,18,0.3877201,1.109
12,Lazio,Maschi,106,10,7,636.32672,7,0.3549739,1.033
12,Lazio,Maschi,107,4,2,668.94700,2,0.3232534,0.965
12,Lazio,Maschi,108,1,1,700.30660,1,0.2928112,0.905
12,Lazio,Maschi,109,0,0,730.15274,0,0.2638711,0.852
12,Lazio,Maschi,110,0,0,758.27537,0,0.2366181,0.806
12,Lazio,Maschi,111,0,0,784.50723,0,0.2111985,0.765
12,Lazio,Maschi,112,0,0,808.72931,0,0.1877167,0.729
12,Lazio,Maschi,113,0,0,830.86444,0,0.1662399,0.698
12,Lazio,Maschi,114,0,0,850.88050,0,0.1467964,0.671
12,Lazio,Maschi,115,0,0,868.78206,0,0.1293820,0.648
12,Lazio,Maschi,116,0,0,884.60948,0,0.1139609,0.628
12,Lazio,Maschi,117,0,0,898.42867,0,0.1004740,0.611
12,Lazio,Maschi,118,0,0,910.32946,0,0.0888404,0.597
12,Lazio,Maschi,119,0,0,920.41672,0,0.0789648,0.586
12,Lazio,Femmine,0,100000,162,1.61712,99848,0.9998750,85.054
12,Lazio,Femmine,1,99838,6,0.05883,99835,0.9999377,84.191
12,Lazio,Femmine,2,99832,7,0.06580,99829,0.9999339,83.196
12,Lazio,Femmine,3,99826,7,0.06645,99823,0.9999352,82.201
12,Lazio,Femmine,4,99819,6,0.06324,99816,0.9999410,81.207
12,Lazio,Femmine,5,99813,5,0.05470,99810,0.9999483,80.212
12,Lazio,Femmine,6,99807,5,0.04865,99805,0.9999529,79.216
12,Lazio,Femmine,7,99803,5,0.04554,99800,0.9999583,78.220
12,Lazio,Femmine,8,99798,4,0.03787,99796,0.9999646,77.224
12,Lazio,Femmine,9,99794,3,0.03300,99793,0.9999665,76.226
12,Lazio,Femmine,10,99791,3,0.03393,99789,0.9999637,75.229
12,Lazio,Femmine,11,99788,4,0.03875,99786,0.9999582,74.231
12,Lazio,Femmine,12,99784,4,0.04485,99781,0.9999500,73.234
12,Lazio,Femmine,13,99779,6,0.05521,99776,0.9999376,72.238
12,Lazio,Femmine,14,99774,7,0.06952,99770,0.9999184,71.242
12,Lazio,Femmine,15,99767,9,0.09369,99762,0.9998942,70.246
12,Lazio,Femmine,16,99757,12,0.11800,99752,0.9998722,69.253
12,Lazio,Femmine,17,99746,14,0.13766,99739,0.9998566,68.261
12,Lazio,Femmine,18,99732,15,0.14917,99725,0.9998531,67.270
12,Lazio,Femmine,19,99717,14,0.14459,99710,0.9998607,66.280
12,Lazio,Femmine,20,99703,13,0.13392,99696,0.9998698,65.290
12,Lazio,Femmine,21,99689,13,0.12655,99683,0.9998739,64.299
12,Lazio,Femmine,22,99677,13,0.12565,99670,0.9998671,63.307
12,Lazio,Femmine,23,99664,14,0.14024,99657,0.9998443,62.315
12,Lazio,Femmine,24,99650,17,0.17120,99642,0.9998162,61.323
12,Lazio,Femmine,25,99633,20,0.19634,99623,0.9997942,60.334
12,Lazio,Femmine,26,99614,21,0.21529,99603,0.9997803,59.345
12,Lazio,Femmine,27,99592,22,0.22414,99581,0.9997782,58.358
12,Lazio,Femmine,28,99570,22,0.21952,99559,0.9997853,57.371
12,Lazio,Femmine,29,99548,21,0.20991,99537,0.9997948,56.384
12,Lazio,Femmine,30,99527,20,0.20042,99517,0.9997990,55.395
12,Lazio,Femmine,31,99507,20,0.20167,99497,0.9997869,54.406
12,Lazio,Femmine,32,99487,22,0.22454,99476,0.9997491,53.417
12,Lazio,Femmine,33,99465,28,0.27721,99451,0.9996985,52.429
12,Lazio,Femmine,34,99437,32,0.32583,99421,0.9996518,51.443
12,Lazio,Femmine,35,99405,37,0.37065,99386,0.9996170,50.460
12,Lazio,Femmine,36,99368,39,0.39528,99348,0.9996016,49.479
12,Lazio,Femmine,37,99329,40,0.40147,99309,0.9995913,48.498
12,Lazio,Femmine,38,99289,41,0.41600,99268,0.9995717,47.517
12,Lazio,Femmine,39,99247,44,0.44065,99226,0.9995421,46.537
12,Lazio,Femmine,40,99204,47,0.47514,99180,0.9994737,45.557
12,Lazio,Femmine,41,99157,57,0.57749,99128,0.9993786,44.578
12,Lazio,Femmine,42,99099,66,0.66526,99066,0.9992781,43.604
12,Lazio,Femmine,43,99033,77,0.77865,98995,0.9991582,42.633
12,Lazio,Femmine,44,98956,90,0.90490,98911,0.9990455,41.665
12,Lazio,Femmine,45,98867,99,1.00410,98817,0.9989712,40.703
12,Lazio,Femmine,46,98767,104,1.05344,98715,0.9989151,39.743
12,Lazio,Femmine,47,98663,110,1.11634,98608,0.9988554,38.785
12,Lazio,Femmine,48,98553,116,1.17296,98495,0.9987739,37.827
12,Lazio,Femmine,49,98438,126,1.27928,98375,0.9986076,36.871
12,Lazio,Femmine,50,98312,148,1.50568,98238,0.9983847,35.918
12,Lazio,Femmine,51,98164,169,1.72501,98079,0.9982386,34.971
12,Lazio,Femmine,52,97994,176,1.79789,97906,0.9981966,34.031
12,Lazio,Femmine,53,97818,177,1.80896,97730,0.9981702,33.091
12,Lazio,Femmine,54,97641,181,1.85067,97551,0.9979901,32.150
12,Lazio,Femmine,55,97461,211,2.16943,97355,0.9976611,31.209
12,Lazio,Femmine,56,97249,244,2.50874,97127,0.9973254,30.276
12,Lazio,Femmine,57,97005,276,2.84089,96867,0.9970071,29.351
12,Lazio,Femmine,58,96730,304,3.14529,96577,0.9967591,28.433
12,Lazio,Femmine,59,96425,322,3.33677,96264,0.9965715,27.521
12,Lazio,Femmine,60,96104,338,3.52052,95934,0.9962573,26.611
12,Lazio,Femmine,61,95765,380,3.96561,95575,0.9958762,25.704
12,Lazio,Femmine,62,95385,409,4.28271,95181,0.9954947,24.804
12,Lazio,Femmine,63,94977,449,4.72875,94752,0.9949082,23.908
12,Lazio,Femmine,64,94528,516,5.45660,94270,0.9943487,23.020
12,Lazio,Femmine,65,94012,550,5.84708,93737,0.9938965,22.143
12,Lazio,Femmine,66,93462,595,6.36133,93165,0.9932568,21.271
12,Lazio,Femmine,67,92868,662,7.12748,92537,0.9924535,20.403
12,Lazio,Femmine,68,92206,735,7.96854,91838,0.9916742,19.546
12,Lazio,Femmine,69,91471,795,8.68583,91074,0.9907880,18.699
12,Lazio,Femmine,70,90677,883,9.74276,90235,0.9897111,17.859
12,Lazio,Femmine,71,89793,973,10.84050,89306,0.9885877,17.030
12,Lazio,Femmine,72,88820,1065,11.99038,88287,0.9872000,16.211
12,Lazio,Femmine,73,87755,1195,13.61942,87157,0.9857788,15.401
12,Lazio,Femmine,74,86560,1284,14.83128,85918,0.9845842,14.607
12,Lazio,Femmine,75,85276,1365,16.00913,84593,0.9826717,13.820
12,Lazio,Femmine,76,83911,1567,18.66891,83127,0.9795196,13.036
12,Lazio,Femmine,77,82344,1838,22.32641,81425,0.9762602,12.275
12,Lazio,Femmine,78,80506,2028,25.18551,79492,0.9727923,11.544
12,Lazio,Femmine,79,78478,2298,29.28220,77329,0.9690223,10.829
12,Lazio,Femmine,80,76180,2493,32.72434,74934,0.9653562,10.141
12,Lazio,Femmine,81,73687,2699,36.62820,72338,0.9611710,9.467
12,Lazio,Femmine,82,70988,2919,41.11342,69529,0.9557668,8.808
12,Lazio,Femmine,83,68070,3232,47.48667,66453,0.9496001,8.164
12,Lazio,Femmine,84,64837,3466,53.45835,63104,0.9418316,7.546
12,Lazio,Femmine,85,61371,3875,63.14439,59433,0.9306526,6.944
12,Lazio,Femmine,86,57496,4368,75.96847,55312,0.9175786,6.378
12,Lazio,Femmine,87,53128,4750,89.40491,50753,0.9040934,5.861
12,Lazio,Femmine,88,48378,4985,103.04665,45885,0.8886523,5.388
12,Lazio,Femmine,89,43393,5233,120.60241,40776,0.8734556,4.949
12,Lazio,Femmine,90,38160,5087,133.30137,35616,0.8584540,4.560
12,Lazio,Femmine,91,33073,4996,151.05871,30575,0.8399202,4.184
12,Lazio,Femmine,92,28077,4793,170.70615,25680,0.8200595,3.839
12,Lazio,Femmine,93,23284,4449,191.07578,21059,0.7971878,3.527
12,Lazio,Femmine,94,18835,4093,217.32081,16788,0.7736252,3.242
12,Lazio,Femmine,95,14742,3508,237.94264,12988,0.7535136,3.003
12,Lazio,Femmine,96,11234,2895,257.69781,9787,0.7337339,2.785
12,Lazio,Femmine,97,8339,2317,277.80896,7181,0.7130547,2.578
12,Lazio,Femmine,98,6022,1804,299.59608,5120,0.6897056,2.377
12,Lazio,Femmine,99,4218,1373,325.56893,3531,0.6618714,2.180
12,Lazio,Femmine,100,2845,1015,356.75114,2337,0.6286744,1.991
12,Lazio,Femmine,101,1830,721,393.98314,1469,0.5940337,1.818
12,Lazio,Femmine,102,1109,472,425.73992,873,0.5624421,1.674
12,Lazio,Femmine,103,637,292,458.13727,491,0.5303461,1.545
12,Lazio,Femmine,104,345,169,490.90761,260,0.4980063,1.429
12,Lazio,Femmine,105,176,92,523.77002,130,0.4656902,1.324
12,Lazio,Femmine,106,84,47,556.44135,60,0.4336649,1.230
12,Lazio,Femmine,107,37,22,588.64040,26,0.4021891,1.147
12,Lazio,Femmine,108,15,9,620.10400,11,0.3715021,1.072
12,Lazio,Femmine,109,6,4,650.59309,4,0.3418198,1.005
12,Lazio,Femmine,110,2,1,679.89460,1,0.3133309,0.946
12,Lazio,Femmine,111,1,0,707.83249,0,0.2861899,0.894
12,Lazio,Femmine,112,0,0,734.26961,0,0.2605165,0.847
12,Lazio,Femmine,113,0,0,759.10453,0,0.2363977,0.806
12,Lazio,Femmine,114,0,0,782.27341,0,0.2138870,0.769
12,Lazio,Femmine,115,0,0,803.74787,0,0.1930066,0.737
12,Lazio,Femmine,116,0,0,823.53080,0,0.1737516,0.709
12,Lazio,Femmine,117,0,0,841.64819,0,0.1560955,0.684
12,Lazio,Femmine,118,0,0,858.15309,0,0.1399888,0.662
12,Lazio,Femmine,119,0,0,873.11043,0,0.1253703,0.643
13,Abruzzo,Maschi e femmine,0,100000,268,2.67683,99748,0.9997240,82.578
13,Abruzzo,Maschi e femmine,1,99732,23,0.23540,99721,0.9998132,81.799
13,Abruzzo,Maschi e femmine,2,99709,14,0.13826,99702,0.9998902,80.818
13,Abruzzo,Maschi e femmine,3,99695,8,0.08139,99691,0.9999345,79.829
13,Abruzzo,Maschi e femmine,4,99687,5,0.04966,99684,0.9999548,78.835
13,Abruzzo,Maschi e femmine,5,99682,4,0.04084,99680,0.9999646,77.839
13,Abruzzo,Maschi e femmine,6,99678,3,0.03005,99676,0.9999744,76.842
13,Abruzzo,Maschi e femmine,7,99675,2,0.02123,99674,0.9999784,75.845
13,Abruzzo,Maschi e femmine,8,99673,2,0.02190,99672,0.9999708,74.846
13,Abruzzo,Maschi e femmine,9,99671,4,0.03648,99669,0.9999574,73.848
13,Abruzzo,Maschi e femmine,10,99667,5,0.04875,99665,0.9999474,72.850
13,Abruzzo,Maschi e femmine,11,99662,6,0.05645,99659,0.9999407,71.854
13,Abruzzo,Maschi e femmine,12,99657,6,0.06220,99653,0.9999337,70.858
13,Abruzzo,Maschi e femmine,13,99650,7,0.07036,99647,0.9999284,69.862
13,Abruzzo,Maschi e femmine,14,99643,7,0.07292,99640,0.9999238,68.867
13,Abruzzo,Maschi e femmine,15,99636,8,0.07943,99632,0.9999148,67.872
13,Abruzzo,Maschi e femmine,16,99628,9,0.09101,99624,0.9998946,66.878
13,Abruzzo,Maschi e femmine,17,99619,12,0.11974,99613,0.9998595,65.884
13,Abruzzo,Maschi e femmine,18,99607,16,0.16131,99599,0.9998153,64.891
13,Abruzzo,Maschi e femmine,19,99591,21,0.20818,99581,0.9997662,63.902
13,Abruzzo,Maschi e femmine,20,99570,26,0.25933,99557,0.9997207,62.915
13,Abruzzo,Maschi e femmine,21,99544,30,0.29918,99530,0.9996874,61.931
13,Abruzzo,Maschi e femmine,22,99515,32,0.32604,99498,0.9996657,60.950
13,Abruzzo,Maschi e femmine,23,99482,34,0.34252,99465,0.9996525,59.969
13,Abruzzo,Maschi e femmine,24,99448,35,0.35243,99431,0.9996508,58.990
13,Abruzzo,Maschi e femmine,25,99413,34,0.34594,99396,0.9996483,58.010
13,Abruzzo,Maschi e femmine,26,99379,36,0.35754,99361,0.9996406,57.030
13,Abruzzo,Maschi e femmine,27,99343,36,0.36125,99325,0.9996355,56.050
13,Abruzzo,Maschi e femmine,28,99307,37,0.36766,99289,0.9996301,55.071
13,Abruzzo,Maschi e femmine,29,99271,37,0.37207,99252,0.9996139,54.091
13,Abruzzo,Maschi e femmine,30,99234,40,0.40006,99214,0.9995926,53.111
13,Abruzzo,Maschi e femmine,31,99194,41,0.41484,99174,0.9995784,52.132
13,Abruzzo,Maschi e femmine,32,99153,42,0.42840,99132,0.9995787,51.153
13,Abruzzo,Maschi e femmine,33,99111,41,0.41411,99090,0.9995818,50.175
13,Abruzzo,Maschi e femmine,34,99070,42,0.42238,99049,0.9995610,49.195
13,Abruzzo,Maschi e femmine,35,99028,45,0.45572,99005,0.9995039,48.216
13,Abruzzo,Maschi e femmine,36,98983,53,0.53653,98956,0.9994277,47.238
13,Abruzzo,Maschi e femmine,37,98929,60,0.60800,98899,0.9993544,46.263
13,Abruzzo,Maschi e femmine,38,98869,68,0.68327,98836,0.9992712,45.291
13,Abruzzo,Maschi e femmine,39,98802,77,0.77443,98763,0.9991756,44.321
13,Abruzzo,Maschi e femmine,40,98725,86,0.87450,98682,0.9990921,43.355
13,Abruzzo,Maschi e femmine,41,98639,93,0.94129,98592,0.9990414,42.393
13,Abruzzo,Maschi e femmine,42,98546,96,0.97602,98498,0.9990082,41.432
13,Abruzzo,Maschi e femmine,43,98450,99,1.00764,98400,0.9989522,40.472
13,Abruzzo,Maschi e femmine,44,98351,107,1.08794,98297,0.9988456,39.512
13,Abruzzo,Maschi e femmine,45,98244,120,1.22092,98184,0.9986992,38.555
13,Abruzzo,Maschi e femmine,46,98124,135,1.38070,98056,0.9985332,37.601
13,Abruzzo,Maschi e femmine,47,97988,152,1.55296,97912,0.9983805,36.653
13,Abruzzo,Maschi e femmine,48,97836,165,1.68623,97754,0.9982656,35.709
13,Abruzzo,Maschi e femmine,49,97671,174,1.78268,97584,0.9981446,34.768
13,Abruzzo,Maschi e femmine,50,97497,188,1.92825,97403,0.9980031,33.830
13,Abruzzo,Maschi e femmine,51,97309,201,2.06568,97208,0.9978164,32.894
13,Abruzzo,Maschi e femmine,52,97108,224,2.30180,96996,0.9975616,31.961
13,Abruzzo,Maschi e femmine,53,96884,250,2.57530,96760,0.9972759,31.034
13,Abruzzo,Maschi e femmine,54,96635,278,2.87328,96496,0.9969748,30.113
13,Abruzzo,Maschi e femmine,55,96357,306,3.17759,96204,0.9967364,29.198
13,Abruzzo,Maschi e femmine,56,96051,322,3.34979,95890,0.9966181,28.289
13,Abruzzo,Maschi e femmine,57,95729,327,3.41406,95566,0.9964420,27.383
13,Abruzzo,Maschi e femmine,58,95403,353,3.70247,95226,0.9961301,26.475
13,Abruzzo,Maschi e femmine,59,95049,384,4.03805,94857,0.9956561,25.571
13,Abruzzo,Maschi e femmine,60,94665,440,4.65104,94445,0.9949478,24.673
13,Abruzzo,Maschi e femmine,61,94225,514,5.45520,93968,0.9940507,23.786
13,Abruzzo,Maschi e femmine,62,93711,604,6.44613,93409,0.9930772,22.914
13,Abruzzo,Maschi e femmine,63,93107,689,7.40250,92762,0.9921232,22.059
13,Abruzzo,Maschi e femmine,64,92418,772,8.35469,92032,0.9913470,21.220
13,Abruzzo,Maschi e femmine,65,91646,821,8.95379,91235,0.9908227,20.394
13,Abruzzo,Maschi e femmine,66,90825,854,9.40286,90398,0.9903100,19.574
13,Abruzzo,Maschi e femmine,67,89971,898,9.97995,89522,0.9894509,18.755
13,Abruzzo,Maschi e femmine,68,89073,991,11.12409,88578,0.9882366,17.939
13,Abruzzo,Maschi e femmine,69,88082,1093,12.41000,87536,0.9869964,17.135
13,Abruzzo,Maschi e femmine,70,86989,1183,13.60458,86398,0.9857561,16.345
13,Abruzzo,Maschi e femmine,71,85806,1278,14.89210,85167,0.9842169,15.563
13,Abruzzo,Maschi e femmine,72,84528,1411,16.68760,83823,0.9824560,14.791
13,Abruzzo,Maschi e femmine,73,83117,1531,18.41488,82352,0.9805951,14.033
13,Abruzzo,Maschi e femmine,74,81587,1665,20.41358,80754,0.9785079,13.287
13,Abruzzo,Maschi e femmine,75,79921,1806,22.59303,79019,0.9764156,12.554
13,Abruzzo,Maschi e femmine,76,78116,1922,24.59873,77155,0.9738061,11.832
13,Abruzzo,Maschi e femmine,77,76194,2120,27.82920,75134,0.9701914,11.118
13,Abruzzo,Maschi e femmine,78,74074,2359,31.84468,72894,0.9653967,10.422
13,Abruzzo,Maschi e femmine,79,71715,2686,37.45276,70372,0.9597504,9.748
13,Abruzzo,Maschi e femmine,80,69029,2979,43.15524,67539,0.9541218,9.108
13,Abruzzo,Maschi e femmine,81,66050,3218,48.72401,64441,0.9485925,8.496
13,Abruzzo,Maschi e femmine,82,62832,3407,54.22847,61128,0.9425627,7.906
13,Abruzzo,Maschi e femmine,83,59424,3615,60.83020,57617,0.9348235,7.331
13,Abruzzo,Maschi e femmine,84,55810,3896,69.80433,53862,0.9247423,6.773
13,Abruzzo,Maschi e femmine,85,51914,4211,81.12020,49808,0.9121377,6.244
13,Abruzzo,Maschi e femmine,86,47703,4541,95.19950,45432,0.8987822,5.751
13,Abruzzo,Maschi e femmine,87,43161,4656,107.86933,40833,0.8862539,5.303
13,Abruzzo,Maschi e femmine,88,38506,4634,120.33341,36189,0.8714058,4.884
13,Abruzzo,Maschi e femmine,89,33872,4674,137.98505,31535,0.8549261,4.484
13,Abruzzo,Maschi e femmine,90,29198,4476,153.29741,26960,0.8393640,4.122
13,Abruzzo,Maschi e femmine,91,24722,4186,169.30324,22629,0.8208937,3.777
13,Abruzzo,Maschi e femmine,92,20537,3921,190.90739,18576,0.8000616,3.445
13,Abruzzo,Maschi e femmine,93,16616,3508,211.10024,14862,0.7747763,3.140
13,Abruzzo,Maschi e femmine,94,13108,3187,243.12632,11515,0.7405745,2.847
13,Abruzzo,Maschi e femmine,95,9921,2788,280.96028,8528,0.7103723,2.601
13,Abruzzo,Maschi e femmine,96,7134,2152,301.68182,6058,0.6890261,2.422
13,Abruzzo,Maschi e femmine,97,4982,1615,324.28031,4174,0.6673073,2.252
13,Abruzzo,Maschi e femmine,98,3366,1162,345.14224,2785,0.6455558,2.093
13,Abruzzo,Maschi e femmine,99,2204,813,368.64864,1798,0.6193607,1.932
13,Abruzzo,Maschi e femmine,100,1392,556,399.63139,1114,0.5847915,1.768
13,Abruzzo,Maschi e femmine,101,836,369,441.15443,651,0.5473391,1.613
13,Abruzzo,Maschi e femmine,102,467,221,473.25062,356,0.5155861,1.491
13,Abruzzo,Maschi e femmine,103,246,124,505.60653,184,0.4836952,1.382
13,Abruzzo,Maschi e femmine,104,122,65,537.94401,89,0.4519308,1.283
13,Abruzzo,Maschi e femmine,105,56,32,569.98253,40,0.4205544,1.195
13,Abruzzo,Maschi e femmine,106,24,15,601.45187,17,0.3898159,1.116
13,Abruzzo,Maschi e femmine,107,10,6,632.09418,7,0.3599489,1.046
13,Abruzzo,Maschi e femmine,108,4,2,661.67860,2,0.3311611,0.983
13,Abruzzo,Maschi e femmine,109,1,1,690.00311,1,0.3036335,0.927
13,Abruzzo,Maschi e femmine,110,0,0,716.89369,0,0.2775202,0.878
13,Abruzzo,Maschi e femmine,111,0,0,742.21107,0,0.2529440,0.834
13,Abruzzo,Maschi e femmine,112,0,0,765.84993,0,0.2299982,0.795
13,Abruzzo,Maschi e femmine,113,0,0,787.73361,0,0.2087500,0.761
13,Abruzzo,Maschi e femmine,114,0,0,807.81583,0,0.1892400,0.732
13,Abruzzo,Maschi e femmine,115,0,0,826.07933,0,0.1714829,0.706
13,Abruzzo,Maschi e femmine,116,0,0,842.53374,0,0.1554697,0.683
13,Abruzzo,Maschi e femmine,117,0,0,857.20954,0,0.1411718,0.664
13,Abruzzo,Maschi e femmine,118,0,0,870.16430,0,0.1285366,0.647
13,Abruzzo,Maschi e femmine,119,0,0,881.46878,0,0.1174985,0.633
13,Abruzzo,Maschi,0,100000,287,2.86793,99730,0.9996397,80.294
13,Abruzzo,Maschi,1,99713,38,0.38136,99694,0.9997021,79.524
13,Abruzzo,Maschi,2,99675,21,0.21437,99664,0.9998324,78.554
13,Abruzzo,Maschi,3,99654,12,0.12076,99648,0.9999041,77.570
13,Abruzzo,Maschi,4,99642,7,0.07102,99638,0.9999343,76.580
13,Abruzzo,Maschi,5,99635,6,0.06042,99632,0.9999478,75.585
13,Abruzzo,Maschi,6,99629,4,0.04404,99626,0.9999658,74.590
13,Abruzzo,Maschi,7,99624,2,0.02435,99623,0.9999801,73.593
13,Abruzzo,Maschi,8,99622,2,0.01539,99621,0.9999840,72.595
13,Abruzzo,Maschi,9,99620,2,0.01665,99620,0.9999848,71.596
13,Abruzzo,Maschi,10,99619,1,0.01371,99618,0.9999851,70.597
13,Abruzzo,Maschi,11,99617,2,0.01605,99617,0.9999766,69.598
13,Abruzzo,Maschi,12,99616,3,0.03074,99614,0.9999557,68.599
13,Abruzzo,Maschi,13,99613,6,0.05796,99610,0.9999352,67.601
13,Abruzzo,Maschi,14,99607,7,0.07169,99603,0.9999216,66.605
13,Abruzzo,Maschi,15,99600,8,0.08507,99595,0.9999025,65.610
13,Abruzzo,Maschi,16,99591,11,0.10988,99586,0.9998579,64.615
13,Abruzzo,Maschi,17,99580,17,0.17432,99572,0.9997831,63.622
13,Abruzzo,Maschi,18,99563,26,0.25944,99550,0.9996959,62.633
13,Abruzzo,Maschi,19,99537,35,0.34885,99520,0.9996062,61.650
13,Abruzzo,Maschi,20,99502,44,0.43872,99481,0.9995350,60.671
13,Abruzzo,Maschi,21,99459,49,0.49127,99434,0.9995074,59.697
13,Abruzzo,Maschi,22,99410,49,0.49393,99385,0.9995301,58.726
13,Abruzzo,Maschi,23,99361,44,0.44580,99339,0.9995817,57.755
13,Abruzzo,Maschi,24,99316,39,0.39076,99297,0.9996300,56.781
13,Abruzzo,Maschi,25,99278,35,0.34919,99260,0.9996226,55.803
13,Abruzzo,Maschi,26,99243,40,0.40560,99223,0.9995562,54.822
13,Abruzzo,Maschi,27,99203,48,0.48209,99179,0.9994853,53.844
13,Abruzzo,Maschi,28,99155,54,0.54728,99128,0.9994507,52.870
13,Abruzzo,Maschi,29,99101,55,0.55135,99073,0.9994591,51.898
13,Abruzzo,Maschi,30,99046,53,0.53052,99020,0.9994917,50.927
13,Abruzzo,Maschi,31,98993,48,0.48614,98969,0.9995140,49.954
13,Abruzzo,Maschi,32,98945,48,0.48595,98921,0.9995140,48.978
13,Abruzzo,Maschi,33,98897,48,0.48614,98873,0.9994762,48.001
13,Abruzzo,Maschi,34,98849,55,0.56139,98821,0.9993942,47.024
13,Abruzzo,Maschi,35,98794,64,0.65023,98762,0.9992962,46.050
13,Abruzzo,Maschi,36,98729,75,0.75735,98692,0.9992167,45.080
13,Abruzzo,Maschi,37,98655,80,0.80925,98615,0.9991540,44.114
13,Abruzzo,Maschi,38,98575,87,0.88281,98531,0.9990675,43.149
13,Abruzzo,Maschi,39,98488,97,0.98224,98439,0.9989408,42.187
13,Abruzzo,Maschi,40,98391,112,1.13623,98335,0.9988241,41.228
13,Abruzzo,Maschi,41,98279,119,1.21569,98220,0.9987836,40.274
13,Abruzzo,Maschi,42,98160,119,1.21707,98100,0.9988128,39.323
13,Abruzzo,Maschi,43,98040,113,1.15736,97984,0.9988283,38.370
13,Abruzzo,Maschi,44,97927,116,1.18610,97869,0.9987548,37.414
13,Abruzzo,Maschi,45,97811,128,1.30445,97747,0.9985621,36.458
13,Abruzzo,Maschi,46,97683,154,1.57162,97606,0.9982611,35.505
13,Abruzzo,Maschi,47,97530,186,1.90651,97437,0.9979277,34.560
13,Abruzzo,Maschi,48,97344,218,2.23833,97235,0.9976494,33.625
13,Abruzzo,Maschi,49,97126,239,2.46315,97006,0.9974592,32.699
13,Abruzzo,Maschi,50,96887,254,2.61867,96760,0.9973214,31.779
13,Abruzzo,Maschi,51,96633,265,2.73859,96501,0.9970752,30.861
13,Abruzzo,Maschi,52,96368,300,3.11146,96218,0.9966649,29.944
13,Abruzzo,Maschi,53,96068,342,3.55954,95897,0.9962392,29.036
13,Abruzzo,Maschi,54,95726,379,3.96274,95537,0.9958637,28.138
13,Abruzzo,Maschi,55,95347,411,4.31055,95142,0.9956444,27.248
13,Abruzzo,Maschi,56,94936,418,4.40089,94727,0.9955727,26.364
13,Abruzzo,Maschi,57,94518,421,4.45375,94308,0.9952991,25.478
13,Abruzzo,Maschi,58,94097,466,4.94920,93864,0.9947847,24.590
13,Abruzzo,Maschi,59,93632,513,5.48281,93375,0.9941147,23.710
13,Abruzzo,Maschi,60,93118,586,6.28998,92825,0.9932095,22.837
13,Abruzzo,Maschi,61,92533,675,7.29415,92195,0.9921665,21.979
13,Abruzzo,Maschi,62,91858,769,8.37691,91473,0.9910765,21.137
13,Abruzzo,Maschi,63,91088,863,9.47479,90657,0.9897548,20.311
13,Abruzzo,Maschi,64,90225,995,11.02308,89728,0.9883795,19.501
13,Abruzzo,Maschi,65,89231,1091,12.22464,88685,0.9873989,18.712
13,Abruzzo,Maschi,66,88140,1144,12.98223,87568,0.9865711,17.938
13,Abruzzo,Maschi,67,86995,1208,13.88151,86392,0.9855447,17.167
13,Abruzzo,Maschi,68,85788,1290,15.03710,85143,0.9844406,16.402
13,Abruzzo,Maschi,69,84498,1360,16.08963,83818,0.9832177,15.644
13,Abruzzo,Maschi,70,83138,1454,17.48638,82411,0.9815362,14.892
13,Abruzzo,Maschi,71,81684,1589,19.45858,80890,0.9792927,14.148
13,Abruzzo,Maschi,72,80095,1761,21.98085,79215,0.9768589,13.419
13,Abruzzo,Maschi,73,78334,1906,24.32735,77382,0.9743696,12.709
13,Abruzzo,Maschi,74,76429,2061,26.96600,75398,0.9716409,12.014
13,Abruzzo,Maschi,75,74368,2215,29.79081,73260,0.9690414,11.333
13,Abruzzo,Maschi,76,72152,2321,32.16219,70992,0.9661256,10.666
13,Abruzzo,Maschi,77,69832,2489,35.64360,68587,0.9617756,10.003
13,Abruzzo,Maschi,78,67343,2754,40.90064,65966,0.9552333,9.355
13,Abruzzo,Maschi,79,64588,3152,48.79760,63012,0.9474702,8.732
13,Abruzzo,Maschi,80,61437,3468,56.45336,59702,0.9396301,8.155
13,Abruzzo,Maschi,81,57968,3740,64.52087,56098,0.9329785,7.613
13,Abruzzo,Maschi,82,54228,3779,69.69465,52338,0.9277658,7.103
13,Abruzzo,Maschi,83,50449,3782,74.96406,48558,0.9204997,6.598
13,Abruzzo,Maschi,84,46667,3939,84.40411,44697,0.9103606,6.092
13,Abruzzo,Maschi,85,42728,4074,95.35738,40691,0.8971085,5.607
13,Abruzzo,Maschi,86,38654,4299,111.21982,36504,0.8810197,5.146
13,Abruzzo,Maschi,87,34355,4387,127.71201,32161,0.8651891,4.727
13,Abruzzo,Maschi,88,29967,4284,142.94921,27825,0.8485371,4.346
13,Abruzzo,Maschi,89,25683,4145,161.39658,23611,0.8309447,3.988
13,Abruzzo,Maschi,90,21538,3838,178.18807,19619,0.8132632,3.659
13,Abruzzo,Maschi,91,17700,3489,197.13914,15956,0.7922421,3.344
13,Abruzzo,Maschi,92,14211,3140,220.98412,12641,0.7671779,3.042
13,Abruzzo,Maschi,93,11070,2746,248.01809,9698,0.7380272,2.763
13,Abruzzo,Maschi,94,8325,2335,280.52994,7157,0.7032336,2.509
13,Abruzzo,Maschi,95,5989,1913,319.33372,5033,0.6716662,2.293
13,Abruzzo,Maschi,96,4077,1392,341.55631,3381,0.6481524,2.134
13,Abruzzo,Maschi,97,2684,986,367.47729,2191,0.6230687,1.982
13,Abruzzo,Maschi,98,1698,665,391.87770,1365,0.5988603,1.842
13,Abruzzo,Maschi,99,1033,430,416.37012,818,0.5719738,1.707
13,Abruzzo,Maschi,100,603,270,447.99783,468,0.5381129,1.569
13,Abruzzo,Maschi,101,333,162,487.04878,252,0.5011187,1.436
13,Abruzzo,Maschi,102,171,89,521.94897,126,0.4667097,1.324
13,Abruzzo,Maschi,103,82,45,557.01433,59,0.4322717,1.224
13,Abruzzo,Maschi,104,36,21,591.91427,25,0.3981180,1.134
13,Abruzzo,Maschi,105,15,9,626.30764,10,0.3645639,1.054
13,Abruzzo,Maschi,106,6,4,659.86372,4,0.3319125,0.983
13,Abruzzo,Maschi,107,2,1,692.26544,1,0.3004482,0.920
13,Abruzzo,Maschi,108,1,0,723.22930,0,0.2704249,0.864
13,Abruzzo,Maschi,109,0,0,752.50323,0,0.2420651,0.815
13,Abruzzo,Maschi,110,0,0,779.88120,0,0.2155506,0.772
13,Abruzzo,Maschi,111,0,0,805.20285,0,0.1910219,0.734
13,Abruzzo,Maschi,112,0,0,828.35861,0,0.1685761,0.701
13,Abruzzo,Maschi,113,0,0,849.28260,0,0.1482717,0.673
13,Abruzzo,Maschi,114,0,0,867.95554,0,0.1301268,0.649
13,Abruzzo,Maschi,115,0,0,884.39567,0,0.1141265,0.628
13,Abruzzo,Maschi,116,0,0,898.65750,0,0.1002232,0.611
13,Abruzzo,Maschi,117,0,0,910.82107,0,0.0883463,0.597
13,Abruzzo,Maschi,118,0,0,920.98999,0,0.0784028,0.585
13,Abruzzo,Maschi,119,0,0,929.28231,0,0.0702854,0.576
13,Abruzzo,Femmine,0,100000,248,2.47530,99767,0.9998129,84.971
13,Abruzzo,Femmine,1,99752,8,0.08150,99748,0.9999302,84.181
13,Abruzzo,Femmine,2,99744,6,0.05803,99741,0.9999510,83.188
13,Abruzzo,Femmine,3,99739,4,0.03989,99737,0.9999665,82.193
13,Abruzzo,Femmine,4,99735,3,0.02714,99733,0.9999763,81.196
13,Abruzzo,Femmine,5,99732,2,0.02020,99731,0.9999823,80.198
13,Abruzzo,Femmine,6,99730,2,0.01530,99729,0.9999834,79.200
13,Abruzzo,Femmine,7,99728,2,0.01795,99727,0.9999766,78.201
13,Abruzzo,Femmine,8,99727,3,0.02876,99725,0.9999569,77.202
13,Abruzzo,Femmine,9,99724,6,0.05737,99721,0.9999285,76.204
13,Abruzzo,Femmine,10,99718,9,0.08569,99714,0.9999076,75.209
13,Abruzzo,Femmine,11,99709,10,0.09904,99704,0.9999028,74.215
13,Abruzzo,Femmine,12,99700,10,0.09537,99695,0.9999106,73.222
13,Abruzzo,Femmine,13,99690,8,0.08343,99686,0.9999212,72.229
13,Abruzzo,Femmine,14,99682,7,0.07421,99678,0.9999262,71.235
13,Abruzzo,Femmine,15,99674,7,0.07348,99671,0.9999277,70.241
13,Abruzzo,Femmine,16,99667,7,0.07111,99663,0.9999333,69.246
13,Abruzzo,Femmine,17,99660,6,0.06220,99657,0.9999400,68.251
13,Abruzzo,Femmine,18,99654,6,0.05788,99651,0.9999411,67.255
13,Abruzzo,Femmine,19,99648,6,0.05996,99645,0.9999348,66.259
13,Abruzzo,Femmine,20,99642,7,0.07037,99638,0.9999164,65.263
13,Abruzzo,Femmine,21,99635,10,0.09692,99630,0.9998769,64.267
13,Abruzzo,Femmine,22,99625,15,0.14932,99618,0.9998084,63.273
13,Abruzzo,Femmine,23,99610,23,0.23384,99599,0.9997270,62.283
13,Abruzzo,Femmine,24,99587,31,0.31210,99572,0.9996727,61.297
13,Abruzzo,Femmine,25,99556,34,0.34251,99539,0.9996752,60.316
13,Abruzzo,Femmine,26,99522,31,0.30699,99507,0.9997294,59.337
13,Abruzzo,Femmine,27,99491,23,0.23415,99480,0.9997935,58.355
13,Abruzzo,Femmine,28,99468,18,0.17880,99459,0.9998188,57.368
13,Abruzzo,Femmine,29,99450,18,0.18362,99441,0.9997767,56.378
13,Abruzzo,Femmine,30,99432,26,0.26297,99419,0.9996986,55.389
13,Abruzzo,Femmine,31,99406,34,0.33993,99389,0.9996461,54.403
13,Abruzzo,Femmine,32,99372,37,0.36795,99354,0.9996468,53.422
13,Abruzzo,Femmine,33,99336,34,0.33845,99319,0.9996926,52.441
13,Abruzzo,Femmine,34,99302,27,0.27641,99288,0.9997360,51.459
13,Abruzzo,Femmine,35,99274,25,0.25154,99262,0.9997218,50.473
13,Abruzzo,Femmine,36,99249,30,0.30483,99234,0.9996491,49.485
13,Abruzzo,Femmine,37,99219,39,0.39694,99200,0.9995645,48.500
13,Abruzzo,Femmine,38,99180,47,0.47408,99156,0.9994846,47.519
13,Abruzzo,Femmine,39,99133,55,0.55666,99105,0.9994215,46.542
13,Abruzzo,Femmine,40,99078,59,0.60036,99048,0.9993728,45.567
13,Abruzzo,Femmine,41,99018,65,0.65403,98986,0.9993111,44.594
13,Abruzzo,Femmine,42,98953,72,0.72382,98918,0.9992126,43.623
13,Abruzzo,Femmine,43,98882,84,0.85105,98840,0.9990818,42.654
13,Abruzzo,Femmine,44,98798,97,0.98531,98749,0.9989406,41.690
13,Abruzzo,Femmine,45,98700,112,1.13360,98644,0.9988426,40.731
13,Abruzzo,Femmine,46,98588,116,1.18117,98530,0.9988176,39.777
13,Abruzzo,Femmine,47,98472,117,1.18368,98414,0.9988531,38.823
13,Abruzzo,Femmine,48,98355,109,1.11008,98301,0.9989082,37.868
13,Abruzzo,Femmine,49,98246,105,1.07345,98193,0.9988585,36.910
13,Abruzzo,Femmine,50,98141,119,1.20968,98081,0.9987121,35.949
13,Abruzzo,Femmine,51,98022,134,1.36629,97955,0.9985861,34.992
13,Abruzzo,Femmine,52,97888,143,1.46156,97817,0.9984914,34.039
13,Abruzzo,Femmine,53,97745,152,1.55577,97669,0.9983486,33.088
13,Abruzzo,Femmine,54,97593,171,1.74714,97508,0.9981220,32.139
13,Abruzzo,Femmine,55,97422,196,2.00912,97325,0.9978615,31.194
13,Abruzzo,Femmine,56,97227,221,2.26816,97116,0.9976927,30.256
13,Abruzzo,Femmine,57,97006,228,2.34644,96892,0.9976142,29.324
13,Abruzzo,Femmine,58,96779,235,2.42523,96661,0.9975065,28.392
13,Abruzzo,Femmine,59,96544,247,2.56196,96420,0.9972284,27.459
13,Abruzzo,Femmine,60,96297,287,2.98181,96153,0.9967151,26.529
13,Abruzzo,Femmine,61,96009,345,3.58884,95837,0.9959594,25.607
13,Abruzzo,Femmine,62,95665,430,4.49403,95450,0.9950960,24.697
13,Abruzzo,Femmine,63,95235,506,5.31580,94982,0.9945023,23.806
13,Abruzzo,Femmine,64,94729,538,5.68056,94460,0.9943120,22.931
13,Abruzzo,Femmine,65,94191,536,5.69545,93922,0.9942217,22.059
13,Abruzzo,Femmine,66,93654,549,5.86167,93380,0.9939952,21.182
13,Abruzzo,Femmine,67,93105,572,6.14882,92819,0.9932716,20.304
13,Abruzzo,Femmine,68,92533,677,7.31161,92194,0.9919211,19.427
13,Abruzzo,Femmine,69,91856,813,8.85194,91450,0.9906367,18.566
13,Abruzzo,Femmine,70,91043,899,9.87913,90593,0.9897890,17.728
13,Abruzzo,Femmine,71,90144,951,10.54611,89668,0.9888806,16.900
13,Abruzzo,Femmine,72,89193,1043,11.69877,88671,0.9877023,16.074
13,Abruzzo,Femmine,73,88149,1137,12.90362,87581,0.9863629,15.259
13,Abruzzo,Femmine,74,87012,1251,14.38007,86386,0.9847891,14.452
13,Abruzzo,Femmine,75,85761,1377,16.05376,85072,0.9830677,13.655
13,Abruzzo,Femmine,76,84384,1504,17.82527,83632,0.9806341,12.870
13,Abruzzo,Femmine,77,82880,1735,20.93455,82012,0.9775571,12.094
13,Abruzzo,Femmine,78,81145,1946,23.98358,80172,0.9741334,11.342
13,Abruzzo,Femmine,79,79199,2201,27.79585,78098,0.9700826,10.609
13,Abruzzo,Femmine,80,76997,2472,32.09953,75761,0.9660069,9.898
13,Abruzzo,Femmine,81,74526,2679,35.94951,73186,0.9610381,9.209
13,Abruzzo,Femmine,82,71846,3024,42.08656,70335,0.9540224,8.534
13,Abruzzo,Femmine,83,68823,3444,50.03963,67101,0.9456175,7.887
13,Abruzzo,Femmine,84,65379,3854,58.95412,63452,0.9352924,7.276
13,Abruzzo,Femmine,85,61524,4357,70.82151,59346,0.9228628,6.701
13,Abruzzo,Femmine,86,57167,4798,83.93436,54768,0.9110732,6.173
13,Abruzzo,Femmine,87,52369,4942,94.37663,49898,0.9003110,5.693
13,Abruzzo,Femmine,88,47427,5006,105.55497,44923,0.8860507,5.234
13,Abruzzo,Femmine,89,42420,5232,123.33434,39804,0.8696214,4.793
13,Abruzzo,Femmine,90,37189,5147,138.41383,34615,0.8546206,4.397
13,Abruzzo,Femmine,91,32041,4917,153.46401,29583,0.8367985,4.023
13,Abruzzo,Femmine,92,27124,4739,174.70435,24755,0.8172807,3.662
13,Abruzzo,Femmine,93,22385,4308,192.43099,20231,0.7927867,3.331
13,Abruzzo,Femmine,94,18078,4077,225.51790,16039,0.7576027,3.006
13,Abruzzo,Femmine,95,14001,3699,264.19173,12151,0.7267427,2.735
13,Abruzzo,Femmine,96,10302,2942,285.57786,8831,0.7049782,2.538
13,Abruzzo,Femmine,97,7360,2269,308.24075,6226,0.6831421,2.352
13,Abruzzo,Femmine,98,5091,1677,329.31481,4253,0.6607748,2.178
13,Abruzzo,Femmine,99,3415,1209,354.00161,2810,0.6333518,2.001
13,Abruzzo,Femmine,100,2206,852,386.22502,1780,0.5972427,1.824
13,Abruzzo,Femmine,101,1354,582,429.69273,1063,0.5584514,1.657
13,Abruzzo,Femmine,102,772,357,462.33725,594,0.5261066,1.528
13,Abruzzo,Femmine,103,415,206,495.38663,312,0.4934926,1.413
13,Abruzzo,Femmine,104,209,111,528.54573,154,0.4608925,1.309
13,Abruzzo,Femmine,105,99,55,561.51010,71,0.4285928,1.216
13,Abruzzo,Femmine,106,43,26,593.97817,30,0.3968742,1.133
13,Abruzzo,Femmine,107,18,11,625.65553,12,0.3660051,1.059
13,Abruzzo,Femmine,108,7,4,656.27204,4,0.3362290,0.993
13,Abruzzo,Femmine,109,2,2,685.58760,1,0.3077611,0.935
13,Abruzzo,Femmine,110,1,1,713.39365,0,0.2807855,0.884
13,Abruzzo,Femmine,111,0,0,739.52402,0,0.2554478,0.838
13,Abruzzo,Femmine,112,0,0,763.85599,0,0.2318553,0.798
13,Abruzzo,Femmine,113,0,0,786.30612,0,0.2100800,0.764
13,Abruzzo,Femmine,114,0,0,806.83139,0,0.1901582,0.733
13,Abruzzo,Femmine,115,0,0,825.42610,0,0.1720932,0.707
13,Abruzzo,Femmine,116,0,0,842.11683,0,0.1558601,0.684
13,Abruzzo,Femmine,117,0,0,856.95345,0,0.1414123,0.664
13,Abruzzo,Femmine,118,0,0,870.01262,0,0.1286795,0.647
13,Abruzzo,Femmine,119,0,0,881.38185,0,0.1175807,0.633
14,Molise,Maschi e femmine,0,100000,177,1.77086,99833,0.9995691,81.936
14,Molise,Maschi e femmine,1,99823,65,0.65253,99790,0.9995077,81.080
14,Molise,Maschi e femmine,2,99758,33,0.33193,99741,0.9997571,80.133
14,Molise,Maschi e femmine,3,99725,15,0.15375,99717,0.9998882,79.159
14,Molise,Maschi e femmine,4,99709,7,0.06979,99706,0.9999271,78.172
14,Molise,Maschi e femmine,5,99702,8,0.07594,99699,0.9999153,77.177
14,Molise,Maschi e femmine,6,99695,9,0.09349,99690,0.9999019,76.183
14,Molise,Maschi e femmine,7,99685,10,0.10275,99680,0.9998832,75.190
14,Molise,Maschi e femmine,8,99675,13,0.13079,99669,0.9998561,74.198
14,Molise,Maschi e femmine,9,99662,16,0.15695,99654,0.9998382,73.207
14,Molise,Maschi e femmine,10,99647,17,0.16664,99638,0.9998407,72.219
14,Molise,Maschi e femmine,11,99630,15,0.15192,99622,0.9998596,71.231
14,Molise,Maschi e femmine,12,99615,13,0.12885,99608,0.9998757,70.241
14,Molise,Maschi e femmine,13,99602,12,0.11970,99596,0.9998649,69.250
14,Molise,Maschi e femmine,14,99590,15,0.15045,99583,0.9998206,68.259
14,Molise,Maschi e femmine,15,99575,21,0.20832,99565,0.9997620,67.269
14,Molise,Maschi e femmine,16,99554,27,0.26773,99541,0.9997139,66.283
14,Molise,Maschi e femmine,17,99528,30,0.30445,99513,0.9996885,65.300
14,Molise,Maschi e femmine,18,99497,32,0.31856,99482,0.9996630,64.320
14,Molise,Maschi e femmine,19,99466,35,0.35534,99448,0.9996125,63.340
14,Molise,Maschi e femmine,20,99430,42,0.41975,99409,0.9995439,62.363
14,Molise,Maschi e femmine,21,99389,49,0.49248,99364,0.9994894,61.389
14,Molise,Maschi e femmine,22,99340,53,0.52882,99313,0.9994893,60.419
14,Molise,Maschi e femmine,23,99287,49,0.49256,99263,0.9995597,59.450
14,Molise,Maschi e femmine,24,99238,39,0.38803,99219,0.9996718,58.479
14,Molise,Maschi e femmine,25,99200,27,0.26830,99186,0.9997722,57.502
14,Molise,Maschi e femmine,26,99173,19,0.18720,99164,0.9998198,56.517
14,Molise,Maschi e femmine,27,99155,17,0.17326,99146,0.9997984,55.528
14,Molise,Maschi e femmine,28,99137,23,0.22989,99126,0.9997299,54.537
14,Molise,Maschi e femmine,29,99115,31,0.31026,99099,0.9996651,53.550
14,Molise,Maschi e femmine,30,99084,36,0.35950,99066,0.9996198,52.566
14,Molise,Maschi e femmine,31,99048,40,0.40083,99028,0.9995776,51.585
14,Molise,Maschi e femmine,32,99008,44,0.44397,98987,0.9995102,50.605
14,Molise,Maschi e femmine,33,98965,53,0.53574,98938,0.9994001,49.628
14,Molise,Maschi e femmine,34,98912,66,0.66416,98879,0.9992887,48.654
14,Molise,Maschi e femmine,35,98846,75,0.75840,98808,0.9992123,47.686
14,Molise,Maschi e femmine,36,98771,81,0.81707,98730,0.9991480,46.722
14,Molise,Maschi e femmine,37,98690,88,0.88700,98646,0.9990610,45.760
14,Molise,Maschi e femmine,38,98603,98,0.99108,98554,0.9989740,44.800
14,Molise,Maschi e femmine,39,98505,105,1.06089,98453,0.9989312,43.844
14,Molise,Maschi e femmine,40,98400,106,1.07666,98347,0.9989473,42.890
14,Molise,Maschi e femmine,41,98294,101,1.02881,98244,0.9989605,41.935
14,Molise,Maschi e femmine,42,98193,103,1.05019,98142,0.9989101,40.978
14,Molise,Maschi e femmine,43,98090,111,1.12957,98035,0.9987980,40.021
14,Molise,Maschi e femmine,44,97979,125,1.27458,97917,0.9986440,39.065
14,Molise,Maschi e femmine,45,97855,141,1.43756,97784,0.9984937,38.115
14,Molise,Maschi e femmine,46,97714,154,1.57507,97637,0.9983268,37.169
14,Molise,Maschi e femmine,47,97560,173,1.77140,97474,0.9981089,36.227
14,Molise,Maschi e femmine,48,97387,196,2.01106,97289,0.9978774,35.290
14,Molise,Maschi e femmine,49,97191,217,2.23435,97083,0.9977291,34.360
14,Molise,Maschi e femmine,50,96974,224,2.30759,96862,0.9976684,33.436
14,Molise,Maschi e femmine,51,96750,228,2.35564,96636,0.9976000,32.512
14,Molise,Maschi e femmine,52,96522,236,2.44442,96404,0.9973758,31.588
14,Molise,Maschi e femmine,53,96286,270,2.80445,96151,0.9970248,30.664
14,Molise,Maschi e femmine,54,96016,302,3.14649,95865,0.9966911,29.749
14,Molise,Maschi e femmine,55,95714,332,3.47188,95548,0.9963950,28.841
14,Molise,Maschi e femmine,56,95382,357,3.73858,95204,0.9961120,27.940
14,Molise,Maschi e femmine,57,95025,384,4.03804,94834,0.9957373,27.043
14,Molise,Maschi e femmine,58,94642,425,4.48828,94429,0.9951547,26.150
14,Molise,Maschi e femmine,59,94217,490,5.20386,93972,0.9946047,25.266
14,Molise,Maschi e femmine,60,93727,524,5.58774,93465,0.9942866,24.395
14,Molise,Maschi e femmine,61,93203,544,5.83981,92931,0.9938084,23.530
14,Molise,Maschi e femmine,62,92659,606,6.54541,92355,0.9930030,22.665
14,Molise,Maschi e femmine,63,92052,686,7.45157,91709,0.9921355,21.811
14,Molise,Maschi e femmine,64,91366,757,8.28043,90988,0.9911827,20.971
14,Molise,Maschi e femmine,65,90610,848,9.35860,90186,0.9904916,20.142
14,Molise,Maschi e femmine,66,89762,867,9.65962,89328,0.9901685,19.328
14,Molise,Maschi e femmine,67,88895,889,10.00502,88450,0.9892887,18.511
14,Molise,Maschi e femmine,68,88005,1005,11.42469,87503,0.9876801,17.693
14,Molise,Maschi e femmine,69,87000,1151,13.22537,86424,0.9861336,16.892
14,Molise,Maschi e femmine,70,85849,1246,14.51606,85226,0.9846275,16.112
14,Molise,Maschi e femmine,71,84603,1374,16.24152,83916,0.9831612,15.342
14,Molise,Maschi e femmine,72,83229,1452,17.44601,82503,0.9811602,14.587
14,Molise,Maschi e femmine,73,81777,1657,20.25839,80949,0.9782449,13.837
14,Molise,Maschi e femmine,74,80120,1865,23.28283,79188,0.9751789,13.112
14,Molise,Maschi e femmine,75,78255,2066,26.39613,77222,0.9728589,12.413
14,Molise,Maschi e femmine,76,76189,2126,27.90624,75126,0.9715760,11.736
14,Molise,Maschi e femmine,77,74063,2145,28.95659,72991,0.9704776,11.059
14,Molise,Maschi e femmine,78,71918,2165,30.10510,70836,0.9676759,10.373
14,Molise,Maschi e femmine,79,69753,2414,34.61205,68546,0.9620342,9.680
14,Molise,Maschi e femmine,80,67339,2791,41.43987,65944,0.9545598,9.009
14,Molise,Maschi e femmine,81,64548,3202,49.61356,62947,0.9468480,8.377
14,Molise,Maschi e femmine,82,61346,3489,56.87524,59601,0.9396289,7.788
14,Molise,Maschi e femmine,83,57857,3707,64.07771,56003,0.9323128,7.228
14,Molise,Maschi e femmine,84,54150,3874,71.54376,52213,0.9239158,6.688
14,Molise,Maschi e femmine,85,50276,4071,80.97444,48240,0.9122447,6.165
14,Molise,Maschi e femmine,86,46204,4396,95.13372,44007,0.8993410,5.664
14,Molise,Maschi e femmine,87,41809,4464,106.76517,39577,0.8859975,5.207
14,Molise,Maschi e femmine,88,37345,4560,122.10490,35065,0.8675444,4.770
14,Molise,Maschi e femmine,89,32785,4729,144.24596,30421,0.8449860,4.364
14,Molise,Maschi e femmine,90,28056,4702,167.59718,25705,0.8230332,4.015
14,Molise,Maschi e femmine,91,23354,4396,188.22300,21156,0.8025539,3.723
14,Molise,Maschi e femmine,92,18958,3959,208.80782,16979,0.7860174,3.470
14,Molise,Maschi e femmine,93,15000,3308,220.52319,13346,0.7754069,3.254
14,Molise,Maschi e femmine,94,11692,2687,229.81446,10348,0.7587330,3.033
14,Molise,Maschi e femmine,95,9005,2306,256.13696,7852,0.7317204,2.789
14,Molise,Maschi e femmine,96,6698,1906,284.60338,5745,0.7063232,2.577
14,Molise,Maschi e femmine,97,4792,1468,306.35991,4058,0.6848800,2.403
14,Molise,Maschi e femmine,98,3324,1089,327.74927,2779,0.6632955,2.243
14,Molise,Maschi e femmine,99,2235,782,350.02565,1843,0.6403888,2.093
14,Molise,Maschi e femmine,100,1452,544,374.35886,1181,0.6164046,1.951
14,Molise,Maschi e femmine,101,909,362,398.35876,728,0.5915328,1.819
14,Molise,Maschi e femmine,102,547,232,425.26855,430,0.5645361,1.693
14,Molise,Maschi e femmine,103,314,142,453.20320,243,0.5365931,1.575
14,Molise,Maschi e femmine,104,172,83,482.06781,130,0.5078268,1.467
14,Molise,Maschi e femmine,105,89,46,511.68420,66,0.4784352,1.367
14,Molise,Maschi e femmine,106,43,24,541.79885,32,0.4486807,1.275
14,Molise,Maschi e femmine,107,20,11,572.09706,14,0.4188703,1.191
14,Molise,Maschi e femmine,108,9,5,602.23864,6,0.3893245,1.115
14,Molise,Maschi e femmine,109,3,2,631.88637,2,0.3603534,1.047
14,Molise,Maschi e femmine,110,1,1,660.72784,1,0.3322369,0.985
14,Molise,Maschi e femmine,111,0,0,688.49932,0,0.3052078,0.930
14,Molise,Maschi e femmine,112,0,0,714.99413,0,0.2794464,0.881
14,Molise,Maschi e femmine,113,0,0,740.06014,0,0.2550836,0.838
14,Molise,Maschi e femmine,114,0,0,763.59866,0,0.2322027,0.799
14,Molise,Maschi e femmine,115,0,0,785.55805,0,0.2108456,0.765
14,Molise,Maschi e femmine,116,0,0,805.92539,0,0.1910207,0.734
14,Molise,Maschi e femmine,117,0,0,824.71528,0,0.1727111,0.708
14,Molise,Maschi e femmine,118,0,0,841.97151,0,0.1558752,0.684
14,Molise,Maschi e femmine,119,0,0,857.75102,0,0.1404584,0.663
14,Molise,Maschi,0,100000,231,2.30532,99783,0.9992853,79.618
14,Molise,Maschi,1,99769,115,1.15695,99712,0.9991529,78.801
14,Molise,Maschi,2,99654,54,0.53686,99627,0.9996337,77.892
14,Molise,Maschi,3,99601,19,0.19564,99591,0.9998833,76.933
14,Molise,Maschi,4,99581,4,0.03776,99579,0.9999535,75.948
14,Molise,Maschi,5,99577,6,0.05526,99575,0.9999275,74.951
14,Molise,Maschi,6,99572,9,0.08983,99567,0.9999004,73.955
14,Molise,Maschi,7,99563,11,0.10930,99557,0.9998631,72.962
14,Molise,Maschi,8,99552,16,0.16458,99544,0.9998085,71.970
14,Molise,Maschi,9,99536,22,0.21833,99525,0.9997709,70.981
14,Molise,Maschi,10,99514,24,0.23979,99502,0.9997741,69.997
14,Molise,Maschi,11,99490,21,0.21194,99479,0.9998072,69.013
14,Molise,Maschi,12,99469,17,0.17356,99460,0.9998322,68.028
14,Molise,Maschi,13,99452,16,0.16199,99444,0.9998218,67.040
14,Molise,Maschi,14,99436,19,0.19442,99426,0.9997890,66.050
14,Molise,Maschi,15,99416,23,0.22768,99405,0.9997631,65.063
14,Molise,Maschi,16,99394,24,0.24604,99381,0.9997455,64.078
14,Molise,Maschi,17,99369,26,0.26303,99356,0.9997039,63.094
14,Molise,Maschi,18,99343,33,0.32913,99327,0.9995886,62.110
14,Molise,Maschi,19,99310,49,0.49368,99286,0.9994048,61.130
14,Molise,Maschi,20,99261,69,0.69677,99227,0.9992325,60.160
14,Molise,Maschi,21,99192,83,0.83830,99151,0.9991481,59.202
14,Molise,Maschi,22,99109,86,0.86542,99066,0.9991858,58.251
14,Molise,Maschi,23,99023,76,0.76301,98985,0.9993271,57.301
14,Molise,Maschi,24,98948,58,0.58280,98919,0.9995048,56.344
14,Molise,Maschi,25,98890,40,0.40759,98870,0.9996514,55.377
14,Molise,Maschi,26,98850,29,0.28959,98835,0.9997352,54.399
14,Molise,Maschi,27,98821,24,0.24006,98809,0.9997518,53.415
14,Molise,Maschi,28,98797,25,0.25638,98785,0.9997149,52.428
14,Molise,Maschi,29,98772,31,0.31391,98756,0.9996545,51.441
14,Molise,Maschi,30,98741,37,0.37705,98722,0.9995770,50.457
14,Molise,Maschi,31,98704,46,0.46891,98681,0.9994826,49.476
14,Molise,Maschi,32,98657,56,0.56596,98630,0.9993855,48.499
14,Molise,Maschi,33,98602,65,0.66309,98569,0.9992988,47.526
14,Molise,Maschi,34,98536,73,0.73942,98500,0.9992574,46.557
14,Molise,Maschi,35,98463,73,0.74575,98427,0.9992358,45.591
14,Molise,Maschi,36,98390,77,0.78266,98351,0.9991667,44.625
14,Molise,Maschi,37,98313,87,0.88400,98269,0.9989860,43.660
14,Molise,Maschi,38,98226,112,1.14406,98170,0.9987302,42.698
14,Molise,Maschi,39,98114,137,1.39577,98045,0.9985392,41.746
14,Molise,Maschi,40,97977,150,1.52593,97902,0.9985046,40.804
14,Molise,Maschi,41,97827,143,1.46492,97756,0.9985710,39.865
14,Molise,Maschi,42,97684,136,1.39310,97616,0.9986238,38.923
14,Molise,Maschi,43,97548,133,1.35935,97481,0.9986018,37.977
14,Molise,Maschi,44,97415,140,1.43713,97345,0.9984521,37.028
14,Molise,Maschi,45,97275,161,1.65882,97195,0.9982112,36.080
14,Molise,Maschi,46,97114,186,1.91894,97021,0.9978570,35.139
14,Molise,Maschi,47,96927,229,2.36754,96813,0.9973628,34.206
14,Molise,Maschi,48,96698,281,2.90755,96557,0.9968359,33.286
14,Molise,Maschi,49,96417,330,3.42137,96252,0.9965050,32.382
14,Molise,Maschi,50,96087,343,3.56894,95915,0.9964534,31.491
14,Molise,Maschi,51,95744,337,3.52410,95575,0.9964770,30.602
14,Molise,Maschi,52,95407,336,3.52188,95239,0.9962070,29.708
14,Molise,Maschi,53,95071,386,4.06513,94877,0.9956744,28.812
14,Molise,Maschi,54,94684,434,4.58716,94467,0.9952675,27.927
14,Molise,Maschi,55,94250,460,4.87856,94020,0.9951187,27.054
14,Molise,Maschi,56,93790,458,4.88398,93561,0.9950111,26.184
14,Molise,Maschi,57,93332,475,5.09428,93094,0.9946268,25.310
14,Molise,Maschi,58,92856,525,5.65348,92594,0.9937372,24.437
14,Molise,Maschi,59,92332,635,6.87557,92014,0.9928072,23.573
14,Molise,Maschi,60,91697,689,7.51222,91352,0.9923397,22.733
14,Molise,Maschi,61,91008,711,7.80957,90652,0.9916819,21.901
14,Molise,Maschi,62,90297,797,8.83070,89898,0.9905165,21.070
14,Molise,Maschi,63,89500,908,10.14220,89046,0.9893509,20.253
14,Molise,Maschi,64,88592,989,11.16121,88098,0.9882679,19.455
14,Molise,Maschi,65,87603,1078,12.30948,87064,0.9876618,18.669
14,Molise,Maschi,66,86525,1070,12.36733,85990,0.9874320,17.896
14,Molise,Maschi,67,85455,1091,12.77117,84909,0.9861278,17.113
14,Molise,Maschi,68,84363,1264,14.98754,83731,0.9838375,16.328
14,Molise,Maschi,69,83099,1442,17.35531,82378,0.9818592,15.569
14,Molise,Maschi,70,81657,1547,18.94008,80884,0.9802129,14.835
14,Molise,Maschi,71,80110,1654,20.65043,79283,0.9786185,14.112
14,Molise,Maschi,72,78456,1736,22.12799,77588,0.9758464,13.399
14,Molise,Maschi,73,76720,2012,26.22497,75714,0.9716847,12.691
14,Molise,Maschi,74,74708,2276,30.46187,73570,0.9676999,12.019
14,Molise,Maschi,75,72432,2477,34.19609,71194,0.9651051,11.381
14,Molise,Maschi,76,69955,2492,35.61838,68709,0.9642437,10.766
14,Molise,Maschi,77,67464,2422,35.89926,66253,0.9638263,10.146
14,Molise,Maschi,78,65042,2371,36.45834,63856,0.9605769,9.505
14,Molise,Maschi,79,62670,2663,42.49996,61339,0.9527827,8.846
14,Molise,Maschi,80,60007,3129,52.14398,58442,0.9432101,8.216
14,Molise,Maschi,81,56878,3509,61.69146,55123,0.9343590,7.640
14,Molise,Maschi,82,53369,3728,69.85022,51505,0.9266624,7.110
14,Molise,Maschi,83,49641,3827,77.08682,47728,0.9189543,6.606
14,Molise,Maschi,84,45814,3910,85.33525,43860,0.9098843,6.116
14,Molise,Maschi,85,41905,3995,95.34215,39907,0.8965700,5.640
14,Molise,Maschi,86,37910,4260,112.37033,35780,0.8823813,5.182
14,Molise,Maschi,87,33650,4157,123.53150,31571,0.8692576,4.775
14,Molise,Maschi,88,29493,4099,138.96963,27444,0.8509223,4.377
14,Molise,Maschi,89,25394,4084,160.81713,23352,0.8295544,4.003
14,Molise,Maschi,90,21310,3877,181.91920,19372,0.8086078,3.674
14,Molise,Maschi,91,17434,3539,202.97174,15664,0.7887327,3.380
14,Molise,Maschi,92,13895,3080,221.67551,12355,0.7759804,3.114
14,Molise,Maschi,93,10815,2455,227.03134,9587,0.7654607,2.858
14,Molise,Maschi,94,8360,2042,244.25241,7339,0.7342801,2.551
14,Molise,Maschi,95,6318,1858,294.12548,5389,0.6762210,2.213
14,Molise,Maschi,96,4460,1631,365.78868,3644,0.6175868,1.927
14,Molise,Maschi,97,2828,1156,408.62608,2250,0.5784085,1.751
14,Molise,Maschi,98,1673,742,443.51579,1302,0.5468258,1.615
14,Molise,Maschi,99,931,438,470.53033,712,0.5194112,1.503
14,Molise,Maschi,100,493,246,499.58617,370,0.4892333,1.395
14,Molise,Maschi,101,247,131,533.10919,181,0.4554479,1.289
14,Molise,Maschi,102,115,66,569.06095,82,0.4201456,1.190
14,Molise,Maschi,103,50,30,604.90078,35,0.3850823,1.101
14,Molise,Maschi,104,20,13,640.27069,13,0.3505924,1.022
14,Molise,Maschi,105,7,5,674.80696,5,0.3170077,0.952
14,Molise,Maschi,106,2,2,708.16284,1,0.2846422,0.889
14,Molise,Maschi,107,1,0,740.01167,0,0.2537865,0.834
14,Molise,Maschi,108,0,0,770.06780,0,0.2246947,0.786
14,Molise,Maschi,109,0,0,798.08354,0,0.1975855,0.744
14,Molise,Maschi,110,0,0,823.86390,0,0.1726316,0.707
14,Molise,Maschi,111,0,0,847.26518,0,0.1499611,0.675
14,Molise,Maschi,112,0,0,868.19939,0,0.1296548,0.648
14,Molise,Maschi,113,0,0,886.62577,0,0.1117524,0.625
14,Molise,Maschi,114,0,0,902.55284,0,0.0962506,0.606
14,Molise,Maschi,115,0,0,916.02811,0,0.0831114,0.591
14,Molise,Maschi,116,0,0,927.13597,0,0.0722630,0.578
14,Molise,Maschi,117,0,0,935.98595,0,0.0636095,0.568
14,Molise,Maschi,118,0,0,942.71020,0,0.0570328,0.560
14,Molise,Maschi,119,0,0,947.45371,0,0.0524007,0.555
14,Molise,Femmine,0,100000,121,1.20760,99886,0.9998681,84.367
14,Molise,Femmine,1,99879,12,0.12123,99873,0.9998813,83.468
14,Molise,Femmine,2,99867,12,0.11623,99861,0.9998870,82.478
14,Molise,Femmine,3,99856,11,0.10968,99850,0.9998934,81.488
14,Molise,Femmine,4,99845,10,0.10349,99839,0.9998994,80.497
14,Molise,Femmine,5,99834,10,0.09770,99829,0.9999025,79.505
14,Molise,Femmine,6,99824,10,0.09734,99820,0.9999034,78.513
14,Molise,Femmine,7,99815,10,0.09585,99810,0.9999045,77.520
14,Molise,Femmine,8,99805,10,0.09523,99800,0.9999062,76.528
14,Molise,Femmine,9,99796,9,0.09238,99791,0.9999090,75.535
14,Molise,Femmine,10,99786,9,0.08968,99782,0.9999108,74.542
14,Molise,Femmine,11,99778,9,0.08879,99773,0.9999147,73.549
14,Molise,Femmine,12,99769,8,0.08183,99765,0.9999215,72.555
14,Molise,Femmine,13,99761,8,0.07522,99757,0.9999103,71.561
14,Molise,Femmine,14,99753,10,0.10421,99748,0.9998539,70.566
14,Molise,Femmine,15,99743,19,0.18797,99733,0.9997607,69.574
14,Molise,Femmine,16,99724,29,0.29055,99709,0.9996807,68.587
14,Molise,Femmine,17,99695,35,0.34802,99678,0.9996723,67.606
14,Molise,Femmine,18,99660,31,0.30744,99645,0.9997413,66.630
14,Molise,Femmine,19,99630,21,0.20989,99619,0.9998308,65.650
14,Molise,Femmine,20,99609,13,0.12859,99602,0.9998711,64.664
14,Molise,Femmine,21,99596,13,0.12925,99589,0.9998476,63.672
14,Molise,Femmine,22,99583,17,0.17552,99574,0.9998078,62.680
14,Molise,Femmine,23,99565,21,0.20887,99555,0.9998037,61.691
14,Molise,Femmine,24,99545,18,0.18381,99536,0.9998469,60.704
14,Molise,Femmine,25,99526,12,0.12231,99520,0.9998989,59.715
14,Molise,Femmine,26,99514,8,0.07992,99510,0.9999084,58.722
14,Molise,Femmine,27,99506,10,0.10328,99501,0.9998473,57.727
14,Molise,Femmine,28,99496,20,0.20215,99486,0.9997457,56.733
14,Molise,Femmine,29,99476,30,0.30644,99461,0.9996762,55.744
14,Molise,Femmine,30,99445,34,0.34112,99428,0.9996647,54.761
14,Molise,Femmine,31,99411,33,0.32952,99395,0.9996771,53.780
14,Molise,Femmine,32,99379,31,0.31623,99363,0.9996407,52.797
14,Molise,Femmine,33,99347,40,0.40241,99327,0.9995061,51.814
14,Molise,Femmine,34,99307,58,0.58538,99278,0.9993215,50.834
14,Molise,Femmine,35,99249,77,0.77164,99211,0.9991876,49.864
14,Molise,Femmine,36,99173,85,0.85309,99130,0.9991284,48.902
14,Molise,Femmine,37,99088,88,0.89014,99044,0.9991394,47.943
14,Molise,Femmine,38,99000,82,0.83097,98959,0.9992292,46.986
14,Molise,Femmine,39,98918,70,0.71059,98882,0.9993412,46.024
14,Molise,Femmine,40,98847,60,0.60706,98817,0.9994098,45.057
14,Molise,Femmine,41,98787,57,0.57340,98759,0.9993671,44.084
14,Molise,Femmine,42,98731,68,0.69239,98696,0.9992089,43.109
14,Molise,Femmine,43,98662,88,0.88994,98618,0.9990025,42.138
14,Molise,Femmine,44,98574,109,1.10514,98520,0.9988440,41.175
14,Molise,Femmine,45,98465,119,1.20701,98406,0.9987880,40.220
14,Molise,Femmine,46,98347,120,1.21696,98287,0.9988159,39.268
14,Molise,Femmine,47,98227,113,1.15118,98170,0.9988845,38.316
14,Molise,Femmine,48,98114,106,1.07977,98061,0.9989582,37.359
14,Molise,Femmine,49,98008,98,1.00387,97959,0.9989964,36.399
14,Molise,Femmine,50,97910,98,1.00332,97860,0.9989232,35.435
14,Molise,Femmine,51,97811,113,1.15039,97755,0.9987571,34.470
14,Molise,Femmine,52,97699,130,1.33558,97634,0.9985772,33.509
14,Molise,Femmine,53,97568,147,1.51013,97495,0.9984093,32.553
14,Molise,Femmine,54,97421,163,1.67143,97340,0.9981465,31.602
14,Molise,Femmine,55,97258,198,2.03578,97159,0.9976963,30.654
14,Molise,Femmine,56,97060,250,2.57225,96935,0.9972317,29.715
14,Molise,Femmine,57,96810,287,2.96489,96667,0.9968643,28.791
14,Molise,Femmine,58,96523,319,3.30708,96364,0.9965896,27.875
14,Molise,Femmine,59,96204,338,3.51406,96035,0.9964184,26.966
14,Molise,Femmine,60,95866,350,3.64947,95691,0.9962436,26.059
14,Molise,Femmine,61,95516,369,3.86371,95332,0.9959373,25.153
14,Molise,Femmine,62,95147,406,4.26256,94944,0.9954807,24.248
14,Molise,Femmine,63,94742,453,4.77722,94515,0.9948956,23.350
14,Molise,Femmine,64,94289,512,5.43305,94033,0.9940554,22.460
14,Molise,Femmine,65,93777,606,6.45890,93474,0.9932645,21.580
14,Molise,Femmine,66,93171,653,7.01388,92844,0.9928351,20.717
14,Molise,Femmine,67,92518,677,7.31689,92179,0.9923508,19.859
14,Molise,Femmine,68,91841,733,7.98404,91474,0.9913768,19.002
14,Molise,Femmine,69,91107,844,9.26741,90685,0.9902127,18.151
14,Molise,Femmine,70,90263,931,10.31204,89798,0.9888044,17.316
14,Molise,Femmine,71,89332,1080,12.08827,88792,0.9874214,16.491
14,Molise,Femmine,72,88252,1154,13.07485,87675,0.9860952,15.687
14,Molise,Femmine,73,87099,1284,14.74579,86456,0.9842671,14.888
14,Molise,Femmine,74,85814,1436,16.73482,85096,0.9819513,14.104
14,Molise,Femmine,75,84378,1636,19.38502,83560,0.9797768,13.335
14,Molise,Femmine,76,82742,1744,21.07788,81870,0.9780227,12.589
14,Molise,Femmine,77,80998,1855,22.89612,80071,0.9762471,11.849
14,Molise,Femmine,78,79144,1949,24.62972,78169,0.9737525,11.115
14,Molise,Femmine,79,77195,2154,27.90605,76117,0.9698297,10.383
14,Molise,Femmine,80,75040,2439,32.49960,73821,0.9639386,9.667
14,Molise,Femmine,81,72602,2885,39.74279,71159,0.9569366,8.975
14,Molise,Femmine,82,69716,3243,46.52151,68095,0.9498526,8.326
14,Molise,Femmine,83,66473,3586,53.95019,64680,0.9425855,7.707
14,Molise,Femmine,84,62887,3841,61.07635,60966,0.9344299,7.118
14,Molise,Femmine,85,59046,4154,70.35612,56969,0.9236638,6.549
14,Molise,Femmine,86,54892,4543,82.76884,52620,0.9113224,6.007
14,Molise,Femmine,87,50348,4789,95.11961,47954,0.8974512,5.504
14,Molise,Femmine,88,45559,5046,110.75899,43036,0.8785615,5.030
14,Molise,Femmine,89,40513,5406,133.44827,37810,0.8549020,4.594
14,Molise,Femmine,90,35107,5566,158.54172,32324,0.8320366,4.224
14,Molise,Femmine,91,29541,5293,179.16031,26895,0.8109413,3.926
14,Molise,Femmine,92,24248,4877,201.11752,21810,0.7919569,3.674
14,Molise,Femmine,93,19371,4198,216.71210,17272,0.7811718,3.472
14,Molise,Femmine,94,15173,3361,221.52982,13493,0.7723926,3.295
14,Molise,Femmine,95,11812,2781,235.41438,10422,0.7603384,3.090
14,Molise,Femmine,96,9031,2215,245.21658,7924,0.7461474,2.888
14,Molise,Femmine,97,6817,1808,265.29427,5912,0.7239838,2.663
14,Molise,Femmine,98,5008,1455,290.60982,4281,0.6973140,2.444
14,Molise,Femmine,99,3553,1136,319.70929,2985,0.6680816,2.241
14,Molise,Femmine,100,2417,846,349.86519,1994,0.6389794,2.059
14,Molise,Femmine,101,1571,594,378.17909,1274,0.6099315,1.898
14,Molise,Femmine,102,977,400,409.18887,777,0.5790360,1.749
14,Molise,Femmine,103,577,255,440.89444,450,0.5475778,1.614
14,Molise,Femmine,104,323,153,473.04051,246,0.5158068,1.492
14,Molise,Femmine,105,170,86,505.35755,127,0.4839811,1.383
14,Molise,Femmine,106,84,45,537.57255,62,0.4523594,1.285
14,Molise,Femmine,107,39,22,569.41292,28,0.4211935,1.197
14,Molise,Femmine,108,17,10,600.62215,12,0.3907179,1.118
14,Molise,Femmine,109,7,4,630.96580,5,0.3611449,1.048
14,Molise,Femmine,110,2,2,660.23346,2,0.3326616,0.986
14,Molise,Femmine,111,1,1,688.24964,1,0.3054224,0.931
14,Molise,Femmine,112,0,0,714.87584,0,0.2795483,0.881
14,Molise,Femmine,113,0,0,740.00765,0,0.2551290,0.838
14,Molise,Femmine,114,0,0,763.57686,0,0.2322216,0.799
14,Molise,Femmine,115,0,0,785.54956,0,0.2108530,0.765
14,Molise,Femmine,116,0,0,805.92228,0,0.1910234,0.734
14,Molise,Femmine,117,0,0,824.71420,0,0.1727120,0.707
14,Molise,Femmine,118,0,0,841.97115,0,0.1558755,0.684
14,Molise,Femmine,119,0,0,857.75090,0,0.1404585,0.663
15,Campania,Maschi e femmine,0,100000,278,2.77611,99739,0.9997467,81.019
15,Campania,Maschi e femmine,1,99722,18,0.17811,99714,0.9998382,80.243
15,Campania,Maschi e femmine,2,99705,14,0.14540,99697,0.9998720,79.257
15,Campania,Maschi e femmine,3,99690,11,0.11062,99685,0.9999045,78.269
15,Campania,Maschi e femmine,4,99679,8,0.08047,99675,0.9999315,77.277
15,Campania,Maschi e femmine,5,99671,6,0.05651,99668,0.9999463,76.284
15,Campania,Maschi e femmine,6,99665,5,0.05087,99663,0.9999458,75.288
15,Campania,Maschi e femmine,7,99660,6,0.05745,99658,0.9999368,74.292
15,Campania,Maschi e femmine,8,99655,7,0.06896,99651,0.9999271,73.296
15,Campania,Maschi e femmine,9,99648,8,0.07681,99644,0.9999237,72.301
15,Campania,Maschi e femmine,10,99640,8,0.07575,99636,0.9999268,71.306
15,Campania,Maschi e femmine,11,99633,7,0.07065,99629,0.9999291,70.312
15,Campania,Maschi e femmine,12,99626,7,0.07112,99622,0.9999248,69.317
15,Campania,Maschi e femmine,13,99618,8,0.07937,99615,0.9999104,68.322
15,Campania,Maschi e femmine,14,99611,10,0.09988,99606,0.9998850,67.327
15,Campania,Maschi e femmine,15,99601,13,0.13011,99594,0.9998546,66.334
15,Campania,Maschi e femmine,16,99588,16,0.16076,99580,0.9998259,65.342
15,Campania,Maschi e femmine,17,99572,19,0.18745,99562,0.9998036,64.353
15,Campania,Maschi e femmine,18,99553,20,0.20532,99543,0.9997920,63.365
15,Campania,Maschi e femmine,19,99533,21,0.21062,99522,0.9997834,62.378
15,Campania,Maschi e femmine,20,99512,22,0.22268,99500,0.9997630,61.391
15,Campania,Maschi e femmine,21,99489,25,0.25130,99477,0.9997302,60.404
15,Campania,Maschi e femmine,22,99464,29,0.28831,99450,0.9996985,59.419
15,Campania,Maschi e femmine,23,99436,31,0.31466,99420,0.9996830,58.436
15,Campania,Maschi e femmine,24,99404,32,0.31927,99389,0.9996830,57.454
15,Campania,Maschi e femmine,25,99373,31,0.31464,99357,0.9996793,56.473
15,Campania,Maschi e femmine,26,99341,32,0.32676,99325,0.9996616,55.490
15,Campania,Maschi e femmine,27,99309,35,0.34997,99292,0.9996338,54.508
15,Campania,Maschi e femmine,28,99274,38,0.38236,99255,0.9996065,53.527
15,Campania,Maschi e femmine,29,99236,40,0.40469,99216,0.9995836,52.547
15,Campania,Maschi e femmine,30,99196,42,0.42818,99175,0.9995632,51.568
15,Campania,Maschi e femmine,31,99154,44,0.44552,99132,0.9995375,50.590
15,Campania,Maschi e femmine,32,99109,48,0.47948,99086,0.9995021,49.613
15,Campania,Maschi e femmine,33,99062,51,0.51629,99036,0.9994577,48.636
15,Campania,Maschi e femmine,34,99011,56,0.56831,98983,0.9994124,47.661
15,Campania,Maschi e femmine,35,98955,60,0.60683,98924,0.9993585,46.688
15,Campania,Maschi e femmine,36,98894,67,0.67615,98861,0.9993035,45.716
15,Campania,Maschi e femmine,37,98828,71,0.71696,98792,0.9992601,44.747
15,Campania,Maschi e femmine,38,98757,75,0.76293,98719,0.9991986,43.778
15,Campania,Maschi e femmine,39,98681,83,0.83985,98640,0.9991035,42.811
15,Campania,Maschi e femmine,40,98599,94,0.95312,98552,0.9989892,41.847
15,Campania,Maschi e femmine,41,98505,105,1.06850,98452,0.9988529,40.886
15,Campania,Maschi e femmine,42,98399,121,1.22571,98339,0.9987056,39.930
15,Campania,Maschi e femmine,43,98279,134,1.36313,98212,0.9985772,38.978
15,Campania,Maschi e femmine,44,98145,146,1.48257,98072,0.9984558,38.030
15,Campania,Maschi e femmine,45,97999,157,1.60588,97921,0.9983336,37.086
15,Campania,Maschi e femmine,46,97842,169,1.72692,97757,0.9981906,36.145
15,Campania,Maschi e femmine,47,97673,185,1.89210,97580,0.9980091,35.207
15,Campania,Maschi e femmine,48,97488,204,2.08996,97386,0.9978098,34.272
15,Campania,Maschi e femmine,49,97284,223,2.29056,97173,0.9976088,33.343
15,Campania,Maschi e femmine,50,97061,242,2.49198,96941,0.9973407,32.419
15,Campania,Maschi e femmine,51,96820,274,2.82713,96683,0.9970637,31.498
15,Campania,Maschi e femmine,52,96546,294,3.04568,96399,0.9968120,30.586
15,Campania,Maschi e femmine,53,96252,321,3.33080,96092,0.9965341,29.678
15,Campania,Maschi e femmine,54,95931,345,3.60145,95758,0.9962592,28.776
15,Campania,Maschi e femmine,55,95586,371,3.88073,95400,0.9960165,27.878
15,Campania,Maschi e femmine,56,95215,389,4.08671,95020,0.9956368,26.985
15,Campania,Maschi e femmine,57,94826,440,4.64086,94606,0.9950907,26.093
15,Campania,Maschi e femmine,58,94386,489,5.17902,94141,0.9944973,25.213
15,Campania,Maschi e femmine,59,93897,547,5.82806,93623,0.9938401,24.341
15,Campania,Maschi e femmine,60,93350,606,6.49361,93046,0.9932227,23.481
15,Campania,Maschi e femmine,61,92743,655,7.06284,92416,0.9927343,22.631
15,Campania,Maschi e femmine,62,92088,688,7.47000,91744,0.9921558,21.789
15,Campania,Maschi e femmine,63,91400,751,8.22123,91025,0.9913332,20.949
15,Campania,Maschi e femmine,64,90649,826,9.11605,90236,0.9902933,20.118
15,Campania,Maschi e femmine,65,89823,925,10.30277,89360,0.9892503,19.299
15,Campania,Maschi e femmine,66,88897,996,11.20121,88399,0.9883454,18.494
15,Campania,Maschi e femmine,67,87901,1065,12.11310,87369,0.9874111,17.698
15,Campania,Maschi e femmine,68,86837,1135,13.07049,86269,0.9860377,16.909
15,Campania,Maschi e femmine,69,85702,1274,14.86595,85065,0.9842368,16.127
15,Campania,Maschi e femmine,70,84428,1408,16.67393,83724,0.9823706,15.362
15,Campania,Maschi e femmine,71,83020,1544,18.60115,82248,0.9805167,14.614
15,Campania,Maschi e femmine,72,81476,1661,20.38219,80645,0.9785001,13.882
15,Campania,Maschi e femmine,73,79815,1807,22.64092,78911,0.9764845,13.160
15,Campania,Maschi e femmine,74,78008,1904,24.41028,77056,0.9743018,12.454
15,Campania,Maschi e femmine,75,76104,2056,27.01840,75076,0.9710064,11.753
15,Campania,Maschi e femmine,76,74048,2297,31.02365,72899,0.9669837,11.065
15,Campania,Maschi e femmine,77,71750,2516,35.07275,70492,0.9631879,10.403
15,Campania,Maschi e femmine,78,69234,2673,38.61460,67897,0.9586538,9.763
15,Campania,Maschi e femmine,79,66560,2941,44.18749,65090,0.9527584,9.135
15,Campania,Maschi e femmine,80,63619,3209,50.43687,62015,0.9466543,8.535
15,Campania,Maschi e femmine,81,60411,3408,56.40898,58707,0.9396059,7.961
15,Campania,Maschi e femmine,82,57003,3683,64.61754,55161,0.9322807,7.407
15,Campania,Maschi e femmine,83,53319,3788,71.03526,51426,0.9247212,6.885
15,Campania,Maschi e femmine,84,49532,3955,79.84676,47554,0.9154131,6.373
15,Campania,Maschi e femmine,85,45577,4090,89.73842,43532,0.9034956,5.883
15,Campania,Maschi e femmine,86,41487,4312,103.93751,39331,0.8887722,5.413
15,Campania,Maschi e femmine,87,37175,4437,119.36374,34956,0.8725853,4.983
15,Campania,Maschi e femmine,88,32738,4471,136.55695,30502,0.8555600,4.591
15,Campania,Maschi e femmine,89,28267,4341,153.56982,26097,0.8390718,4.238
15,Campania,Maschi e femmine,90,23926,4058,169.62171,21897,0.8233933,3.916
15,Campania,Maschi e femmine,91,19868,3676,185.01851,18030,0.8046097,3.614
15,Campania,Maschi e femmine,92,16192,3370,208.11664,14507,0.7824016,3.320
15,Campania,Maschi e femmine,93,12822,2944,229.57204,11350,0.7589818,3.062
15,Campania,Maschi e femmine,94,9878,2528,255.87514,8615,0.7354250,2.825
15,Campania,Maschi e femmine,95,7351,2031,276.26644,6335,0.7126564,2.624
15,Campania,Maschi e femmine,96,5320,1610,302.64911,4515,0.6896194,2.435
15,Campania,Maschi e femmine,97,3710,1193,321.46744,3114,0.6708449,2.275
15,Campania,Maschi e femmine,98,2517,857,340.48492,2089,0.6501222,2.116
15,Campania,Maschi e femmine,99,1660,605,364.11996,1358,0.6233733,1.950
15,Campania,Maschi e femmine,100,1056,418,396.29513,847,0.5877322,1.781
15,Campania,Maschi e femmine,101,637,280,438.72555,498,0.5496367,1.621
15,Campania,Maschi e femmine,102,358,169,471.09783,273,0.5175964,1.498
15,Campania,Maschi e femmine,103,189,95,503.77965,142,0.4853722,1.387
15,Campania,Maschi e femmine,104,94,50,536.48934,69,0.4532328,1.287
15,Campania,Maschi e femmine,105,44,25,568.94107,31,0.4214449,1.197
15,Campania,Maschi e femmine,106,19,11,600.85846,13,0.3902641,1.117
15,Campania,Maschi e femmine,107,7,5,631.97734,5,0.3599295,1.045
15,Campania,Maschi e femmine,108,3,2,662.06127,2,0.3306536,0.982
15,Campania,Maschi e femmine,109,1,1,690.90406,1,0.3026203,0.925
15,Campania,Maschi e femmine,110,0,0,718.33009,0,0.2759843,0.875
15,Campania,Maschi e femmine,111,0,0,744.20090,0,0.2508669,0.830
15,Campania,Maschi e femmine,112,0,0,768.41438,0,0.2273577,0.791
15,Campania,Maschi e femmine,113,0,0,790.89865,0,0.2055191,0.756
15,Campania,Maschi e femmine,114,0,0,811.61266,0,0.1853864,0.726
15,Campania,Maschi e femmine,115,0,0,830.54353,0,0.1669700,0.699
15,Campania,Maschi e femmine,116,0,0,847.70335,0,0.1502587,0.676
15,Campania,Maschi e femmine,117,0,0,863.12253,0,0.1352240,0.656
15,Campania,Maschi e femmine,118,0,0,876.85591,0,0.1218159,0.638
15,Campania,Maschi e femmine,119,0,0,888.96946,0,0.1099734,0.623
15,Campania,Maschi,0,100000,283,2.83209,99734,0.9997264,79.024
15,Campania,Maschi,1,99717,21,0.21219,99706,0.9998036,78.247
15,Campania,Maschi,2,99696,18,0.18057,99687,0.9998408,77.263
15,Campania,Maschi,3,99678,14,0.13780,99671,0.9998831,76.277
15,Campania,Maschi,4,99664,10,0.09608,99659,0.9999231,75.288
15,Campania,Maschi,5,99654,6,0.05776,99651,0.9999497,74.295
15,Campania,Maschi,6,99649,4,0.04281,99646,0.9999542,73.299
15,Campania,Maschi,7,99644,5,0.04870,99642,0.9999421,72.302
15,Campania,Maschi,8,99639,7,0.06712,99636,0.9999223,71.306
15,Campania,Maschi,9,99633,9,0.08826,99628,0.9999060,70.310
15,Campania,Maschi,10,99624,10,0.09981,99619,0.9998980,69.317
15,Campania,Maschi,11,99614,10,0.10421,99609,0.9998941,68.323
15,Campania,Maschi,12,99604,11,0.10765,99598,0.9998881,67.331
15,Campania,Maschi,13,99593,12,0.11612,99587,0.9998742,66.338
15,Campania,Maschi,14,99581,13,0.13540,99575,0.9998477,65.345
15,Campania,Maschi,15,99568,17,0.16928,99559,0.9998122,64.354
15,Campania,Maschi,16,99551,21,0.20635,99541,0.9997718,63.365
15,Campania,Maschi,17,99530,25,0.25012,99518,0.9997294,62.378
15,Campania,Maschi,18,99506,29,0.29103,99491,0.9996986,61.393
15,Campania,Maschi,19,99477,31,0.31175,99461,0.9996809,60.411
15,Campania,Maschi,20,99446,32,0.32641,99429,0.9996526,59.430
15,Campania,Maschi,21,99413,37,0.36839,99395,0.9996010,58.449
15,Campania,Maschi,22,99377,43,0.42960,99355,0.9995454,57.470
15,Campania,Maschi,23,99334,48,0.47970,99310,0.9995192,56.495
15,Campania,Maschi,24,99286,48,0.48199,99262,0.9995287,55.522
15,Campania,Maschi,25,99238,46,0.46062,99215,0.9995427,54.548
15,Campania,Maschi,26,99193,45,0.45390,99170,0.9995338,53.573
15,Campania,Maschi,27,99148,47,0.47847,99124,0.9994934,52.597
15,Campania,Maschi,28,99100,53,0.53477,99074,0.9994412,51.622
15,Campania,Maschi,29,99047,58,0.58281,99018,0.9993977,50.650
15,Campania,Maschi,30,98989,62,0.62188,98959,0.9993723,49.679
15,Campania,Maschi,31,98928,63,0.63355,98897,0.9993640,48.709
15,Campania,Maschi,32,98865,63,0.63842,98834,0.9993537,47.740
15,Campania,Maschi,33,98802,65,0.65417,98770,0.9993139,46.770
15,Campania,Maschi,34,98737,71,0.71805,98702,0.9992560,45.800
15,Campania,Maschi,35,98667,76,0.76993,98629,0.9991636,44.833
15,Campania,Maschi,36,98591,89,0.90289,98546,0.9990544,43.867
15,Campania,Maschi,37,98502,97,0.98835,98453,0.9989854,42.906
15,Campania,Maschi,38,98404,102,1.04096,98353,0.9989264,41.948
15,Campania,Maschi,39,98302,109,1.10624,98247,0.9988210,40.992
15,Campania,Maschi,40,98193,123,1.25192,98132,0.9986741,40.036
15,Campania,Maschi,41,98070,137,1.39993,98001,0.9984808,39.086
15,Campania,Maschi,42,97933,160,1.63859,97853,0.9982856,38.140
15,Campania,Maschi,43,97772,175,1.79037,97685,0.9981401,37.202
15,Campania,Maschi,44,97597,188,1.92965,97503,0.9980296,36.268
15,Campania,Maschi,45,97409,196,2.01132,97311,0.9979233,35.337
15,Campania,Maschi,46,97213,208,2.14212,97109,0.9977457,34.407
15,Campania,Maschi,47,97005,230,2.36677,96890,0.9974661,33.480
15,Campania,Maschi,48,96775,261,2.70147,96644,0.9971792,32.558
15,Campania,Maschi,49,96514,284,2.94053,96372,0.9969381,31.645
15,Campania,Maschi,50,96230,306,3.18365,96077,0.9965865,30.737
15,Campania,Maschi,51,95924,350,3.64413,95749,0.9962490,29.833
15,Campania,Maschi,52,95574,369,3.85825,95390,0.9959465,28.941
15,Campania,Maschi,53,95205,405,4.24956,95003,0.9955913,28.051
15,Campania,Maschi,54,94801,433,4.56848,94584,0.9952607,27.168
15,Campania,Maschi,55,94368,463,4.91097,94136,0.9949984,26.291
15,Campania,Maschi,56,93904,478,5.09272,93665,0.9945665,25.418
15,Campania,Maschi,57,93426,540,5.77607,93156,0.9939336,24.546
15,Campania,Maschi,58,92886,591,6.35849,92591,0.9931430,23.685
15,Campania,Maschi,59,92296,679,7.35868,91956,0.9922033,22.834
15,Campania,Maschi,60,91617,755,8.23790,91239,0.9914505,21.999
15,Campania,Maschi,61,90862,805,8.86378,90459,0.9909366,21.178
15,Campania,Maschi,62,90056,834,9.26486,89639,0.9902840,20.363
15,Campania,Maschi,63,89222,908,10.17133,88768,0.9892052,19.548
15,Campania,Maschi,64,88315,1009,11.42474,87810,0.9877276,18.744
15,Campania,Maschi,65,87306,1146,13.12981,86732,0.9862992,17.955
15,Campania,Maschi,66,86159,1230,14.27938,85544,0.9852655,17.187
15,Campania,Maschi,67,84929,1291,15.19615,84284,0.9842275,16.429
15,Campania,Maschi,68,83638,1368,16.35767,82954,0.9825360,15.675
15,Campania,Maschi,69,82270,1529,18.58881,81506,0.9802627,14.927
15,Campania,Maschi,70,80741,1688,20.90751,79897,0.9778037,14.200
15,Campania,Maschi,71,79053,1859,23.51269,78123,0.9753651,13.493
15,Campania,Maschi,72,77194,1990,25.78409,76199,0.9726871,12.806
15,Campania,Maschi,73,75204,2172,28.88207,74118,0.9699492,12.131
15,Campania,Maschi,74,73032,2283,31.25419,71890,0.9672692,11.477
15,Campania,Maschi,75,70749,2424,34.25507,69537,0.9631526,10.832
15,Campania,Maschi,76,68326,2701,39.53159,66975,0.9579514,10.198
15,Campania,Maschi,77,65625,2931,44.66914,64159,0.9536661,9.597
15,Campania,Maschi,78,62693,3014,48.07646,61186,0.9492907,9.023
15,Campania,Maschi,79,59679,3191,53.47502,58083,0.9434962,8.453
15,Campania,Maschi,80,56488,3373,59.70371,54802,0.9377183,7.902
15,Campania,Maschi,81,53115,3454,65.02348,51388,0.9299142,7.372
15,Campania,Maschi,82,49662,3749,75.50009,47787,0.9211065,6.850
15,Campania,Maschi,83,45912,3791,82.56412,44017,0.9129933,6.369
15,Campania,Maschi,84,42121,3869,91.84905,40187,0.9036174,5.897
15,Campania,Maschi,85,38253,3878,101.37464,36314,0.8915120,5.443
15,Campania,Maschi,86,34375,4001,116.40383,32374,0.8757790,5.000
15,Campania,Maschi,87,30373,4042,133.06802,28353,0.8579561,4.593
15,Campania,Maschi,88,26332,4013,152.39755,24325,0.8388539,4.222
15,Campania,Maschi,89,22319,3827,171.46771,20405,0.8202894,3.891
15,Campania,Maschi,90,18492,3507,189.65943,16738,0.8042775,3.592
15,Campania,Maschi,91,14985,3045,203.20465,13462,0.7838409,3.316
15,Campania,Maschi,92,11940,2775,232.41720,10552,0.7576912,3.034
15,Campania,Maschi,93,9165,2339,255.19539,7995,0.7358743,2.802
15,Campania,Maschi,94,6826,1885,276.11592,5884,0.7145180,2.590
15,Campania,Maschi,95,4941,1475,298.42073,4204,0.6860222,2.388
15,Campania,Maschi,96,3467,1165,336.15218,2884,0.6550715,2.191
15,Campania,Maschi,97,2301,824,358.14894,1889,0.6338583,2.047
15,Campania,Maschi,98,1477,559,378.59448,1197,0.6128334,1.910
15,Campania,Maschi,99,918,368,400.96128,734,0.5869848,1.769
15,Campania,Maschi,100,550,238,433.13742,431,0.5512025,1.618
15,Campania,Maschi,101,312,148,476.42332,237,0.5116845,1.473
15,Campania,Maschi,102,163,83,511.02888,121,0.4775330,1.358
15,Campania,Maschi,103,80,44,545.85917,58,0.4432939,1.255
15,Campania,Maschi,104,36,21,580.59047,26,0.4092754,1.163
15,Campania,Maschi,105,15,9,614.88747,11,0.3757882,1.080
15,Campania,Maschi,106,6,4,648.42393,4,0.3431320,1.007
15,Campania,Maschi,107,2,1,680.88581,1,0.3115894,0.942
15,Campania,Maschi,108,1,0,711.99098,0,0.2814134,0.884
15,Campania,Maschi,109,0,0,741.48726,0,0.2528270,0.833
15,Campania,Maschi,110,0,0,769.16696,0,0.2260132,0.788
15,Campania,Maschi,111,0,0,794.86673,0,0.2011151,0.749
15,Campania,Maschi,112,0,0,818.47281,0,0.1782330,0.715
15,Campania,Maschi,113,0,0,839.91423,0,0.1574291,0.686
15,Campania,Maschi,114,0,0,859.16591,0,0.1387263,0.660
15,Campania,Maschi,115,0,0,876.23987,0,0.1221143,0.639
15,Campania,Maschi,116,0,0,891.18415,0,0.1075510,0.620
15,Campania,Maschi,117,0,0,904.07231,0,0.0949710,0.605
15,Campania,Maschi,118,0,0,915.00161,0,0.0842869,0.592
15,Campania,Maschi,119,0,0,924.08402,0,0.0753968,0.581
15,Campania,Femmine,0,100000,272,2.71705,99744,0.9997682,83.113
15,Campania,Femmine,1,99728,14,0.14216,99721,0.9998748,82.338
15,Campania,Femmine,2,99714,11,0.10831,99709,0.9999049,81.350
15,Campania,Femmine,3,99703,8,0.08195,99699,0.9999270,80.359
15,Campania,Femmine,4,99695,6,0.06402,99692,0.9999404,79.365
15,Campania,Femmine,5,99689,6,0.05518,99686,0.9999427,78.370
15,Campania,Femmine,6,99683,6,0.05937,99680,0.9999370,77.375
15,Campania,Femmine,7,99677,7,0.06668,99674,0.9999312,76.379
15,Campania,Femmine,8,99671,7,0.07091,99667,0.9999322,75.384
15,Campania,Femmine,9,99664,6,0.06473,99660,0.9999424,74.390
15,Campania,Femmine,10,99657,5,0.05037,99655,0.9999572,73.394
15,Campania,Femmine,11,99652,4,0.03525,99650,0.9999661,72.398
15,Campania,Femmine,12,99649,3,0.03261,99647,0.9999634,71.401
15,Campania,Femmine,13,99645,4,0.04062,99643,0.9999485,70.403
15,Campania,Femmine,14,99641,6,0.06244,99638,0.9999244,69.406
15,Campania,Femmine,15,99635,9,0.08881,99631,0.9998992,68.410
15,Campania,Femmine,16,99626,11,0.11271,99621,0.9998830,67.416
15,Campania,Femmine,17,99615,12,0.12138,99609,0.9998818,66.424
15,Campania,Femmine,18,99603,11,0.11498,99597,0.9998905,65.432
15,Campania,Femmine,19,99592,10,0.10407,99586,0.9998913,64.439
15,Campania,Femmine,20,99581,11,0.11340,99575,0.9998793,63.446
15,Campania,Femmine,21,99570,13,0.12798,99563,0.9998662,62.453
15,Campania,Femmine,22,99557,14,0.13955,99550,0.9998598,61.461
15,Campania,Femmine,23,99543,14,0.14095,99536,0.9998555,60.469
15,Campania,Femmine,24,99529,15,0.14806,99522,0.9998454,59.478
15,Campania,Femmine,25,99514,16,0.16108,99506,0.9998229,58.487
15,Campania,Femmine,26,99498,19,0.19306,99489,0.9997960,57.496
15,Campania,Femmine,27,99479,21,0.21488,99469,0.9997815,56.507
15,Campania,Femmine,28,99458,22,0.22216,99447,0.9997802,55.519
15,Campania,Femmine,29,99436,22,0.21754,99425,0.9997789,54.531
15,Campania,Femmine,30,99414,22,0.22474,99403,0.9997636,53.543
15,Campania,Femmine,31,99392,25,0.24811,99379,0.9997196,52.555
15,Campania,Femmine,32,99367,31,0.31267,99352,0.9996579,51.568
15,Campania,Femmine,33,99336,37,0.37162,99318,0.9996086,50.584
15,Campania,Femmine,34,99299,41,0.41125,99279,0.9995765,49.602
15,Campania,Femmine,35,99258,43,0.43582,99237,0.9995628,48.623
15,Campania,Femmine,36,99215,44,0.43851,99193,0.9995644,47.644
15,Campania,Femmine,37,99172,43,0.43265,99150,0.9995478,46.664
15,Campania,Femmine,38,99129,47,0.47183,99105,0.9994835,45.684
15,Campania,Femmine,39,99082,56,0.56110,99054,0.9993991,44.706
15,Campania,Femmine,40,99026,63,0.64064,98995,0.9993186,43.730
15,Campania,Femmine,41,98963,71,0.72211,98927,0.9992417,42.758
15,Campania,Femmine,42,98891,79,0.79453,98852,0.9991441,41.789
15,Campania,Femmine,43,98813,91,0.91733,98767,0.9990331,40.821
15,Campania,Femmine,44,98722,100,1.01649,98672,0.9989000,39.858
15,Campania,Femmine,45,98622,117,1.18359,98563,0.9987608,38.899
15,Campania,Femmine,46,98505,128,1.29482,98441,0.9986534,37.944
15,Campania,Femmine,47,98378,138,1.39854,98309,0.9985733,36.993
15,Campania,Femmine,48,98240,143,1.45483,98168,0.9984645,36.044
15,Campania,Femmine,49,98097,159,1.61635,98018,0.9983041,35.095
15,Campania,Femmine,50,97938,174,1.77551,97851,0.9981213,34.151
15,Campania,Femmine,51,97765,194,1.98214,97668,0.9979057,33.211
15,Campania,Femmine,52,97571,215,2.20665,97463,0.9977049,32.276
15,Campania,Femmine,53,97355,232,2.38379,97239,0.9975049,31.347
15,Campania,Femmine,54,97123,253,2.60661,96997,0.9972853,30.420
15,Campania,Femmine,55,96870,273,2.82302,96733,0.9970606,29.498
15,Campania,Femmine,56,96597,295,3.05602,96449,0.9967322,28.581
15,Campania,Femmine,57,96302,335,3.48032,96134,0.9962722,27.667
15,Campania,Femmine,58,95966,382,3.97606,95776,0.9958767,26.762
15,Campania,Femmine,59,95585,408,4.27122,95381,0.9955022,25.866
15,Campania,Femmine,60,95177,450,4.72534,94952,0.9950161,24.975
15,Campania,Femmine,61,94727,497,5.24369,94478,0.9945469,24.091
15,Campania,Femmine,62,94230,534,5.66357,93963,0.9940361,23.216
15,Campania,Femmine,63,93696,587,6.26597,93403,0.9934623,22.345
15,Campania,Femmine,64,93109,634,6.81116,92792,0.9928481,21.483
15,Campania,Femmine,65,92475,693,7.49494,92129,0.9921728,20.627
15,Campania,Femmine,66,91782,749,8.16205,91407,0.9913769,19.779
15,Campania,Femmine,67,91033,827,9.08790,90619,0.9905251,18.937
15,Campania,Femmine,68,90206,890,9.86549,89761,0.9894400,18.106
15,Campania,Femmine,69,89316,1006,11.26147,88813,0.9880694,17.282
15,Campania,Femmine,70,88310,1113,12.60738,87753,0.9867374,16.473
15,Campania,Femmine,71,87197,1214,13.92610,86589,0.9853954,15.677
15,Campania,Femmine,72,85982,1315,15.29271,85325,0.9839456,14.891
15,Campania,Femmine,73,84667,1425,16.82801,83955,0.9825327,14.115
15,Campania,Femmine,74,83243,1508,18.11762,82488,0.9807239,13.348
15,Campania,Femmine,75,81734,1672,20.45589,80898,0.9780744,12.585
15,Campania,Femmine,76,80062,1876,23.42601,79125,0.9749797,11.837
15,Campania,Femmine,77,78187,2084,26.65279,77145,0.9714669,11.109
15,Campania,Femmine,78,76103,2318,30.46481,74944,0.9666472,10.400
15,Campania,Femmine,79,73785,2681,36.33149,72444,0.9605248,9.711
15,Campania,Femmine,80,71104,3039,42.73734,69584,0.9540169,9.058
15,Campania,Femmine,81,68065,3361,49.37373,66385,0.9474484,8.440
15,Campania,Femmine,82,64704,3617,55.89451,62896,0.9411449,7.853
15,Campania,Femmine,83,61088,3787,61.99093,59194,0.9338224,7.288
15,Campania,Femmine,84,57301,4048,70.64104,55277,0.9243625,6.737
15,Campania,Femmine,85,53253,4314,81.01377,51096,0.9123821,6.211
15,Campania,Femmine,86,48939,4640,94.80428,46619,0.8981784,5.714
15,Campania,Femmine,87,44299,4854,109.57393,41872,0.8828960,5.260
15,Campania,Femmine,88,39445,4953,125.56068,36969,0.8669809,4.846
15,Campania,Femmine,89,34492,4882,141.54849,32051,0.8514731,4.470
15,Campania,Femmine,90,29610,4639,156.65604,27291,0.8355502,4.124
15,Campania,Femmine,91,24971,4337,173.69137,22803,0.8173007,3.798
15,Campania,Femmine,92,20634,3995,193.60079,18637,0.7968383,3.491
15,Campania,Femmine,93,16639,3578,215.01798,14850,0.7718346,3.209
15,Campania,Femmine,94,13062,3199,244.91402,11462,0.7465375,2.951
15,Campania,Femmine,95,9863,2611,264.78366,8557,0.7261239,2.746
15,Campania,Femmine,96,7251,2076,286.24318,6213,0.7060275,2.555
15,Campania,Femmine,97,5176,1578,304.80146,4387,0.6871152,2.379
15,Campania,Femmine,98,3598,1168,324.51215,3014,0.6652543,2.202
15,Campania,Femmine,99,2430,850,349.89550,2005,0.6369884,2.020
15,Campania,Femmine,100,1580,605,383.18694,1277,0.6003233,1.838
15,Campania,Femmine,101,975,416,426.41045,767,0.5616326,1.670
15,Campania,Femmine,102,559,257,459.21327,431,0.5291120,1.539
15,Campania,Femmine,103,302,149,492.47652,228,0.4962685,1.422
15,Campania,Femmine,104,153,81,525.90770,113,0.4633837,1.316
15,Campania,Femmine,105,73,41,559.20397,52,0.4307428,1.222
15,Campania,Femmine,106,32,19,592.06429,23,0.3986265,1.137
15,Campania,Femmine,107,13,8,624.19371,9,0.3673039,1.062
15,Campania,Femmine,108,5,3,655.32043,3,0.3370201,0.995
15,Campania,Femmine,109,2,1,685.20176,1,0.3079928,0.935
15,Campania,Femmine,110,1,0,713.62568,0,0.2804089,0.883
15,Campania,Femmine,111,0,0,740.42184,0,0.2544176,0.836
15,Campania,Femmine,112,0,0,765.46288,0,0.2301301,0.795
15,Campania,Femmine,113,0,0,788.66036,0,0.2076225,0.760
15,Campania,Femmine,114,0,0,809.96612,0,0.1869354,0.728
15,Campania,Femmine,115,0,0,829.36933,0,0.1680766,0.701
15,Campania,Femmine,116,0,0,846.89162,0,0.1510255,0.677
15,Campania,Femmine,117,0,0,862.57811,0,0.1357397,0.656
15,Campania,Femmine,118,0,0,876.50109,0,0.1221531,0.639
15,Campania,Femmine,119,0,0,888.74408,0,0.1101883,0.624
16,Puglia,Maschi e femmine,0,100000,269,2.68894,99747,0.9997650,82.579
16,Puglia,Maschi e femmine,1,99731,15,0.15183,99724,0.9998691,81.801
16,Puglia,Maschi e femmine,2,99716,11,0.10994,99710,0.9999051,80.813
16,Puglia,Maschi e femmine,3,99705,8,0.07989,99701,0.9999297,79.822
16,Puglia,Maschi e femmine,4,99697,6,0.06079,99694,0.9999424,78.828
16,Puglia,Maschi e femmine,5,99691,5,0.05444,99688,0.9999445,77.833
16,Puglia,Maschi e femmine,6,99686,6,0.05663,99683,0.9999437,76.837
16,Puglia,Maschi e femmine,7,99680,6,0.05605,99677,0.9999444,75.842
16,Puglia,Maschi e femmine,8,99674,6,0.05525,99672,0.9999460,74.846
16,Puglia,Maschi e femmine,9,99669,5,0.05269,99666,0.9999447,73.850
16,Puglia,Maschi e femmine,10,99664,6,0.05785,99661,0.9999380,72.854
16,Puglia,Maschi e femmine,11,99658,7,0.06624,99654,0.9999245,71.858
16,Puglia,Maschi e femmine,12,99651,8,0.08484,99647,0.9999024,70.863
16,Puglia,Maschi e femmine,13,99643,11,0.11042,99637,0.9998739,69.869
16,Puglia,Maschi e femmine,14,99632,14,0.14170,99625,0.9998388,68.876
16,Puglia,Maschi e femmine,15,99618,18,0.18065,99609,0.9998049,67.886
16,Puglia,Maschi e femmine,16,99600,21,0.20958,99589,0.9997796,66.898
16,Puglia,Maschi e femmine,17,99579,23,0.23115,99567,0.9997618,65.912
16,Puglia,Maschi e femmine,18,99556,24,0.24533,99544,0.9997429,64.927
16,Puglia,Maschi e femmine,19,99531,27,0.26880,99518,0.9997220,63.943
16,Puglia,Maschi e femmine,20,99505,29,0.28726,99490,0.9997044,62.960
16,Puglia,Maschi e femmine,21,99476,30,0.30405,99461,0.9996971,61.978
16,Puglia,Maschi e femmine,22,99446,30,0.30166,99431,0.9996980,60.997
16,Puglia,Maschi e femmine,23,99416,30,0.30239,99401,0.9996955,60.015
16,Puglia,Maschi e femmine,24,99386,30,0.30657,99370,0.9996819,59.033
16,Puglia,Maschi e femmine,25,99355,33,0.32960,99339,0.9996471,58.051
16,Puglia,Maschi e femmine,26,99322,37,0.37630,99304,0.9996036,57.070
16,Puglia,Maschi e femmine,27,99285,41,0.41658,99264,0.9995795,56.091
16,Puglia,Maschi e femmine,28,99244,42,0.42445,99223,0.9995793,55.114
16,Puglia,Maschi e femmine,29,99202,41,0.41693,99181,0.9995890,54.138
16,Puglia,Maschi e femmine,30,99160,40,0.40498,99140,0.9995900,53.160
16,Puglia,Maschi e femmine,31,99120,41,0.41511,99099,0.9995480,52.181
16,Puglia,Maschi e femmine,32,99079,48,0.48896,99055,0.9994719,51.203
16,Puglia,Maschi e femmine,33,99030,56,0.56726,99002,0.9994186,50.228
16,Puglia,Maschi e femmine,34,98974,59,0.59559,98945,0.9994016,49.256
16,Puglia,Maschi e femmine,35,98915,59,0.60127,98886,0.9993992,48.285
16,Puglia,Maschi e femmine,36,98856,59,0.60034,98826,0.9993960,47.314
16,Puglia,Maschi e femmine,37,98797,60,0.60762,98767,0.9993482,46.342
16,Puglia,Maschi e femmine,38,98737,69,0.69604,98702,0.9992671,45.370
16,Puglia,Maschi e femmine,39,98668,76,0.76987,98630,0.9991993,44.401
16,Puglia,Maschi e femmine,40,98592,82,0.83165,98551,0.9991307,43.435
16,Puglia,Maschi e femmine,41,98510,89,0.90695,98465,0.9990461,42.470
16,Puglia,Maschi e femmine,42,98420,99,1.00087,98371,0.9989585,41.508
16,Puglia,Maschi e femmine,43,98322,106,1.08224,98269,0.9988474,40.550
16,Puglia,Maschi e femmine,44,98216,120,1.22309,98156,0.9987232,39.593
16,Puglia,Maschi e femmine,45,98095,131,1.33057,98030,0.9986128,38.641
16,Puglia,Maschi e femmine,46,97965,141,1.44382,97894,0.9984906,37.692
16,Puglia,Maschi e femmine,47,97823,154,1.57506,97746,0.9983594,36.745
16,Puglia,Maschi e femmine,48,97669,167,1.70616,97586,0.9982074,35.803
16,Puglia,Maschi e femmine,49,97503,183,1.87926,97411,0.9979858,34.863
16,Puglia,Maschi e femmine,50,97320,209,2.14943,97215,0.9977215,33.928
16,Puglia,Maschi e femmine,51,97110,234,2.40793,96993,0.9974902,33.000
16,Puglia,Maschi e femmine,52,96877,253,2.61188,96750,0.9972534,32.078
16,Puglia,Maschi e femmine,53,96623,278,2.88161,96484,0.9970121,31.161
16,Puglia,Maschi e femmine,54,96345,298,3.09452,96196,0.9968141,30.249
16,Puglia,Maschi e femmine,55,96047,315,3.27759,95890,0.9965618,29.342
16,Puglia,Maschi e femmine,56,95732,345,3.59933,95560,0.9962346,28.437
16,Puglia,Maschi e femmine,57,95388,375,3.93204,95200,0.9958500,27.538
16,Puglia,Maschi e femmine,58,95012,415,4.36883,94805,0.9954597,26.644
16,Puglia,Maschi e femmine,59,94597,446,4.71255,94374,0.9950585,25.759
16,Puglia,Maschi e femmine,60,94152,487,5.17155,93908,0.9946784,24.879
16,Puglia,Maschi e femmine,61,93665,513,5.47234,93408,0.9942937,24.005
16,Puglia,Maschi e femmine,62,93152,553,5.94147,92875,0.9938517,23.135
16,Puglia,Maschi e femmine,63,92599,589,6.35638,92304,0.9933012,22.270
16,Puglia,Maschi e femmine,64,92010,648,7.04343,91686,0.9926933,21.409
16,Puglia,Maschi e femmine,65,91362,692,7.57175,91016,0.9920876,20.557
16,Puglia,Maschi e femmine,66,90670,749,8.25562,90296,0.9912896,19.711
16,Puglia,Maschi e femmine,67,89922,824,9.16906,89509,0.9902705,18.870
16,Puglia,Maschi e femmine,68,89097,917,10.29507,88639,0.9889891,18.040
16,Puglia,Maschi e femmine,69,88180,1035,11.73412,87663,0.9875557,17.223
16,Puglia,Maschi e femmine,70,87145,1147,13.16283,86572,0.9860500,16.421
16,Puglia,Maschi e femmine,71,85998,1268,14.74769,85364,0.9845908,15.634
16,Puglia,Maschi e femmine,72,84730,1363,16.08056,84049,0.9829756,14.860
16,Puglia,Maschi e femmine,73,83367,1499,17.98356,82618,0.9810641,14.095
16,Puglia,Maschi e femmine,74,81868,1630,19.90565,81053,0.9789163,13.344
16,Puglia,Maschi e femmine,75,80238,1788,22.28576,79344,0.9763784,12.605
16,Puglia,Maschi e femmine,76,78450,1960,24.98794,77470,0.9727451,11.881
16,Puglia,Maschi e femmine,77,76490,2263,29.57987,75359,0.9686490,11.172
16,Puglia,Maschi e femmine,78,74227,2463,33.17609,72996,0.9645169,10.498
16,Puglia,Maschi e femmine,79,71765,2718,37.86934,70406,0.9599109,9.841
16,Puglia,Maschi e femmine,80,69047,2927,42.39617,67583,0.9555121,9.208
16,Puglia,Maschi e femmine,81,66120,3086,46.67230,64577,0.9502955,8.594
16,Puglia,Maschi e femmine,82,63034,3334,52.88516,61367,0.9437683,7.990
16,Puglia,Maschi e femmine,83,59700,3568,59.76515,57916,0.9362827,7.409
16,Puglia,Maschi e femmine,84,56132,3813,67.92060,54226,0.9272338,6.848
16,Puglia,Maschi e femmine,85,52320,4079,77.96485,50280,0.9156087,6.310
16,Puglia,Maschi e femmine,86,48241,4407,91.36108,46037,0.9021203,5.802
16,Puglia,Maschi e femmine,87,43833,4605,105.05365,41531,0.8880573,5.335
16,Puglia,Maschi e femmine,88,39228,4693,119.64042,36882,0.8714030,4.902
16,Puglia,Maschi e femmine,89,34535,4792,138.77074,32139,0.8540445,4.500
16,Puglia,Maschi e femmine,90,29743,4589,154.29791,27448,0.8384712,4.145
16,Puglia,Maschi e femmine,91,25153,4278,170.07906,23014,0.8186438,3.810
16,Puglia,Maschi e femmine,92,20875,4070,194.94442,18841,0.7961664,3.488
16,Puglia,Maschi e femmine,93,16806,3611,214.87528,15000,0.7742628,3.212
16,Puglia,Maschi e femmine,94,13195,3161,239.57187,11614,0.7495890,2.954
16,Puglia,Maschi e femmine,95,10034,2656,264.66499,8706,0.7255293,2.727
16,Puglia,Maschi e femmine,96,7378,2123,287.80571,6316,0.7032376,2.529
16,Puglia,Maschi e femmine,97,5255,1625,309.33857,4442,0.6817576,2.349
16,Puglia,Maschi e femmine,98,3629,1202,331.13420,3028,0.6590086,2.177
16,Puglia,Maschi e femmine,99,2427,864,355.72854,1996,0.6322858,2.007
16,Puglia,Maschi e femmine,100,1564,604,386.31753,1262,0.5992086,1.839
16,Puglia,Maschi e femmine,101,960,407,424.37675,756,0.5639230,1.682
16,Puglia,Maschi e femmine,102,552,252,456.40316,426,0.5321808,1.553
16,Puglia,Maschi e femmine,103,300,147,488.82002,227,0.5001757,1.437
16,Puglia,Maschi e femmine,104,154,80,521.35154,113,0.4681719,1.332
16,Puglia,Maschi e femmine,105,73,41,553.71592,53,0.4364336,1.238
16,Puglia,Maschi e femmine,106,33,19,585.63857,23,0.4052159,1.155
16,Puglia,Maschi e femmine,107,14,8,616.85531,9,0.3747589,1.080
16,Puglia,Maschi e femmine,108,5,3,647.12798,4,0.3452767,1.013
16,Puglia,Maschi e femmine,109,2,1,676.24755,1,0.3169564,0.953
16,Puglia,Maschi e femmine,110,1,0,704.03507,0,0.2899556,0.901
16,Puglia,Maschi e femmine,111,0,0,730.34866,0,0.2643982,0.854
16,Puglia,Maschi e femmine,112,0,0,755.08308,0,0.2403762,0.812
16,Puglia,Maschi e femmine,113,0,0,778.16383,0,0.2179538,0.776
16,Puglia,Maschi e femmine,114,0,0,799.54755,0,0.1971677,0.744
16,Puglia,Maschi e femmine,115,0,0,819.21903,0,0.1780299,0.715
16,Puglia,Maschi e femmine,116,0,0,837.18762,0,0.1605312,0.690
16,Puglia,Maschi e femmine,117,0,0,853.48019,0,0.1446455,0.668
16,Puglia,Maschi e femmine,118,0,0,868.14700,0,0.1303268,0.649
16,Puglia,Maschi e femmine,119,0,0,881.24847,0,0.1175187,0.633
16,Puglia,Maschi,0,100000,248,2.48040,99767,0.9997433,80.618
16,Puglia,Maschi,1,99752,22,0.22004,99741,0.9998173,79.817
16,Puglia,Maschi,2,99730,14,0.14526,99723,0.9998796,78.835
16,Puglia,Maschi,3,99716,10,0.09547,99711,0.9999185,77.846
16,Puglia,Maschi,4,99706,7,0.06755,99703,0.9999334,76.854
16,Puglia,Maschi,5,99699,7,0.06572,99696,0.9999283,75.859
16,Puglia,Maschi,6,99693,8,0.07778,99689,0.9999211,74.864
16,Puglia,Maschi,7,99685,8,0.07998,99681,0.9999199,73.870
16,Puglia,Maschi,8,99677,8,0.08031,99673,0.9999230,72.875
16,Puglia,Maschi,9,99669,7,0.07370,99665,0.9999257,71.881
16,Puglia,Maschi,10,99662,7,0.07496,99658,0.9999243,70.886
16,Puglia,Maschi,11,99654,8,0.07643,99650,0.9999156,69.892
16,Puglia,Maschi,12,99647,9,0.09233,99642,0.9998944,68.897
16,Puglia,Maschi,13,99637,12,0.11880,99631,0.9998617,67.903
16,Puglia,Maschi,14,99626,16,0.15788,99618,0.9998145,66.911
16,Puglia,Maschi,15,99610,21,0.21309,99599,0.9997643,65.922
16,Puglia,Maschi,16,99589,26,0.25823,99576,0.9997220,64.936
16,Puglia,Maschi,17,99563,30,0.29770,99548,0.9996870,63.952
16,Puglia,Maschi,18,99533,33,0.32827,99517,0.9996443,62.971
16,Puglia,Maschi,19,99501,38,0.38323,99481,0.9995970,61.992
16,Puglia,Maschi,20,99462,42,0.42278,99441,0.9995681,61.015
16,Puglia,Maschi,21,99420,44,0.44106,99398,0.9995714,60.041
16,Puglia,Maschi,22,99376,41,0.41623,99356,0.9995947,59.067
16,Puglia,Maschi,23,99335,39,0.39436,99316,0.9996131,58.092
16,Puglia,Maschi,24,99296,38,0.37933,99277,0.9995965,57.114
16,Puglia,Maschi,25,99258,42,0.42776,99237,0.9995217,56.136
16,Puglia,Maschi,26,99216,52,0.52885,99190,0.9994310,55.160
16,Puglia,Maschi,27,99163,60,0.60911,99133,0.9993869,54.189
16,Puglia,Maschi,28,99103,61,0.61710,99072,0.9994040,53.221
16,Puglia,Maschi,29,99042,57,0.57481,99013,0.9994607,52.254
16,Puglia,Maschi,30,98985,50,0.50379,98960,0.9995083,51.284
16,Puglia,Maschi,31,98935,47,0.47958,98911,0.9994609,50.309
16,Puglia,Maschi,32,98888,59,0.59860,98858,0.9993339,49.333
16,Puglia,Maschi,33,98828,73,0.73372,98792,0.9992329,48.362
16,Puglia,Maschi,34,98756,79,0.80056,98716,0.9991933,47.398
16,Puglia,Maschi,35,98677,80,0.81279,98637,0.9992039,46.435
16,Puglia,Maschi,36,98597,77,0.77929,98558,0.9992313,45.472
16,Puglia,Maschi,37,98520,75,0.75810,98482,0.9991755,44.508
16,Puglia,Maschi,38,98445,88,0.89090,98401,0.9990681,43.541
16,Puglia,Maschi,39,98357,96,0.97300,98310,0.9989948,42.579
16,Puglia,Maschi,40,98262,102,1.03733,98211,0.9989139,41.620
16,Puglia,Maschi,41,98160,111,1.13484,98104,0.9988029,40.663
16,Puglia,Maschi,42,98048,123,1.25944,97987,0.9986871,39.709
16,Puglia,Maschi,43,97925,134,1.36637,97858,0.9985534,38.758
16,Puglia,Maschi,44,97791,149,1.52691,97716,0.9984275,37.810
16,Puglia,Maschi,45,97642,158,1.61824,97563,0.9983173,36.867
16,Puglia,Maschi,46,97484,170,1.74732,97399,0.9981492,35.926
16,Puglia,Maschi,47,97313,190,1.95446,97218,0.9979575,34.988
16,Puglia,Maschi,48,97123,207,2.13067,97020,0.9977597,34.056
16,Puglia,Maschi,49,96916,228,2.35015,96802,0.9975296,33.128
16,Puglia,Maschi,50,96688,251,2.59096,96563,0.9972586,32.205
16,Puglia,Maschi,51,96438,279,2.89227,96299,0.9969727,31.287
16,Puglia,Maschi,52,96159,304,3.16265,96007,0.9966209,30.376
16,Puglia,Maschi,53,95855,345,3.59625,95683,0.9962669,29.471
16,Puglia,Maschi,54,95510,370,3.87037,95325,0.9959775,28.576
16,Puglia,Maschi,55,95141,397,4.17520,94942,0.9956241,27.685
16,Puglia,Maschi,56,94743,434,4.57737,94526,0.9951906,26.799
16,Puglia,Maschi,57,94310,476,5.04240,94072,0.9947290,25.920
16,Puglia,Maschi,58,93834,516,5.50071,93576,0.9942792,25.048
16,Puglia,Maschi,59,93318,555,5.94207,93041,0.9937672,24.184
16,Puglia,Maschi,60,92763,605,6.52531,92461,0.9933133,23.326
16,Puglia,Maschi,61,92158,631,6.84912,91843,0.9927253,22.476
16,Puglia,Maschi,62,91527,705,7.70329,91174,0.9919543,21.627
16,Puglia,Maschi,63,90822,762,8.39073,90441,0.9911065,20.791
16,Puglia,Maschi,64,90060,847,9.40062,89636,0.9902216,19.963
16,Puglia,Maschi,65,89213,906,10.15976,88760,0.9895237,19.148
16,Puglia,Maschi,66,88307,953,10.79607,87830,0.9887472,18.339
16,Puglia,Maschi,67,87353,1023,11.71457,86842,0.9876385,17.534
16,Puglia,Maschi,68,86330,1124,13.01601,85768,0.9860572,16.736
16,Puglia,Maschi,69,85206,1268,14.88190,84572,0.9840500,15.950
16,Puglia,Maschi,70,83938,1430,17.03418,83224,0.9818841,15.183
16,Puglia,Maschi,71,82509,1586,19.21636,81716,0.9800169,14.438
16,Puglia,Maschi,72,80923,1680,20.76485,80083,0.9781588,13.711
16,Puglia,Maschi,73,79243,1818,22.94047,78334,0.9760806,12.991
16,Puglia,Maschi,74,77425,1930,24.92129,76460,0.9736494,12.284
16,Puglia,Maschi,75,75495,2100,27.81644,74445,0.9705645,11.585
16,Puglia,Maschi,76,73395,2283,31.10096,72254,0.9657327,10.902
16,Puglia,Maschi,77,71113,2669,37.53524,69778,0.9603290,10.236
16,Puglia,Maschi,78,68443,2867,41.89015,67010,0.9557269,9.616
16,Puglia,Maschi,79,65576,3066,46.76025,64043,0.9507877,9.015
16,Puglia,Maschi,80,62510,3237,51.78457,60891,0.9464790,8.432
16,Puglia,Maschi,81,59273,3281,55.35235,57632,0.9413553,7.865
16,Puglia,Maschi,82,55992,3479,62.12993,54253,0.9332836,7.297
16,Puglia,Maschi,83,52513,3760,71.60673,50633,0.9237598,6.747
16,Puglia,Maschi,84,48753,3960,81.23096,46773,0.9134576,6.229
16,Puglia,Maschi,85,44793,4135,92.32352,42725,0.9000111,5.736
16,Puglia,Maschi,86,40657,4409,108.43397,38453,0.8851949,5.268
16,Puglia,Maschi,87,36249,4421,121.95113,34038,0.8705401,4.848
16,Puglia,Maschi,88,31828,4393,138.01158,29632,0.8527039,4.452
16,Puglia,Maschi,89,27435,4337,158.06721,25267,0.8335441,4.085
16,Puglia,Maschi,90,23099,4075,176.41949,21061,0.8170322,3.758
16,Puglia,Maschi,91,19024,3632,190.91880,17208,0.7977727,3.456
16,Puglia,Maschi,92,15392,3328,216.20421,13728,0.7734365,3.153
16,Puglia,Maschi,93,12064,2893,239.78027,10618,0.7451960,2.885
16,Puglia,Maschi,94,9171,2518,274.56645,7912,0.7154061,2.637
16,Puglia,Maschi,95,6653,1985,298.41649,5660,0.6940565,2.446
16,Puglia,Maschi,96,4668,1478,316.67221,3929,0.6719655,2.273
16,Puglia,Maschi,97,3190,1099,344.66236,2640,0.6439154,2.095
16,Puglia,Maschi,98,2090,781,373.51409,1700,0.6158491,1.934
16,Puglia,Maschi,99,1310,525,401.12944,1047,0.5875824,1.790
16,Puglia,Maschi,100,784,338,431.26661,615,0.5578311,1.653
16,Puglia,Maschi,101,446,206,461.33830,343,0.5266613,1.528
16,Puglia,Maschi,102,240,119,495.61680,181,0.4927819,1.408
16,Puglia,Maschi,103,121,64,530.21898,89,0.4587181,1.300
16,Puglia,Maschi,104,57,32,564.83115,41,0.4247699,1.204
16,Puglia,Maschi,105,25,15,599.12640,17,0.3912420,1.118
16,Puglia,Maschi,106,10,6,632.78463,7,0.3584296,1.041
16,Puglia,Maschi,107,4,2,665.49570,2,0.3266128,0.972
16,Puglia,Maschi,108,1,1,696.97875,1,0.2960442,0.911
16,Puglia,Maschi,109,0,0,726.98060,0,0.2669480,0.858
16,Puglia,Maschi,110,0,0,755.29016,0,0.2395101,0.811
16,Puglia,Maschi,111,0,0,781.73868,0,0.2138779,0.769
16,Puglia,Maschi,112,0,0,806.20523,0,0.1901576,0.733
16,Puglia,Maschi,113,0,0,828.61039,0,0.1684181,0.701
16,Puglia,Maschi,114,0,0,848.91958,0,0.1486897,0.674
16,Puglia,Maschi,115,0,0,867.13478,0,0.1309701,0.650
16,Puglia,Maschi,116,0,0,883.29369,0,0.1152258,0.630
16,Puglia,Maschi,117,0,0,897.45962,0,0.1014001,0.613
16,Puglia,Maschi,118,0,0,909.71988,0,0.0894142,0.598
16,Puglia,Maschi,119,0,0,920.17699,0,0.0791748,0.586
16,Puglia,Femmine,0,100000,291,2.90903,99726,0.9997880,84.637
16,Puglia,Femmine,1,99709,8,0.07985,99705,0.9999237,83.882
16,Puglia,Femmine,2,99701,7,0.07266,99698,0.9999319,82.889
16,Puglia,Femmine,3,99694,6,0.06344,99691,0.9999415,81.895
16,Puglia,Femmine,4,99688,5,0.05366,99685,0.9999519,80.900
16,Puglia,Femmine,5,99682,4,0.04253,99680,0.9999616,79.904
16,Puglia,Femmine,6,99678,3,0.03431,99676,0.9999674,78.908
16,Puglia,Femmine,7,99675,3,0.03080,99673,0.9999702,77.910
16,Puglia,Femmine,8,99671,3,0.02880,99670,0.9999703,76.913
16,Puglia,Femmine,9,99669,3,0.03053,99667,0.9999648,75.915
16,Puglia,Femmine,10,99666,4,0.03981,99664,0.9999524,74.917
16,Puglia,Femmine,11,99662,6,0.05548,99659,0.9999338,73.920
16,Puglia,Femmine,12,99656,8,0.07694,99652,0.9999107,72.924
16,Puglia,Femmine,13,99648,10,0.10157,99643,0.9998869,71.930
16,Puglia,Femmine,14,99638,12,0.12463,99632,0.9998645,70.937
16,Puglia,Femmine,15,99626,15,0.14644,99619,0.9998476,69.946
16,Puglia,Femmine,16,99611,16,0.15827,99603,0.9998404,68.956
16,Puglia,Femmine,17,99596,16,0.16097,99588,0.9998406,67.967
16,Puglia,Femmine,18,99579,16,0.15787,99572,0.9998470,66.978
16,Puglia,Femmine,19,99564,15,0.14817,99556,0.9998537,65.988
16,Puglia,Femmine,20,99549,14,0.14442,99542,0.9998479,64.998
16,Puglia,Femmine,21,99535,16,0.15968,99527,0.9998297,64.007
16,Puglia,Femmine,22,99519,18,0.18097,99510,0.9998068,63.017
16,Puglia,Femmine,23,99501,20,0.20553,99491,0.9997823,62.029
16,Puglia,Femmine,24,99480,23,0.22994,99469,0.9997719,61.041
16,Puglia,Femmine,25,99457,23,0.22625,99446,0.9997790,60.055
16,Puglia,Femmine,26,99435,21,0.21573,99424,0.9997851,59.069
16,Puglia,Femmine,27,99413,21,0.21402,99403,0.9997821,58.081
16,Puglia,Femmine,28,99392,22,0.22184,99381,0.9997636,57.094
16,Puglia,Femmine,29,99370,25,0.25094,99358,0.9997240,56.106
16,Puglia,Femmine,30,99345,30,0.30113,99330,0.9996758,55.120
16,Puglia,Femmine,31,99315,34,0.34736,99298,0.9996394,54.137
16,Puglia,Femmine,32,99281,37,0.37376,99262,0.9996169,53.155
16,Puglia,Femmine,33,99244,39,0.39241,99224,0.9996136,52.175
16,Puglia,Femmine,34,99205,38,0.38038,99186,0.9996202,51.195
16,Puglia,Femmine,35,99167,38,0.37925,99148,0.9996041,50.215
16,Puglia,Femmine,36,99129,41,0.41259,99109,0.9995688,49.233
16,Puglia,Femmine,37,99088,45,0.44980,99066,0.9995292,48.254
16,Puglia,Femmine,38,99044,49,0.49174,99020,0.9994756,47.275
16,Puglia,Femmine,39,98995,55,0.55700,98968,0.9994134,46.298
16,Puglia,Femmine,40,98940,61,0.61619,98910,0.9993577,45.324
16,Puglia,Femmine,41,98879,66,0.66834,98846,0.9993007,44.351
16,Puglia,Femmine,42,98813,72,0.73025,98777,0.9992424,43.381
16,Puglia,Femmine,43,98741,78,0.78505,98702,0.9991548,42.412
16,Puglia,Femmine,44,98663,89,0.90549,98619,0.9990323,41.445
16,Puglia,Femmine,45,98574,102,1.03004,98523,0.9989215,40.482
16,Puglia,Femmine,46,98472,111,1.12695,98417,0.9988469,39.523
16,Puglia,Femmine,47,98361,116,1.17922,98304,0.9987786,38.567
16,Puglia,Femmine,48,98246,124,1.26360,98183,0.9986738,37.612
16,Puglia,Femmine,49,98121,136,1.38879,98053,0.9984607,36.659
16,Puglia,Femmine,50,97985,166,1.69000,97902,0.9982029,35.709
16,Puglia,Femmine,51,97819,186,1.90441,97726,0.9980279,34.769
16,Puglia,Femmine,52,97633,199,2.03991,97534,0.9979099,33.834
16,Puglia,Femmine,53,97434,209,2.14042,97330,0.9977843,32.902
16,Puglia,Femmine,54,97225,223,2.29107,97114,0.9976797,31.972
16,Puglia,Femmine,55,97003,228,2.34964,96889,0.9975302,31.044
16,Puglia,Femmine,56,96775,251,2.59017,96649,0.9973107,30.116
16,Puglia,Femmine,57,96524,269,2.78877,96390,0.9970029,29.193
16,Puglia,Femmine,58,96255,309,3.20606,96101,0.9966709,28.273
16,Puglia,Femmine,59,95946,331,3.45251,95781,0.9963801,27.363
16,Puglia,Femmine,60,95615,362,3.78783,95434,0.9960719,26.456
16,Puglia,Femmine,61,95253,388,4.06899,95059,0.9958899,25.554
16,Puglia,Femmine,62,94865,394,4.15135,94668,0.9957758,24.657
16,Puglia,Femmine,63,94472,406,4.29728,94269,0.9955177,23.758
16,Puglia,Femmine,64,94066,439,4.66815,93846,0.9951779,22.858
16,Puglia,Femmine,65,93626,466,4.97686,93393,0.9946517,21.963
16,Puglia,Femmine,66,93160,533,5.72156,92894,0.9938191,21.070
16,Puglia,Femmine,67,92627,615,6.64291,92320,0.9928756,20.188
16,Puglia,Femmine,68,92012,700,7.60905,91662,0.9918750,19.320
16,Puglia,Femmine,69,91312,789,8.64496,90917,0.9909841,18.464
16,Puglia,Femmine,70,90523,850,9.39017,90098,0.9900928,17.621
16,Puglia,Femmine,71,89673,935,10.42904,89205,0.9889912,16.783
16,Puglia,Femmine,72,88737,1029,11.59462,88223,0.9875667,15.955
16,Puglia,Femmine,73,87709,1165,13.28177,87126,0.9857681,15.136
16,Puglia,Femmine,74,86544,1315,15.19489,85886,0.9838375,14.333
16,Puglia,Femmine,75,85229,1461,17.14506,84498,0.9817517,13.547
16,Puglia,Femmine,76,83767,1623,19.37071,82956,0.9791444,12.774
16,Puglia,Femmine,77,82145,1838,22.36984,81226,0.9761291,12.017
16,Puglia,Femmine,78,80307,2040,25.40628,79287,0.9722885,11.280
16,Puglia,Femmine,79,78267,2354,30.07688,77090,0.9678376,10.561
16,Puglia,Femmine,80,75913,2605,34.31264,74610,0.9632232,9.873
16,Puglia,Femmine,81,73308,2883,39.32859,71867,0.9577956,9.206
16,Puglia,Femmine,82,70425,3183,45.19793,68833,0.9523998,8.563
16,Puglia,Femmine,83,67242,3370,50.11626,65557,0.9463676,7.944
16,Puglia,Femmine,84,63872,3662,57.33398,62041,0.9380514,7.337
16,Puglia,Femmine,85,60210,4025,66.84386,58198,0.9275151,6.753
16,Puglia,Femmine,86,56185,4412,78.53001,53979,0.9146442,6.201
16,Puglia,Femmine,87,51773,4803,92.76329,49372,0.9005958,5.687
16,Puglia,Femmine,88,46970,5013,106.72411,44464,0.8843280,5.217
16,Puglia,Femmine,89,41958,5274,125.68904,39321,0.8676861,4.781
16,Puglia,Femmine,90,36684,5132,139.89108,34118,0.8521670,4.396
16,Puglia,Femmine,91,31552,4956,157.06660,29074,0.8314345,4.030
16,Puglia,Femmine,92,26596,4846,182.20712,24173,0.8095097,3.688
16,Puglia,Femmine,93,21750,4364,200.61898,19569,0.7904656,3.398
16,Puglia,Femmine,94,17387,3837,220.68722,15468,0.7674872,3.125
16,Puglia,Femmine,95,13550,3356,247.68714,11872,0.7409286,2.869
16,Puglia,Femmine,96,10194,2795,274.20373,8796,0.7175752,2.648
16,Puglia,Femmine,97,7399,2173,293.75184,6312,0.6979164,2.460
16,Puglia,Femmine,98,5225,1640,313.88086,4405,0.6759430,2.275
16,Puglia,Femmine,99,3585,1215,338.88856,2978,0.6482495,2.088
16,Puglia,Femmine,100,2370,880,371.20543,1930,0.6126360,1.901
16,Puglia,Femmine,101,1490,616,413.06175,1183,0.5749750,1.729
16,Puglia,Femmine,102,875,390,445.40744,680,0.5428646,1.593
16,Puglia,Femmine,103,485,232,478.28248,369,0.5103618,1.471
16,Puglia,Femmine,104,253,129,511.40429,188,0.4777398,1.361
16,Puglia,Femmine,105,124,67,544.47881,90,0.4452769,1.263
16,Puglia,Femmine,106,56,33,577.21220,40,0.4132483,1.175
16,Puglia,Femmine,107,24,15,609.31507,17,0.3819188,1.096
16,Puglia,Femmine,108,9,6,640.51918,6,0.3515311,1.026
16,Puglia,Femmine,109,3,2,670.58341,2,0.3223020,0.964
16,Puglia,Femmine,110,1,1,699.29545,1,0.2944192,0.909
16,Puglia,Femmine,111,0,0,726.48283,0,0.2680337,0.860
16,Puglia,Femmine,112,0,0,752.01442,0,0.2432598,0.817
16,Puglia,Femmine,113,0,0,775.79673,0,0.2201780,0.779
16,Puglia,Femmine,114,0,0,797.77548,0,0.1988339,0.746
16,Puglia,Femmine,115,0,0,817.93295,0,0.1792406,0.717
16,Puglia,Femmine,116,0,0,836.28338,0,0.1613839,0.691
16,Puglia,Femmine,117,0,0,852.86435,0,0.1452276,0.669
16,Puglia,Femmine,118,0,0,867.74054,0,0.1307120,0.650
16,Puglia,Femmine,119,0,0,880.98811,0,0.1177662,0.633
17,Basilicata,Maschi e femmine,0,100000,242,2.41525,99773,0.9997435,82.073
17,Basilicata,Maschi e femmine,1,99758,23,0.22742,99747,0.9997922,81.271
17,Basilicata,Maschi e femmine,2,99736,19,0.18812,99726,0.9998257,80.289
17,Basilicata,Maschi e femmine,3,99717,16,0.16043,99709,0.9998511,79.304
17,Basilicata,Maschi e femmine,4,99701,14,0.13728,99694,0.9998745,78.317
17,Basilicata,Maschi e femmine,5,99687,11,0.11378,99682,0.9998988,77.327
17,Basilicata,Maschi e femmine,6,99676,9,0.08855,99672,0.9999238,76.336
17,Basilicata,Maschi e femmine,7,99667,6,0.06380,99664,0.9999441,75.343
17,Basilicata,Maschi e femmine,8,99661,5,0.04808,99658,0.9999548,74.348
17,Basilicata,Maschi e femmine,9,99656,4,0.04236,99654,0.9999560,73.351
17,Basilicata,Maschi e femmine,10,99652,5,0.04571,99650,0.9999558,72.354
17,Basilicata,Maschi e femmine,11,99647,4,0.04277,99645,0.9999583,71.358
17,Basilicata,Maschi e femmine,12,99643,4,0.04065,99641,0.9999572,70.361
17,Basilicata,Maschi e femmine,13,99639,4,0.04504,99637,0.9999485,69.363
17,Basilicata,Maschi e femmine,14,99634,6,0.05796,99632,0.9999315,68.367
17,Basilicata,Maschi e femmine,15,99629,8,0.07912,99625,0.9998962,67.370
17,Basilicata,Maschi e femmine,16,99621,13,0.12845,99614,0.9998383,66.376
17,Basilicata,Maschi e femmine,17,99608,19,0.19495,99598,0.9997643,65.384
17,Basilicata,Maschi e femmine,18,99589,28,0.27656,99575,0.9996966,64.397
17,Basilicata,Maschi e femmine,19,99561,33,0.33020,99545,0.9996625,63.415
17,Basilicata,Maschi e femmine,20,99528,34,0.34487,99511,0.9996739,62.435
17,Basilicata,Maschi e femmine,21,99494,31,0.30732,99479,0.9997126,61.457
17,Basilicata,Maschi e femmine,22,99463,27,0.26737,99450,0.9997381,60.475
17,Basilicata,Maschi e femmine,23,99437,26,0.25651,99424,0.9997212,59.491
17,Basilicata,Maschi e femmine,24,99411,30,0.30102,99396,0.9996764,58.507
17,Basilicata,Maschi e femmine,25,99381,34,0.34625,99364,0.9996451,57.524
17,Basilicata,Maschi e femmine,26,99347,36,0.36359,99329,0.9996423,56.544
17,Basilicata,Maschi e femmine,27,99311,35,0.35171,99293,0.9996527,55.564
17,Basilicata,Maschi e femmine,28,99276,34,0.34290,99259,0.9996610,54.584
17,Basilicata,Maschi e femmine,29,99242,33,0.33515,99225,0.9996430,53.602
17,Basilicata,Maschi e femmine,30,99208,38,0.37890,99190,0.9995779,52.620
17,Basilicata,Maschi e femmine,31,99171,46,0.46534,99148,0.9994654,51.640
17,Basilicata,Maschi e femmine,32,99125,60,0.60390,99095,0.9993137,50.664
17,Basilicata,Maschi e femmine,33,99065,76,0.76881,99027,0.9991755,49.694
17,Basilicata,Maschi e femmine,34,98989,87,0.88033,98945,0.9991244,48.732
17,Basilicata,Maschi e femmine,35,98902,86,0.87082,98859,0.9991790,47.774
17,Basilicata,Maschi e femmine,36,98815,76,0.77121,98777,0.9992722,46.815
17,Basilicata,Maschi e femmine,37,98739,68,0.68426,98705,0.9993087,45.851
17,Basilicata,Maschi e femmine,38,98672,69,0.69838,98637,0.9992422,44.882
17,Basilicata,Maschi e femmine,39,98603,81,0.81720,98562,0.9991220,43.913
17,Basilicata,Maschi e femmine,40,98522,92,0.93886,98476,0.9990086,42.949
17,Basilicata,Maschi e femmine,41,98430,103,1.04408,98378,0.9989092,41.989
17,Basilicata,Maschi e femmine,42,98327,112,1.13761,98271,0.9987889,41.032
17,Basilicata,Maschi e femmine,43,98215,126,1.28459,98152,0.9986377,40.078
17,Basilicata,Maschi e femmine,44,98089,141,1.44002,98018,0.9984655,39.129
17,Basilicata,Maschi e femmine,45,97948,160,1.62921,97868,0.9983147,38.185
17,Basilicata,Maschi e femmine,46,97788,170,1.74144,97703,0.9982077,37.246
17,Basilicata,Maschi e femmine,47,97618,180,1.84331,97528,0.9981016,36.310
17,Basilicata,Maschi e femmine,48,97438,190,1.95350,97343,0.9979265,35.376
17,Basilicata,Maschi e femmine,49,97247,213,2.19383,97141,0.9976984,34.445
17,Basilicata,Maschi e femmine,50,97034,234,2.40953,96917,0.9974621,33.519
17,Basilicata,Maschi e femmine,51,96800,258,2.66661,96671,0.9972931,32.599
17,Basilicata,Maschi e femmine,52,96542,265,2.74720,96410,0.9971948,31.685
17,Basilicata,Maschi e femmine,53,96277,276,2.86343,96139,0.9969927,30.771
17,Basilicata,Maschi e femmine,54,96001,303,3.15164,95850,0.9965620,29.858
17,Basilicata,Maschi e femmine,55,95699,357,3.72531,95520,0.9959565,28.951
17,Basilicata,Maschi e femmine,56,95342,416,4.36289,95134,0.9953467,28.057
17,Basilicata,Maschi e femmine,57,94926,469,4.94495,94692,0.9949221,27.178
17,Basilicata,Maschi e femmine,58,94457,492,5.21157,94211,0.9947474,26.310
17,Basilicata,Maschi e femmine,59,93965,497,5.29376,93716,0.9946462,25.446
17,Basilicata,Maschi e femmine,60,93467,506,5.41420,93214,0.9944782,24.578
17,Basilicata,Maschi e femmine,61,92961,523,5.63005,92699,0.9941222,23.709
17,Basilicata,Maschi e femmine,62,92438,566,6.12696,92155,0.9936413,22.841
17,Basilicata,Maschi e femmine,63,91871,606,6.59186,91569,0.9930779,21.978
17,Basilicata,Maschi e femmine,64,91266,662,7.25447,90935,0.9924052,21.121
17,Basilicata,Maschi e femmine,65,90604,719,7.93767,90244,0.9917184,20.272
17,Basilicata,Maschi e femmine,66,89885,776,8.62823,89497,0.9909881,19.430
17,Basilicata,Maschi e femmine,67,89109,838,9.39889,88690,0.9898383,18.595
17,Basilicata,Maschi e femmine,68,88271,965,10.93168,87789,0.9883729,17.766
17,Basilicata,Maschi e femmine,69,87306,1077,12.33013,86768,0.9868430,16.957
17,Basilicata,Maschi e femmine,70,86230,1207,13.99420,85627,0.9851203,16.163
17,Basilicata,Maschi e femmine,71,85023,1341,15.77780,84353,0.9836592,15.385
17,Basilicata,Maschi e femmine,72,83682,1415,16.91279,82974,0.9822738,14.624
17,Basilicata,Maschi e femmine,73,82266,1526,18.55357,81503,0.9806346,13.866
17,Basilicata,Maschi e femmine,74,80740,1630,20.19255,79925,0.9789139,13.119
17,Basilicata,Maschi e femmine,75,79110,1740,21.99810,78240,0.9767379,12.379
17,Basilicata,Maschi e femmine,76,77370,1900,24.55461,76420,0.9732011,11.646
17,Basilicata,Maschi e femmine,77,75470,2196,29.09977,74372,0.9685776,10.927
17,Basilicata,Maschi e femmine,78,73274,2478,33.81464,72035,0.9619836,10.240
17,Basilicata,Maschi e femmine,79,70796,2999,42.36521,69296,0.9549754,9.580
17,Basilicata,Maschi e femmine,80,67797,3241,47.80173,66176,0.9497676,8.982
17,Basilicata,Maschi e femmine,81,64556,3408,52.78502,62852,0.9456765,8.408
17,Basilicata,Maschi e femmine,82,61148,3421,55.94769,59438,0.9410127,7.849
17,Basilicata,Maschi e femmine,83,57727,3591,62.20712,55932,0.9336359,7.284
17,Basilicata,Maschi e femmine,84,54136,3833,70.79682,52220,0.9234566,6.734
17,Basilicata,Maschi e femmine,85,50303,4161,82.72778,48223,0.9093776,6.209
17,Basilicata,Maschi e femmine,86,46142,4579,99.22904,43853,0.8949641,5.724
17,Basilicata,Maschi e femmine,87,41563,4634,111.48253,39247,0.8838652,5.299
17,Basilicata,Maschi e femmine,88,36930,4482,121.37083,34689,0.8701960,4.902
17,Basilicata,Maschi e femmine,89,32448,4523,139.40210,30186,0.8535179,4.510
17,Basilicata,Maschi e femmine,90,27924,4320,154.70888,25764,0.8386556,4.159
17,Basilicata,Maschi e femmine,91,23604,3994,169.19446,21607,0.8179881,3.829
17,Basilicata,Maschi e femmine,92,19610,3872,197.43953,17675,0.7964205,3.507
17,Basilicata,Maschi e femmine,93,15739,3324,211.23004,14076,0.7802765,3.247
17,Basilicata,Maschi e femmine,94,12414,2861,230.49150,10983,0.7577609,2.982
17,Basilicata,Maschi e femmine,95,9553,2460,257.50547,8323,0.7300033,2.726
17,Basilicata,Maschi e femmine,96,7093,2034,286.82007,6076,0.7019239,2.498
17,Basilicata,Maschi e femmine,97,5058,1588,313.85898,4265,0.6753636,2.301
17,Basilicata,Maschi e femmine,98,3471,1181,340.34359,2880,0.6493117,2.125
17,Basilicata,Maschi e femmine,99,2290,839,366.37034,1870,0.6225354,1.963
17,Basilicata,Maschi e femmine,100,1451,573,394.97354,1164,0.5922985,1.809
17,Basilicata,Maschi e femmine,101,878,376,428.73845,690,0.5596236,1.663
17,Basilicata,Maschi e femmine,102,501,231,460.74871,386,0.5279134,1.537
17,Basilicata,Maschi e femmine,103,270,133,493.11194,204,0.4959769,1.422
17,Basilicata,Maschi e femmine,104,137,72,525.54879,101,0.4640818,1.320
17,Basilicata,Maschi e femmine,105,65,36,557.77370,47,0.4324958,1.228
17,Basilicata,Maschi e femmine,106,29,17,589.50779,20,0.4014779,1.145
17,Basilicata,Maschi e femmine,107,12,7,620.48199,8,0.3712728,1.072
17,Basilicata,Maschi e femmine,108,4,3,650.45271,3,0.3421000,1.006
17,Basilicata,Maschi e femmine,109,2,1,679.20538,1,0.3141518,0.948
17,Basilicata,Maschi e femmine,110,1,0,706.55539,0,0.2875912,0.896
17,Basilicata,Maschi e femmine,111,0,0,732.35605,0,0.2625466,0.851
17,Basilicata,Maschi e femmine,112,0,0,756.49867,0,0.2391133,0.810
17,Basilicata,Maschi e femmine,113,0,0,778.90733,0,0.2173569,0.775
17,Basilicata,Maschi e femmine,114,0,0,799.53977,0,0.1973134,0.744
17,Basilicata,Maschi e femmine,115,0,0,818.38458,0,0.1789913,0.717
17,Basilicata,Maschi e femmine,116,0,0,835.45740,0,0.1623757,0.693
17,Basilicata,Maschi e femmine,117,0,0,850.79338,0,0.1474332,0.672
17,Basilicata,Maschi e femmine,118,0,0,864.45231,0,0.1341090,0.654
17,Basilicata,Maschi e femmine,119,0,0,876.50452,0,0.1223377,0.639
17,Basilicata,Maschi,0,100000,303,3.03446,99714,0.9997971,79.892
17,Basilicata,Maschi,1,99697,5,0.04678,99694,0.9999215,79.134
17,Basilicata,Maschi,2,99692,11,0.11019,99686,0.9998643,78.138
17,Basilicata,Maschi,3,99681,16,0.16129,99673,0.9998255,77.146
17,Basilicata,Maschi,4,99665,19,0.18774,99655,0.9998173,76.158
17,Basilicata,Maschi,5,99646,18,0.17770,99637,0.9998438,75.173
17,Basilicata,Maschi,6,99628,13,0.13465,99622,0.9998943,74.186
17,Basilicata,Maschi,7,99615,8,0.07683,99611,0.9999381,73.196
17,Basilicata,Maschi,8,99607,5,0.04693,99605,0.9999583,72.201
17,Basilicata,Maschi,9,99603,4,0.03641,99601,0.9999598,71.205
17,Basilicata,Maschi,10,99599,4,0.04401,99597,0.9999582,70.207
17,Basilicata,Maschi,11,99595,4,0.03962,99593,0.9999601,69.210
17,Basilicata,Maschi,12,99591,4,0.04019,99589,0.9999573,68.213
17,Basilicata,Maschi,13,99587,5,0.04525,99584,0.9999446,67.216
17,Basilicata,Maschi,14,99582,7,0.06547,99579,0.9999208,66.219
17,Basilicata,Maschi,15,99576,9,0.09287,99571,0.9998658,65.223
17,Basilicata,Maschi,16,99566,17,0.17546,99558,0.9997665,64.229
17,Basilicata,Maschi,17,99549,29,0.29160,99534,0.9996358,63.240
17,Basilicata,Maschi,18,99520,43,0.43672,99498,0.9995235,62.259
17,Basilicata,Maschi,19,99476,51,0.51635,99451,0.9994855,61.286
17,Basilicata,Maschi,20,99425,51,0.51255,99400,0.9995412,60.317
17,Basilicata,Maschi,21,99374,40,0.40501,99354,0.9996499,59.348
17,Basilicata,Maschi,22,99334,29,0.29510,99319,0.9997279,58.372
17,Basilicata,Maschi,23,99305,25,0.24918,99292,0.9997170,57.389
17,Basilicata,Maschi,24,99280,31,0.31679,99264,0.9996375,56.403
17,Basilicata,Maschi,25,99248,41,0.40824,99228,0.9995705,55.421
17,Basilicata,Maschi,26,99208,45,0.45071,99186,0.9995654,54.443
17,Basilicata,Maschi,27,99163,41,0.41841,99142,0.9996113,53.467
17,Basilicata,Maschi,28,99122,36,0.35889,99104,0.9996672,52.490
17,Basilicata,Maschi,29,99086,30,0.30668,99071,0.9996713,51.508
17,Basilicata,Maschi,30,99056,35,0.35070,99038,0.9995751,50.524
17,Basilicata,Maschi,31,99021,49,0.49906,98996,0.9993878,49.541
17,Basilicata,Maschi,32,98972,72,0.72541,98936,0.9991432,48.566
17,Basilicata,Maschi,33,98900,98,0.98836,98851,0.9989252,47.601
17,Basilicata,Maschi,34,98802,115,1.16128,98745,0.9988375,46.647
17,Basilicata,Maschi,35,98687,115,1.16377,98630,0.9989017,45.701
17,Basilicata,Maschi,36,98572,102,1.03281,98522,0.9990122,44.754
17,Basilicata,Maschi,37,98471,93,0.94265,98424,0.9990394,43.799
17,Basilicata,Maschi,38,98378,96,0.97858,98330,0.9989336,42.840
17,Basilicata,Maschi,39,98282,113,1.15434,98225,0.9987991,41.882
17,Basilicata,Maschi,40,98168,122,1.24759,98107,0.9987336,40.930
17,Basilicata,Maschi,41,98046,126,1.28530,97983,0.9987224,39.980
17,Basilicata,Maschi,42,97920,124,1.26985,97857,0.9986582,39.031
17,Basilicata,Maschi,43,97795,138,1.41393,97726,0.9984779,38.080
17,Basilicata,Maschi,44,97657,159,1.63049,97577,0.9982444,37.133
17,Basilicata,Maschi,45,97498,183,1.88082,97406,0.9980571,36.193
17,Basilicata,Maschi,46,97314,195,2.00501,97217,0.9979123,35.260
17,Basilicata,Maschi,47,97119,211,2.17046,97014,0.9976948,34.330
17,Basilicata,Maschi,48,96908,236,2.44018,96790,0.9972830,33.404
17,Basilicata,Maschi,49,96672,289,2.99451,96527,0.9967924,32.484
17,Basilicata,Maschi,50,96382,330,3.42127,96218,0.9965275,31.580
17,Basilicata,Maschi,51,96053,338,3.52381,95884,0.9965958,30.687
17,Basilicata,Maschi,52,95714,314,3.28406,95557,0.9967895,29.794
17,Basilicata,Maschi,53,95400,299,3.13668,95250,0.9966265,28.890
17,Basilicata,Maschi,54,95101,343,3.61112,94929,0.9958314,27.979
17,Basilicata,Maschi,55,94757,448,4.72813,94533,0.9946256,27.079
17,Basilicata,Maschi,56,94309,568,6.02369,94025,0.9934827,26.205
17,Basilicata,Maschi,57,93741,657,7.01395,93412,0.9927613,25.361
17,Basilicata,Maschi,58,93084,695,7.46497,92736,0.9925487,24.537
17,Basilicata,Maschi,59,92389,687,7.43749,92045,0.9925246,23.717
17,Basilicata,Maschi,60,91702,689,7.51367,91357,0.9923842,22.891
17,Basilicata,Maschi,61,91013,703,7.71879,90661,0.9918700,22.061
17,Basilicata,Maschi,62,90310,772,8.54433,89924,0.9911385,21.229
17,Basilicata,Maschi,63,89538,822,9.18145,89127,0.9902998,20.407
17,Basilicata,Maschi,64,88716,907,10.22376,88263,0.9892874,19.592
17,Basilicata,Maschi,65,87809,984,11.20639,87317,0.9884431,18.789
17,Basilicata,Maschi,66,86825,1034,11.91140,86308,0.9877857,17.996
17,Basilicata,Maschi,67,85791,1074,12.52075,85254,0.9867584,17.207
17,Basilicata,Maschi,68,84717,1184,13.97150,84125,0.9853620,16.419
17,Basilicata,Maschi,69,83533,1279,15.31392,82894,0.9834790,15.645
17,Basilicata,Maschi,70,82254,1460,17.74689,81524,0.9805226,14.880
17,Basilicata,Maschi,71,80794,1716,21.23912,79936,0.9778234,14.140
17,Basilicata,Maschi,72,79078,1829,23.13436,78164,0.9755212,13.436
17,Basilicata,Maschi,73,77249,1997,25.85507,76250,0.9732883,12.742
17,Basilicata,Maschi,74,75252,2076,27.59101,74214,0.9716171,12.067
17,Basilicata,Maschi,75,73175,2137,29.19733,72107,0.9697636,11.395
17,Basilicata,Maschi,76,71039,2224,31.30672,69927,0.9666420,10.723
17,Basilicata,Maschi,77,68815,2441,35.47562,67594,0.9625448,10.053
17,Basilicata,Maschi,78,66374,2622,39.50758,65062,0.9556037,9.405
17,Basilicata,Maschi,79,63751,3155,49.48612,62174,0.9476037,8.771
17,Basilicata,Maschi,80,60597,3361,55.45793,58916,0.9409196,8.202
17,Basilicata,Maschi,81,57236,3601,62.91562,55435,0.9350908,7.654
17,Basilicata,Maschi,82,53635,3596,67.03658,51837,0.9294068,7.134
17,Basilicata,Maschi,83,50039,3723,74.40531,48178,0.9216192,6.611
17,Basilicata,Maschi,84,46316,3829,82.67588,44402,0.9115049,6.102
17,Basilicata,Maschi,85,42487,4029,94.83884,40472,0.8964447,5.607
17,Basilicata,Maschi,86,38458,4353,113.18497,36281,0.8801217,5.142
17,Basilicata,Maschi,87,34105,4346,127.42594,31932,0.8678221,4.735
17,Basilicata,Maschi,88,29759,4096,137.62389,27711,0.8525239,4.353
17,Basilicata,Maschi,89,25663,4078,158.90066,23624,0.8319213,3.968
17,Basilicata,Maschi,90,21585,3864,178.99074,19654,0.8124963,3.623
17,Basilicata,Maschi,91,17722,3507,197.87263,15969,0.7825861,3.304
17,Basilicata,Maschi,92,14215,3437,241.77568,12497,0.7501161,2.996
17,Basilicata,Maschi,93,10778,2809,260.57770,9374,0.7317075,2.792
17,Basilicata,Maschi,94,7970,2221,278.72613,6859,0.7130814,2.599
17,Basilicata,Maschi,95,5748,1715,298.27702,4891,0.6954378,2.411
17,Basilicata,Maschi,96,4034,1265,313.51886,3401,0.6713233,2.223
17,Basilicata,Maschi,97,2769,971,350.75724,2283,0.6322498,2.010
17,Basilicata,Maschi,98,1798,708,393.92382,1444,0.5920172,1.825
17,Basilicata,Maschi,99,1090,470,431.17959,855,0.5587634,1.687
17,Basilicata,Maschi,100,620,284,458.91707,478,0.5382183,1.586
17,Basilicata,Maschi,101,335,157,467.07603,257,0.5210840,1.508
17,Basilicata,Maschi,102,179,90,501.13289,134,0.4874527,1.391
17,Basilicata,Maschi,103,89,48,535.42787,65,0.4537187,1.286
17,Basilicata,Maschi,104,41,24,569.64352,30,0.4201848,1.192
17,Basilicata,Maschi,105,18,11,603.45072,12,0.3871568,1.108
17,Basilicata,Maschi,106,7,4,636.52885,5,0.3549300,1.033
17,Basilicata,Maschi,107,3,2,668.56901,2,0.3237828,0.967
17,Basilicata,Maschi,108,1,1,699.29327,1,0.2939654,0.908
17,Basilicata,Maschi,109,0,0,728.45286,0,0.2656979,0.856
17,Basilicata,Maschi,110,0,0,755.84245,0,0.2391617,0.810
17,Basilicata,Maschi,111,0,0,781.30010,0,0.2144985,0.770
17,Basilicata,Maschi,112,0,0,804.71243,0,0.1918083,0.735
17,Basilicata,Maschi,113,0,0,826.00808,0,0.1711534,0.705
17,Basilicata,Maschi,114,0,0,845.16070,0,0.1525573,0.679
17,Basilicata,Maschi,115,0,0,862.18044,0,0.1360108,0.657
17,Basilicata,Maschi,116,0,0,877.11292,0,0.1214736,0.638
17,Basilicata,Maschi,117,0,0,890.02892,0,0.1088819,0.622
17,Basilicata,Maschi,118,0,0,901.02265,0,0.0981505,0.609
17,Basilicata,Maschi,119,0,0,910.20290,0,0.0891802,0.598
17,Basilicata,Femmine,0,100000,176,1.76277,99834,0.9996870,84.360
17,Basilicata,Femmine,1,99824,42,0.41778,99803,0.9996560,83.508
17,Basilicata,Femmine,2,99782,27,0.27028,99769,0.9997851,82.543
17,Basilicata,Femmine,3,99755,16,0.15952,99747,0.9998782,81.565
17,Basilicata,Femmine,4,99739,8,0.08408,99735,0.9999348,80.578
17,Basilicata,Femmine,5,99731,5,0.04640,99728,0.9999568,79.585
17,Basilicata,Femmine,6,99726,4,0.03996,99724,0.9999550,78.588
17,Basilicata,Femmine,7,99722,5,0.05007,99720,0.9999503,77.591
17,Basilicata,Femmine,8,99717,5,0.04930,99715,0.9999510,76.595
17,Basilicata,Femmine,9,99712,5,0.04864,99710,0.9999519,75.599
17,Basilicata,Femmine,10,99707,5,0.04750,99705,0.9999532,74.603
17,Basilicata,Femmine,11,99703,5,0.04609,99700,0.9999564,73.606
17,Basilicata,Femmine,12,99698,4,0.04113,99696,0.9999570,72.609
17,Basilicata,Femmine,13,99694,4,0.04482,99692,0.9999526,71.612
17,Basilicata,Femmine,14,99689,5,0.05004,99687,0.9999427,70.616
17,Basilicata,Femmine,15,99684,6,0.06462,99681,0.9999282,69.619
17,Basilicata,Femmine,16,99678,8,0.07890,99674,0.9999140,68.624
17,Basilicata,Femmine,17,99670,9,0.09311,99666,0.9998995,67.629
17,Basilicata,Femmine,18,99661,11,0.10785,99656,0.9998790,66.635
17,Basilicata,Femmine,19,99650,13,0.13418,99643,0.9998487,65.642
17,Basilicata,Femmine,20,99637,17,0.16837,99628,0.9998136,64.651
17,Basilicata,Femmine,21,99620,20,0.20452,99610,0.9997786,63.662
17,Basilicata,Femmine,22,99600,24,0.23820,99588,0.9997488,62.675
17,Basilicata,Femmine,23,99576,26,0.26423,99563,0.9997257,61.690
17,Basilicata,Femmine,24,99550,28,0.28441,99535,0.9997173,60.706
17,Basilicata,Femmine,25,99521,28,0.28104,99507,0.9997235,59.723
17,Basilicata,Femmine,26,99493,27,0.27195,99480,0.9997232,58.740
17,Basilicata,Femmine,27,99466,28,0.28156,99452,0.9996962,57.755
17,Basilicata,Femmine,28,99438,32,0.32609,99422,0.9996544,56.772
17,Basilicata,Femmine,29,99406,36,0.36509,99388,0.9996132,55.790
17,Basilicata,Femmine,30,99370,41,0.40856,99349,0.9995808,54.810
17,Basilicata,Femmine,31,99329,43,0.42987,99308,0.9995470,53.832
17,Basilicata,Femmine,32,99286,47,0.47613,99263,0.9994929,52.855
17,Basilicata,Femmine,33,99239,53,0.53803,99212,0.9994384,51.880
17,Basilicata,Femmine,34,99186,58,0.58516,99157,0.9994258,50.908
17,Basilicata,Femmine,35,99128,56,0.56324,99100,0.9994700,49.937
17,Basilicata,Femmine,36,99072,49,0.49669,99047,0.9995450,48.965
17,Basilicata,Femmine,37,99022,41,0.41326,99002,0.9995910,47.989
17,Basilicata,Femmine,38,98982,40,0.40465,98962,0.9995657,47.009
17,Basilicata,Femmine,39,98942,46,0.46402,98919,0.9994602,46.028
17,Basilicata,Femmine,40,98896,61,0.61565,98865,0.9992964,45.049
17,Basilicata,Femmine,41,98835,78,0.79170,98796,0.9991045,44.076
17,Basilicata,Femmine,42,98756,99,0.99930,98707,0.9989257,43.111
17,Basilicata,Femmine,43,98658,113,1.14935,98601,0.9988049,42.154
17,Basilicata,Femmine,44,98544,122,1.24092,98483,0.9986964,41.201
17,Basilicata,Femmine,45,98422,134,1.36632,98355,0.9985838,40.252
17,Basilicata,Femmine,46,98288,144,1.46620,98216,0.9985160,39.306
17,Basilicata,Femmine,47,98144,147,1.50188,98070,0.9985260,38.363
17,Basilicata,Femmine,48,97996,142,1.44600,97925,0.9985970,37.420
17,Basilicata,Femmine,49,97854,133,1.36000,97788,0.9986411,36.474
17,Basilicata,Femmine,50,97721,133,1.35785,97655,0.9984326,35.523
17,Basilicata,Femmine,51,97589,173,1.77728,97502,0.9980160,34.570
17,Basilicata,Femmine,52,97415,213,2.19101,97308,0.9976144,33.631
17,Basilicata,Femmine,53,97202,251,2.58057,97076,0.9973716,32.704
17,Basilicata,Femmine,54,96951,259,2.67635,96821,0.9973171,31.787
17,Basilicata,Femmine,55,96691,260,2.68956,96561,0.9973291,30.871
17,Basilicata,Femmine,56,96431,256,2.65219,96304,0.9972631,29.953
17,Basilicata,Femmine,57,96176,271,2.82187,96040,0.9971344,29.031
17,Basilicata,Femmine,58,95904,279,2.90942,95765,0.9969887,28.112
17,Basilicata,Femmine,59,95625,298,3.11341,95476,0.9967994,27.193
17,Basilicata,Femmine,60,95328,313,3.28801,95171,0.9965944,26.276
17,Basilicata,Femmine,61,95014,335,3.52366,94847,0.9963882,25.361
17,Basilicata,Femmine,62,94679,350,3.70022,94504,0.9961475,24.449
17,Basilicata,Femmine,63,94329,378,4.00532,94140,0.9958450,23.538
17,Basilicata,Femmine,64,93951,404,4.30519,93749,0.9954922,22.631
17,Basilicata,Femmine,65,93547,441,4.71119,93326,0.9949409,21.726
17,Basilicata,Femmine,66,93106,504,5.40867,92854,0.9941184,20.827
17,Basilicata,Femmine,67,92602,589,6.35702,92308,0.9928302,19.937
17,Basilicata,Femmine,68,92014,735,7.98785,91646,0.9912801,19.062
17,Basilicata,Femmine,69,91279,863,9.45782,90847,0.9900705,18.211
17,Basilicata,Femmine,70,90415,941,10.40577,89945,0.9894962,17.380
17,Basilicata,Femmine,71,89475,949,10.60288,89000,0.9891573,16.558
17,Basilicata,Femmine,72,88526,981,11.08503,88035,0.9885573,15.730
17,Basilicata,Femmine,73,87545,1033,11.80443,87028,0.9873770,14.900
17,Basilicata,Femmine,74,86511,1164,13.45138,85929,0.9855159,14.072
17,Basilicata,Femmine,75,85347,1326,15.53096,84685,0.9829611,13.258
17,Basilicata,Femmine,76,84022,1560,18.57056,83242,0.9789777,12.459
17,Basilicata,Femmine,77,82462,1940,23.52038,81492,0.9738265,11.685
17,Basilicata,Femmine,78,80522,2326,28.89057,79359,0.9674681,10.954
17,Basilicata,Femmine,79,78196,2837,36.28157,76777,0.9612293,10.265
17,Basilicata,Femmine,80,75359,3116,41.35348,73800,0.9571566,9.633
17,Basilicata,Femmine,81,72242,3207,44.39750,70639,0.9543542,9.027
17,Basilicata,Femmine,82,69035,3241,46.95209,67414,0.9503263,8.423
17,Basilicata,Femmine,83,65794,3456,52.52945,64066,0.9430641,7.814
17,Basilicata,Femmine,84,62337,3839,61.58665,60418,0.9326216,7.219
17,Basilicata,Femmine,85,58498,4303,73.55034,56347,0.9190612,6.660
17,Basilicata,Femmine,86,54196,4819,88.91384,51786,0.9057856,6.149
17,Basilicata,Femmine,87,49377,4939,100.03224,46907,0.8952200,5.700
17,Basilicata,Femmine,88,44438,4891,110.05538,41992,0.8823022,5.278
17,Basilicata,Femmine,89,39547,4994,126.28529,37050,0.8677630,4.869
17,Basilicata,Femmine,90,34553,4805,139.04898,32151,0.8551345,4.501
17,Basilicata,Femmine,91,29748,4510,151.62149,27493,0.8389801,4.147
17,Basilicata,Femmine,92,25238,4343,172.09803,23066,0.8218384,3.799
17,Basilicata,Femmine,93,20894,3876,185.48563,18957,0.8045843,3.485
17,Basilicata,Femmine,94,17019,3533,207.60701,15252,0.7781699,3.164
17,Basilicata,Femmine,95,13486,3234,239.77974,11869,0.7445863,2.862
17,Basilicata,Femmine,96,10252,2829,275.97876,8837,0.7140289,2.608
17,Basilicata,Femmine,97,7423,2225,299.77220,6310,0.6912244,2.411
17,Basilicata,Femmine,98,5198,1672,321.63331,4362,0.6683868,2.229
17,Basilicata,Femmine,99,3526,1221,346.32474,2915,0.6412572,2.049
17,Basilicata,Femmine,100,2305,871,377.74001,1869,0.6062169,1.869
17,Basilicata,Femmine,101,1434,602,419.56499,1133,0.5685623,1.701
17,Basilicata,Femmine,102,832,376,451.89248,644,0.5364989,1.569
17,Basilicata,Femmine,103,456,221,484.68043,346,0.5041105,1.449
17,Basilicata,Femmine,104,235,122,517.64111,174,0.4716743,1.342
17,Basilicata,Femmine,105,113,62,550.47646,82,0.4394715,1.247
17,Basilicata,Femmine,106,51,30,582.89006,36,0.4077790,1.161
17,Basilicata,Femmine,107,21,13,614.59135,15,0.3768623,1.084
17,Basilicata,Femmine,108,8,5,645.31244,6,0.3469634,1.016
17,Basilicata,Femmine,109,3,2,674.81399,2,0.3182973,0.956
17,Basilicata,Femmine,110,1,1,702.88674,1,0.2910488,0.903
17,Basilicata,Femmine,111,0,0,729.36241,0,0.2653654,0.856
17,Basilicata,Femmine,112,0,0,754.11498,0,0.2413573,0.814
17,Basilicata,Femmine,113,0,0,777.05672,0,0.2190999,0.778
17,Basilicata,Femmine,114,0,0,798.13956,0,0.1986335,0.746
17,Basilicata,Femmine,115,0,0,817.35220,0,0.1799663,0.718
17,Basilicata,Femmine,116,0,0,834.71529,0,0.1630780,0.694
17,Basilicata,Femmine,117,0,0,850.27272,0,0.1479272,0.673
17,Basilicata,Femmine,118,0,0,864.09511,0,0.1344489,0.655
17,Basilicata,Femmine,119,0,0,876.26423,0,0.1225670,0.639
18,Calabria,Maschi e femmine,0,100000,359,3.59292,99662,0.9997115,81.672
18,Calabria,Maschi e femmine,1,99641,15,0.15173,99633,0.9998641,80.965
18,Calabria,Maschi e femmine,2,99626,12,0.12016,99620,0.9998954,79.977
18,Calabria,Maschi e femmine,3,99614,9,0.08902,99609,0.9999237,78.987
18,Calabria,Maschi e femmine,4,99605,6,0.06365,99602,0.9999464,77.994
18,Calabria,Maschi e femmine,5,99598,4,0.04364,99596,0.9999556,76.999
18,Calabria,Maschi e femmine,6,99594,4,0.04514,99592,0.9999494,76.002
18,Calabria,Maschi e femmine,7,99590,6,0.05602,99587,0.9999338,75.006
18,Calabria,Maschi e femmine,8,99584,8,0.07643,99580,0.9999173,74.010
18,Calabria,Maschi e femmine,9,99576,9,0.08891,99572,0.9999057,73.015
18,Calabria,Maschi e femmine,10,99568,10,0.09966,99563,0.9998991,72.022
18,Calabria,Maschi e femmine,11,99558,10,0.10211,99553,0.9998964,71.029
18,Calabria,Maschi e femmine,12,99547,10,0.10511,99542,0.9998960,70.036
18,Calabria,Maschi e femmine,13,99537,10,0.10298,99532,0.9998948,69.043
18,Calabria,Maschi e femmine,14,99527,11,0.10737,99521,0.9998891,68.051
18,Calabria,Maschi e femmine,15,99516,11,0.11450,99510,0.9998739,67.058
18,Calabria,Maschi e femmine,16,99505,14,0.13779,99498,0.9998444,66.065
18,Calabria,Maschi e femmine,17,99491,17,0.17350,99482,0.9998060,65.074
18,Calabria,Maschi e femmine,18,99474,21,0.21447,99463,0.9997673,64.086
18,Calabria,Maschi e femmine,19,99452,25,0.25090,99440,0.9997392,63.099
18,Calabria,Maschi e femmine,20,99427,27,0.27076,99414,0.9997377,62.115
18,Calabria,Maschi e femmine,21,99400,25,0.25377,99388,0.9997521,61.132
18,Calabria,Maschi e femmine,22,99375,24,0.24206,99363,0.9997533,60.147
18,Calabria,Maschi e femmine,23,99351,25,0.25141,99339,0.9997269,59.162
18,Calabria,Maschi e femmine,24,99326,29,0.29489,99312,0.9996812,58.176
18,Calabria,Maschi e femmine,25,99297,34,0.34281,99280,0.9996446,57.193
18,Calabria,Maschi e femmine,26,99263,37,0.36790,99245,0.9996316,56.213
18,Calabria,Maschi e femmine,27,99226,37,0.36892,99208,0.9996337,55.233
18,Calabria,Maschi e femmine,28,99190,36,0.36358,99172,0.9996446,54.253
18,Calabria,Maschi e femmine,29,99154,34,0.34715,99136,0.9996479,53.273
18,Calabria,Maschi e femmine,30,99119,35,0.35712,99102,0.9996330,52.291
18,Calabria,Maschi e femmine,31,99084,37,0.37690,99065,0.9996030,51.310
18,Calabria,Maschi e femmine,32,99047,41,0.41705,99026,0.9995592,50.329
18,Calabria,Maschi e femmine,33,99005,46,0.46448,98982,0.9995131,49.350
18,Calabria,Maschi e femmine,34,98959,50,0.50927,98934,0.9994829,48.372
18,Calabria,Maschi e femmine,35,98909,52,0.52497,98883,0.9994464,47.397
18,Calabria,Maschi e femmine,36,98857,58,0.58228,98828,0.9993689,46.421
18,Calabria,Maschi e femmine,37,98799,67,0.68005,98766,0.9992587,45.448
18,Calabria,Maschi e femmine,38,98732,79,0.80263,98693,0.9991561,44.479
18,Calabria,Maschi e femmine,39,98653,87,0.88519,98609,0.9990907,43.514
18,Calabria,Maschi e femmine,40,98566,92,0.93334,98520,0.9990354,42.552
18,Calabria,Maschi e femmine,41,98474,98,0.99580,98425,0.9989436,41.592
18,Calabria,Maschi e femmine,42,98376,110,1.11715,98321,0.9988041,40.633
18,Calabria,Maschi e femmine,43,98266,125,1.27465,98203,0.9986402,39.677
18,Calabria,Maschi e femmine,44,98140,142,1.44513,98069,0.9985131,38.727
18,Calabria,Maschi e femmine,45,97999,150,1.52867,97924,0.9984266,37.783
18,Calabria,Maschi e femmine,46,97849,158,1.61819,97770,0.9982953,36.840
18,Calabria,Maschi e femmine,47,97690,175,1.79141,97603,0.9980829,35.899
18,Calabria,Maschi e femmine,48,97515,199,2.04308,97416,0.9978286,34.962
18,Calabria,Maschi e femmine,49,97316,224,2.29996,97204,0.9975568,34.033
18,Calabria,Maschi e femmine,50,97092,251,2.58687,96967,0.9972814,33.110
18,Calabria,Maschi e femmine,51,96841,276,2.85063,96703,0.9970627,32.195
18,Calabria,Maschi e femmine,52,96565,292,3.02428,96419,0.9968528,31.285
18,Calabria,Maschi e femmine,53,96273,315,3.27059,96116,0.9965359,30.379
18,Calabria,Maschi e femmine,54,95958,351,3.65826,95783,0.9962064,29.477
18,Calabria,Maschi e femmine,55,95607,376,3.92941,95419,0.9959499,28.583
18,Calabria,Maschi e femmine,56,95231,397,4.17125,95033,0.9957209,27.694
18,Calabria,Maschi e femmine,57,94834,416,4.38738,94626,0.9954338,26.808
18,Calabria,Maschi e femmine,58,94418,448,4.74576,94194,0.9949449,25.924
18,Calabria,Maschi e femmine,59,93970,504,5.36601,93718,0.9942238,25.045
18,Calabria,Maschi e femmine,60,93466,578,6.18865,93177,0.9935733,24.177
18,Calabria,Maschi e femmine,61,92887,619,6.66626,92578,0.9932098,23.325
18,Calabria,Maschi e femmine,62,92268,638,6.91502,91949,0.9930290,22.478
18,Calabria,Maschi e femmine,63,91630,644,7.02736,91308,0.9926072,21.631
18,Calabria,Maschi e femmine,64,90986,706,7.76087,90633,0.9915436,20.781
18,Calabria,Maschi e femmine,65,90280,827,9.15738,89867,0.9902412,19.939
18,Calabria,Maschi e femmine,66,89453,927,10.36571,88990,0.9891559,19.119
18,Calabria,Maschi e femmine,67,88526,1003,11.32754,88025,0.9883088,18.314
18,Calabria,Maschi e femmine,68,87523,1055,12.05912,86996,0.9874908,17.518
18,Calabria,Maschi e femmine,69,86468,1121,12.96484,85907,0.9864035,16.726
18,Calabria,Maschi e femmine,70,85347,1215,14.23646,84739,0.9847119,15.939
18,Calabria,Maschi e femmine,71,84132,1376,16.35502,83444,0.9825836,15.162
18,Calabria,Maschi e femmine,72,82756,1531,18.49534,81991,0.9802559,14.406
18,Calabria,Maschi e femmine,73,81225,1707,21.01647,80372,0.9780430,13.668
18,Calabria,Maschi e femmine,74,79518,1822,22.91764,78607,0.9758661,12.950
18,Calabria,Maschi e femmine,75,77696,1972,25.37865,76710,0.9735376,12.242
18,Calabria,Maschi e femmine,76,75724,2088,27.57431,74680,0.9707701,11.548
18,Calabria,Maschi e femmine,77,73636,2278,30.93252,72497,0.9671098,10.861
18,Calabria,Maschi e femmine,78,71358,2491,34.91040,70113,0.9620045,10.192
18,Calabria,Maschi e femmine,79,68867,2837,41.19230,67449,0.9561801,9.543
18,Calabria,Maschi e femmine,80,66030,3074,46.56041,64493,0.9510725,8.931
18,Calabria,Maschi e femmine,81,62956,3237,51.41019,61338,0.9457661,8.343
18,Calabria,Maschi e femmine,82,59719,3417,57.21068,58011,0.9391725,7.768
18,Calabria,Maschi e femmine,83,56303,3641,64.66383,54482,0.9309392,7.209
18,Calabria,Maschi e femmine,84,52662,3884,73.76185,50720,0.9210357,6.673
18,Calabria,Maschi e femmine,85,48778,4126,84.58114,46715,0.9087320,6.164
18,Calabria,Maschi e femmine,86,44652,4401,98.57272,42451,0.8951943,5.688
18,Calabria,Maschi e femmine,87,40250,4497,111.72036,38002,0.8818320,5.255
18,Calabria,Maschi e femmine,88,35754,4484,125.42647,33511,0.8668707,4.853
18,Calabria,Maschi e femmine,89,31269,4438,141.93684,29050,0.8508442,4.477
18,Calabria,Maschi e femmine,90,26831,4228,157.56880,24717,0.8355965,4.135
18,Calabria,Maschi e femmine,91,22603,3899,172.51648,20653,0.8171733,3.815
18,Calabria,Maschi e femmine,92,18704,3653,195.28652,16877,0.7954983,3.506
18,Calabria,Maschi e femmine,93,15051,3250,215.95329,13426,0.7756186,3.236
18,Calabria,Maschi e femmine,94,11801,2775,235.13079,10413,0.7521845,2.990
18,Calabria,Maschi e femmine,95,9026,2386,264.39967,7833,0.7271976,2.755
18,Calabria,Maschi e femmine,96,6640,1887,284.22542,5696,0.7074089,2.566
18,Calabria,Maschi e femmine,97,4752,1446,304.27873,4029,0.6873030,2.386
18,Calabria,Maschi e femmine,98,3306,1074,324.79710,2769,0.6653608,2.211
18,Calabria,Maschi e femmine,99,2232,780,349.21572,1843,0.6382593,2.033
18,Calabria,Maschi e femmine,100,1453,554,380.98671,1176,0.6034968,1.856
18,Calabria,Maschi e femmine,101,899,379,421.56972,710,0.5664789,1.691
18,Calabria,Maschi e femmine,102,520,236,454.18281,402,0.5341315,1.559
18,Calabria,Maschi e femmine,103,284,138,487.27813,215,0.5014387,1.440
18,Calabria,Maschi e femmine,104,146,76,520.56784,108,0.4686784,1.333
18,Calabria,Maschi e femmine,105,70,39,553.75171,50,0.4361340,1.237
18,Calabria,Maschi e femmine,106,31,18,586.53109,22,0.4040844,1.151
18,Calabria,Maschi e femmine,107,13,8,618.61271,9,0.3727973,1.075
18,Calabria,Maschi e femmine,108,5,3,649.72584,3,0.3425178,1.007
18,Calabria,Maschi e femmine,109,2,1,679.62586,1,0.3134653,0.946
18,Calabria,Maschi e femmine,110,1,0,708.09967,0,0.2858283,0.893
18,Calabria,Maschi e femmine,111,0,0,734.97325,0,0.2597597,0.846
18,Calabria,Maschi e femmine,112,0,0,760.11418,0,0.2353754,0.804
18,Calabria,Maschi e femmine,113,0,0,783.42717,0,0.2127581,0.768
18,Calabria,Maschi e femmine,114,0,0,804.85598,0,0.1919563,0.736
18,Calabria,Maschi e femmine,115,0,0,824.37906,0,0.1729877,0.708
18,Calabria,Maschi e femmine,116,0,0,842.00622,0,0.1558430,0.684
18,Calabria,Maschi e femmine,117,0,0,857.76980,0,0.1404922,0.663
18,Calabria,Maschi e femmine,118,0,0,871.72743,0,0.1268831,0.645
18,Calabria,Maschi e femmine,119,0,0,883.94937,0,0.1149511,0.630
18,Calabria,Maschi,0,100000,413,4.12547,99612,0.9997026,79.579
18,Calabria,Maschi,1,99587,11,0.10609,99582,0.9998866,78.907
18,Calabria,Maschi,2,99577,12,0.12079,99571,0.9998858,77.915
18,Calabria,Maschi,3,99565,11,0.10766,99560,0.9999042,76.925
18,Calabria,Maschi,4,99554,8,0.08384,99550,0.9999336,75.933
18,Calabria,Maschi,5,99546,5,0.04897,99543,0.9999542,74.939
18,Calabria,Maschi,6,99541,4,0.04266,99539,0.9999519,73.943
18,Calabria,Maschi,7,99537,5,0.05345,99534,0.9999349,72.946
18,Calabria,Maschi,8,99531,8,0.07683,99528,0.9999176,71.950
18,Calabria,Maschi,9,99524,9,0.08800,99519,0.9999074,70.955
18,Calabria,Maschi,10,99515,10,0.09718,99510,0.9998996,69.962
18,Calabria,Maschi,11,99505,10,0.10366,99500,0.9998907,68.968
18,Calabria,Maschi,12,99495,11,0.11485,99489,0.9998803,67.975
18,Calabria,Maschi,13,99484,12,0.12451,99477,0.9998687,66.983
18,Calabria,Maschi,14,99471,14,0.13812,99464,0.9998571,65.991
18,Calabria,Maschi,15,99457,15,0.14775,99450,0.9998377,65.000
18,Calabria,Maschi,16,99443,18,0.17680,99434,0.9997988,64.010
18,Calabria,Maschi,17,99425,22,0.22552,99414,0.9997469,63.021
18,Calabria,Maschi,18,99403,28,0.28067,99389,0.9997017,62.035
18,Calabria,Maschi,19,99375,31,0.31601,99359,0.9996779,61.053
18,Calabria,Maschi,20,99343,33,0.32828,99327,0.9996882,60.072
18,Calabria,Maschi,21,99311,29,0.29541,99296,0.9997083,59.091
18,Calabria,Maschi,22,99281,29,0.28805,99267,0.9996912,58.109
18,Calabria,Maschi,23,99253,33,0.32947,99237,0.9996247,57.125
18,Calabria,Maschi,24,99220,42,0.42117,99199,0.9995398,56.144
18,Calabria,Maschi,25,99178,50,0.49925,99154,0.9994821,55.167
18,Calabria,Maschi,26,99129,53,0.53664,99102,0.9994620,54.195
18,Calabria,Maschi,27,99076,53,0.53937,99049,0.9994690,53.223
18,Calabria,Maschi,28,99022,52,0.52261,98996,0.9994964,52.252
18,Calabria,Maschi,29,98970,48,0.48463,98946,0.9995212,51.279
18,Calabria,Maschi,30,98923,47,0.47289,98899,0.9995233,50.304
18,Calabria,Maschi,31,98876,48,0.48060,98852,0.9995014,49.327
18,Calabria,Maschi,32,98828,51,0.51657,98803,0.9994558,48.351
18,Calabria,Maschi,33,98777,56,0.57180,98749,0.9994052,47.375
18,Calabria,Maschi,34,98721,61,0.61789,98690,0.9993640,46.402
18,Calabria,Maschi,35,98660,65,0.65402,98627,0.9992939,45.431
18,Calabria,Maschi,36,98595,75,0.75822,98558,0.9991624,44.460
18,Calabria,Maschi,37,98520,90,0.91698,98475,0.9989993,43.493
18,Calabria,Maschi,38,98430,107,1.08443,98377,0.9988759,42.533
18,Calabria,Maschi,39,98323,114,1.16379,98266,0.9988254,41.578
18,Calabria,Maschi,40,98209,116,1.18552,98151,0.9987719,40.626
18,Calabria,Maschi,41,98092,125,1.27080,98030,0.9986521,39.674
18,Calabria,Maschi,42,97968,140,1.42503,97898,0.9984843,38.724
18,Calabria,Maschi,43,97828,157,1.60646,97750,0.9983045,37.778
18,Calabria,Maschi,44,97671,174,1.78463,97584,0.9981779,36.838
18,Calabria,Maschi,45,97497,181,1.85955,97406,0.9980883,35.903
18,Calabria,Maschi,46,97315,191,1.96385,97220,0.9979405,34.969
18,Calabria,Maschi,47,97124,209,2.15526,97020,0.9976804,34.037
18,Calabria,Maschi,48,96915,241,2.48434,96795,0.9973465,33.109
18,Calabria,Maschi,49,96674,273,2.82313,96538,0.9969753,32.191
18,Calabria,Maschi,50,96401,311,3.22682,96246,0.9965680,31.280
18,Calabria,Maschi,51,96090,350,3.63790,95915,0.9962598,30.380
18,Calabria,Maschi,52,95741,368,3.84295,95557,0.9960357,29.489
18,Calabria,Maschi,53,95373,390,4.08604,95178,0.9956224,28.601
18,Calabria,Maschi,54,94983,444,4.67040,94761,0.9951944,27.716
18,Calabria,Maschi,55,94539,467,4.94151,94306,0.9948963,26.844
18,Calabria,Maschi,56,94072,495,5.26660,93825,0.9945448,25.975
18,Calabria,Maschi,57,93577,528,5.64473,93313,0.9940833,25.110
18,Calabria,Maschi,58,93049,576,6.19021,92761,0.9933067,24.249
18,Calabria,Maschi,59,92473,666,7.19952,92140,0.9922338,23.397
18,Calabria,Maschi,60,91807,765,8.33707,91424,0.9914678,22.563
18,Calabria,Maschi,61,91041,795,8.72903,90644,0.9911136,21.749
18,Calabria,Maschi,62,90247,816,9.04520,89839,0.9908544,20.936
18,Calabria,Maschi,63,89430,827,9.24700,89017,0.9901746,20.123
18,Calabria,Maschi,64,88603,922,10.40923,88142,0.9888206,19.306
18,Calabria,Maschi,65,87681,1048,11.95762,87157,0.9874204,18.503
18,Calabria,Maschi,66,86633,1144,13.20906,86061,0.9861993,17.721
18,Calabria,Maschi,67,85488,1231,14.40033,84873,0.9851831,16.952
18,Calabria,Maschi,68,84257,1284,15.23954,83615,0.9839127,16.192
18,Calabria,Maschi,69,82973,1406,16.94827,82270,0.9819440,15.435
18,Calabria,Maschi,70,81567,1565,19.18285,80785,0.9796876,14.693
18,Calabria,Maschi,71,80002,1717,21.46406,79144,0.9771107,13.970
18,Calabria,Maschi,72,78285,1906,24.34572,77332,0.9740341,13.266
18,Calabria,Maschi,73,76379,2110,27.62660,75324,0.9714484,12.584
18,Calabria,Maschi,74,74269,2191,29.50294,73174,0.9688583,11.927
18,Calabria,Maschi,75,72078,2366,32.83030,70895,0.9659811,11.275
18,Calabria,Maschi,76,69712,2457,35.24783,68483,0.9633017,10.641
18,Calabria,Maschi,77,67254,2569,38.20186,65970,0.9597455,10.011
18,Calabria,Maschi,78,64685,2742,42.38865,63314,0.9540350,9.389
18,Calabria,Maschi,79,61943,3079,49.69959,60404,0.9472992,8.782
18,Calabria,Maschi,80,58865,3288,55.85889,57221,0.9413179,8.216
18,Calabria,Maschi,81,55577,3428,61.67242,53863,0.9346217,7.672
18,Calabria,Maschi,82,52149,3615,69.32784,50341,0.9264080,7.143
18,Calabria,Maschi,83,48534,3794,78.17386,46637,0.9179428,6.638
18,Calabria,Maschi,84,44740,3860,86.26977,42810,0.9086263,6.159
18,Calabria,Maschi,85,40880,3964,96.95953,38898,0.8960596,5.693
18,Calabria,Maschi,86,36916,4122,111.67083,34855,0.8826755,5.251
18,Calabria,Maschi,87,32794,4056,123.68879,30766,0.8698104,4.848
18,Calabria,Maschi,88,28738,3955,137.60788,26760,0.8518624,4.462
18,Calabria,Maschi,89,24783,3974,160.34752,22796,0.8308418,4.094
18,Calabria,Maschi,90,20809,3738,179.65142,18940,0.8113591,3.780
18,Calabria,Maschi,91,17071,3407,199.59897,15367,0.7884191,3.498
18,Calabria,Maschi,92,13663,3095,226.55084,12116,0.7661306,3.246
18,Calabria,Maschi,93,10568,2572,243.33153,9282,0.7508452,3.050
18,Calabria,Maschi,94,7996,2054,256.85065,6970,0.7347430,2.870
18,Calabria,Maschi,95,5943,1644,276.56889,5121,0.7167526,2.690
18,Calabria,Maschi,96,4299,1257,292.47911,3670,0.7005267,2.527
18,Calabria,Maschi,97,3042,941,309.35873,2571,0.6829273,2.365
18,Calabria,Maschi,98,2101,690,328.24197,1756,0.6626847,2.200
18,Calabria,Maschi,99,1411,495,350.82205,1164,0.6369901,2.030
18,Calabria,Maschi,100,916,350,381.78415,741,0.6035750,1.858
18,Calabria,Maschi,101,566,238,420.10729,447,0.5678362,1.696
18,Calabria,Maschi,102,328,149,452.95471,254,0.5352432,1.562
18,Calabria,Maschi,103,180,87,486.33113,136,0.5022594,1.442
18,Calabria,Maschi,104,92,48,519.95229,68,0.4691610,1.334
18,Calabria,Maschi,105,44,25,553.51751,32,0.4362315,1.237
18,Calabria,Maschi,106,20,12,586.72809,14,0.4037500,1.150
18,Calabria,Maschi,107,8,5,619.29027,6,0.3719846,1.072
18,Calabria,Maschi,108,3,2,650.93345,2,0.3411811,1.003
18,Calabria,Maschi,109,1,1,681.40908,1,0.3115610,0.942
18,Calabria,Maschi,110,0,0,710.50473,0,0.2833124,0.888
18,Calabria,Maschi,111,0,0,738.04493,0,0.2565887,0.840
18,Calabria,Maschi,112,0,0,763.89710,0,0.2315055,0.798
18,Calabria,Maschi,113,0,0,787.96635,0,0.2081442,0.760
18,Calabria,Maschi,114,0,0,810.19936,0,0.1865499,0.728
18,Calabria,Maschi,115,0,0,830.57719,0,0.1667371,0.699
18,Calabria,Maschi,116,0,0,849.11511,0,0.1486904,0.674
18,Calabria,Maschi,117,0,0,865.85348,0,0.1323720,0.652
18,Calabria,Maschi,118,0,0,880.85662,0,0.1177223,0.633
18,Calabria,Maschi,119,0,0,894.20471,0,0.1046677,0.617
18,Calabria,Femmine,0,100000,303,3.03166,99715,0.9997207,83.869
18,Calabria,Femmine,1,99697,20,0.19982,99687,0.9998403,83.123
18,Calabria,Femmine,2,99677,12,0.11949,99671,0.9999056,82.139
18,Calabria,Femmine,3,99665,7,0.06936,99662,0.9999441,81.149
18,Calabria,Femmine,4,99658,4,0.04237,99656,0.9999598,80.154
18,Calabria,Femmine,5,99654,4,0.03802,99652,0.9999571,79.158
18,Calabria,Femmine,6,99650,5,0.04775,99648,0.9999468,78.161
18,Calabria,Femmine,7,99645,6,0.05873,99642,0.9999326,77.164
18,Calabria,Femmine,8,99639,8,0.07601,99636,0.9999171,76.169
18,Calabria,Femmine,9,99632,9,0.08987,99627,0.9999039,75.175
18,Calabria,Femmine,10,99623,10,0.10228,99618,0.9998986,74.181
18,Calabria,Femmine,11,99613,10,0.10048,99608,0.9999023,73.189
18,Calabria,Femmine,12,99603,9,0.09484,99598,0.9999124,72.196
18,Calabria,Femmine,13,99593,8,0.08028,99589,0.9999224,71.203
18,Calabria,Femmine,14,99585,7,0.07496,99582,0.9999228,70.209
18,Calabria,Femmine,15,99578,8,0.07946,99574,0.9999119,69.214
18,Calabria,Femmine,16,99570,10,0.09669,99565,0.9998923,68.219
18,Calabria,Femmine,17,99560,12,0.11868,99554,0.9998683,67.226
18,Calabria,Femmine,18,99548,14,0.14473,99541,0.9998365,66.234
18,Calabria,Femmine,19,99534,18,0.18233,99525,0.9998037,65.243
18,Calabria,Femmine,20,99516,21,0.21019,99505,0.9997899,64.255
18,Calabria,Femmine,21,99495,21,0.20994,99485,0.9997982,63.269
18,Calabria,Femmine,22,99474,19,0.19363,99464,0.9998186,62.282
18,Calabria,Femmine,23,99455,17,0.16922,99446,0.9998344,61.294
18,Calabria,Femmine,24,99438,16,0.16197,99430,0.9998299,60.304
18,Calabria,Femmine,25,99422,18,0.17820,99413,0.9998157,59.314
18,Calabria,Femmine,26,99404,19,0.19040,99395,0.9998100,58.324
18,Calabria,Femmine,27,99385,19,0.18968,99376,0.9998070,57.335
18,Calabria,Femmine,28,99366,20,0.19641,99357,0.9998005,56.346
18,Calabria,Femmine,29,99347,20,0.20268,99337,0.9997809,55.357
18,Calabria,Femmine,30,99327,23,0.23549,99315,0.9997483,54.368
18,Calabria,Femmine,31,99303,27,0.26798,99290,0.9997097,53.381
18,Calabria,Femmine,32,99277,31,0.31254,99261,0.9996678,52.395
18,Calabria,Femmine,33,99246,35,0.35181,99228,0.9996265,51.411
18,Calabria,Femmine,34,99211,39,0.39526,99191,0.9996076,50.429
18,Calabria,Femmine,35,99172,39,0.38953,99152,0.9996064,49.449
18,Calabria,Femmine,36,99133,39,0.39770,99113,0.9995854,48.468
18,Calabria,Femmine,37,99094,43,0.43159,99072,0.9995306,47.487
18,Calabria,Femmine,38,99051,50,0.50728,99026,0.9994497,46.507
18,Calabria,Femmine,39,99001,59,0.59336,98971,0.9993687,45.531
18,Calabria,Femmine,40,98942,66,0.66934,98909,0.9993113,44.557
18,Calabria,Femmine,41,98876,70,0.70806,98841,0.9992484,43.587
18,Calabria,Femmine,42,98806,79,0.79520,98766,0.9991385,42.617
18,Calabria,Femmine,43,98727,92,0.92790,98681,0.9989908,41.651
18,Calabria,Femmine,44,98635,108,1.09059,98582,0.9988631,40.689
18,Calabria,Femmine,45,98528,117,1.18336,98470,0.9987795,39.733
18,Calabria,Femmine,46,98411,124,1.25772,98349,0.9986651,38.780
18,Calabria,Femmine,47,98287,139,1.41222,98218,0.9985021,37.828
18,Calabria,Femmine,48,98149,155,1.58361,98071,0.9983304,36.881
18,Calabria,Femmine,49,97993,172,1.75574,97907,0.9981612,35.938
18,Calabria,Femmine,50,97821,188,1.92196,97727,0.9980222,35.001
18,Calabria,Femmine,51,97633,199,2.03384,97534,0.9978950,34.067
18,Calabria,Femmine,52,97435,212,2.17630,97329,0.9976983,33.135
18,Calabria,Femmine,53,97223,236,2.42735,97105,0.9974796,32.207
18,Calabria,Femmine,54,96987,253,2.61359,96860,0.9972499,31.284
18,Calabria,Femmine,55,96733,279,2.88694,96593,0.9970339,30.364
18,Calabria,Femmine,56,96454,294,3.04544,96307,0.9969282,29.451
18,Calabria,Femmine,57,96160,298,3.09815,96011,0.9968167,28.539
18,Calabria,Femmine,58,95862,313,3.26875,95705,0.9966171,27.626
18,Calabria,Femmine,59,95549,334,3.49741,95382,0.9962478,26.715
18,Calabria,Femmine,60,95215,382,4.00792,95024,0.9957059,25.807
18,Calabria,Femmine,61,94833,434,4.58138,94616,0.9953240,24.909
18,Calabria,Femmine,62,94399,450,4.77112,94173,0.9952129,24.022
18,Calabria,Femmine,63,93948,451,4.80322,93723,0.9950387,23.134
18,Calabria,Femmine,64,93497,479,5.12010,93258,0.9942514,22.244
18,Calabria,Femmine,65,93018,593,6.38043,92721,0.9930307,21.356
18,Calabria,Femmine,66,92425,699,7.56193,92075,0.9920628,20.489
18,Calabria,Femmine,67,91726,763,8.31542,91344,0.9913632,19.642
18,Calabria,Femmine,68,90963,815,8.96093,90555,0.9909639,18.802
18,Calabria,Femmine,69,90148,821,9.11201,89737,0.9906976,17.968
18,Calabria,Femmine,70,89326,848,9.49452,88902,0.9895047,17.128
18,Calabria,Femmine,71,88478,1018,11.50575,87969,0.9877503,16.288
18,Calabria,Femmine,72,87460,1137,13.00224,86892,0.9860622,15.472
18,Calabria,Femmine,73,86323,1285,14.88571,85681,0.9841204,14.669
18,Calabria,Femmine,74,85038,1436,16.88856,84320,0.9822386,13.883
18,Calabria,Femmine,75,83602,1559,18.64933,82822,0.9803122,13.113
18,Calabria,Femmine,76,82043,1702,20.74594,81192,0.9773685,12.352
18,Calabria,Femmine,77,80341,1973,24.55691,79354,0.9735235,11.604
18,Calabria,Femmine,78,78368,2229,28.44438,77253,0.9688430,10.883
18,Calabria,Femmine,79,76139,2585,33.94896,74846,0.9636782,10.187
18,Calabria,Femmine,80,73554,2852,38.77799,72128,0.9591621,9.527
18,Calabria,Femmine,81,70702,3039,42.98095,69182,0.9548246,8.892
18,Calabria,Femmine,82,67663,3212,47.46842,66057,0.9493141,8.269
18,Calabria,Femmine,83,64451,3484,54.06378,62709,0.9410144,7.656
18,Calabria,Femmine,84,60967,3913,64.18867,59010,0.9304258,7.065
18,Calabria,Femmine,85,57053,4298,75.32907,54904,0.9180945,6.515
18,Calabria,Femmine,86,52755,4696,89.01768,50407,0.9042227,6.005
18,Calabria,Femmine,87,48059,4960,103.19747,45579,0.8902996,5.543
18,Calabria,Femmine,88,43100,5041,116.95155,40579,0.8771651,5.123
18,Calabria,Femmine,89,38059,4929,129.49755,35595,0.8641148,4.735
18,Calabria,Femmine,90,33131,4745,143.22304,30758,0.8510002,4.366
18,Calabria,Femmine,91,28385,4421,155.74215,26175,0.8345302,4.012
18,Calabria,Femmine,92,23965,4242,176.99201,21844,0.8122407,3.660
18,Calabria,Femmine,93,19723,3961,200.84222,17742,0.7889947,3.339
18,Calabria,Femmine,94,15762,3526,223.72244,13999,0.7611969,3.053
18,Calabria,Femmine,95,12236,3160,258.22992,10656,0.7324433,2.788
18,Calabria,Femmine,96,9076,2542,280.13047,7805,0.7108017,2.585
18,Calabria,Femmine,97,6534,1972,301.79479,5548,0.6894340,2.396
18,Calabria,Femmine,98,4562,1474,323.12859,3825,0.6666535,2.216
18,Calabria,Femmine,99,3088,1076,348.44233,2550,0.6388696,2.035
18,Calabria,Femmine,100,2012,766,380.60390,1629,0.6034587,1.855
18,Calabria,Femmine,101,1246,526,422.27189,983,0.5658264,1.688
18,Calabria,Femmine,102,720,327,454.77456,556,0.5335952,1.557
18,Calabria,Femmine,103,393,191,487.73584,297,0.5010416,1.439
18,Calabria,Femmine,104,201,105,520.86609,149,0.4684445,1.332
18,Calabria,Femmine,105,96,53,553.86536,70,0.4360867,1.237
18,Calabria,Femmine,106,43,25,586.43547,30,0.4042466,1.152
18,Calabria,Femmine,107,18,11,618.28421,12,0.3731909,1.076
18,Calabria,Femmine,108,7,4,649.14227,5,0.3431628,1.008
18,Calabria,Femmine,109,2,2,678.76909,2,0.3143782,0.948
18,Calabria,Femmine,110,1,1,706.95450,0,0.2870227,0.895
18,Calabria,Femmine,111,0,0,733.52957,0,0.2612443,0.848
18,Calabria,Femmine,112,0,0,758.36790,0,0.2371534,0.807
18,Calabria,Femmine,113,0,0,781.38169,0,0.2148256,0.771
18,Calabria,Femmine,114,0,0,802.52299,0,0.1943012,0.739
18,Calabria,Femmine,115,0,0,821.78084,0,0.1755879,0.712
18,Calabria,Femmine,116,0,0,839.17643,0,0.1586654,0.688
18,Calabria,Femmine,117,0,0,854.75428,0,0.1434915,0.667
18,Calabria,Femmine,118,0,0,868.58579,0,0.1300009,0.649
18,Calabria,Femmine,119,0,0,880.75352,0,0.1181168,0.634
19,Sicilia,Maschi e femmine,0,100000,305,3.05143,99713,0.9997223,81.362
19,Sicilia,Maschi e femmine,1,99695,19,0.19441,99685,0.9998353,80.610
19,Sicilia,Maschi e femmine,2,99675,13,0.13498,99669,0.9998811,79.625
19,Sicilia,Maschi e femmine,3,99662,10,0.10287,99657,0.9999044,78.636
19,Sicilia,Maschi e femmine,4,99652,9,0.08840,99647,0.9999103,77.644
19,Sicilia,Maschi e femmine,5,99643,9,0.09100,99638,0.9999073,76.651
19,Sicilia,Maschi e femmine,6,99634,9,0.09444,99629,0.9999074,75.658
19,Sicilia,Maschi e femmine,7,99624,9,0.09085,99620,0.9999121,74.665
19,Sicilia,Maschi e femmine,8,99615,8,0.08486,99611,0.9999160,73.672
19,Sicilia,Maschi e femmine,9,99607,8,0.08316,99603,0.9999136,72.678
19,Sicilia,Maschi e femmine,10,99599,9,0.08964,99594,0.9999040,71.684
19,Sicilia,Maschi e femmine,11,99590,10,0.10238,99585,0.9998884,70.690
19,Sicilia,Maschi e femmine,12,99580,12,0.12090,99574,0.9998706,69.697
19,Sicilia,Maschi e femmine,13,99568,14,0.13785,99561,0.9998538,68.706
19,Sicilia,Maschi e femmine,14,99554,15,0.15450,99546,0.9998374,67.715
19,Sicilia,Maschi e femmine,15,99538,17,0.17079,99530,0.9998173,66.726
19,Sicilia,Maschi e femmine,16,99521,19,0.19464,99512,0.9997933,65.737
19,Sicilia,Maschi e femmine,17,99502,22,0.21876,99491,0.9997708,64.750
19,Sicilia,Maschi e femmine,18,99480,24,0.23956,99468,0.9997533,63.764
19,Sicilia,Maschi e femmine,19,99456,25,0.25380,99444,0.9997390,62.779
19,Sicilia,Maschi e femmine,20,99431,27,0.26813,99418,0.9997273,61.795
19,Sicilia,Maschi e femmine,21,99405,28,0.27722,99391,0.9997171,60.811
19,Sicilia,Maschi e femmine,22,99377,29,0.28851,99363,0.9997097,59.828
19,Sicilia,Maschi e femmine,23,99348,29,0.29213,99334,0.9997037,58.845
19,Sicilia,Maschi e femmine,24,99319,30,0.30047,99304,0.9996969,57.862
19,Sicilia,Maschi e femmine,25,99289,30,0.30583,99274,0.9996890,56.879
19,Sicilia,Maschi e femmine,26,99259,31,0.31614,99243,0.9996660,55.896
19,Sicilia,Maschi e femmine,27,99228,35,0.35191,99210,0.9996288,54.914
19,Sicilia,Maschi e femmine,28,99193,39,0.39045,99173,0.9995981,53.933
19,Sicilia,Maschi e femmine,29,99154,41,0.41345,99134,0.9995670,52.954
19,Sicilia,Maschi e femmine,30,99113,45,0.45254,99091,0.9995449,51.976
19,Sicilia,Maschi e femmine,31,99068,45,0.45765,99046,0.9995429,50.999
19,Sicilia,Maschi e femmine,32,99023,45,0.45655,99000,0.9995456,50.022
19,Sicilia,Maschi e femmine,33,98978,45,0.45217,98955,0.9995438,49.045
19,Sicilia,Maschi e femmine,34,98933,46,0.46023,98910,0.9995209,48.067
19,Sicilia,Maschi e femmine,35,98887,49,0.49805,98863,0.9994545,47.089
19,Sicilia,Maschi e femmine,36,98838,59,0.59305,98809,0.9993719,46.112
19,Sicilia,Maschi e femmine,37,98780,66,0.66309,98747,0.9992996,45.139
19,Sicilia,Maschi e femmine,38,98714,73,0.73774,98678,0.9992360,44.168
19,Sicilia,Maschi e femmine,39,98641,78,0.79033,98602,0.9991731,43.201
19,Sicilia,Maschi e femmine,40,98563,85,0.86348,98521,0.9990998,42.234
19,Sicilia,Maschi e femmine,41,98478,92,0.93705,98432,0.9989951,41.271
19,Sicilia,Maschi e femmine,42,98386,106,1.07278,98333,0.9988397,40.309
19,Sicilia,Maschi e femmine,43,98280,123,1.24791,98219,0.9986550,39.351
19,Sicilia,Maschi e femmine,44,98158,142,1.44226,98087,0.9984869,38.400
19,Sicilia,Maschi e femmine,45,98016,155,1.58404,97938,0.9983497,37.455
19,Sicilia,Maschi e femmine,46,97861,168,1.71672,97777,0.9982515,36.513
19,Sicilia,Maschi e femmine,47,97693,174,1.78037,97606,0.9982068,35.575
19,Sicilia,Maschi e femmine,48,97519,176,1.80602,97431,0.9981273,34.638
19,Sicilia,Maschi e femmine,49,97343,189,1.93940,97248,0.9979452,33.700
19,Sicilia,Maschi e femmine,50,97154,211,2.17047,97049,0.9976951,32.764
19,Sicilia,Maschi e femmine,51,96943,236,2.43955,96825,0.9974177,31.834
19,Sicilia,Maschi e femmine,52,96707,264,2.72547,96575,0.9971412,30.911
19,Sicilia,Maschi e femmine,53,96443,289,2.99257,96299,0.9968382,29.994
19,Sicilia,Maschi e femmine,54,96154,320,3.33147,95994,0.9965171,29.083
19,Sicilia,Maschi e femmine,55,95834,348,3.63477,95660,0.9962129,28.178
19,Sicilia,Maschi e femmine,56,95486,376,3.93996,95298,0.9959083,27.279
19,Sicilia,Maschi e femmine,57,95110,404,4.24402,94908,0.9955916,26.385
19,Sicilia,Maschi e femmine,58,94706,433,4.57339,94489,0.9951994,25.495
19,Sicilia,Maschi e femmine,59,94273,474,5.02890,94036,0.9945395,24.610
19,Sicilia,Maschi e femmine,60,93799,553,5.89423,93522,0.9937628,23.732
19,Sicilia,Maschi e femmine,61,93246,614,6.58223,92939,0.9930931,22.870
19,Sicilia,Maschi e femmine,62,92632,670,7.23380,92297,0.9924073,22.018
19,Sicilia,Maschi e femmine,63,91962,731,7.95418,91596,0.9916096,21.175
19,Sicilia,Maschi e femmine,64,91230,806,8.83003,90828,0.9906704,20.341
19,Sicilia,Maschi e femmine,65,90425,889,9.83359,89980,0.9896772,19.517
19,Sicilia,Maschi e femmine,66,89536,969,10.81693,89051,0.9888941,18.706
19,Sicilia,Maschi e femmine,67,88567,1009,11.39801,88062,0.9881931,17.905
19,Sicilia,Maschi e femmine,68,87558,1070,12.22051,87023,0.9870438,17.106
19,Sicilia,Maschi e femmine,69,86488,1185,13.70107,85895,0.9855491,16.311
19,Sicilia,Maschi e femmine,70,85303,1298,15.21114,84654,0.9839166,15.531
19,Sicilia,Maschi e femmine,71,84005,1425,16.96916,83292,0.9820253,14.763
19,Sicilia,Maschi e femmine,72,82580,1569,18.99759,81795,0.9801170,14.009
19,Sicilia,Maschi e femmine,73,81011,1684,20.78559,80169,0.9783911,13.271
19,Sicilia,Maschi e femmine,74,79327,1781,22.44968,78437,0.9760949,12.542
19,Sicilia,Maschi e femmine,75,77546,1969,25.39386,76562,0.9731440,11.819
19,Sicilia,Maschi e femmine,76,75577,2143,28.35631,74505,0.9694555,11.114
19,Sicilia,Maschi e femmine,77,73434,2408,32.79664,72230,0.9646221,10.423
19,Sicilia,Maschi e femmine,78,71026,2702,38.04660,69674,0.9583317,9.760
19,Sicilia,Maschi e femmine,79,68323,3104,45.43319,66771,0.9512717,9.126
19,Sicilia,Maschi e femmine,80,65219,3403,52.18030,63518,0.9446888,8.537
19,Sicilia,Maschi e femmine,81,61816,3623,58.61449,60004,0.9393832,7.979
19,Sicilia,Maschi e femmine,82,58193,3651,62.74388,56367,0.9345524,7.445
19,Sicilia,Maschi e femmine,83,54541,3727,68.33238,52678,0.9277196,6.910
19,Sicilia,Maschi e femmine,84,50814,3888,76.51799,48870,0.9167359,6.380
19,Sicilia,Maschi e femmine,85,46926,4250,90.56915,44801,0.9019787,5.867
19,Sicilia,Maschi e femmine,86,42676,4533,106.21559,40410,0.8874471,5.402
19,Sicilia,Maschi e femmine,87,38143,4564,119.64340,35861,0.8740128,4.984
19,Sicilia,Maschi e femmine,88,33580,4473,133.19307,31343,0.8591679,4.593
19,Sicilia,Maschi e femmine,89,29107,4356,149.64504,26929,0.8430951,4.222
19,Sicilia,Maschi e femmine,90,24751,4095,165.44236,22704,0.8232629,3.877
19,Sicilia,Maschi e femmine,91,20656,3930,190.27094,18691,0.7981585,3.547
19,Sicilia,Maschi e femmine,92,16726,3615,216.13085,14919,0.7752679,3.263
19,Sicilia,Maschi e femmine,93,13111,3090,235.70487,11566,0.7540303,3.025
19,Sicilia,Maschi e femmine,94,10021,2599,259.40011,8721,0.7298437,2.804
19,Sicilia,Maschi e femmine,95,7421,2113,284.67981,6365,0.7110346,2.610
19,Sicilia,Maschi e femmine,96,5309,1566,294.95654,4526,0.6956726,2.450
19,Sicilia,Maschi e femmine,97,3743,1189,317.61869,3148,0.6715282,2.266
19,Sicilia,Maschi e femmine,98,2554,880,344.37649,2114,0.6439265,2.088
19,Sicilia,Maschi e femmine,99,1674,626,373.91451,1361,0.6140587,1.922
19,Sicilia,Maschi e femmine,100,1048,425,405.15087,836,0.5837548,1.772
19,Sicilia,Maschi e femmine,101,624,271,434.89581,488,0.5534953,1.638
19,Sicilia,Maschi e femmine,102,352,165,467.04768,270,0.5216642,1.513
19,Sicilia,Maschi e femmine,103,188,94,499.51618,141,0.4896414,1.401
19,Sicilia,Maschi e femmine,104,94,50,532.02262,69,0.4576927,1.300
19,Sicilia,Maschi e femmine,105,44,25,564.28413,32,0.4260825,1.210
19,Sicilia,Maschi e femmine,106,19,11,596.02694,13,0.3950642,1.129
19,Sicilia,Maschi e femmine,107,8,5,626.98906,5,0.3648753,1.057
19,Sicilia,Maschi e femmine,108,3,2,656.93551,2,0.3357270,0.992
19,Sicilia,Maschi e femmine,109,1,1,685.66091,1,0.3078031,0.935
19,Sicilia,Maschi e femmine,110,0,0,712.98953,0,0.2812586,0.884
19,Sicilia,Maschi e femmine,111,0,0,738.78208,0,0.2562155,0.840
19,Sicilia,Maschi e femmine,112,0,0,762.93494,0,0.2327649,0.800
19,Sicilia,Maschi e femmine,113,0,0,785.37433,0,0.2109710,0.765
19,Sicilia,Maschi e femmine,114,0,0,806.05713,0,0.1908709,0.734
19,Sicilia,Maschi e femmine,115,0,0,824.96849,0,0.1724768,0.707
19,Sicilia,Maschi e femmine,116,0,0,842.11886,0,0.1557788,0.684
19,Sicilia,Maschi e femmine,117,0,0,857.53739,0,0.1407492,0.663
19,Sicilia,Maschi e femmine,118,0,0,871.27816,0,0.1273387,0.646
19,Sicilia,Maschi e femmine,119,0,0,883.40667,0,0.1154864,0.630
19,Sicilia,Maschi,0,100000,334,3.33706,99686,0.9996894,79.441
19,Sicilia,Maschi,1,99666,23,0.22631,99655,0.9998008,78.705
19,Sicilia,Maschi,2,99644,17,0.17200,99635,0.9998456,77.723
19,Sicilia,Maschi,3,99627,14,0.13671,99620,0.9998745,76.736
19,Sicilia,Maschi,4,99613,11,0.11429,99607,0.9998914,75.746
19,Sicilia,Maschi,5,99602,10,0.10300,99596,0.9999003,74.755
19,Sicilia,Maschi,6,99591,10,0.09646,99587,0.9999070,73.763
19,Sicilia,Maschi,7,99582,9,0.08959,99577,0.9999141,72.770
19,Sicilia,Maschi,8,99573,8,0.08228,99569,0.9999177,71.776
19,Sicilia,Maschi,9,99565,8,0.08232,99561,0.9999134,70.782
19,Sicilia,Maschi,10,99556,9,0.09088,99552,0.9999033,69.788
19,Sicilia,Maschi,11,99547,10,0.10258,99542,0.9998896,68.794
19,Sicilia,Maschi,12,99537,12,0.11827,99531,0.9998724,67.801
19,Sicilia,Maschi,13,99525,14,0.13687,99519,0.9998475,66.809
19,Sicilia,Maschi,14,99512,17,0.16807,99503,0.9998118,65.818
19,Sicilia,Maschi,15,99495,21,0.20827,99485,0.9997645,64.829
19,Sicilia,Maschi,16,99474,26,0.26275,99461,0.9997156,63.843
19,Sicilia,Maschi,17,99448,30,0.30602,99433,0.9996804,62.859
19,Sicilia,Maschi,18,99418,33,0.33328,99401,0.9996575,61.878
19,Sicilia,Maschi,19,99385,35,0.35168,99367,0.9996338,60.899
19,Sicilia,Maschi,20,99350,38,0.38073,99331,0.9996063,59.920
19,Sicilia,Maschi,21,99312,40,0.40668,99292,0.9995766,58.943
19,Sicilia,Maschi,22,99271,44,0.44014,99250,0.9995537,57.966
19,Sicilia,Maschi,23,99228,45,0.45252,99205,0.9995427,56.992
19,Sicilia,Maschi,24,99183,46,0.46210,99160,0.9995388,56.017
19,Sicilia,Maschi,25,99137,46,0.46031,99114,0.9995344,55.043
19,Sicilia,Maschi,26,99091,47,0.47094,99068,0.9995003,54.068
19,Sicilia,Maschi,27,99045,52,0.52853,99019,0.9994468,53.093
19,Sicilia,Maschi,28,98992,57,0.57787,98964,0.9994174,52.121
19,Sicilia,Maschi,29,98935,58,0.58727,98906,0.9993951,51.151
19,Sicilia,Maschi,30,98877,62,0.62252,98846,0.9993817,50.181
19,Sicilia,Maschi,31,98816,61,0.61414,98785,0.9993857,49.212
19,Sicilia,Maschi,32,98755,61,0.61443,98724,0.9993829,48.242
19,Sicilia,Maschi,33,98694,61,0.61986,98664,0.9993824,47.271
19,Sicilia,Maschi,34,98633,61,0.61542,98603,0.9993749,46.300
19,Sicilia,Maschi,35,98572,63,0.63482,98541,0.9993214,45.328
19,Sicilia,Maschi,36,98510,71,0.72233,98474,0.9992473,44.357
19,Sicilia,Maschi,37,98439,77,0.78317,98400,0.9991823,43.388
19,Sicilia,Maschi,38,98361,84,0.85217,98320,0.9991313,42.422
19,Sicilia,Maschi,39,98278,87,0.88534,98234,0.9990675,41.458
19,Sicilia,Maschi,40,98191,96,0.97980,98143,0.9989654,40.494
19,Sicilia,Maschi,41,98094,107,1.08955,98041,0.9988176,39.533
19,Sicilia,Maschi,42,97988,125,1.27534,97925,0.9986161,38.576
19,Sicilia,Maschi,43,97863,146,1.49264,97790,0.9983686,37.624
19,Sicilia,Maschi,44,97716,173,1.77027,97630,0.9981480,36.680
19,Sicilia,Maschi,45,97544,189,1.93393,97449,0.9979785,35.744
19,Sicilia,Maschi,46,97355,205,2.10916,97252,0.9978193,34.812
19,Sicilia,Maschi,47,97150,219,2.25245,97040,0.9977192,33.885
19,Sicilia,Maschi,48,96931,224,2.30915,96819,0.9975979,32.960
19,Sicilia,Maschi,49,96707,241,2.49536,96586,0.9973582,32.035
19,Sicilia,Maschi,50,96466,269,2.78866,96331,0.9970822,31.114
19,Sicilia,Maschi,51,96197,293,3.04725,96050,0.9967914,30.200
19,Sicilia,Maschi,52,95903,323,3.37044,95742,0.9964554,29.291
19,Sicilia,Maschi,53,95580,355,3.71929,95402,0.9961493,28.388
19,Sicilia,Maschi,54,95225,379,3.98257,95035,0.9958548,27.492
19,Sicilia,Maschi,55,94845,409,4.30853,94641,0.9955027,26.600
19,Sicilia,Maschi,56,94437,443,4.68698,94215,0.9950873,25.713
19,Sicilia,Maschi,57,93994,483,5.13948,93753,0.9945249,24.832
19,Sicilia,Maschi,58,93511,544,5.81255,93239,0.9938114,23.958
19,Sicilia,Maschi,59,92968,611,6.56688,92662,0.9928770,23.095
19,Sicilia,Maschi,60,92357,710,7.68276,92002,0.9919080,22.244
19,Sicilia,Maschi,61,91647,779,8.50433,91258,0.9912101,21.412
19,Sicilia,Maschi,62,90868,825,9.07781,90456,0.9906144,20.592
19,Sicilia,Maschi,63,90043,873,9.69613,89607,0.9897762,19.776
19,Sicilia,Maschi,64,89170,959,10.75674,88691,0.9885794,18.965
19,Sicilia,Maschi,65,88211,1067,12.09170,87678,0.9872010,18.165
19,Sicilia,Maschi,66,87144,1178,13.51494,86555,0.9860330,17.382
19,Sicilia,Maschi,67,85967,1240,14.42524,85347,0.9849703,16.613
19,Sicilia,Maschi,68,84726,1325,15.64308,84064,0.9834717,15.849
19,Sicilia,Maschi,69,83401,1453,17.42768,82674,0.9814935,15.093
19,Sicilia,Maschi,70,81948,1607,19.60452,81144,0.9790777,14.351
19,Sicilia,Maschi,71,80341,1789,22.26652,79447,0.9765477,13.628
19,Sicilia,Maschi,72,78552,1937,24.66500,77583,0.9744728,12.927
19,Sicilia,Maschi,73,76615,2023,26.41127,75603,0.9727349,12.242
19,Sicilia,Maschi,74,74591,2099,28.14219,73542,0.9703266,11.560
19,Sicilia,Maschi,75,72492,2265,31.24890,71359,0.9669035,10.880
19,Sicilia,Maschi,76,70227,2458,35.00367,68998,0.9620511,10.215
19,Sicilia,Maschi,77,67769,2779,41.00103,66379,0.9560963,9.568
19,Sicilia,Maschi,78,64990,3050,46.93052,63465,0.9492740,8.955
19,Sicilia,Maschi,79,61940,3389,54.70843,60246,0.9418690,8.372
19,Sicilia,Maschi,80,58551,3616,61.75166,56743,0.9347096,7.827
19,Sicilia,Maschi,81,54936,3794,69.06208,53039,0.9285425,7.310
19,Sicilia,Maschi,82,51142,3786,74.03054,49249,0.9227372,6.815
19,Sicilia,Maschi,83,47356,3824,80.75344,45444,0.9153752,6.320
19,Sicilia,Maschi,84,43532,3867,88.83625,41598,0.9040682,5.831
19,Sicilia,Maschi,85,39664,4114,103.71914,37607,0.8885159,5.350
19,Sicilia,Maschi,86,35550,4271,120.14772,33415,0.8730056,4.912
19,Sicilia,Maschi,87,31279,4216,134.77596,29171,0.8577840,4.514
19,Sicilia,Maschi,88,27063,4082,150.81498,25023,0.8394477,4.140
19,Sicilia,Maschi,89,22982,3953,172.01903,21005,0.8196839,3.786
19,Sicilia,Maschi,90,19029,3622,190.33703,17218,0.7987412,3.469
19,Sicilia,Maschi,91,15407,3309,214.74816,13752,0.7708940,3.166
19,Sicilia,Maschi,92,12098,2993,247.39041,10602,0.7448395,2.896
19,Sicilia,Maschi,93,9105,2417,265.48473,7897,0.7219429,2.683
19,Sicilia,Maschi,94,6688,1974,295.17375,5701,0.6897510,2.472
19,Sicilia,Maschi,95,4714,1563,331.63773,3932,0.6660304,2.298
19,Sicilia,Maschi,96,3151,1063,337.45843,2619,0.6548590,2.190
19,Sicilia,Maschi,97,2087,745,356.73652,1715,0.6351192,2.051
19,Sicilia,Maschi,98,1343,507,377.54158,1089,0.6132287,1.912
19,Sicilia,Maschi,99,836,336,401.59928,668,0.5861328,1.768
19,Sicilia,Maschi,100,500,217,434.36849,392,0.5510439,1.619
19,Sicilia,Maschi,101,283,134,474.74596,216,0.5133602,1.479
19,Sicilia,Maschi,102,149,76,509.28373,111,0.4792709,1.364
19,Sicilia,Maschi,103,73,40,544.05282,53,0.4450874,1.260
19,Sicilia,Maschi,104,33,19,578.73061,24,0.4111169,1.168
19,Sicilia,Maschi,105,14,9,612.98280,10,0.3776694,1.085
19,Sicilia,Maschi,106,5,4,646.48399,4,0.3450441,1.011
19,Sicilia,Maschi,107,2,1,678.92080,1,0.3135228,0.946
19,Sicilia,Maschi,108,1,0,710.01155,0,0.2833585,0.888
19,Sicilia,Maschi,109,0,0,739.50432,0,0.2547738,0.836
19,Sicilia,Maschi,110,0,0,767.19142,0,0.2279519,0.792
19,Sicilia,Maschi,111,0,0,792.90933,0,0.2030359,0.752
19,Sicilia,Maschi,112,0,0,816.54393,0,0.1801263,0.718
19,Sicilia,Maschi,113,0,0,838.02376,0,0.1592860,0.688
19,Sicilia,Maschi,114,0,0,857.32310,0,0.1405380,0.663
19,Sicilia,Maschi,115,0,0,874.45324,0,0.1238727,0.641
19,Sicilia,Maschi,116,0,0,889.46145,0,0.1092487,0.622
19,Sicilia,Maschi,117,0,0,902.42046,0,0.0966010,0.607
19,Sicilia,Maschi,118,0,0,913.42674,0,0.0858431,0.594
19,Sicilia,Maschi,119,0,0,922.59143,0,0.0768736,0.583
19,Sicilia,Femmine,0,100000,275,2.75026,99741,0.9997569,83.378
19,Sicilia,Femmine,1,99725,16,0.16078,99717,0.9998716,82.606
19,Sicilia,Femmine,2,99709,10,0.09595,99704,0.9999184,81.620
19,Sicilia,Femmine,3,99699,7,0.06718,99696,0.9999358,80.627
19,Sicilia,Femmine,4,99693,6,0.06112,99690,0.9999303,79.633
19,Sicilia,Femmine,5,99687,8,0.07835,99683,0.9999147,78.638
19,Sicilia,Femmine,6,99679,9,0.09231,99674,0.9999078,77.644
19,Sicilia,Femmine,7,99670,9,0.09219,99665,0.9999101,76.651
19,Sicilia,Femmine,8,99660,9,0.08758,99656,0.9999142,75.658
19,Sicilia,Femmine,9,99652,8,0.08403,99647,0.9999138,74.664
19,Sicilia,Femmine,10,99643,9,0.08833,99639,0.9999047,73.671
19,Sicilia,Femmine,11,99634,10,0.10217,99629,0.9998871,72.677
19,Sicilia,Femmine,12,99624,12,0.12368,99618,0.9998687,71.685
19,Sicilia,Femmine,13,99612,14,0.13888,99605,0.9998605,70.693
19,Sicilia,Femmine,14,99598,14,0.14019,99591,0.9998643,69.703
19,Sicilia,Femmine,15,99584,13,0.13129,99578,0.9998729,68.713
19,Sicilia,Femmine,16,99571,12,0.12285,99565,0.9998752,67.722
19,Sicilia,Femmine,17,99559,13,0.12681,99553,0.9998662,66.730
19,Sicilia,Femmine,18,99546,14,0.14082,99539,0.9998542,65.738
19,Sicilia,Femmine,19,99532,15,0.15070,99525,0.9998499,64.748
19,Sicilia,Femmine,20,99517,15,0.14955,99510,0.9998548,63.757
19,Sicilia,Femmine,21,99502,14,0.14093,99495,0.9998651,62.767
19,Sicilia,Femmine,22,99488,13,0.12892,99482,0.9998739,61.776
19,Sicilia,Femmine,23,99475,12,0.12336,99469,0.9998731,60.783
19,Sicilia,Femmine,24,99463,13,0.13045,99457,0.9998631,59.791
19,Sicilia,Femmine,25,99450,14,0.14338,99443,0.9998516,58.799
19,Sicilia,Femmine,26,99436,15,0.15341,99428,0.9998401,57.807
19,Sicilia,Femmine,27,99421,17,0.16631,99412,0.9998201,56.816
19,Sicilia,Femmine,28,99404,19,0.19357,99395,0.9997877,55.825
19,Sicilia,Femmine,29,99385,23,0.23094,99373,0.9997475,54.836
19,Sicilia,Femmine,30,99362,27,0.27411,99348,0.9997162,53.848
19,Sicilia,Femmine,31,99335,29,0.29344,99320,0.9997078,52.863
19,Sicilia,Femmine,32,99306,29,0.29093,99291,0.9997164,51.878
19,Sicilia,Femmine,33,99277,27,0.27632,99263,0.9997131,50.893
19,Sicilia,Femmine,34,99249,30,0.29756,99235,0.9996739,49.907
19,Sicilia,Femmine,35,99220,35,0.35472,99202,0.9995938,48.922
19,Sicilia,Femmine,36,99185,45,0.45760,99162,0.9995025,47.939
19,Sicilia,Femmine,37,99139,53,0.53732,99113,0.9994224,46.961
19,Sicilia,Femmine,38,99086,61,0.61792,99055,0.9993456,45.986
19,Sicilia,Femmine,39,99025,68,0.69087,98990,0.9992837,45.014
19,Sicilia,Femmine,40,98956,73,0.74172,98920,0.9992404,44.045
19,Sicilia,Femmine,41,98883,77,0.77747,98844,0.9991808,43.077
19,Sicilia,Femmine,42,98806,85,0.86089,98763,0.9990736,42.110
19,Sicilia,Femmine,43,98721,98,0.99202,98672,0.9989543,41.146
19,Sicilia,Femmine,44,98623,108,1.09950,98569,0.9988409,40.186
19,Sicilia,Femmine,45,98515,120,1.21868,98455,0.9987371,39.230
19,Sicilia,Femmine,46,98395,129,1.30724,98330,0.9987023,38.277
19,Sicilia,Femmine,47,98266,127,1.28822,98203,0.9987149,37.327
19,Sicilia,Femmine,48,98139,126,1.28202,98076,0.9986785,36.374
19,Sicilia,Femmine,49,98013,133,1.36102,97947,0.9985555,35.420
19,Sicilia,Femmine,50,97880,150,1.52810,97805,0.9983316,34.468
19,Sicilia,Femmine,51,97731,177,1.80889,97642,0.9980672,33.520
19,Sicilia,Femmine,52,97554,201,2.05698,97453,0.9978514,32.580
19,Sicilia,Femmine,53,97353,218,2.24041,97244,0.9975508,31.646
19,Sicilia,Femmine,54,97135,258,2.65850,97006,0.9972013,30.716
19,Sicilia,Femmine,55,96877,285,2.93933,96734,0.9969455,29.796
19,Sicilia,Femmine,56,96592,306,3.17003,96439,0.9967538,28.883
19,Sicilia,Femmine,57,96286,320,3.32264,96126,0.9966881,27.973
19,Sicilia,Femmine,58,95966,317,3.30112,95807,0.9966224,27.065
19,Sicilia,Femmine,59,95649,330,3.45428,95484,0.9962388,26.153
19,Sicilia,Femmine,60,95319,388,4.06926,95125,0.9956518,25.241
19,Sicilia,Femmine,61,94931,439,4.62836,94711,0.9950035,24.343
19,Sicilia,Femmine,62,94491,507,5.36645,94238,0.9942196,23.453
19,Sicilia,Femmine,63,93984,582,6.19658,93693,0.9934562,22.577
19,Sicilia,Femmine,64,93402,644,6.89320,93080,0.9927680,21.715
19,Sicilia,Femmine,65,92758,702,7.57321,92407,0.9921496,20.862
19,Sicilia,Femmine,66,92056,748,8.12968,91681,0.9917356,20.018
19,Sicilia,Femmine,67,91307,767,8.40018,90924,0.9913743,19.178
19,Sicilia,Femmine,68,90540,802,8.85309,90139,0.9905458,18.336
19,Sicilia,Femmine,69,89739,903,10.06068,89287,0.9894949,17.495
19,Sicilia,Femmine,70,88836,973,10.95412,88349,0.9885827,16.668
19,Sicilia,Femmine,71,87863,1044,11.88556,87341,0.9872535,15.847
19,Sicilia,Femmine,72,86818,1182,13.61785,86227,0.9854451,15.031
19,Sicilia,Femmine,73,85636,1328,15.50493,84972,0.9836712,14.232
19,Sicilia,Femmine,74,84308,1447,17.16569,83585,0.9814193,13.448
19,Sicilia,Femmine,75,82861,1659,20.02042,82032,0.9788364,12.674
19,Sicilia,Femmine,76,81202,1813,22.33011,80296,0.9761196,11.923
19,Sicilia,Femmine,77,79389,2022,25.46610,78378,0.9721776,11.184
19,Sicilia,Femmine,78,77367,2340,30.24019,76197,0.9662221,10.463
19,Sicilia,Femmine,79,75028,2808,37.42590,73624,0.9593166,9.774
19,Sicilia,Femmine,80,72220,3183,44.06764,70628,0.9530674,9.135
19,Sicilia,Femmine,81,69037,3447,49.92972,67314,0.9483030,8.533
19,Sicilia,Femmine,82,65590,3513,53.55713,63834,0.9440634,7.955
19,Sicilia,Femmine,83,62077,3628,58.45066,60263,0.9374283,7.377
19,Sicilia,Femmine,84,58449,3913,66.94860,56492,0.9264618,6.804
19,Sicilia,Femmine,85,54536,4396,80.60055,52338,0.9120582,6.256
19,Sicilia,Femmine,86,50140,4810,95.92669,47735,0.8979711,5.760
19,Sicilia,Femmine,87,45330,4931,108.77868,42865,0.8854918,5.319
19,Sicilia,Femmine,88,40399,4886,120.93697,37957,0.8726358,4.907
19,Sicilia,Femmine,89,35514,4783,134.67568,33122,0.8584295,4.513
19,Sicilia,Femmine,90,30731,4595,149.53831,28433,0.8385866,4.137
19,Sicilia,Femmine,91,26135,4584,175.37657,23844,0.8143428,3.777
19,Sicilia,Femmine,92,21552,4270,198.12432,19417,0.7923279,3.474
19,Sicilia,Femmine,93,17282,3795,219.57884,15385,0.7709180,3.209
19,Sicilia,Femmine,94,13487,3254,241.25905,11860,0.7494633,2.971
19,Sicilia,Femmine,95,10233,2689,262.76437,8889,0.7312412,2.757
19,Sicilia,Femmine,96,7544,2089,276.88967,6500,0.7124325,2.561
19,Sicilia,Femmine,97,5455,1649,302.33411,4631,0.6853236,2.350
19,Sicilia,Femmine,98,3806,1265,332.36713,3174,0.6547584,2.152
19,Sicilia,Femmine,99,2541,926,364.52547,2078,0.6233098,1.974
19,Sicilia,Femmine,100,1615,639,395.83299,1295,0.5938961,1.820
19,Sicilia,Femmine,101,976,413,423.10407,769,0.5649740,1.684
19,Sicilia,Femmine,102,563,256,455.69169,435,0.5326594,1.553
19,Sicilia,Femmine,103,306,150,488.74185,231,0.5000190,1.435
19,Sicilia,Femmine,104,157,82,521.96436,116,0.4673321,1.329
19,Sicilia,Femmine,105,75,42,555.05866,54,0.4348821,1.233
19,Sicilia,Femmine,106,33,20,587.72588,24,0.4029480,1.148
19,Sicilia,Femmine,107,14,9,619.67311,9,0.3717971,1.072
19,Sicilia,Femmine,108,5,3,650.63031,4,0.3416733,1.005
19,Sicilia,Femmine,109,2,1,680.35624,1,0.3127929,0.945
19,Sicilia,Femmine,110,1,0,708.64004,0,0.2853421,0.892
19,Sicilia,Femmine,111,0,0,735.31218,0,0.2594695,0.845
19,Sicilia,Femmine,112,0,0,760.24573,0,0.2352857,0.804
19,Sicilia,Femmine,113,0,0,783.35241,0,0.2128669,0.768
19,Sicilia,Femmine,114,0,0,804.58391,0,0.1922537,0.736
19,Sicilia,Femmine,115,0,0,823.92898,0,0.1734541,0.709
19,Sicilia,Femmine,116,0,0,841.40862,0,0.1564480,0.685
19,Sicilia,Femmine,117,0,0,857.06720,0,0.1411934,0.664
19,Sicilia,Femmine,118,0,0,870.97606,0,0.1276250,0.646
19,Sicilia,Femmine,119,0,0,883.21777,0,0.1156660,0.630
20,Sardegna,Maschi e femmine,0,100000,203,2.03398,99809,0.9997802,82.021
20,Sardegna,Maschi e femmine,1,99797,20,0.19906,99787,0.9998263,81.187
20,Sardegna,Maschi e femmine,2,99777,15,0.14829,99769,0.9998704,80.203
20,Sardegna,Maschi e femmine,3,99762,11,0.11086,99756,0.9999029,79.215
20,Sardegna,Maschi e femmine,4,99751,8,0.08332,99747,0.9999260,78.224
20,Sardegna,Maschi e femmine,5,99743,6,0.06478,99739,0.9999428,77.230
20,Sardegna,Maschi e femmine,6,99736,5,0.04962,99734,0.9999540,76.235
20,Sardegna,Maschi e femmine,7,99731,4,0.04234,99729,0.9999545,75.239
20,Sardegna,Maschi e femmine,8,99727,5,0.04864,99725,0.9999452,74.242
20,Sardegna,Maschi e femmine,9,99722,6,0.06104,99719,0.9999332,73.246
20,Sardegna,Maschi e femmine,10,99716,7,0.07262,99712,0.9999222,72.250
20,Sardegna,Maschi e femmine,11,99709,8,0.08292,99705,0.9999122,71.256
20,Sardegna,Maschi e femmine,12,99700,9,0.09266,99696,0.9998998,70.261
20,Sardegna,Maschi e femmine,13,99691,11,0.10777,99686,0.9998795,69.268
20,Sardegna,Maschi e femmine,14,99681,13,0.13317,99674,0.9998495,68.275
20,Sardegna,Maschi e femmine,15,99667,17,0.16777,99659,0.9998082,67.284
20,Sardegna,Maschi e femmine,16,99651,22,0.21579,99640,0.9997527,66.296
20,Sardegna,Maschi e femmine,17,99629,28,0.27883,99615,0.9996931,65.310
20,Sardegna,Maschi e femmine,18,99601,33,0.33507,99585,0.9996540,64.328
20,Sardegna,Maschi e femmine,19,99568,36,0.35698,99550,0.9996487,63.349
20,Sardegna,Maschi e femmine,20,99532,34,0.34567,99515,0.9996636,62.372
20,Sardegna,Maschi e femmine,21,99498,33,0.32718,99482,0.9996686,61.393
20,Sardegna,Maschi e femmine,22,99465,33,0.33566,99449,0.9996481,60.413
20,Sardegna,Maschi e femmine,23,99432,37,0.36817,99414,0.9996171,59.433
20,Sardegna,Maschi e femmine,24,99395,40,0.39768,99376,0.9995974,58.455
20,Sardegna,Maschi e femmine,25,99356,40,0.40747,99336,0.9996047,57.478
20,Sardegna,Maschi e femmine,26,99315,38,0.38314,99296,0.9996241,56.501
20,Sardegna,Maschi e femmine,27,99277,37,0.36863,99259,0.9996253,55.523
20,Sardegna,Maschi e femmine,28,99241,38,0.38079,99222,0.9996055,54.543
20,Sardegna,Maschi e femmine,29,99203,40,0.40819,99183,0.9995808,53.563
20,Sardegna,Maschi e femmine,30,99162,43,0.43031,99141,0.9995563,52.585
20,Sardegna,Maschi e femmine,31,99120,45,0.45703,99097,0.9995287,51.607
20,Sardegna,Maschi e femmine,32,99074,48,0.48550,99050,0.9994754,50.631
20,Sardegna,Maschi e femmine,33,99026,56,0.56380,98998,0.9994064,49.655
20,Sardegna,Maschi e femmine,34,98971,62,0.62345,98940,0.9993618,48.683
20,Sardegna,Maschi e femmine,35,98909,65,0.65303,98877,0.9993293,47.713
20,Sardegna,Maschi e femmine,36,98844,68,0.68836,98810,0.9992927,46.744
20,Sardegna,Maschi e femmine,37,98776,72,0.72621,98740,0.9992418,45.776
20,Sardegna,Maschi e femmine,38,98704,78,0.79025,98665,0.9991691,44.809
20,Sardegna,Maschi e femmine,39,98626,86,0.87151,98583,0.9990647,43.844
20,Sardegna,Maschi e femmine,40,98540,98,0.99912,98491,0.9989467,42.881
20,Sardegna,Maschi e femmine,41,98442,109,1.10757,98388,0.9988524,41.924
20,Sardegna,Maschi e femmine,42,98333,117,1.18762,98275,0.9988007,40.970
20,Sardegna,Maschi e femmine,43,98216,119,1.21103,98157,0.9987336,40.018
20,Sardegna,Maschi e femmine,44,98097,130,1.32185,98032,0.9986009,39.066
20,Sardegna,Maschi e femmine,45,97968,145,1.47655,97895,0.9984361,38.117
20,Sardegna,Maschi e femmine,46,97823,162,1.65138,97742,0.9982706,37.172
20,Sardegna,Maschi e femmine,47,97661,177,1.80754,97573,0.9981575,36.233
20,Sardegna,Maschi e femmine,48,97485,183,1.87743,97393,0.9980715,35.298
20,Sardegna,Maschi e femmine,49,97302,193,1.97975,97206,0.9979154,34.363
20,Sardegna,Maschi e femmine,50,97109,213,2.18964,97003,0.9976529,33.430
20,Sardegna,Maschi e femmine,51,96897,243,2.50492,96775,0.9973150,32.503
20,Sardegna,Maschi e femmine,52,96654,277,2.86562,96515,0.9969366,31.583
20,Sardegna,Maschi e femmine,53,96377,314,3.26181,96220,0.9965341,30.672
20,Sardegna,Maschi e femmine,54,96063,353,3.67075,95886,0.9961325,29.771
20,Sardegna,Maschi e femmine,55,95710,389,4.06489,95515,0.9957431,28.879
20,Sardegna,Maschi e femmine,56,95321,424,4.44969,95109,0.9953783,27.995
20,Sardegna,Maschi e femmine,57,94897,455,4.79448,94669,0.9950650,27.118
20,Sardegna,Maschi e femmine,58,94442,479,5.07614,94202,0.9948227,26.246
20,Sardegna,Maschi e femmine,59,93962,496,5.27907,93714,0.9945206,25.377
20,Sardegna,Maschi e femmine,60,93466,531,5.68086,93201,0.9940764,24.509
20,Sardegna,Maschi e femmine,61,92935,573,6.16782,92649,0.9933268,23.647
20,Sardegna,Maschi e femmine,62,92362,663,7.18167,92030,0.9923579,22.790
20,Sardegna,Maschi e femmine,63,91699,743,8.10591,91327,0.9914786,21.951
20,Sardegna,Maschi e femmine,64,90956,813,8.94020,90549,0.9907709,21.127
20,Sardegna,Maschi e femmine,65,90142,858,9.52064,89713,0.9901812,20.313
20,Sardegna,Maschi e femmine,66,89284,904,10.11984,88832,0.9893669,19.503
20,Sardegna,Maschi e femmine,67,88381,986,11.15151,87888,0.9882475,18.698
20,Sardegna,Maschi e femmine,68,87395,1080,12.36033,86855,0.9868883,17.903
20,Sardegna,Maschi e femmine,69,86315,1197,13.87241,85716,0.9853311,17.121
20,Sardegna,Maschi e femmine,70,85117,1317,15.47653,84459,0.9837763,16.354
20,Sardegna,Maschi e femmine,71,83800,1423,16.98264,83089,0.9824727,15.604
20,Sardegna,Maschi e femmine,72,82377,1489,18.08143,81632,0.9812138,14.864
20,Sardegna,Maschi e femmine,73,80887,1578,19.50397,80099,0.9799333,14.129
20,Sardegna,Maschi e femmine,74,79310,1637,20.64053,78491,0.9779051,13.400
20,Sardegna,Maschi e femmine,75,77673,1832,23.57997,76757,0.9752183,12.672
20,Sardegna,Maschi e femmine,76,75841,1973,26.01253,74855,0.9722115,11.966
20,Sardegna,Maschi e femmine,77,73868,2187,29.61198,72775,0.9688008,11.272
20,Sardegna,Maschi e femmine,78,71681,2354,32.83482,70504,0.9647783,10.601
20,Sardegna,Maschi e femmine,79,69327,2613,37.68970,68021,0.9604566,9.944
20,Sardegna,Maschi e femmine,80,66715,2767,41.46979,65331,0.9559221,9.314
20,Sardegna,Maschi e femmine,81,63948,2993,46.79885,62452,0.9506000,8.695
20,Sardegna,Maschi e femmine,82,60955,3178,52.12878,59366,0.9442048,8.097
20,Sardegna,Maschi e femmine,83,57778,3447,59.66326,56054,0.9366161,7.515
20,Sardegna,Maschi e femmine,84,54330,3659,67.34063,52501,0.9277635,6.960
20,Sardegna,Maschi e femmine,85,50672,3926,77.48584,48709,0.9167465,6.427
20,Sardegna,Maschi e femmine,86,46745,4184,89.50562,44653,0.9044036,5.925
20,Sardegna,Maschi e femmine,87,42561,4353,102.28600,40385,0.8919355,5.458
20,Sardegna,Maschi e femmine,88,38208,4375,114.50131,36021,0.8775261,5.023
20,Sardegna,Maschi e femmine,89,33833,4448,131.47750,31609,0.8609542,4.607
20,Sardegna,Maschi e femmine,90,29385,4342,147.75990,27214,0.8423148,4.229
20,Sardegna,Maschi e femmine,91,25043,4241,169.33135,22923,0.8227148,3.876
20,Sardegna,Maschi e femmine,92,20802,3887,186.86048,18859,0.8037340,3.564
20,Sardegna,Maschi e femmine,93,16915,3516,207.83285,15157,0.7843785,3.268
20,Sardegna,Maschi e femmine,94,13400,3021,225.45358,11889,0.7612528,2.994
20,Sardegna,Maschi e femmine,95,10379,2656,255.91027,9051,0.7322760,2.720
20,Sardegna,Maschi e femmine,96,7723,2190,283.60067,6628,0.7032241,2.484
20,Sardegna,Maschi e femmine,97,5533,1744,315.16676,4661,0.6720188,2.269
20,Sardegna,Maschi e femmine,98,3789,1314,346.69285,3132,0.6419839,2.084
20,Sardegna,Maschi e femmine,99,2475,929,375.34841,2011,0.6139451,1.924
20,Sardegna,Maschi e femmine,100,1546,623,403.19483,1234,0.5858718,1.780
20,Sardegna,Maschi e femmine,101,923,399,432.44806,723,0.5556702,1.645
20,Sardegna,Maschi e femmine,102,524,244,465.26479,402,0.5231591,1.517
20,Sardegna,Maschi e femmine,103,280,140,498.48929,210,0.4903749,1.402
20,Sardegna,Maschi e femmine,104,140,75,531.82966,103,0.4575978,1.299
20,Sardegna,Maschi e femmine,105,66,37,564.98478,47,0.4251105,1.206
20,Sardegna,Maschi e femmine,106,29,17,597.65810,20,0.3931886,1.124
20,Sardegna,Maschi e femmine,107,12,7,629.56157,8,0.3620937,1.050
20,Sardegna,Maschi e femmine,108,4,3,660.43276,3,0.3320623,0.984
20,Sardegna,Maschi e femmine,109,1,1,690.03934,1,0.3033016,0.926
20,Sardegna,Maschi e femmine,110,0,0,718.18205,0,0.2759870,0.875
20,Sardegna,Maschi e femmine,111,0,0,744.70343,0,0.2502558,0.829
20,Sardegna,Maschi e femmine,112,0,0,769.48902,0,0.2262074,0.789
20,Sardegna,Maschi e femmine,113,0,0,792.46229,0,0.2039073,0.754
20,Sardegna,Maschi e femmine,114,0,0,813.58535,0,0.1833869,0.723
20,Sardegna,Maschi e femmine,115,0,0,832.85497,0,0.1646471,0.696
20,Sardegna,Maschi e femmine,116,0,0,850.29763,0,0.1476630,0.672
20,Sardegna,Maschi e femmine,117,0,0,865.96019,0,0.1323906,0.652
20,Sardegna,Maschi e femmine,118,0,0,879.91351,0,0.1187652,0.634
20,Sardegna,Maschi e femmine,119,0,0,892.23724,0,0.1067132,0.619
20,Sardegna,Maschi,0,100000,199,1.98860,99813,0.9998043,79.579
20,Sardegna,Maschi,1,99801,16,0.15637,99793,0.9998438,78.737
20,Sardegna,Maschi,2,99786,16,0.15598,99778,0.9998480,77.749
20,Sardegna,Maschi,3,99770,15,0.14810,99763,0.9998600,76.761
20,Sardegna,Maschi,4,99755,13,0.13185,99749,0.9998823,75.772
20,Sardegna,Maschi,5,99742,10,0.10351,99737,0.9999152,74.782
20,Sardegna,Maschi,6,99732,7,0.06600,99728,0.9999476,73.790
20,Sardegna,Maschi,7,99725,4,0.03875,99723,0.9999665,72.795
20,Sardegna,Maschi,8,99721,3,0.02826,99720,0.9999687,71.797
20,Sardegna,Maschi,9,99718,3,0.03439,99717,0.9999607,70.799
20,Sardegna,Maschi,10,99715,4,0.04423,99713,0.9999483,69.802
20,Sardegna,Maschi,11,99711,6,0.05918,99708,0.9999295,68.805
20,Sardegna,Maschi,12,99705,8,0.08179,99701,0.9999029,67.809
20,Sardegna,Maschi,13,99697,11,0.11247,99691,0.9998683,66.814
20,Sardegna,Maschi,14,99685,15,0.15092,99678,0.9998229,65.822
20,Sardegna,Maschi,15,99670,20,0.20324,99660,0.9997573,64.832
20,Sardegna,Maschi,16,99650,28,0.28219,99636,0.9996611,63.845
20,Sardegna,Maschi,17,99622,39,0.39557,99602,0.9995490,62.863
20,Sardegna,Maschi,18,99583,50,0.50640,99557,0.9994701,61.887
20,Sardegna,Maschi,19,99532,55,0.55334,99505,0.9994565,60.918
20,Sardegna,Maschi,20,99477,53,0.53374,99450,0.9994884,59.952
20,Sardegna,Maschi,21,99424,49,0.48950,99400,0.9995095,58.984
20,Sardegna,Maschi,22,99375,49,0.49159,99351,0.9994851,58.012
20,Sardegna,Maschi,23,99326,53,0.53818,99300,0.9994375,57.041
20,Sardegna,Maschi,24,99273,58,0.58693,99244,0.9994090,56.071
20,Sardegna,Maschi,25,99215,59,0.59511,99185,0.9994320,55.104
20,Sardegna,Maschi,26,99156,54,0.54087,99129,0.9994793,54.136
20,Sardegna,Maschi,27,99102,50,0.50042,99077,0.9994974,53.165
20,Sardegna,Maschi,28,99052,50,0.50470,99027,0.9994801,52.192
20,Sardegna,Maschi,29,99002,53,0.53519,98976,0.9994451,51.218
20,Sardegna,Maschi,30,98949,57,0.57471,98921,0.9994066,50.245
20,Sardegna,Maschi,31,98893,61,0.61212,98862,0.9993731,49.273
20,Sardegna,Maschi,32,98832,63,0.64176,98800,0.9993012,48.303
20,Sardegna,Maschi,33,98769,75,0.75596,98731,0.9991946,47.334
20,Sardegna,Maschi,34,98694,84,0.85490,98652,0.9991084,46.369
20,Sardegna,Maschi,35,98610,92,0.92834,98564,0.9990246,45.409
20,Sardegna,Maschi,36,98518,101,1.02242,98468,0.9989463,44.450
20,Sardegna,Maschi,37,98417,107,1.08507,98364,0.9988950,43.495
20,Sardegna,Maschi,38,98311,111,1.12490,98255,0.9988335,42.542
20,Sardegna,Maschi,39,98200,119,1.20820,98141,0.9987030,41.589
20,Sardegna,Maschi,40,98081,136,1.38594,98013,0.9985323,40.639
20,Sardegna,Maschi,41,97945,152,1.54965,97869,0.9983988,39.695
20,Sardegna,Maschi,42,97794,162,1.65289,97713,0.9983449,38.756
20,Sardegna,Maschi,43,97632,162,1.65727,97551,0.9982765,37.819
20,Sardegna,Maschi,44,97470,174,1.78989,97383,0.9981265,36.881
20,Sardegna,Maschi,45,97296,190,1.95735,97200,0.9979406,35.946
20,Sardegna,Maschi,46,97105,210,2.16170,97000,0.9977656,35.016
20,Sardegna,Maschi,47,96895,224,2.30726,96784,0.9977053,34.091
20,Sardegna,Maschi,48,96672,221,2.28215,96561,0.9976649,33.168
20,Sardegna,Maschi,49,96451,230,2.38811,96336,0.9974230,32.243
20,Sardegna,Maschi,50,96221,266,2.76636,96088,0.9969869,31.319
20,Sardegna,Maschi,51,95955,313,3.26054,95798,0.9964994,30.404
20,Sardegna,Maschi,52,95642,358,3.74154,95463,0.9960141,29.502
20,Sardegna,Maschi,53,95284,403,4.23122,95082,0.9955990,28.611
20,Sardegna,Maschi,54,94881,434,4.57146,94664,0.9951882,27.731
20,Sardegna,Maschi,55,94447,477,5.05324,94208,0.9946070,26.856
20,Sardegna,Maschi,56,93970,539,5.73456,93700,0.9939762,25.990
20,Sardegna,Maschi,57,93431,590,6.31467,93136,0.9934792,25.137
20,Sardegna,Maschi,58,92841,625,6.72814,92529,0.9931118,24.293
20,Sardegna,Maschi,59,92216,650,7.04927,91891,0.9928359,23.454
20,Sardegna,Maschi,60,91566,667,7.27980,91233,0.9924158,22.617
20,Sardegna,Maschi,61,90900,717,7.89076,90541,0.9913690,21.779
20,Sardegna,Maschi,62,90182,846,9.37721,89759,0.9900129,20.949
20,Sardegna,Maschi,63,89337,947,10.60272,88863,0.9886878,20.142
20,Sardegna,Maschi,64,88389,1063,12.02919,87858,0.9873973,19.353
20,Sardegna,Maschi,65,87326,1151,13.18311,86751,0.9865124,18.582
20,Sardegna,Maschi,66,86175,1189,13.79623,85581,0.9855441,17.824
20,Sardegna,Maschi,67,84986,1285,15.12489,84343,0.9840664,17.066
20,Sardegna,Maschi,68,83701,1402,16.75467,82999,0.9823279,16.321
20,Sardegna,Maschi,69,82298,1531,18.60523,81533,0.9803919,15.590
20,Sardegna,Maschi,70,80767,1666,20.63005,79934,0.9780418,14.876
20,Sardegna,Maschi,71,79101,1844,23.31426,78179,0.9758979,14.179
20,Sardegna,Maschi,72,77257,1924,24.90878,76295,0.9745080,13.506
20,Sardegna,Maschi,73,75332,1965,26.09007,74350,0.9733700,12.838
20,Sardegna,Maschi,74,73367,1994,27.18434,72370,0.9710777,12.168
20,Sardegna,Maschi,75,71372,2192,30.70877,70277,0.9679474,11.494
20,Sardegna,Maschi,76,69181,2313,33.43909,68024,0.9641209,10.843
20,Sardegna,Maschi,77,66867,2568,38.40356,65583,0.9596449,10.201
20,Sardegna,Maschi,78,64299,2725,42.38465,62937,0.9548466,9.588
20,Sardegna,Maschi,79,61574,2958,48.04479,60095,0.9497474,8.990
20,Sardegna,Maschi,80,58616,3082,52.57191,57075,0.9441949,8.419
20,Sardegna,Maschi,81,55534,3289,59.21761,53890,0.9374207,7.858
20,Sardegna,Maschi,82,52246,3456,66.15250,50518,0.9298037,7.321
20,Sardegna,Maschi,83,48789,3636,74.52654,46971,0.9219472,6.804
20,Sardegna,Maschi,84,45153,3696,81.86298,43305,0.9130431,6.312
20,Sardegna,Maschi,85,41457,3835,92.50491,39539,0.9013717,5.830
20,Sardegna,Maschi,86,37622,3964,105.37586,35640,0.8883890,5.374
20,Sardegna,Maschi,87,33658,3991,118.58067,31662,0.8751180,4.948
20,Sardegna,Maschi,88,29666,3917,132.03104,27708,0.8596781,4.546
20,Sardegna,Maschi,89,25750,3859,149.87400,23820,0.8425743,4.162
20,Sardegna,Maschi,90,21890,3641,166.30869,20070,0.8190391,3.807
20,Sardegna,Maschi,91,18250,3623,198.53591,16438,0.7919648,3.467
20,Sardegna,Maschi,92,14627,3216,219.88759,13018,0.7692709,3.202
20,Sardegna,Maschi,93,11410,2791,244.62655,10015,0.7509667,2.964
20,Sardegna,Maschi,94,8619,2197,254.86720,7521,0.7390937,2.761
20,Sardegna,Maschi,95,6422,1728,269.01104,5559,0.7204439,2.535
20,Sardegna,Maschi,96,4695,1380,293.98190,4005,0.6866237,2.284
20,Sardegna,Maschi,97,3315,1130,340.84652,2750,0.6375017,2.026
20,Sardegna,Maschi,98,2185,864,395.34617,1753,0.5881809,1.816
20,Sardegna,Maschi,99,1321,580,439.06265,1031,0.5519199,1.676
20,Sardegna,Maschi,100,741,344,464.15569,569,0.5385121,1.597
20,Sardegna,Maschi,101,397,181,456.50916,306,0.5315208,1.547
20,Sardegna,Maschi,102,216,106,490.50365,163,0.4979106,1.426
20,Sardegna,Maschi,103,110,58,524.82889,81,0.4641080,1.317
20,Sardegna,Maschi,104,52,29,559.17448,38,0.4304102,1.220
20,Sardegna,Maschi,105,23,14,593.21675,16,0.3971190,1.132
20,Sardegna,Maschi,106,9,6,626.63856,6,0.3645277,1.055
20,Sardegna,Maschi,107,3,2,659.13244,2,0.3329139,0.985
20,Sardegna,Maschi,108,1,1,690.41976,1,0.3025287,0.924
20,Sardegna,Maschi,109,0,0,720.24912,0,0.2735948,0.870
20,Sardegna,Maschi,110,0,0,748.41070,0,0.2462974,0.822
20,Sardegna,Maschi,111,0,0,774.73648,0,0.2207833,0.780
20,Sardegna,Maschi,112,0,0,799.10575,0,0.1971582,0.743
20,Sardegna,Maschi,113,0,0,821.43889,0,0.1754913,0.711
20,Sardegna,Maschi,114,0,0,841.70069,0,0.1558132,0.684
20,Sardegna,Maschi,115,0,0,859.89213,0,0.1381223,0.660
20,Sardegna,Maschi,116,0,0,876.04969,0,0.1223859,0.639
20,Sardegna,Maschi,117,0,0,890.23522,0,0.1085483,0.621
20,Sardegna,Maschi,118,0,0,902.53444,0,0.0965318,0.607
20,Sardegna,Maschi,119,0,0,913.04820,0,0.0862446,0.594
20,Sardegna,Femmine,0,100000,208,2.08187,99804,0.9997549,84.582
20,Sardegna,Femmine,1,99792,24,0.24410,99780,0.9998078,83.757
20,Sardegna,Femmine,2,99767,14,0.14019,99760,0.9998941,82.778
20,Sardegna,Femmine,3,99753,7,0.07157,99750,0.9999482,81.789
20,Sardegna,Femmine,4,99746,3,0.03210,99745,0.9999720,80.795
20,Sardegna,Femmine,5,99743,2,0.02392,99742,0.9999719,79.798
20,Sardegna,Femmine,6,99741,3,0.03235,99739,0.9999608,78.799
20,Sardegna,Femmine,7,99738,5,0.04613,99735,0.9999419,77.802
20,Sardegna,Femmine,8,99733,7,0.07014,99729,0.9999204,76.806
20,Sardegna,Femmine,9,99726,9,0.08916,99721,0.9999041,75.811
20,Sardegna,Femmine,10,99717,10,0.10258,99712,0.9998947,74.818
20,Sardegna,Femmine,11,99707,11,0.10796,99701,0.9998939,73.825
20,Sardegna,Femmine,12,99696,10,0.10414,99691,0.9998965,72.833
20,Sardegna,Femmine,13,99686,10,0.10282,99681,0.9998914,71.841
20,Sardegna,Femmine,14,99675,11,0.11445,99670,0.9998776,70.848
20,Sardegna,Femmine,15,99664,13,0.13035,99657,0.9998620,69.856
20,Sardegna,Femmine,16,99651,15,0.14574,99644,0.9998493,68.865
20,Sardegna,Femmine,17,99636,16,0.15571,99629,0.9998449,67.875
20,Sardegna,Femmine,18,99621,15,0.15441,99613,0.9998478,66.886
20,Sardegna,Femmine,19,99606,15,0.15001,99598,0.9998512,65.896
20,Sardegna,Femmine,20,99591,15,0.14753,99583,0.9998481,64.906
20,Sardegna,Femmine,21,99576,16,0.15622,99568,0.9998361,63.915
20,Sardegna,Femmine,22,99560,17,0.17148,99552,0.9998196,62.925
20,Sardegna,Femmine,23,99543,19,0.18923,99534,0.9998061,61.936
20,Sardegna,Femmine,24,99524,20,0.19856,99515,0.9997957,60.947
20,Sardegna,Femmine,25,99505,21,0.21013,99494,0.9997863,59.959
20,Sardegna,Femmine,26,99484,22,0.21731,99473,0.9997763,58.972
20,Sardegna,Femmine,27,99462,23,0.23012,99451,0.9997596,57.985
20,Sardegna,Femmine,28,99439,25,0.25059,99427,0.9997373,56.998
20,Sardegna,Femmine,29,99414,27,0.27478,99401,0.9997233,56.012
20,Sardegna,Femmine,30,99387,28,0.27865,99373,0.9997136,55.027
20,Sardegna,Femmine,31,99359,29,0.29421,99345,0.9996921,54.042
20,Sardegna,Femmine,32,99330,32,0.32149,99314,0.9996582,53.058
20,Sardegna,Femmine,33,99298,36,0.36220,99280,0.9996285,52.075
20,Sardegna,Femmine,34,99262,38,0.38072,99243,0.9996274,51.094
20,Sardegna,Femmine,35,99224,36,0.36445,99206,0.9996486,50.113
20,Sardegna,Femmine,36,99188,34,0.33843,99172,0.9996555,49.131
20,Sardegna,Femmine,37,99155,35,0.35057,99137,0.9996046,48.148
20,Sardegna,Femmine,38,99120,44,0.44019,99098,0.9995201,47.164
20,Sardegna,Femmine,39,99076,51,0.51957,99051,0.9994427,46.185
20,Sardegna,Femmine,40,99025,59,0.59507,98995,0.9993794,45.209
20,Sardegna,Femmine,41,98966,64,0.64619,98934,0.9993257,44.235
20,Sardegna,Femmine,42,98902,69,0.70249,98867,0.9992757,43.264
20,Sardegna,Femmine,43,98832,74,0.74618,98796,0.9992096,42.294
20,Sardegna,Femmine,44,98759,82,0.83475,98718,0.9990943,41.325
20,Sardegna,Femmine,45,98676,96,0.97664,98628,0.9989511,40.359
20,Sardegna,Femmine,46,98580,111,1.12133,98525,0.9987949,39.398
20,Sardegna,Femmine,47,98469,127,1.28902,98406,0.9986266,38.442
20,Sardegna,Femmine,48,98342,143,1.45788,98271,0.9984927,37.491
20,Sardegna,Femmine,49,98199,153,1.55677,98123,0.9984252,36.545
20,Sardegna,Femmine,50,98046,156,1.59288,97968,0.9983416,35.601
20,Sardegna,Femmine,51,97890,169,1.72410,97806,0.9981571,34.657
20,Sardegna,Femmine,52,97721,192,1.96199,97625,0.9978873,33.716
20,Sardegna,Femmine,53,97530,221,2.26362,97419,0.9974959,32.781
20,Sardegna,Femmine,54,97309,267,2.74507,97175,0.9971021,31.854
20,Sardegna,Femmine,55,97042,296,3.05108,96894,0.9969071,30.941
20,Sardegna,Femmine,56,96746,303,3.13477,96594,0.9968111,30.034
20,Sardegna,Femmine,57,96442,313,3.24314,96286,0.9966807,29.127
20,Sardegna,Femmine,58,96130,326,3.39571,95966,0.9965599,28.220
20,Sardegna,Femmine,59,95803,334,3.48464,95636,0.9962254,27.314
20,Sardegna,Femmine,60,95469,388,4.06554,95275,0.9957511,26.408
20,Sardegna,Femmine,61,95081,422,4.43307,94870,0.9952942,25.514
20,Sardegna,Femmine,62,94660,471,4.97979,94424,0.9947040,24.625
20,Sardegna,Femmine,63,94188,529,5.61371,93924,0.9942564,23.746
20,Sardegna,Femmine,64,93659,550,5.87418,93384,0.9941080,22.877
20,Sardegna,Femmine,65,93109,550,5.90995,92834,0.9937850,22.009
20,Sardegna,Femmine,66,92559,604,6.52194,92257,0.9930940,21.137
20,Sardegna,Femmine,67,91955,671,7.29252,91620,0.9922913,20.273
20,Sardegna,Femmine,68,91285,742,8.12789,90914,0.9912610,19.418
20,Sardegna,Femmine,69,90543,847,9.35504,90119,0.9900227,18.573
20,Sardegna,Femmine,70,89696,951,10.60546,89220,0.9891658,17.744
20,Sardegna,Femmine,71,88745,982,11.06533,88254,0.9885780,16.928
20,Sardegna,Femmine,72,87763,1034,11.78267,87246,0.9873603,16.112
20,Sardegna,Femmine,73,86728,1171,13.50687,86143,0.9858721,15.298
20,Sardegna,Femmine,74,85557,1263,14.75751,84926,0.9840029,14.501
20,Sardegna,Femmine,75,84294,1455,17.25521,83567,0.9816245,13.711
20,Sardegna,Femmine,76,82840,1617,19.51540,82032,0.9792350,12.943
20,Sardegna,Femmine,77,81223,1790,22.03937,80328,0.9766194,12.190
20,Sardegna,Femmine,78,79433,1966,24.75207,78450,0.9731062,11.454
20,Sardegna,Femmine,79,77467,2254,29.08984,76340,0.9692622,10.732
20,Sardegna,Femmine,80,75214,2440,32.43517,73994,0.9653621,10.038
20,Sardegna,Femmine,81,72774,2686,36.91439,71431,0.9609633,9.358
20,Sardegna,Femmine,82,70088,2890,41.24032,68642,0.9552404,8.698
20,Sardegna,Femmine,83,67197,3254,48.43026,65570,0.9475561,8.050
20,Sardegna,Femmine,84,63943,3623,56.66190,62131,0.9384456,7.435
20,Sardegna,Femmine,85,60320,4026,66.74080,58307,0.9275958,6.851
20,Sardegna,Femmine,86,56294,4418,78.47262,54085,0.9153795,6.305
20,Sardegna,Femmine,87,51876,4736,91.29195,49508,0.9031147,5.800
20,Sardegna,Femmine,88,47140,4857,103.04062,44712,0.8890126,5.332
20,Sardegna,Femmine,89,42283,5067,119.84700,39749,0.8723882,4.887
20,Sardegna,Femmine,90,37216,5077,136.43388,34677,0.8562262,4.485
20,Sardegna,Femmine,91,32138,4894,152.27333,29691,0.8402006,4.114
20,Sardegna,Femmine,92,27244,4595,168.67723,24947,0.8221523,3.763
20,Sardegna,Femmine,93,22649,4278,188.87883,20510,0.8011023,3.425
20,Sardegna,Femmine,94,18371,3881,211.24964,16431,0.7717289,3.106
20,Sardegna,Femmine,95,14490,3620,249.85139,12680,0.7376927,2.805
20,Sardegna,Femmine,96,10870,3032,278.91180,9354,0.7105940,2.572
20,Sardegna,Femmine,97,7838,2382,303.95927,6647,0.6865944,2.374
20,Sardegna,Femmine,98,5456,1784,326.97722,4564,0.6627813,2.192
20,Sardegna,Femmine,99,3672,1294,352.43575,3025,0.6351017,2.014
20,Sardegna,Femmine,100,2378,913,384.14360,1921,0.6000181,1.838
20,Sardegna,Femmine,101,1464,623,425.69939,1153,0.5623083,1.672
20,Sardegna,Femmine,102,841,386,458.57337,648,0.5297118,1.541
20,Sardegna,Femmine,103,455,224,491.92528,343,0.4967757,1.423
20,Sardegna,Femmine,104,231,122,525.46326,171,0.4637810,1.317
20,Sardegna,Femmine,105,110,61,558.88478,79,0.4310129,1.222
20,Sardegna,Femmine,106,48,29,591.88878,34,0.3987523,1.137
20,Sardegna,Femmine,107,20,12,624.17998,14,0.3672685,1.062
20,Sardegna,Femmine,108,7,5,655.48592,5,0.3368072,0.994
20,Sardegna,Femmine,109,3,2,685.56296,2,0.3075871,0.934
20,Sardegna,Femmine,110,1,1,714.19787,1,0.2797960,0.881
20,Sardegna,Femmine,111,0,0,741.21895,0,0.2535843,0.835
20,Sardegna,Femmine,112,0,0,766.49731,0,0.2290644,0.794
20,Sardegna,Femmine,113,0,0,789.94295,0,0.2063138,0.758
20,Sardegna,Femmine,114,0,0,811.50608,0,0.1853746,0.726
20,Sardegna,Femmine,115,0,0,831.17431,0,0.1662556,0.698
20,Sardegna,Femmine,116,0,0,848.96773,0,0.1489378,0.674
20,Sardegna,Femmine,117,0,0,864.93006,0,0.1333799,0.653
20,Sardegna,Femmine,118,0,0,879.13228,0,0.1195172,0.635
20,Sardegna,Femmine,119,0,0,891.65674,0,0.1072732,0.620
21,Provincia autonoma di Bolzano,Maschi e femmine,0,100000,233,2.32787,99781,0.9997242,83.396
21,Provincia autonoma di Bolzano,Maschi e femmine,1,99767,28,0.27636,99753,0.9997254,82.589
21,Provincia autonoma di Bolzano,Maschi e femmine,2,99740,27,0.27279,99726,0.9997483,81.612
21,Provincia autonoma di Bolzano,Maschi e femmine,3,99712,23,0.23055,99701,0.9997988,80.634
21,Provincia autonoma di Bolzano,Maschi e femmine,4,99689,17,0.17187,99681,0.9998648,79.653
21,Provincia autonoma di Bolzano,Maschi e femmine,5,99672,10,0.09862,99667,0.9999251,78.666
21,Provincia autonoma di Bolzano,Maschi e femmine,6,99662,5,0.05118,99660,0.9999603,77.674
21,Provincia autonoma di Bolzano,Maschi e femmine,7,99657,3,0.02826,99656,0.9999707,76.678
21,Provincia autonoma di Bolzano,Maschi e femmine,8,99655,3,0.03036,99653,0.9999630,75.680
21,Provincia autonoma di Bolzano,Maschi e femmine,9,99652,4,0.04367,99649,0.9999430,74.682
21,Provincia autonoma di Bolzano,Maschi e femmine,10,99647,7,0.07032,99644,0.9999128,73.686
21,Provincia autonoma di Bolzano,Maschi e femmine,11,99640,10,0.10411,99635,0.9998810,72.691
21,Provincia autonoma di Bolzano,Maschi e femmine,12,99630,13,0.13380,99623,0.9998560,71.698
21,Provincia autonoma di Bolzano,Maschi e femmine,13,99616,15,0.15417,99609,0.9998411,70.708
21,Provincia autonoma di Bolzano,Maschi e femmine,14,99601,16,0.16362,99593,0.9998310,69.719
21,Provincia autonoma di Bolzano,Maschi e femmine,15,99585,17,0.17444,99576,0.9998209,68.730
21,Provincia autonoma di Bolzano,Maschi e femmine,16,99567,18,0.18370,99558,0.9998150,67.742
21,Provincia autonoma di Bolzano,Maschi e femmine,17,99549,19,0.18620,99540,0.9998198,66.754
21,Provincia autonoma di Bolzano,Maschi e femmine,18,99531,17,0.17429,99522,0.9998321,65.767
21,Provincia autonoma di Bolzano,Maschi e femmine,19,99513,16,0.16142,99505,0.9998421,64.778
21,Provincia autonoma di Bolzano,Maschi e femmine,20,99497,15,0.15447,99490,0.9998408,63.788
21,Provincia autonoma di Bolzano,Maschi e femmine,21,99482,16,0.16393,99474,0.9998248,62.798
21,Provincia autonoma di Bolzano,Maschi e femmine,22,99466,19,0.18643,99456,0.9997928,61.808
21,Provincia autonoma di Bolzano,Maschi e femmine,23,99447,23,0.22803,99436,0.9997463,60.820
21,Provincia autonoma di Bolzano,Maschi e femmine,24,99424,28,0.27946,99410,0.9996836,59.834
21,Provincia autonoma di Bolzano,Maschi e femmine,25,99397,35,0.35340,99379,0.9996142,58.850
21,Provincia autonoma di Bolzano,Maschi e femmine,26,99361,42,0.41819,99341,0.9995731,57.871
21,Provincia autonoma di Bolzano,Maschi e femmine,27,99320,43,0.43557,99298,0.9995721,56.895
21,Provincia autonoma di Bolzano,Maschi e femmine,28,99277,42,0.42028,99256,0.9995914,55.919
21,Provincia autonoma di Bolzano,Maschi e femmine,29,99235,39,0.39690,99215,0.9995956,54.943
21,Provincia autonoma di Bolzano,Maschi e femmine,30,99195,41,0.41200,99175,0.9995622,53.964
21,Provincia autonoma di Bolzano,Maschi e femmine,31,99155,46,0.46352,99132,0.9995149,52.986
21,Provincia autonoma di Bolzano,Maschi e femmine,32,99109,50,0.50665,99084,0.9994884,52.011
21,Provincia autonoma di Bolzano,Maschi e femmine,33,99058,51,0.51659,99033,0.9994999,51.037
21,Provincia autonoma di Bolzano,Maschi e femmine,34,99007,48,0.48363,98983,0.9995360,50.063
21,Provincia autonoma di Bolzano,Maschi e femmine,35,98959,44,0.44439,98937,0.9995568,49.087
21,Provincia autonoma di Bolzano,Maschi e femmine,36,98915,44,0.44201,98894,0.9995360,48.108
21,Provincia autonoma di Bolzano,Maschi e femmine,37,98872,48,0.48604,98848,0.9994781,47.129
21,Provincia autonoma di Bolzano,Maschi e femmine,38,98824,55,0.55779,98796,0.9994061,46.152
21,Provincia autonoma di Bolzano,Maschi e femmine,39,98769,62,0.62994,98737,0.9993317,45.178
21,Provincia autonoma di Bolzano,Maschi e femmine,40,98706,70,0.70672,98671,0.9992642,44.206
21,Provincia autonoma di Bolzano,Maschi e femmine,41,98637,75,0.76484,98599,0.9992256,43.237
21,Provincia autonoma di Bolzano,Maschi e femmine,42,98561,77,0.78396,98522,0.9991985,42.269
21,Provincia autonoma di Bolzano,Maschi e femmine,43,98484,81,0.81909,98443,0.9991550,41.302
21,Provincia autonoma di Bolzano,Maschi e femmine,44,98403,86,0.87094,98360,0.9990741,40.336
21,Provincia autonoma di Bolzano,Maschi e femmine,45,98317,96,0.98096,98269,0.9989234,39.370
21,Provincia autonoma di Bolzano,Maschi e femmine,46,98221,115,1.17228,98163,0.9987251,38.409
21,Provincia autonoma di Bolzano,Maschi e femmine,47,98106,135,1.37761,98038,0.9985263,37.453
21,Provincia autonoma di Bolzano,Maschi e femmine,48,97971,154,1.56996,97894,0.9983464,36.504
21,Provincia autonoma di Bolzano,Maschi e femmine,49,97817,170,1.73747,97732,0.9981745,35.561
21,Provincia autonoma di Bolzano,Maschi e femmine,50,97647,187,1.91366,97554,0.9980147,34.622
21,Provincia autonoma di Bolzano,Maschi e femmine,51,97460,200,2.05711,97360,0.9979222,33.687
21,Provincia autonoma di Bolzano,Maschi e femmine,52,97260,204,2.09848,97158,0.9978639,32.755
21,Provincia autonoma di Bolzano,Maschi e femmine,53,97055,211,2.17385,96950,0.9977333,31.823
21,Provincia autonoma di Bolzano,Maschi e femmine,54,96845,229,2.35984,96730,0.9975140,30.892
21,Provincia autonoma di Bolzano,Maschi e femmine,55,96616,252,2.61245,96490,0.9971465,29.963
21,Provincia autonoma di Bolzano,Maschi e femmine,56,96364,298,3.09527,96214,0.9966859,29.041
21,Provincia autonoma di Bolzano,Maschi e femmine,57,96065,339,3.53366,95896,0.9962357,28.129
21,Provincia autonoma di Bolzano,Maschi e femmine,58,95726,383,3.99580,95535,0.9957975,27.227
21,Provincia autonoma di Bolzano,Maschi e femmine,59,95343,420,4.41003,95133,0.9954198,26.334
21,Provincia autonoma di Bolzano,Maschi e femmine,60,94923,451,4.75109,94697,0.9951525,25.449
21,Provincia autonoma di Bolzano,Maschi e femmine,61,94472,467,4.94434,94238,0.9947019,24.568
21,Provincia autonoma di Bolzano,Maschi e femmine,62,94005,531,5.65359,93739,0.9940454,23.688
21,Provincia autonoma di Bolzano,Maschi e femmine,63,93473,585,6.25731,93181,0.9935730,22.819
21,Provincia autonoma di Bolzano,Maschi e femmine,64,92888,613,6.59768,92582,0.9932635,21.960
21,Provincia autonoma di Bolzano,Maschi e femmine,65,92276,635,6.87629,91958,0.9930254,21.102
21,Provincia autonoma di Bolzano,Maschi e femmine,66,91641,648,7.07367,91317,0.9926806,20.245
21,Provincia autonoma di Bolzano,Maschi e femmine,67,90993,689,7.56690,90649,0.9918753,19.386
21,Provincia autonoma di Bolzano,Maschi e femmine,68,90304,784,8.68685,89912,0.9905916,18.530
21,Provincia autonoma di Bolzano,Maschi e femmine,69,89520,907,10.13631,89066,0.9892243,17.688
21,Provincia autonoma di Bolzano,Maschi e femmine,70,88612,1012,11.42157,88106,0.9878104,16.864
21,Provincia autonoma di Bolzano,Maschi e femmine,71,87600,1136,12.96658,87032,0.9860643,16.053
21,Provincia autonoma di Bolzano,Maschi e femmine,72,86464,1290,14.91751,85820,0.9841321,15.257
21,Provincia autonoma di Bolzano,Maschi e femmine,73,85175,1434,16.83270,84458,0.9822104,14.481
21,Provincia autonoma di Bolzano,Maschi e femmine,74,83741,1571,18.76283,82955,0.9799655,13.720
21,Provincia autonoma di Bolzano,Maschi e femmine,75,82170,1753,21.33045,81293,0.9766375,12.973
21,Provincia autonoma di Bolzano,Maschi e femmine,76,80417,2046,25.43891,79394,0.9724282,12.245
21,Provincia autonoma di Bolzano,Maschi e femmine,77,78371,2332,29.76038,77205,0.9685042,11.551
21,Provincia autonoma di Bolzano,Maschi e femmine,78,76039,2531,33.28448,74773,0.9658934,10.890
21,Provincia autonoma di Bolzano,Maschi e femmine,79,73508,2570,34.95698,72223,0.9641995,10.248
21,Provincia autonoma di Bolzano,Maschi e femmine,80,70938,2602,36.67448,69638,0.9619436,9.601
21,Provincia autonoma di Bolzano,Maschi e femmine,81,68337,2699,39.49098,66987,0.9572369,8.947
21,Provincia autonoma di Bolzano,Maschi e femmine,82,65638,3030,46.16977,64123,0.9498602,8.295
21,Provincia autonoma di Bolzano,Maschi e femmine,83,62608,3400,54.30205,60908,0.9421960,7.672
21,Provincia autonoma di Bolzano,Maschi e femmine,84,59208,3642,61.50707,57387,0.9347406,7.084
21,Provincia autonoma di Bolzano,Maschi e femmine,85,55566,3848,69.25755,53642,0.9255872,6.515
21,Provincia autonoma di Bolzano,Maschi e femmine,86,51718,4135,79.95165,49650,0.9137211,5.963
21,Provincia autonoma di Bolzano,Maschi e femmine,87,47583,4433,93.15606,45367,0.8991865,5.438
21,Provincia autonoma di Bolzano,Maschi e femmine,88,43150,4714,109.25764,40793,0.8821065,4.945
21,Provincia autonoma di Bolzano,Maschi e femmine,89,38436,4904,127.58860,35984,0.8630191,4.490
21,Provincia autonoma di Bolzano,Maschi e femmine,90,33532,4954,147.74680,31055,0.8418160,4.074
21,Provincia autonoma di Bolzano,Maschi e femmine,91,28578,4870,170.43070,26142,0.8183271,3.693
21,Provincia autonoma di Bolzano,Maschi e femmine,92,23707,4628,195.22473,21393,0.7931586,3.349
21,Provincia autonoma di Bolzano,Maschi e femmine,93,19079,4222,221.27600,16968,0.7634149,3.040
21,Provincia autonoma di Bolzano,Maschi e femmine,94,14857,3807,256.24425,12954,0.7340103,2.762
21,Provincia autonoma di Bolzano,Maschi e femmine,95,11050,3084,279.09273,9508,0.7101356,2.542
21,Provincia autonoma di Bolzano,Maschi e femmine,96,7966,2428,304.80622,6752,0.6824636,2.332
21,Provincia autonoma di Bolzano,Maschi e femmine,97,5538,1860,335.84811,4608,0.6516457,2.136
21,Provincia autonoma di Bolzano,Maschi e femmine,98,3678,1351,367.18468,3003,0.6214410,1.963
21,Provincia autonoma di Bolzano,Maschi e femmine,99,2328,923,396.53308,1866,0.5923733,1.812
21,Provincia autonoma di Bolzano,Maschi e femmine,100,1405,598,426.00976,1105,0.5624319,1.673
21,Provincia autonoma di Bolzano,Maschi e femmine,101,806,369,457.70479,622,0.5305344,1.544
21,Provincia autonoma di Bolzano,Maschi e femmine,102,437,215,491.15265,330,0.4974856,1.425
21,Provincia autonoma di Bolzano,Maschi e femmine,103,222,117,524.84273,164,0.4643288,1.319
21,Provincia autonoma di Bolzano,Maschi e femmine,104,106,59,558.46032,76,0.4313637,1.223
21,Provincia autonoma di Bolzano,Maschi e femmine,105,47,28,591.68281,33,0.3988910,1.138
21,Provincia autonoma di Bolzano,Maschi e femmine,106,19,12,624.19435,13,0.3672025,1.061
21,Provincia autonoma di Bolzano,Maschi e femmine,107,7,5,655.68996,5,0.3365742,0.994
21,Provincia autonoma di Bolzano,Maschi e femmine,108,2,2,685.89352,2,0.3072540,0.934
21,Provincia autonoma di Bolzano,Maschi e femmine,109,1,1,714.56183,0,0.2794589,0.881
21,Provincia autonoma di Bolzano,Maschi e femmine,110,0,0,741.48868,0,0.2533710,0.834
21,Provincia autonoma di Bolzano,Maschi e femmine,111,0,0,766.51325,0,0.2291315,0.794
21,Provincia autonoma di Bolzano,Maschi e femmine,112,0,0,789.52179,0,0.2068405,0.758
21,Provincia autonoma di Bolzano,Maschi e femmine,113,0,0,810.44247,0,0.1865611,0.728
21,Provincia autonoma di Bolzano,Maschi e femmine,114,0,0,829.24667,0,0.1683180,0.701
21,Provincia autonoma di Bolzano,Maschi e femmine,115,0,0,845.94455,0,0.1521017,0.679
21,Provincia autonoma di Bolzano,Maschi e femmine,116,0,0,860.58060,0,0.1378724,0.659
21,Provincia autonoma di Bolzano,Maschi e femmine,117,0,0,873.22397,0,0.1255668,0.643
21,Provincia autonoma di Bolzano,Maschi e femmine,118,0,0,883.97116,0,0.1150974,0.630
21,Provincia autonoma di Bolzano,Maschi e femmine,119,0,0,892.93070,0,0.1063636,0.619
21,Provincia autonoma di Bolzano,Maschi,0,100000,228,2.27898,99786,0.9996155,81.190
21,Provincia autonoma di Bolzano,Maschi,1,99772,50,0.49965,99747,0.9995680,80.375
21,Provincia autonoma di Bolzano,Maschi,2,99722,36,0.36442,99704,0.9996999,79.415
21,Provincia autonoma di Bolzano,Maschi,3,99686,24,0.23578,99674,0.9998171,78.443
21,Provincia autonoma di Bolzano,Maschi,4,99662,13,0.13006,99656,0.9999072,77.462
21,Provincia autonoma di Bolzano,Maschi,5,99649,6,0.05553,99647,0.9999581,76.472
21,Provincia autonoma di Bolzano,Maschi,6,99644,3,0.02818,99643,0.9999742,75.476
21,Provincia autonoma di Bolzano,Maschi,7,99641,2,0.02332,99640,0.9999719,74.478
21,Provincia autonoma di Bolzano,Maschi,8,99639,3,0.03292,99637,0.9999645,73.480
21,Provincia autonoma di Bolzano,Maschi,9,99636,4,0.03802,99634,0.9999510,72.482
21,Provincia autonoma di Bolzano,Maschi,10,99632,6,0.06004,99629,0.9999218,71.485
21,Provincia autonoma di Bolzano,Maschi,11,99626,10,0.09634,99621,0.9998815,70.489
21,Provincia autonoma di Bolzano,Maschi,12,99616,14,0.14069,99609,0.9998360,69.496
21,Provincia autonoma di Bolzano,Maschi,13,99602,19,0.18723,99593,0.9997938,68.506
21,Provincia autonoma di Bolzano,Maschi,14,99583,22,0.22520,99572,0.9997630,67.518
21,Provincia autonoma di Bolzano,Maschi,15,99561,25,0.24873,99549,0.9997489,66.534
21,Provincia autonoma di Bolzano,Maschi,16,99536,25,0.25338,99524,0.9997517,65.550
21,Provincia autonoma di Bolzano,Maschi,17,99511,24,0.24323,99499,0.9997637,64.566
21,Provincia autonoma di Bolzano,Maschi,18,99487,23,0.22942,99475,0.9997759,63.582
21,Provincia autonoma di Bolzano,Maschi,19,99464,22,0.21887,99453,0.9997845,62.597
21,Provincia autonoma di Bolzano,Maschi,20,99442,21,0.21212,99432,0.9997937,61.610
21,Provincia autonoma di Bolzano,Maschi,21,99421,20,0.20052,99411,0.9997973,60.623
21,Provincia autonoma di Bolzano,Maschi,22,99401,20,0.20487,99391,0.9997745,59.635
21,Provincia autonoma di Bolzano,Maschi,23,99381,24,0.24607,99369,0.9997126,58.647
21,Provincia autonoma di Bolzano,Maschi,24,99356,33,0.32875,99340,0.9996182,57.662
21,Provincia autonoma di Bolzano,Maschi,25,99324,43,0.43485,99302,0.9995289,56.680
21,Provincia autonoma di Bolzano,Maschi,26,99281,50,0.50741,99255,0.9995062,55.705
21,Provincia autonoma di Bolzano,Maschi,27,99230,48,0.48016,99206,0.9995476,54.733
21,Provincia autonoma di Bolzano,Maschi,28,99183,42,0.42453,99161,0.9995895,53.759
21,Provincia autonoma di Bolzano,Maschi,29,99140,39,0.39648,99121,0.9995632,52.782
21,Provincia autonoma di Bolzano,Maschi,30,99101,47,0.47704,99077,0.9994575,51.802
21,Provincia autonoma di Bolzano,Maschi,31,99054,60,0.60794,99024,0.9993381,50.827
21,Provincia autonoma di Bolzano,Maschi,32,98994,71,0.71598,98958,0.9992737,49.857
21,Provincia autonoma di Bolzano,Maschi,33,98923,73,0.73669,98886,0.9992872,48.893
21,Provincia autonoma di Bolzano,Maschi,34,98850,68,0.68890,98816,0.9993344,47.928
21,Provincia autonoma di Bolzano,Maschi,35,98782,63,0.64223,98750,0.9993536,46.961
21,Provincia autonoma di Bolzano,Maschi,36,98718,64,0.65060,98686,0.9993220,45.991
21,Provincia autonoma di Bolzano,Maschi,37,98654,70,0.70538,98619,0.9992560,45.021
21,Provincia autonoma di Bolzano,Maschi,38,98585,77,0.78266,98546,0.9991811,44.052
21,Provincia autonoma di Bolzano,Maschi,39,98507,84,0.85516,98465,0.9991032,43.086
21,Provincia autonoma di Bolzano,Maschi,40,98423,92,0.93844,98377,0.9990341,42.123
21,Provincia autonoma di Bolzano,Maschi,41,98331,98,0.99342,98282,0.9990222,41.162
21,Provincia autonoma di Bolzano,Maschi,42,98233,95,0.96209,98186,0.9990364,40.202
21,Provincia autonoma di Bolzano,Maschi,43,98139,95,0.96508,98091,0.9990000,39.240
21,Provincia autonoma di Bolzano,Maschi,44,98044,101,1.03499,97993,0.9988575,38.278
21,Provincia autonoma di Bolzano,Maschi,45,97942,122,1.25002,97881,0.9985891,37.317
21,Provincia autonoma di Bolzano,Maschi,46,97820,154,1.57192,97743,0.9983042,36.363
21,Provincia autonoma di Bolzano,Maschi,47,97666,178,1.81987,97577,0.9980995,35.419
21,Provincia autonoma di Bolzano,Maschi,48,97488,193,1.98128,97392,0.9979428,34.483
21,Provincia autonoma di Bolzano,Maschi,49,97295,208,2.13323,97192,0.9977107,33.551
21,Provincia autonoma di Bolzano,Maschi,50,97088,237,2.44562,96969,0.9973708,32.621
21,Provincia autonoma di Bolzano,Maschi,51,96850,272,2.81328,96714,0.9971202,31.700
21,Provincia autonoma di Bolzano,Maschi,52,96578,285,2.94644,96436,0.9970196,30.788
21,Provincia autonoma di Bolzano,Maschi,53,96293,290,3.01450,96148,0.9969596,29.877
21,Provincia autonoma di Bolzano,Maschi,54,96003,294,3.06646,95856,0.9968516,28.966
21,Provincia autonoma di Bolzano,Maschi,55,95709,309,3.23051,95554,0.9964676,28.054
21,Provincia autonoma di Bolzano,Maschi,56,95399,366,3.83522,95216,0.9958603,27.143
21,Provincia autonoma di Bolzano,Maschi,57,95034,422,4.44544,94822,0.9952342,26.246
21,Provincia autonoma di Bolzano,Maschi,58,94611,481,5.08753,94370,0.9945547,25.361
21,Provincia autonoma di Bolzano,Maschi,59,94130,546,5.80495,93857,0.9938704,24.488
21,Provincia autonoma di Bolzano,Maschi,60,93583,604,6.45607,93281,0.9933362,23.628
21,Provincia autonoma di Bolzano,Maschi,61,92979,639,6.87283,92660,0.9926098,22.778
21,Provincia autonoma di Bolzano,Maschi,62,92340,731,7.91110,91975,0.9917401,21.932
21,Provincia autonoma di Bolzano,Maschi,63,91610,789,8.61138,91215,0.9912284,21.103
21,Provincia autonoma di Bolzano,Maschi,64,90821,811,8.93321,90415,0.9909246,20.282
21,Provincia autonoma di Bolzano,Maschi,65,90009,830,9.21879,89595,0.9907326,19.461
21,Provincia autonoma di Bolzano,Maschi,66,89180,831,9.31643,88764,0.9904246,18.637
21,Provincia autonoma di Bolzano,Maschi,67,88349,869,9.83675,87914,0.9894220,17.808
21,Provincia autonoma di Bolzano,Maschi,68,87480,991,11.32653,86984,0.9876000,16.979
21,Provincia autonoma di Bolzano,Maschi,69,86489,1166,13.48576,85906,0.9855649,16.168
21,Provincia autonoma di Bolzano,Maschi,70,85323,1314,15.39748,84666,0.9836545,15.382
21,Provincia autonoma di Bolzano,Maschi,71,84009,1454,17.30843,83282,0.9815894,14.615
21,Provincia autonoma di Bolzano,Maschi,72,82555,1612,19.53211,81748,0.9792836,13.864
21,Provincia autonoma di Bolzano,Maschi,73,80942,1775,21.92420,80055,0.9767201,13.130
21,Provincia autonoma di Bolzano,Maschi,74,79168,1953,24.66608,78191,0.9734251,12.413
21,Provincia autonoma di Bolzano,Maschi,75,77215,2203,28.53191,76113,0.9690086,11.714
21,Provincia autonoma di Bolzano,Maschi,76,75012,2515,33.52321,73754,0.9642152,11.044
21,Provincia autonoma di Bolzano,Maschi,77,72497,2764,38.12487,71115,0.9602985,10.409
21,Provincia autonoma di Bolzano,Maschi,78,69733,2883,41.34069,68292,0.9576409,9.802
21,Provincia autonoma di Bolzano,Maschi,79,66850,2903,43.42146,65399,0.9548100,9.203
21,Provincia autonoma di Bolzano,Maschi,80,63948,3008,47.03872,62444,0.9506267,8.598
21,Provincia autonoma di Bolzano,Maschi,81,60940,3158,51.82304,59361,0.9432647,7.998
21,Provincia autonoma di Bolzano,Maschi,82,57782,3578,61.91610,55993,0.9331524,7.408
21,Provincia autonoma di Bolzano,Maschi,83,54204,3908,72.10460,52250,0.9242063,6.864
21,Provincia autonoma di Bolzano,Maschi,84,50296,4012,79.76948,48290,0.9159192,6.358
21,Provincia autonoma di Bolzano,Maschi,85,46284,4108,88.76588,44229,0.9062909,5.866
21,Provincia autonoma di Bolzano,Maschi,86,42175,4181,99.13386,40085,0.8945052,5.389
21,Provincia autonoma di Bolzano,Maschi,87,37994,4276,112.55569,35856,0.8775654,4.927
21,Provincia autonoma di Bolzano,Maschi,88,33718,4504,133.56654,31466,0.8587700,4.489
21,Provincia autonoma di Bolzano,Maschi,89,29214,4384,150.07488,27022,0.8409738,4.103
21,Provincia autonoma di Bolzano,Maschi,90,24830,4210,169.55813,22725,0.8206605,3.740
21,Provincia autonoma di Bolzano,Maschi,91,20620,3941,191.11803,18649,0.7966569,3.401
21,Provincia autonoma di Bolzano,Maschi,92,16679,3644,218.45663,14857,0.7688312,3.087
21,Provincia autonoma di Bolzano,Maschi,93,13035,3225,247.43418,11423,0.7337965,2.810
21,Provincia autonoma di Bolzano,Maschi,94,9810,2856,291.14403,8382,0.7052733,2.569
21,Provincia autonoma di Bolzano,Maschi,95,6954,2085,299.78092,5912,0.6995899,2.419
21,Provincia autonoma di Bolzano,Maschi,96,4869,1467,301.30858,4136,0.6798311,2.241
21,Provincia autonoma di Bolzano,Maschi,97,3402,1181,347.16269,2812,0.6312667,1.991
21,Provincia autonoma di Bolzano,Maschi,98,2221,892,401.77454,1775,0.5816367,1.784
21,Provincia autonoma di Bolzano,Maschi,99,1329,593,446.09320,1032,0.5448690,1.646
21,Provincia autonoma di Bolzano,Maschi,100,736,347,471.44733,562,0.5315504,1.570
21,Provincia autonoma di Bolzano,Maschi,101,389,180,462.77793,299,0.5253837,1.524
21,Provincia autonoma di Bolzano,Maschi,102,209,104,496.65251,157,0.4919207,1.406
21,Provincia autonoma di Bolzano,Maschi,103,105,56,530.78099,77,0.4583389,1.300
21,Provincia autonoma di Bolzano,Maschi,104,49,28,564.84881,35,0.4249389,1.205
21,Provincia autonoma di Bolzano,Maschi,105,21,13,598.52945,15,0.3920244,1.120
21,Provincia autonoma di Bolzano,Maschi,106,9,5,631.50454,6,0.3598889,1.044
21,Provincia autonoma di Bolzano,Maschi,107,3,2,663.46694,2,0.3288097,0.977
21,Provincia autonoma di Bolzano,Maschi,108,1,1,694.13998,1,0.2990358,0.917
21,Provincia autonoma di Bolzano,Maschi,109,0,0,723.27562,0,0.2707871,0.865
21,Provincia autonoma di Bolzano,Maschi,110,0,0,750.66871,0,0.2442445,0.819
21,Provincia autonoma di Bolzano,Maschi,111,0,0,776.15700,0,0.2195504,0.778
21,Provincia autonoma di Bolzano,Maschi,112,0,0,799.62630,0,0.1968052,0.743
21,Provincia autonoma di Bolzano,Maschi,113,0,0,821.00409,0,0.1760721,0.712
21,Provincia autonoma di Bolzano,Maschi,114,0,0,840.26250,0,0.1573757,0.686
21,Provincia autonoma di Bolzano,Maschi,115,0,0,857.40995,0,0.1407081,0.663
21,Provincia autonoma di Bolzano,Maschi,116,0,0,872.49013,0,0.1260305,0.644
21,Provincia autonoma di Bolzano,Maschi,117,0,0,885.57184,0,0.1132807,0.627
21,Provincia autonoma di Bolzano,Maschi,118,0,0,896.74725,0,0.1023753,0.614
21,Provincia autonoma di Bolzano,Maschi,119,0,0,906.12314,0,0.0932165,0.603
21,Provincia autonoma di Bolzano,Femmine,0,100000,238,2.37945,99776,0.9998389,85.706
21,Provincia autonoma di Bolzano,Femmine,1,99762,4,0.04082,99760,0.9998915,84.910
21,Provincia autonoma di Bolzano,Femmine,2,99758,18,0.17617,99749,0.9997994,83.913
21,Provincia autonoma di Bolzano,Femmine,3,99740,22,0.22503,99729,0.9997795,82.928
21,Provincia autonoma di Bolzano,Femmine,4,99718,22,0.21597,99707,0.9998200,81.946
21,Provincia autonoma di Bolzano,Femmine,5,99696,14,0.14406,99689,0.9998902,80.964
21,Provincia autonoma di Bolzano,Femmine,6,99682,8,0.07544,99678,0.9999455,79.975
21,Provincia autonoma di Bolzano,Femmine,7,99675,3,0.03346,99673,0.9999694,78.981
21,Provincia autonoma di Bolzano,Femmine,8,99671,3,0.02766,99670,0.9999614,77.984
21,Provincia autonoma di Bolzano,Femmine,9,99668,5,0.04962,99666,0.9999346,76.986
21,Provincia autonoma di Bolzano,Femmine,10,99664,8,0.08116,99659,0.9999033,75.990
21,Provincia autonoma di Bolzano,Femmine,11,99655,11,0.11230,99650,0.9998806,74.996
21,Provincia autonoma di Bolzano,Femmine,12,99644,13,0.12652,99638,0.9998771,74.004
21,Provincia autonoma di Bolzano,Femmine,13,99632,12,0.11930,99626,0.9998910,73.014
21,Provincia autonoma di Bolzano,Femmine,14,99620,10,0.09869,99615,0.9999026,72.022
21,Provincia autonoma di Bolzano,Femmine,15,99610,10,0.09611,99605,0.9998968,71.029
21,Provincia autonoma di Bolzano,Femmine,16,99600,11,0.11025,99595,0.9998818,70.036
21,Provincia autonoma di Bolzano,Femmine,17,99589,13,0.12608,99583,0.9998789,69.044
21,Provincia autonoma di Bolzano,Femmine,18,99577,12,0.11619,99571,0.9998915,68.053
21,Provincia autonoma di Bolzano,Femmine,19,99565,10,0.10087,99560,0.9999027,67.060
21,Provincia autonoma di Bolzano,Femmine,20,99555,9,0.09372,99551,0.9998905,66.067
21,Provincia autonoma di Bolzano,Femmine,21,99546,12,0.12537,99540,0.9998538,65.073
21,Provincia autonoma di Bolzano,Femmine,22,99533,17,0.16699,99525,0.9998120,64.081
21,Provincia autonoma di Bolzano,Femmine,23,99517,21,0.20902,99506,0.9997817,63.092
21,Provincia autonoma di Bolzano,Femmine,24,99496,23,0.22754,99485,0.9997524,62.105
21,Provincia autonoma di Bolzano,Femmine,25,99473,27,0.26760,99460,0.9997041,61.119
21,Provincia autonoma di Bolzano,Femmine,26,99447,32,0.32422,99431,0.9996436,60.135
21,Provincia autonoma di Bolzano,Femmine,27,99414,39,0.38862,99395,0.9995978,59.155
21,Provincia autonoma di Bolzano,Femmine,28,99376,41,0.41580,99355,0.9995934,58.177
21,Provincia autonoma di Bolzano,Femmine,29,99334,39,0.39734,99315,0.9996296,57.201
21,Provincia autonoma di Bolzano,Femmine,30,99295,34,0.34351,99278,0.9996725,56.224
21,Provincia autonoma di Bolzano,Femmine,31,99261,31,0.31151,99245,0.9997011,55.243
21,Provincia autonoma di Bolzano,Femmine,32,99230,28,0.28638,99216,0.9997143,54.260
21,Provincia autonoma di Bolzano,Femmine,33,99202,28,0.28510,99187,0.9997235,53.276
21,Provincia autonoma di Bolzano,Femmine,34,99173,27,0.26781,99160,0.9997479,52.291
21,Provincia autonoma di Bolzano,Femmine,35,99147,23,0.23647,99135,0.9997703,51.305
21,Provincia autonoma di Bolzano,Femmine,36,99123,22,0.22289,99112,0.9997607,50.317
21,Provincia autonoma di Bolzano,Femmine,37,99101,25,0.25574,99089,0.9997112,49.328
21,Provincia autonoma di Bolzano,Femmine,38,99076,32,0.32179,99060,0.9996423,48.340
21,Provincia autonoma di Bolzano,Femmine,39,99044,39,0.39369,99024,0.9995713,47.356
21,Provincia autonoma di Bolzano,Femmine,40,99005,46,0.46376,98982,0.9995055,46.374
21,Provincia autonoma di Bolzano,Femmine,41,98959,52,0.52528,98933,0.9994387,45.395
21,Provincia autonoma di Bolzano,Femmine,42,98907,59,0.59735,98878,0.9993682,44.419
21,Provincia autonoma di Bolzano,Femmine,43,98848,66,0.66620,98815,0.9993173,43.445
21,Provincia autonoma di Bolzano,Femmine,44,98782,69,0.69919,98748,0.9993007,42.474
21,Provincia autonoma di Bolzano,Femmine,45,98713,69,0.69940,98679,0.9992731,41.503
21,Provincia autonoma di Bolzano,Femmine,46,98644,74,0.75436,98607,0.9991651,40.532
21,Provincia autonoma di Bolzano,Femmine,47,98570,90,0.91551,98525,0.9989720,39.562
21,Provincia autonoma di Bolzano,Femmine,48,98479,112,1.14056,98423,0.9987674,38.598
21,Provincia autonoma di Bolzano,Femmine,49,98367,130,1.32466,98302,0.9986580,37.641
21,Provincia autonoma di Bolzano,Femmine,50,98237,134,1.35930,98170,0.9986852,36.691
21,Provincia autonoma di Bolzano,Femmine,51,98103,125,1.27014,98041,0.9987562,35.740
21,Provincia autonoma di Bolzano,Femmine,52,97979,119,1.21744,97919,0.9987404,34.785
21,Provincia autonoma di Bolzano,Femmine,53,97859,127,1.30191,97796,0.9985351,33.826
21,Provincia autonoma di Bolzano,Femmine,54,97732,159,1.62807,97652,0.9981995,32.870
21,Provincia autonoma di Bolzano,Femmine,55,97573,193,1.97325,97477,0.9978480,31.923
21,Provincia autonoma di Bolzano,Femmine,56,97380,227,2.33106,97267,0.9975378,30.985
21,Provincia autonoma di Bolzano,Femmine,57,97153,252,2.59360,97027,0.9972671,30.056
21,Provincia autonoma di Bolzano,Femmine,58,96901,278,2.87250,96762,0.9970746,29.133
21,Provincia autonoma di Bolzano,Femmine,59,96623,288,2.97839,96479,0.9970075,28.215
21,Provincia autonoma di Bolzano,Femmine,60,96335,290,3.00674,96190,0.9970073,27.298
21,Provincia autonoma di Bolzano,Femmine,61,96046,286,2.97857,95902,0.9968299,26.379
21,Provincia autonoma di Bolzano,Femmine,62,95759,322,3.36220,95598,0.9963798,25.456
21,Provincia autonoma di Bolzano,Femmine,63,95437,370,3.87903,95252,0.9959362,24.541
21,Provincia autonoma di Bolzano,Femmine,64,95067,404,4.24929,94865,0.9956097,23.634
21,Provincia autonoma di Bolzano,Femmine,65,94663,429,4.53197,94449,0.9953146,22.733
21,Provincia autonoma di Bolzano,Femmine,66,94234,456,4.83950,94006,0.9949228,21.834
21,Provincia autonoma di Bolzano,Femmine,67,93778,499,5.31597,93529,0.9943020,20.938
21,Provincia autonoma di Bolzano,Femmine,68,93280,567,6.08201,92996,0.9935348,20.047
21,Provincia autonoma di Bolzano,Femmine,69,92712,635,6.85083,92395,0.9928008,19.167
21,Provincia autonoma di Bolzano,Femmine,70,92077,695,7.55001,91730,0.9918405,18.295
21,Provincia autonoma di Bolzano,Femmine,71,91382,802,8.77357,90981,0.9903667,17.431
21,Provincia autonoma di Bolzano,Femmine,72,90580,951,10.50060,90105,0.9887507,16.581
21,Provincia autonoma di Bolzano,Femmine,73,89629,1076,12.00598,89091,0.9873872,15.751
21,Provincia autonoma di Bolzano,Femmine,74,88553,1171,13.22704,87967,0.9860594,14.937
21,Provincia autonoma di Bolzano,Femmine,75,87382,1281,14.66377,86741,0.9836475,14.130
21,Provincia autonoma di Bolzano,Femmine,76,86100,1556,18.06634,85323,0.9798589,13.333
21,Provincia autonoma di Bolzano,Femmine,77,84545,1881,22.25409,83604,0.9758101,12.569
21,Provincia autonoma di Bolzano,Femmine,78,82663,2163,26.16974,81582,0.9731243,11.844
21,Provincia autonoma di Bolzano,Femmine,79,80500,2222,27.60064,79389,0.9722868,11.149
21,Provincia autonoma di Bolzano,Femmine,80,78278,2178,27.82899,77189,0.9714990,10.451
21,Provincia autonoma di Bolzano,Femmine,81,76100,2222,29.19215,74989,0.9687521,9.736
21,Provincia autonoma di Bolzano,Femmine,82,73878,2465,33.36556,72646,0.9632369,9.014
21,Provincia autonoma di Bolzano,Femmine,83,71413,2876,40.27795,69975,0.9561357,8.307
21,Provincia autonoma di Bolzano,Femmine,84,68537,3262,47.60113,66906,0.9488296,7.635
21,Provincia autonoma di Bolzano,Femmine,85,65275,3585,54.91815,63482,0.9395270,6.992
21,Provincia autonoma di Bolzano,Femmine,86,61690,4093,66.35073,59643,0.9271144,6.369
21,Provincia autonoma di Bolzano,Femmine,87,57597,4601,79.88480,55296,0.9136936,5.786
21,Provincia autonoma di Bolzano,Femmine,88,52996,4944,93.28550,50524,0.8971276,5.245
21,Provincia autonoma di Bolzano,Femmine,89,48052,5451,113.44571,45326,0.8766197,4.733
21,Provincia autonoma di Bolzano,Femmine,90,42601,5733,134.58625,39734,0.8543471,4.275
21,Provincia autonoma di Bolzano,Femmine,91,36867,5841,158.44053,33946,0.8306512,3.862
21,Provincia autonoma di Bolzano,Femmine,92,31026,5656,182.31080,28198,0.8063970,3.495
21,Provincia autonoma di Bolzano,Femmine,93,25370,5262,207.41281,22739,0.7787029,3.162
21,Provincia autonoma di Bolzano,Femmine,94,20108,4802,238.81487,17707,0.7479875,2.859
21,Provincia autonoma di Bolzano,Femmine,95,15306,4123,269.35080,13244,0.7150002,2.599
21,Provincia autonoma di Bolzano,Femmine,96,11183,3427,306.41774,9470,0.6836525,2.373
21,Provincia autonoma di Bolzano,Femmine,97,7756,2565,330.66413,6474,0.6607634,2.200
21,Provincia autonoma di Bolzano,Femmine,98,5192,1828,352.04415,4278,0.6382365,2.041
21,Provincia autonoma di Bolzano,Femmine,99,3364,1267,376.76360,2730,0.6105390,1.878
21,Provincia autonoma di Bolzano,Femmine,100,2097,859,409.83431,1667,0.5730211,1.710
21,Provincia autonoma di Bolzano,Femmine,101,1237,564,456.02949,955,0.5322276,1.551
21,Provincia autonoma di Bolzano,Femmine,102,673,329,489.35980,508,0.4992906,1.432
21,Provincia autonoma di Bolzano,Femmine,103,344,180,522.93553,254,0.4662421,1.325
21,Provincia autonoma di Bolzano,Femmine,104,164,91,556.44330,118,0.4333801,1.229
21,Provincia autonoma di Bolzano,Femmine,105,73,43,589.56324,51,0.4010029,1.143
21,Provincia autonoma di Bolzano,Femmine,106,30,19,621.98195,21,0.3694003,1.066
21,Provincia autonoma di Bolzano,Femmine,107,11,7,653.39689,8,0.3388461,0.999
21,Provincia autonoma di Bolzano,Femmine,108,4,3,683.53404,3,0.3095861,0.938
21,Provincia autonoma di Bolzano,Femmine,109,1,1,712.15360,1,0.2818346,0.885
21,Provincia autonoma di Bolzano,Femmine,110,0,0,739.05105,0,0.2557718,0.839
21,Provincia autonoma di Bolzano,Femmine,111,0,0,764.06790,0,0.2315369,0.798
21,Provincia autonoma di Bolzano,Femmine,112,0,0,787.09224,0,0.2092283,0.762
21,Provincia autonoma di Bolzano,Femmine,113,0,0,808.05380,0,0.1889073,0.731
21,Provincia autonoma di Bolzano,Femmine,114,0,0,826.92454,0,0.1705982,0.705
21,Provincia autonoma di Bolzano,Femmine,115,0,0,843.71499,0,0.1542909,0.682
21,Provincia autonoma di Bolzano,Femmine,116,0,0,858.46855,0,0.1399465,0.662
21,Provincia autonoma di Bolzano,Femmine,117,0,0,871.25193,0,0.1275041,0.646
21,Provincia autonoma di Bolzano,Femmine,118,0,0,882.15834,0,0.1168789,0.632
21,Provincia autonoma di Bolzano,Femmine,119,0,0,891.29110,0,0.1079757,0.621
22,Provincia autonoma di Trento,Maschi e femmine,0,100000,190,1.89778,99821,0.9997984,84.178
22,Provincia autonoma di Trento,Maschi e femmine,1,99810,18,0.17890,99801,0.9998443,83.337
22,Provincia autonoma di Trento,Maschi e femmine,2,99792,13,0.13252,99786,0.9998850,82.352
22,Provincia autonoma di Trento,Maschi e femmine,3,99779,10,0.09747,99774,0.9999144,81.363
22,Provincia autonoma di Trento,Maschi e femmine,4,99769,7,0.07370,99766,0.9999323,80.371
22,Provincia autonoma di Trento,Maschi e femmine,5,99762,6,0.06171,99759,0.9999367,79.376
22,Provincia autonoma di Trento,Maschi e femmine,6,99756,6,0.06488,99753,0.9999315,78.381
22,Provincia autonoma di Trento,Maschi e femmine,7,99749,7,0.07208,99746,0.9999223,77.386
22,Provincia autonoma di Trento,Maschi e femmine,8,99742,8,0.08331,99738,0.9999168,76.392
22,Provincia autonoma di Trento,Maschi e femmine,9,99734,8,0.08302,99730,0.9999158,75.398
22,Provincia autonoma di Trento,Maschi e femmine,10,99726,9,0.08529,99721,0.9999117,74.404
22,Provincia autonoma di Trento,Maschi e femmine,11,99717,9,0.09129,99713,0.9998981,73.411
22,Provincia autonoma di Trento,Maschi e femmine,12,99708,11,0.11251,99702,0.9998790,72.417
22,Provincia autonoma di Trento,Maschi e femmine,13,99697,13,0.12943,99690,0.9998669,71.426
22,Provincia autonoma di Trento,Maschi e femmine,14,99684,14,0.13683,99677,0.9998646,70.435
22,Provincia autonoma di Trento,Maschi e femmine,15,99670,13,0.13391,99664,0.9998551,69.444
22,Provincia autonoma di Trento,Maschi e femmine,16,99657,16,0.15598,99649,0.9998214,68.453
22,Provincia autonoma di Trento,Maschi e femmine,17,99641,20,0.20122,99631,0.9997714,67.464
22,Provincia autonoma di Trento,Maschi e femmine,18,99621,25,0.25595,99609,0.9997300,66.478
22,Provincia autonoma di Trento,Maschi e femmine,19,99596,28,0.28406,99582,0.9997147,65.494
22,Provincia autonoma di Trento,Maschi e femmine,20,99568,29,0.28663,99553,0.9997205,64.513
22,Provincia autonoma di Trento,Maschi e femmine,21,99539,27,0.27230,99525,0.9997299,63.531
22,Provincia autonoma di Trento,Maschi e femmine,22,99512,27,0.26789,99499,0.9997189,62.548
22,Provincia autonoma di Trento,Maschi e femmine,23,99485,29,0.29438,99471,0.9996854,61.565
22,Provincia autonoma di Trento,Maschi e femmine,24,99456,33,0.33490,99439,0.9996436,60.583
22,Provincia autonoma di Trento,Maschi e femmine,25,99423,38,0.37796,99404,0.9996003,59.603
22,Provincia autonoma di Trento,Maschi e femmine,26,99385,42,0.42154,99364,0.9995608,58.626
22,Provincia autonoma di Trento,Maschi e femmine,27,99343,45,0.45683,99320,0.9995464,57.650
22,Provincia autonoma di Trento,Maschi e femmine,28,99298,45,0.45033,99275,0.9995606,56.676
22,Provincia autonoma di Trento,Maschi e femmine,29,99253,43,0.42840,99232,0.9995951,55.701
22,Provincia autonoma di Trento,Maschi e femmine,30,99211,38,0.38142,99192,0.9996425,54.725
22,Provincia autonoma di Trento,Maschi e femmine,31,99173,33,0.33367,99156,0.9996823,53.746
22,Provincia autonoma di Trento,Maschi e femmine,32,99140,30,0.30170,99125,0.9996809,52.764
22,Provincia autonoma di Trento,Maschi e femmine,33,99110,33,0.33655,99093,0.9996427,51.779
22,Provincia autonoma di Trento,Maschi e femmine,34,99076,37,0.37803,99058,0.9995911,50.797
22,Provincia autonoma di Trento,Maschi e femmine,35,99039,44,0.43968,99017,0.9995424,49.816
22,Provincia autonoma di Trento,Maschi e femmine,36,98995,47,0.47543,98972,0.9994893,48.837
22,Provincia autonoma di Trento,Maschi e femmine,37,98948,54,0.54590,98921,0.9994187,47.860
22,Provincia autonoma di Trento,Maschi e femmine,38,98894,61,0.61669,98864,0.9993307,46.886
22,Provincia autonoma di Trento,Maschi e femmine,39,98833,71,0.72195,98798,0.9992435,45.915
22,Provincia autonoma di Trento,Maschi e femmine,40,98762,78,0.79111,98723,0.9991728,44.948
22,Provincia autonoma di Trento,Maschi e femmine,41,98684,85,0.86329,98641,0.9990953,43.983
22,Provincia autonoma di Trento,Maschi e femmine,42,98599,93,0.94618,98552,0.9989993,43.020
22,Provincia autonoma di Trento,Maschi e femmine,43,98505,104,1.05536,98453,0.9988960,42.061
22,Provincia autonoma di Trento,Maschi e femmine,44,98401,113,1.15266,98345,0.9988197,41.105
22,Provincia autonoma di Trento,Maschi e femmine,45,98288,119,1.20804,98229,0.9987919,40.151
22,Provincia autonoma di Trento,Maschi e femmine,46,98169,119,1.20809,98110,0.9987796,39.199
22,Provincia autonoma di Trento,Maschi e femmine,47,98051,121,1.23279,97990,0.9986856,38.246
22,Provincia autonoma di Trento,Maschi e femmine,48,97930,137,1.39618,97861,0.9984769,37.293
22,Provincia autonoma di Trento,Maschi e femmine,49,97793,161,1.65026,97712,0.9982538,36.344
22,Provincia autonoma di Trento,Maschi e femmine,50,97632,180,1.84222,97542,0.9981257,35.403
22,Provincia autonoma di Trento,Maschi e femmine,51,97452,186,1.90644,97359,0.9981178,34.468
22,Provincia autonoma di Trento,Maschi e femmine,52,97266,181,1.85798,97176,0.9981133,33.533
22,Provincia autonoma di Trento,Maschi e femmine,53,97085,186,1.91546,96992,0.9979776,32.594
22,Provincia autonoma di Trento,Maschi e femmine,54,96899,206,2.12947,96796,0.9976942,31.656
22,Provincia autonoma di Trento,Maschi e femmine,55,96693,240,2.48247,96573,0.9973113,30.722
22,Provincia autonoma di Trento,Maschi e femmine,56,96453,279,2.89539,96313,0.9969661,29.798
22,Provincia autonoma di Trento,Maschi e femmine,57,96174,305,3.17287,96021,0.9967665,28.883
22,Provincia autonoma di Trento,Maschi e femmine,58,95869,316,3.29438,95711,0.9966442,27.973
22,Provincia autonoma di Trento,Maschi e femmine,59,95553,327,3.41751,95389,0.9965312,27.064
22,Provincia autonoma di Trento,Maschi e femmine,60,95226,335,3.52022,95059,0.9963684,26.155
22,Provincia autonoma di Trento,Maschi e femmine,61,94891,355,3.74345,94713,0.9959629,25.246
22,Provincia autonoma di Trento,Maschi e femmine,62,94536,410,4.33182,94331,0.9952644,24.338
22,Provincia autonoma di Trento,Maschi e femmine,63,94126,484,5.14112,93884,0.9945593,23.442
22,Provincia autonoma di Trento,Maschi e femmine,64,93642,538,5.74185,93373,0.9939277,22.561
22,Provincia autonoma di Trento,Maschi e femmine,65,93105,596,6.40469,92806,0.9932164,21.688
22,Provincia autonoma di Trento,Maschi e femmine,66,92508,663,7.16500,92177,0.9926003,20.825
22,Provincia autonoma di Trento,Maschi e femmine,67,91845,701,7.63602,91495,0.9919810,19.971
22,Provincia autonoma di Trento,Maschi e femmine,68,91144,766,8.40485,90761,0.9908945,19.121
22,Provincia autonoma di Trento,Maschi e femmine,69,90378,887,9.81204,89935,0.9895986,18.279
22,Provincia autonoma di Trento,Maschi e femmine,70,89491,984,10.99656,88999,0.9882144,17.455
22,Provincia autonoma di Trento,Maschi e femmine,71,88507,1114,12.58335,87950,0.9862989,16.644
22,Provincia autonoma di Trento,Maschi e femmine,72,87393,1296,14.83317,86745,0.9845870,15.850
22,Provincia autonoma di Trento,Maschi e femmine,73,86097,1378,16.00163,85408,0.9834631,15.081
22,Provincia autonoma di Trento,Maschi e femmine,74,84719,1447,17.08088,83996,0.9820682,14.318
22,Provincia autonoma di Trento,Maschi e femmine,75,83272,1565,18.79741,82490,0.9803378,13.558
22,Provincia autonoma di Trento,Maschi e femmine,76,81707,1679,20.54350,80868,0.9780870,12.808
22,Provincia autonoma di Trento,Maschi e femmine,77,80029,1866,23.31131,79096,0.9748386,12.066
22,Provincia autonoma di Trento,Maschi e femmine,78,78163,2115,27.05556,77106,0.9711848,11.342
22,Provincia autonoma di Trento,Maschi e femmine,79,76048,2329,30.62379,74884,0.9671691,10.644
22,Provincia autonoma di Trento,Maschi e femmine,80,73719,2588,35.10774,72425,0.9625229,9.964
22,Provincia autonoma di Trento,Maschi e femmine,81,71131,2840,39.93264,69711,0.9570513,9.309
22,Provincia autonoma di Trento,Maschi e femmine,82,68291,3148,46.09029,66717,0.9506338,8.675
22,Provincia autonoma di Trento,Maschi e femmine,83,65143,3440,52.80040,63423,0.9444917,8.070
22,Provincia autonoma di Trento,Maschi e femmine,84,61704,3601,58.36723,59903,0.9384312,7.492
22,Provincia autonoma di Trento,Maschi e femmine,85,58102,3775,64.96872,56215,0.9295478,6.925
22,Provincia autonoma di Trento,Maschi e femmine,86,54327,4146,76.31670,52254,0.9185800,6.372
22,Provincia autonoma di Trento,Maschi e femmine,87,50181,4363,86.94488,48000,0.9055237,5.857
22,Provincia autonoma di Trento,Maschi e femmine,88,45818,4707,102.72492,43465,0.8879874,5.367
22,Provincia autonoma di Trento,Maschi e femmine,89,41112,5031,122.36350,38596,0.8715929,4.924
22,Provincia autonoma di Trento,Maschi e femmine,90,36081,4882,135.29334,33640,0.8590279,4.541
22,Provincia autonoma di Trento,Maschi e femmine,91,31199,4603,147.53940,28898,0.8441937,4.173
22,Provincia autonoma di Trento,Maschi e femmine,92,26596,4402,165.50410,24395,0.8259185,3.809
22,Provincia autonoma di Trento,Maschi e femmine,93,22195,4092,184.36008,20149,0.8069058,3.465
22,Provincia autonoma di Trento,Maschi e femmine,94,18103,3689,203.80253,16258,0.7816012,3.135
22,Provincia autonoma di Trento,Maschi e femmine,95,14413,3412,236.73127,12707,0.7439005,2.810
22,Provincia autonoma di Trento,Maschi e femmine,96,11001,3097,281.47477,9453,0.7058520,2.527
22,Provincia autonoma di Trento,Maschi e femmine,97,7905,2465,311.78591,6672,0.6772382,2.320
22,Provincia autonoma di Trento,Maschi e femmine,98,5440,1843,338.71028,4519,0.6513758,2.145
22,Provincia autonoma di Trento,Maschi e femmine,99,3597,1308,363.61596,2943,0.6258790,1.988
22,Provincia autonoma di Trento,Maschi e femmine,100,2289,894,390.62834,1842,0.5974263,1.838
22,Provincia autonoma di Trento,Maschi e femmine,101,1395,589,422.17656,1101,0.5665471,1.696
22,Provincia autonoma di Trento,Maschi e femmine,102,806,365,452.96818,624,0.5359871,1.569
22,Provincia autonoma di Trento,Maschi e femmine,103,441,214,484.20316,334,0.5050918,1.455
22,Provincia autonoma di Trento,Maschi e femmine,104,227,117,515.66250,169,0.4740736,1.352
22,Provincia autonoma di Trento,Maschi e femmine,105,110,60,547.11812,80,0.4431497,1.258
22,Provincia autonoma di Trento,Maschi e femmine,106,50,29,578.33983,35,0.4125388,1.174
22,Provincia autonoma di Trento,Maschi e femmine,107,21,13,609.09320,15,0.3824591,1.098
22,Provincia autonoma di Trento,Maschi e femmine,108,8,5,639.15141,6,0.3531200,1.030
22,Provincia autonoma di Trento,Maschi e femmine,109,3,2,668.29768,2,0.3247207,0.969
22,Provincia autonoma di Trento,Maschi e femmine,110,1,1,696.32706,1,0.2974462,0.915
22,Provincia autonoma di Trento,Maschi e femmine,111,0,0,723.05847,0,0.2714585,0.867
22,Provincia autonoma di Trento,Maschi e femmine,112,0,0,748.34008,0,0.2468928,0.823
22,Provincia autonoma di Trento,Maschi e femmine,113,0,0,772.05011,0,0.2238561,0.785
22,Provincia autonoma di Trento,Maschi e femmine,114,0,0,794.10299,0,0.2024228,0.752
22,Provincia autonoma di Trento,Maschi e femmine,115,0,0,814.45048,0,0.1826339,0.722
22,Provincia autonoma di Trento,Maschi e femmine,116,0,0,833.07973,0,0.1644991,0.696
22,Provincia autonoma di Trento,Maschi e femmine,117,0,0,850.00601,0,0.1480022,0.673
22,Provincia autonoma di Trento,Maschi e femmine,118,0,0,865.27663,0,0.1330994,0.653
22,Provincia autonoma di Trento,Maschi e femmine,119,0,0,878.95482,0,0.1197311,0.636
22,Provincia autonoma di Trento,Maschi,0,100000,184,1.83916,99827,0.9998672,82.123
22,Provincia autonoma di Trento,Maschi,1,99816,5,0.04813,99814,0.9999216,81.274
22,Provincia autonoma di Trento,Maschi,2,99811,11,0.10863,99806,0.9998830,80.278
22,Provincia autonoma di Trento,Maschi,3,99800,13,0.12536,99794,0.9998795,79.286
22,Provincia autonoma di Trento,Maschi,4,99788,12,0.11562,99782,0.9999025,78.296
22,Provincia autonoma di Trento,Maschi,5,99776,8,0.07935,99772,0.9999355,77.305
22,Provincia autonoma di Trento,Maschi,6,99768,5,0.04957,99766,0.9999566,76.311
22,Provincia autonoma di Trento,Maschi,7,99764,4,0.03731,99762,0.9999640,75.315
22,Provincia autonoma di Trento,Maschi,8,99760,3,0.03467,99758,0.9999654,74.318
22,Provincia autonoma di Trento,Maschi,9,99756,3,0.03443,99755,0.9999671,73.320
22,Provincia autonoma di Trento,Maschi,10,99753,3,0.03128,99751,0.9999637,72.323
22,Provincia autonoma di Trento,Maschi,11,99750,4,0.04123,99748,0.9999426,71.325
22,Provincia autonoma di Trento,Maschi,12,99746,7,0.07363,99742,0.9999001,70.328
22,Provincia autonoma di Trento,Maschi,13,99738,13,0.12609,99732,0.9998518,69.333
22,Provincia autonoma di Trento,Maschi,14,99726,17,0.17032,99717,0.9998114,68.342
22,Provincia autonoma di Trento,Maschi,15,99709,21,0.20698,99698,0.9997603,67.353
22,Provincia autonoma di Trento,Maschi,16,99688,27,0.27251,99675,0.9996820,66.367
22,Provincia autonoma di Trento,Maschi,17,99661,36,0.36360,99643,0.9995936,65.385
22,Provincia autonoma di Trento,Maschi,18,99625,45,0.44928,99602,0.9995380,64.409
22,Provincia autonoma di Trento,Maschi,19,99580,47,0.47481,99556,0.9995331,63.438
22,Provincia autonoma di Trento,Maschi,20,99533,46,0.45900,99510,0.9995654,62.467
22,Provincia autonoma di Trento,Maschi,21,99487,41,0.41025,99467,0.9996033,61.496
22,Provincia autonoma di Trento,Maschi,22,99446,38,0.38310,99427,0.9996074,60.521
22,Provincia autonoma di Trento,Maschi,23,99408,40,0.40205,99388,0.9995690,59.544
22,Provincia autonoma di Trento,Maschi,24,99368,46,0.45996,99345,0.9995023,58.568
22,Provincia autonoma di Trento,Maschi,25,99322,53,0.53549,99296,0.9994142,57.594
22,Provincia autonoma di Trento,Maschi,26,99269,63,0.63608,99238,0.9993305,56.625
22,Provincia autonoma di Trento,Maschi,27,99206,70,0.70300,99171,0.9993160,55.661
22,Provincia autonoma di Trento,Maschi,28,99136,66,0.66501,99103,0.9993745,54.700
22,Provincia autonoma di Trento,Maschi,29,99070,58,0.58590,99041,0.9994592,53.736
22,Provincia autonoma di Trento,Maschi,30,99012,49,0.49566,98988,0.9995296,52.767
22,Provincia autonoma di Trento,Maschi,31,98963,44,0.44507,98941,0.9995686,51.793
22,Provincia autonoma di Trento,Maschi,32,98919,41,0.41770,98899,0.9995499,50.816
22,Provincia autonoma di Trento,Maschi,33,98878,48,0.48251,98854,0.9995027,49.837
22,Provincia autonoma di Trento,Maschi,34,98830,51,0.51216,98805,0.9994453,48.860
22,Provincia autonoma di Trento,Maschi,35,98780,59,0.59730,98750,0.9993777,47.885
22,Provincia autonoma di Trento,Maschi,36,98721,64,0.64729,98689,0.9993000,46.914
22,Provincia autonoma di Trento,Maschi,37,98657,74,0.75274,98620,0.9992137,45.944
22,Provincia autonoma di Trento,Maschi,38,98582,81,0.81995,98542,0.9991399,44.978
22,Provincia autonoma di Trento,Maschi,39,98502,89,0.90023,98457,0.9991063,44.014
22,Provincia autonoma di Trento,Maschi,40,98413,87,0.88719,98369,0.9991079,43.054
22,Provincia autonoma di Trento,Maschi,41,98326,88,0.89701,98282,0.9990571,42.091
22,Provincia autonoma di Trento,Maschi,42,98237,97,0.98881,98189,0.9989008,41.129
22,Provincia autonoma di Trento,Maschi,43,98140,119,1.20964,98081,0.9986765,40.169
22,Provincia autonoma di Trento,Maschi,44,98022,141,1.43750,97951,0.9985038,39.217
22,Provincia autonoma di Trento,Maschi,45,97881,152,1.55504,97805,0.9984423,38.273
22,Provincia autonoma di Trento,Maschi,46,97728,152,1.56039,97652,0.9984388,37.331
22,Provincia autonoma di Trento,Maschi,47,97576,152,1.56202,97500,0.9983491,36.389
22,Provincia autonoma di Trento,Maschi,48,97424,169,1.73982,97339,0.9981147,35.445
22,Provincia autonoma di Trento,Maschi,49,97254,198,2.03100,97155,0.9978932,34.506
22,Provincia autonoma di Trento,Maschi,50,97057,212,2.18285,96951,0.9978142,33.575
22,Provincia autonoma di Trento,Maschi,51,96845,212,2.18874,96739,0.9978597,32.648
22,Provincia autonoma di Trento,Maschi,52,96633,202,2.09175,96532,0.9978577,31.718
22,Provincia autonoma di Trento,Maschi,53,96431,211,2.19299,96325,0.9976934,30.784
22,Provincia autonoma di Trento,Maschi,54,96219,233,2.42054,96103,0.9973902,29.850
22,Provincia autonoma di Trento,Maschi,55,95986,269,2.79943,95852,0.9969926,28.921
22,Provincia autonoma di Trento,Maschi,56,95717,308,3.21597,95564,0.9966472,28.001
22,Provincia autonoma di Trento,Maschi,57,95410,333,3.48999,95243,0.9963874,27.090
22,Provincia autonoma di Trento,Maschi,58,95077,355,3.73558,94899,0.9961318,26.183
22,Provincia autonoma di Trento,Maschi,59,94722,379,4.00139,94532,0.9958687,25.279
22,Provincia autonoma di Trento,Maschi,60,94342,402,4.26175,94141,0.9955070,24.379
22,Provincia autonoma di Trento,Maschi,61,93940,444,4.72523,93718,0.9947708,23.481
22,Provincia autonoma di Trento,Maschi,62,93497,536,5.73555,93228,0.9935811,22.590
22,Provincia autonoma di Trento,Maschi,63,92960,661,7.10614,92630,0.9925575,21.718
22,Provincia autonoma di Trento,Maschi,64,92300,718,7.78119,91941,0.9919543,20.869
22,Provincia autonoma di Trento,Maschi,65,91582,761,8.31227,91201,0.9913004,20.029
22,Provincia autonoma di Trento,Maschi,66,90820,826,9.09020,90407,0.9906348,19.193
22,Provincia autonoma di Trento,Maschi,67,89995,868,9.64277,89561,0.9896690,18.364
22,Provincia autonoma di Trento,Maschi,68,89127,983,11.02593,88636,0.9877259,17.538
22,Provincia autonoma di Trento,Maschi,69,88144,1193,13.53613,87548,0.9857516,16.728
22,Provincia autonoma di Trento,Maschi,70,86951,1302,14.97054,86300,0.9844570,15.951
22,Provincia autonoma di Trento,Maschi,71,85649,1381,16.12424,84959,0.9826306,15.186
22,Provincia autonoma di Trento,Maschi,72,84268,1570,18.63501,83483,0.9805291,14.426
22,Provincia autonoma di Trento,Maschi,73,82698,1681,20.32271,81858,0.9784501,13.691
22,Provincia autonoma di Trento,Maschi,74,81017,1847,22.80264,80094,0.9755013,12.965
22,Provincia autonoma di Trento,Maschi,75,79170,2077,26.23426,78131,0.9727893,12.255
22,Provincia autonoma di Trento,Maschi,76,77093,2175,28.21351,76005,0.9708068,11.572
22,Provincia autonoma di Trento,Maschi,77,74918,2263,30.20135,73787,0.9681595,10.894
22,Provincia autonoma di Trento,Maschi,78,72655,2436,33.53068,71437,0.9646284,10.217
22,Provincia autonoma di Trento,Maschi,79,70219,2618,37.27646,68910,0.9589929,9.554
22,Provincia autonoma di Trento,Maschi,80,67602,3034,44.88220,66085,0.9512821,8.905
22,Provincia autonoma di Trento,Maschi,81,64567,3405,52.73388,62865,0.9428725,8.300
22,Provincia autonoma di Trento,Maschi,82,61163,3778,61.76566,59274,0.9356287,7.734
22,Provincia autonoma di Trento,Maschi,83,57385,3853,67.14852,55458,0.9320237,7.210
22,Provincia autonoma di Trento,Maschi,84,53532,3686,68.86368,51688,0.9291385,6.693
22,Provincia autonoma di Trento,Maschi,85,49845,3639,73.00710,48026,0.9202872,6.151
22,Provincia autonoma di Trento,Maschi,86,46206,4017,86.94671,44197,0.9057827,5.597
22,Provincia autonoma di Trento,Maschi,87,42189,4311,102.18027,40033,0.8848744,5.082
22,Provincia autonoma di Trento,Maschi,88,37878,4907,129.54424,35424,0.8596931,4.603
22,Provincia autonoma di Trento,Maschi,89,32971,5034,152.67140,30454,0.8397754,4.214
22,Provincia autonoma di Trento,Maschi,90,27937,4725,169.13864,25575,0.8254898,3.883
22,Provincia autonoma di Trento,Maschi,91,23212,4201,180.97519,21112,0.8095865,3.572
22,Provincia autonoma di Trento,Maschi,92,19011,3839,201.93739,17092,0.7896670,3.251
22,Provincia autonoma di Trento,Maschi,93,15172,3351,220.85303,13497,0.7649333,2.947
22,Provincia autonoma di Trento,Maschi,94,11821,2994,253.30934,10324,0.7334033,2.640
22,Provincia autonoma di Trento,Maschi,95,8827,2510,284.39178,7572,0.6944300,2.366
22,Provincia autonoma di Trento,Maschi,96,6317,2117,335.16466,5258,0.6494058,2.108
22,Provincia autonoma di Trento,Maschi,97,4199,1570,373.80235,3415,0.6127948,1.918
22,Provincia autonoma di Trento,Maschi,98,2630,1075,408.60863,2092,0.5807924,1.765
22,Provincia autonoma di Trento,Maschi,99,1555,680,437.12971,1215,0.5526244,1.639
22,Provincia autonoma di Trento,Maschi,100,875,408,465.57849,672,0.5247660,1.524
22,Provincia autonoma di Trento,Maschi,101,468,231,493.30133,352,0.4950026,1.415
22,Provincia autonoma di Trento,Maschi,102,237,125,528.08027,174,0.4607398,1.306
22,Provincia autonoma di Trento,Maschi,103,112,63,562.95067,80,0.4265180,1.208
22,Provincia autonoma di Trento,Maschi,104,49,29,597.57836,34,0.3926535,1.121
22,Provincia autonoma di Trento,Maschi,105,20,12,631.61994,13,0.3594628,1.043
22,Provincia autonoma di Trento,Maschi,106,7,5,664.74403,5,0.3272489,0.973
22,Provincia autonoma di Trento,Maschi,107,2,2,696.63442,2,0.2962955,0.912
22,Provincia autonoma di Trento,Maschi,108,1,1,727.00996,0,0.2668542,0.858
22,Provincia autonoma di Trento,Maschi,109,0,0,755.62235,0,0.2391443,0.810
22,Provincia autonoma di Trento,Maschi,110,0,0,782.27049,0,0.2133436,0.768
22,Provincia autonoma di Trento,Maschi,111,0,0,806.79998,0,0.1895880,0.732
22,Provincia autonoma di Trento,Maschi,112,0,0,829.10787,0,0.1679691,0.701
22,Provincia autonoma di Trento,Maschi,113,0,0,849.13541,0,0.1485397,0.674
22,Provincia autonoma di Trento,Maschi,114,0,0,866.87061,0,0.1313120,0.651
22,Provincia autonoma di Trento,Maschi,115,0,0,882.33901,0,0.1162647,0.631
22,Provincia autonoma di Trento,Maschi,116,0,0,895.60220,0,0.1033443,0.615
22,Provincia autonoma di Trento,Maschi,117,0,0,906.74693,0,0.0924738,0.602
22,Provincia autonoma di Trento,Maschi,118,0,0,915.88303,0,0.0835543,0.591
22,Provincia autonoma di Trento,Maschi,119,0,0,923.13421,0,0.0764732,0.583
22,Provincia autonoma di Trento,Femmine,0,100000,196,1.95963,99816,0.9997257,86.326
22,Provincia autonoma di Trento,Femmine,1,99804,32,0.31689,99788,0.9997627,85.495
22,Provincia autonoma di Trento,Femmine,2,99772,16,0.15773,99765,0.9998871,84.522
22,Provincia autonoma di Trento,Femmine,3,99757,7,0.06804,99753,0.9999513,83.535
22,Provincia autonoma di Trento,Femmine,4,99750,3,0.02946,99748,0.9999637,82.541
22,Provincia autonoma di Trento,Femmine,5,99747,4,0.04309,99745,0.9999379,81.543
22,Provincia autonoma di Trento,Femmine,6,99743,8,0.08104,99739,0.9999051,80.546
22,Provincia autonoma di Trento,Femmine,7,99735,11,0.10877,99729,0.9998783,79.553
22,Provincia autonoma di Trento,Femmine,8,99724,13,0.13464,99717,0.9998655,78.562
22,Provincia autonoma di Trento,Femmine,9,99710,13,0.13430,99704,0.9998617,77.572
22,Provincia autonoma di Trento,Femmine,10,99697,14,0.14231,99690,0.9998568,76.582
22,Provincia autonoma di Trento,Femmine,11,99683,14,0.14414,99676,0.9998512,75.593
22,Provincia autonoma di Trento,Femmine,12,99668,15,0.15355,99661,0.9998567,74.604
22,Provincia autonoma di Trento,Femmine,13,99653,13,0.13297,99646,0.9998828,73.615
22,Provincia autonoma di Trento,Femmine,14,99640,10,0.10147,99635,0.9999209,72.625
22,Provincia autonoma di Trento,Femmine,15,99630,6,0.05677,99627,0.9999551,71.632
22,Provincia autonoma di Trento,Femmine,16,99624,3,0.03299,99622,0.9999686,70.637
22,Provincia autonoma di Trento,Femmine,17,99621,3,0.02986,99619,0.9999591,69.639
22,Provincia autonoma di Trento,Femmine,18,99618,5,0.05201,99615,0.9999325,68.641
22,Provincia autonoma di Trento,Femmine,19,99613,8,0.08292,99608,0.9999061,67.644
22,Provincia autonoma di Trento,Femmine,20,99604,10,0.10493,99599,0.9998841,66.650
22,Provincia autonoma di Trento,Femmine,21,99594,13,0.12693,99588,0.9998633,65.657
22,Provincia autonoma di Trento,Femmine,22,99581,15,0.14651,99574,0.9998363,64.665
22,Provincia autonoma di Trento,Femmine,23,99567,18,0.18098,99558,0.9998079,63.675
22,Provincia autonoma di Trento,Femmine,24,99549,20,0.20322,99539,0.9997923,62.686
22,Provincia autonoma di Trento,Femmine,25,99528,21,0.21213,99518,0.9997960,61.699
22,Provincia autonoma di Trento,Femmine,26,99507,19,0.19579,99498,0.9998031,60.712
22,Provincia autonoma di Trento,Femmine,27,99488,20,0.19793,99478,0.9997887,59.723
22,Provincia autonoma di Trento,Femmine,28,99468,22,0.22465,99457,0.9997562,58.735
22,Provincia autonoma di Trento,Femmine,29,99446,26,0.26288,99433,0.9997379,57.748
22,Provincia autonoma di Trento,Femmine,30,99420,26,0.26140,99407,0.9997610,56.763
22,Provincia autonoma di Trento,Femmine,31,99394,22,0.21666,99383,0.9998017,55.778
22,Provincia autonoma di Trento,Femmine,32,99372,18,0.17990,99363,0.9998184,54.790
22,Provincia autonoma di Trento,Femmine,33,99354,18,0.18333,99345,0.9997897,53.800
22,Provincia autonoma di Trento,Femmine,34,99336,24,0.23727,99324,0.9997442,52.810
22,Provincia autonoma di Trento,Femmine,35,99312,27,0.27431,99299,0.9997153,51.822
22,Provincia autonoma di Trento,Femmine,36,99285,29,0.29519,99271,0.9996879,50.836
22,Provincia autonoma di Trento,Femmine,37,99256,33,0.32904,99240,0.9996336,49.851
22,Provincia autonoma di Trento,Femmine,38,99223,40,0.40367,99203,0.9995306,48.867
22,Provincia autonoma di Trento,Femmine,39,99183,53,0.53519,99157,0.9993872,47.887
22,Provincia autonoma di Trento,Femmine,40,99130,68,0.69048,99096,0.9992408,46.912
22,Provincia autonoma di Trento,Femmine,41,99062,82,0.82798,99021,0.9991353,45.944
22,Provincia autonoma di Trento,Femmine,42,98980,89,0.90154,98935,0.9991023,44.982
22,Provincia autonoma di Trento,Femmine,43,98890,88,0.89386,98846,0.9991258,44.022
22,Provincia autonoma di Trento,Femmine,44,98802,84,0.85463,98760,0.9991501,43.061
22,Provincia autonoma di Trento,Femmine,45,98718,83,0.84518,98676,0.9991574,42.097
22,Provincia autonoma di Trento,Femmine,46,98634,83,0.83996,98593,0.9991355,41.132
22,Provincia autonoma di Trento,Femmine,47,98551,88,0.88900,98507,0.9990367,40.167
22,Provincia autonoma di Trento,Femmine,48,98464,102,1.03761,98413,0.9988546,39.202
22,Provincia autonoma di Trento,Femmine,49,98361,123,1.25325,98300,0.9986298,38.242
22,Provincia autonoma di Trento,Femmine,50,98238,146,1.48729,98165,0.9984502,37.289
22,Provincia autonoma di Trento,Femmine,51,98092,158,1.61248,98013,0.9983864,36.344
22,Provincia autonoma di Trento,Femmine,52,97934,158,1.61469,97855,0.9983793,35.402
22,Provincia autonoma di Trento,Femmine,53,97776,159,1.62678,97696,0.9982733,34.459
22,Provincia autonoma di Trento,Femmine,54,97617,178,1.82687,97528,0.9980101,33.514
22,Provincia autonoma di Trento,Femmine,55,97438,210,2.15315,97334,0.9976424,32.574
22,Provincia autonoma di Trento,Femmine,56,97229,249,2.56254,97104,0.9972970,31.644
22,Provincia autonoma di Trento,Femmine,57,96979,276,2.84384,96842,0.9971596,30.724
22,Provincia autonoma di Trento,Femmine,58,96704,274,2.83695,96566,0.9971751,29.810
22,Provincia autonoma di Trento,Femmine,59,96429,271,2.81278,96294,0.9972169,28.893
22,Provincia autonoma di Trento,Femmine,60,96158,265,2.75327,96026,0.9972585,27.973
22,Provincia autonoma di Trento,Femmine,61,95893,262,2.72979,95762,0.9971922,27.049
22,Provincia autonoma di Trento,Femmine,62,95632,276,2.88601,95494,0.9969951,26.122
22,Provincia autonoma di Trento,Femmine,63,95356,298,3.12413,95207,0.9966098,25.196
22,Provincia autonoma di Trento,Femmine,64,95058,348,3.65708,94884,0.9959410,24.273
22,Provincia autonoma di Trento,Femmine,65,94710,423,4.46242,94499,0.9951634,23.361
22,Provincia autonoma di Trento,Femmine,66,94287,491,5.21240,94042,0.9945899,22.463
22,Provincia autonoma di Trento,Femmine,67,93796,526,5.60881,93533,0.9943111,21.578
22,Provincia autonoma di Trento,Femmine,68,93270,538,5.76941,93001,0.9940700,20.697
22,Provincia autonoma di Trento,Femmine,69,92732,565,6.09145,92449,0.9934273,19.814
22,Provincia autonoma di Trento,Femmine,70,92167,650,7.05697,91842,0.9919254,18.933
22,Provincia autonoma di Trento,Femmine,71,91516,833,9.09954,91100,0.9898948,18.064
22,Provincia autonoma di Trento,Femmine,72,90684,1008,11.12006,90179,0.9885341,17.225
22,Provincia autonoma di Trento,Femmine,73,89675,1060,11.81559,89146,0.9882950,16.413
22,Provincia autonoma di Trento,Femmine,74,88616,1027,11.59312,88102,0.9883253,15.603
22,Provincia autonoma di Trento,Femmine,75,87588,1030,11.75728,87073,0.9874310,14.780
22,Provincia autonoma di Trento,Femmine,76,86559,1159,13.39029,85979,0.9848284,13.950
22,Provincia autonoma di Trento,Femmine,77,85400,1450,16.97701,84675,0.9809393,13.133
22,Provincia autonoma di Trento,Femmine,78,83950,1778,21.18028,83061,0.9770963,12.351
22,Provincia autonoma di Trento,Femmine,79,82172,2027,24.66443,81158,0.9744339,11.607
22,Provincia autonoma di Trento,Femmine,80,80145,2123,26.49067,79083,0.9723251,10.888
22,Provincia autonoma di Trento,Femmine,81,78022,2254,28.89142,76895,0.9691158,10.171
22,Provincia autonoma di Trento,Femmine,82,75768,2496,32.93623,74520,0.9630488,9.459
22,Provincia autonoma di Trento,Femmine,83,73272,3012,41.10292,71766,0.9545362,8.764
22,Provincia autonoma di Trento,Femmine,84,70260,3514,50.01170,68504,0.9457642,8.118
22,Provincia autonoma di Trento,Femmine,85,66747,3917,58.68238,64788,0.9367272,7.519
22,Provincia autonoma di Trento,Femmine,86,62830,4282,68.14949,60689,0.9282937,6.957
22,Provincia autonoma di Trento,Femmine,87,58548,4422,75.52315,56337,0.9206925,6.429
22,Provincia autonoma di Trento,Femmine,88,54126,4514,83.40110,51869,0.9078550,5.913
22,Provincia autonoma di Trento,Femmine,89,49612,5045,101.68457,47090,0.8926912,5.406
22,Provincia autonoma di Trento,Femmine,90,44567,5061,113.56970,42037,0.8799285,4.961
22,Provincia autonoma di Trento,Femmine,91,39506,5033,127.40633,36989,0.8644151,4.533
22,Provincia autonoma di Trento,Femmine,92,34472,4997,144.95759,31974,0.8457377,4.121
22,Provincia autonoma di Trento,Femmine,93,29475,4868,165.14436,27042,0.8282209,3.735
22,Provincia autonoma di Trento,Femmine,94,24608,4423,179.72622,22396,0.8041119,3.375
22,Provincia autonoma di Trento,Femmine,95,20185,4352,215.59102,18009,0.7649507,3.005
22,Provincia autonoma di Trento,Femmine,96,15833,4114,259.85560,13776,0.7275374,2.694
22,Provincia autonoma di Trento,Femmine,97,11719,3393,289.49571,10023,0.6992076,2.464
22,Provincia autonoma di Trento,Femmine,98,8326,2637,316.69201,7008,0.6723798,2.265
22,Provincia autonoma di Trento,Femmine,99,5689,1955,343.61315,4712,0.6446833,2.083
22,Provincia autonoma di Trento,Femmine,100,3735,1394,373.14685,3038,0.6134294,1.911
22,Provincia autonoma di Trento,Femmine,101,2341,955,407.98507,1863,0.5800434,1.752
22,Provincia autonoma di Trento,Femmine,102,1386,610,440.17837,1081,0.5480667,1.614
22,Provincia autonoma di Trento,Femmine,103,776,367,472.93085,592,0.5156678,1.490
22,Provincia autonoma di Trento,Femmine,104,409,207,505.96384,305,0.4831164,1.379
22,Provincia autonoma di Trento,Femmine,105,202,109,538.98668,148,0.4506882,1.279
22,Provincia autonoma di Trento,Femmine,106,93,53,571.70829,67,0.4186562,1.189
22,Provincia autonoma di Trento,Femmine,107,40,24,603.84135,28,0.3872837,1.109
22,Provincia autonoma di Trento,Femmine,108,16,10,635.11886,11,0.3568126,1.038
22,Provincia autonoma di Trento,Femmine,109,6,4,665.30013,4,0.3274596,0.975
22,Provincia autonoma di Trento,Femmine,110,2,1,694.17256,1,0.2994126,0.919
22,Provincia autonoma di Trento,Femmine,111,1,0,721.56264,0,0.2728237,0.869
22,Provincia autonoma di Trento,Femmine,112,0,0,747.33752,0,0.2478088,0.825
22,Provincia autonoma di Trento,Femmine,113,0,0,771.40155,0,0.2244499,0.786
22,Provincia autonoma di Trento,Femmine,114,0,0,793.69782,0,0.2027949,0.752
22,Provincia autonoma di Trento,Femmine,115,0,0,814.20571,0,0.1828595,0.722
22,Provincia autonoma di Trento,Femmine,116,0,0,832.93640,0,0.1646318,0.696
22,Provincia autonoma di Trento,Femmine,117,0,0,849.92436,0,0.1480782,0.673
22,Provincia autonoma di Trento,Femmine,118,0,0,865.23115,0,0.1331419,0.653
22,Provincia autonoma di Trento,Femmine,119,0,0,878.92991,0,0.1197546,0.636
