Cod. regione,Regione,Sesso,Età,Sopravviventi,Decessi,Probabilità di morte (per mille),Anni vissuti,Probabilità prospettive di sopravvivenza,Speranza di vita,Informazioni
1,Piemonte,Maschi e femmine,0,100000,218,2.18069,99795,0.9997445,83.460
1,Piemonte,Maschi e femmine,1,99782,25,0.25324,99769,0.9997697,82.641
1,Piemonte,Maschi e femmine,2,99757,21,0.20743,99746,0.9998150,81.662
1,Piemonte,Maschi e femmine,3,99736,16,0.16262,99728,0.9998566,80.679
1,Piemonte,Maschi e femmine,4,99720,12,0.12411,99714,0.9998908,79.692
1,Piemonte,Maschi e femmine,5,99707,9,0.09425,99703,0.9999135,78.701
1,Piemonte,Maschi e femmine,6,99698,8,0.07875,99694,0.9999263,77.709
1,Piemonte,Maschi e femmine,7,99690,7,0.06866,99687,0.9999329,76.715
1,Piemonte,Maschi e femmine,8,99683,7,0.06559,99680,0.9999333,75.720
1,Piemonte,Maschi e femmine,9,99677,7,0.06775,99673,0.9999287,74.725
1,Piemonte,Maschi e femmine,10,99670,7,0.07481,99666,0.9999225,73.730
1,Piemonte,Maschi e femmine,11,99663,8,0.08009,99659,0.9999207,72.736
1,Piemonte,Maschi e femmine,12,99655,8,0.07842,99651,0.9999219,71.741
1,Piemonte,Maschi e femmine,13,99647,8,0.07787,99643,0.9999127,70.747
1,Piemonte,Maschi e femmine,14,99639,10,0.09676,99634,0.9998810,69.752
1,Piemonte,Maschi e femmine,15,99629,14,0.14132,99622,0.9998290,68.759
1,Piemonte,Maschi e femmine,16,99615,20,0.20070,99605,0.9997755,67.769
1,Piemonte,Maschi e femmine,17,99595,25,0.24821,99583,0.9997394,66.782
1,Piemonte,Maschi e femmine,18,99571,27,0.27294,99557,0.9997274,65.799
1,Piemonte,Maschi e femmine,19,99543,27,0.27227,99530,0.9997304,64.817
1,Piemonte,Maschi e femmine,20,99516,27,0.26683,99503,0.9997429,63.834
1,Piemonte,Maschi e femmine,21,99490,25,0.24742,99477,0.9997585,62.851
1,Piemonte,Maschi e femmine,22,99465,23,0.23561,99453,0.9997653,61.866
1,Piemonte,Maschi e femmine,23,99442,23,0.23376,99430,0.9997595,60.881
1,Piemonte,Maschi e femmine,24,99418,25,0.24729,99406,0.9997435,59.895
1,Piemonte,Maschi e femmine,25,99394,26,0.26564,99381,0.9997230,58.910
1,Piemonte,Maschi e femmine,26,99367,29,0.28846,99353,0.9997063,57.925
1,Piemonte,Maschi e femmine,27,99339,30,0.29891,99324,0.9996904,56.942
1,Piemonte,Maschi e femmine,28,99309,32,0.32021,99293,0.9996643,55.959
1,Piemonte,Maschi e femmine,29,99277,35,0.35120,99260,0.9996369,54.976
1,Piemonte,Maschi e femmine,30,99242,37,0.37499,99224,0.9996111,53.996
1,Piemonte,Maschi e femmine,31,99205,40,0.40278,99185,0.9995946,53.016
1,Piemonte,Maschi e femmine,32,99165,40,0.40808,99145,0.9995851,52.037
1,Piemonte,Maschi e femmine,33,99125,42,0.42167,99104,0.9995708,51.058
1,Piemonte,Maschi e femmine,34,99083,43,0.43672,99061,0.9995496,50.079
1,Piemonte,Maschi e femmine,35,99040,46,0.46403,99017,0.9995332,49.101
1,Piemonte,Maschi e femmine,36,98994,46,0.46948,98970,0.9995135,48.123
1,Piemonte,Maschi e femmine,37,98947,50,0.50350,98922,0.9994727,47.146
1,Piemonte,Maschi e femmine,38,98897,54,0.55106,98870,0.9994068,46.169
1,Piemonte,Maschi e femmine,39,98843,63,0.63531,98812,0.9993228,45.194
1,Piemonte,Maschi e femmine,40,98780,71,0.71917,98745,0.9992376,44.223
1,Piemonte,Maschi e femmine,41,98709,80,0.80569,98669,0.9991475,43.254
1,Piemonte,Maschi e femmine,42,98630,89,0.89939,98585,0.9990337,42.289
1,Piemonte,Maschi e femmine,43,98541,102,1.03322,98490,0.9989192,41.326
1,Piemonte,Maschi e femmine,44,98439,111,1.12843,98384,0.9988240,40.369
1,Piemonte,Maschi e femmine,45,98328,120,1.22360,98268,0.9987180,39.414
1,Piemonte,Maschi e femmine,46,98208,132,1.34045,98142,0.9985876,38.461
1,Piemonte,Maschi e femmine,47,98076,146,1.48446,98003,0.9984475,37.512
1,Piemonte,Maschi e femmine,48,97930,159,1.62067,97851,0.9983112,36.567
1,Piemonte,Maschi e femmine,49,97772,172,1.75698,97686,0.9981749,35.626
1,Piemonte,Maschi e femmine,50,97600,185,1.89340,97508,0.9980679,34.688
1,Piemonte,Maschi e femmine,51,97415,192,1.97096,97319,0.9979679,33.753
1,Piemonte,Maschi e femmine,52,97223,204,2.09331,97121,0.9977506,32.818
1,Piemonte,Maschi e femmine,53,97020,233,2.40581,96903,0.9974495,31.886
1,Piemonte,Maschi e femmine,54,96786,261,2.69546,96656,0.9971528,30.962
1,Piemonte,Maschi e femmine,55,96525,290,2.99945,96381,0.9968252,30.044
1,Piemonte,Maschi e femmine,56,96236,322,3.35073,96075,0.9965356,29.133
1,Piemonte,Maschi e femmine,57,95913,343,3.57852,95742,0.9962828,28.229
1,Piemonte,Maschi e femmine,58,95570,369,3.85632,95386,0.9959356,27.329
1,Piemonte,Maschi e femmine,59,95202,407,4.27331,94998,0.9954863,26.433
1,Piemonte,Maschi e femmine,60,94795,451,4.75504,94569,0.9950042,25.544
1,Piemonte,Maschi e femmine,61,94344,494,5.23763,94097,0.9944660,24.664
1,Piemonte,Maschi e femmine,62,93850,547,5.83200,93576,0.9939158,23.791
1,Piemonte,Maschi e femmine,63,93303,591,6.33789,93007,0.9934084,22.927
1,Piemonte,Maschi e femmine,64,92711,635,6.84701,92394,0.9927693,22.070
1,Piemonte,Maschi e femmine,65,92076,701,7.61706,91726,0.9919230,21.219
1,Piemonte,Maschi e femmine,66,91375,780,8.54044,90985,0.9910078,20.378
1,Piemonte,Maschi e femmine,67,90595,856,9.44779,90167,0.9900926,19.549
1,Piemonte,Maschi e femmine,68,89739,931,10.37135,89273,0.9892083,18.731
1,Piemonte,Maschi e femmine,69,88808,996,11.21654,88310,0.9882831,17.922
1,Piemonte,Maschi e femmine,70,87812,1073,12.22303,87275,0.9868567,17.120
1,Piemonte,Maschi e femmine,71,86739,1221,14.07500,86128,0.9851606,16.325
1,Piemonte,Maschi e femmine,72,85518,1335,15.61465,84850,0.9836632,15.551
1,Piemonte,Maschi e femmine,73,84182,1437,17.07039,83464,0.9820250,14.790
1,Piemonte,Maschi e femmine,74,82745,1563,18.89523,81964,0.9801611,14.038
1,Piemonte,Maschi e femmine,75,81182,1689,20.80079,80338,0.9783852,13.299
1,Piemonte,Maschi e femmine,76,79493,1784,22.44610,78601,0.9761920,12.571
1,Piemonte,Maschi e femmine,77,77709,1958,25.20115,76730,0.9731351,11.848
1,Piemonte,Maschi e femmine,78,75751,2164,28.57171,74668,0.9694109,11.141
1,Piemonte,Maschi e femmine,79,73586,2404,32.66591,72384,0.9650032,10.454
1,Piemonte,Maschi e femmine,80,71182,2663,37.40633,69851,0.9593760,9.791
1,Piemonte,Maschi e femmine,81,68520,3013,43.96667,67014,0.9530592,9.152
1,Piemonte,Maschi e femmine,82,65507,3279,50.05179,63868,0.9471408,8.550
1,Piemonte,Maschi e femmine,83,62228,3473,55.81444,60492,0.9411637,7.974
1,Piemonte,Maschi e femmine,84,58755,3645,62.03686,56933,0.9351099,7.415
1,Piemonte,Maschi e femmine,85,55110,3744,67.93199,53238,0.9272968,6.873
1,Piemonte,Maschi e femmine,86,51366,3997,77.82220,49368,0.9160116,6.337
1,Piemonte,Maschi e femmine,87,47369,4295,90.67494,45221,0.9023378,5.830
1,Piemonte,Maschi e femmine,88,43074,4538,105.34631,40805,0.8869976,5.361
1,Piemonte,Maschi e femmine,89,38536,4684,121.56010,36194,0.8716561,4.934
1,Piemonte,Maschi e femmine,90,33852,4606,136.06649,31549,0.8555967,4.547
1,Piemonte,Maschi e femmine,91,29246,4505,154.05302,26993,0.8375357,4.185
1,Piemonte,Maschi e femmine,92,24740,4265,172.40727,22608,0.8197931,3.856
1,Piemonte,Maschi e femmine,93,20475,3883,189.63136,18534,0.8006495,3.555
1,Piemonte,Maschi e femmine,94,16592,3507,211.34397,14839,0.7802488,3.270
1,Piemonte,Maschi e femmine,95,13086,3015,230.41132,11578,0.7614890,3.012
1,Piemonte,Maschi e femmine,96,10070,2508,249.03562,8817,0.7378911,2.764
1,Piemonte,Maschi e femmine,97,7563,2114,279.51756,6506,0.7061725,2.515
1,Piemonte,Maschi e femmine,98,5449,1709,313.68919,4594,0.6733176,2.297
1,Piemonte,Maschi e femmine,99,3739,1292,345.61448,3093,0.6438336,2.119
1,Piemonte,Maschi e femmine,100,2447,911,372.29128,1992,0.6213047,1.973
1,Piemonte,Maschi e femmine,101,1536,597,388.89751,1237,0.5994261,1.847
1,Piemonte,Maschi e femmine,102,939,394,419.68105,742,0.5688007,1.705
1,Piemonte,Maschi e femmine,103,545,246,451.04735,422,0.5377163,1.576
1,Piemonte,Maschi e femmine,104,299,144,482.75243,227,0.5064095,1.459
1,Piemonte,Maschi e femmine,105,155,80,514.54375,115,0.4751199,1.355
1,Piemonte,Maschi e femmine,106,75,41,546.17219,55,0.4440814,1.261
1,Piemonte,Maschi e femmine,107,34,20,577.39448,24,0.4135174,1.177
1,Piemonte,Maschi e femmine,108,14,9,607.98749,10,0.3836307,1.101
1,Piemonte,Maschi e femmine,109,6,4,637.75090,4,0.3546020,1.034
1,Piemonte,Maschi e femmine,110,2,1,666.50813,1,0.3265881,0.973
1,Piemonte,Maschi e femmine,111,1,0,694.11327,0,0.2997174,0.919
1,Piemonte,Maschi e femmine,112,0,0,720.45124,0,0.2740909,0.871
1,Piemonte,Maschi e femmine,113,0,0,745.43311,0,0.2497854,0.828
1,Piemonte,Maschi e femmine,114,0,0,768.99754,0,0.2268532,0.790
1,Piemonte,Maschi e femmine,115,0,0,791.10890,0,0.2053236,0.756
1,Piemonte,Maschi e femmine,116,0,0,811.75485,0,0.1852057,0.726
1,Piemonte,Maschi e femmine,117,0,0,830.94028,0,0.1664924,0.699
1,Piemonte,Maschi e femmine,118,0,0,848.69344,0,0.1491565,0.675
1,Piemonte,Maschi e femmine,119,0,0,865.05344,0,0.1331601,0.653
1,Piemonte,Maschi,0,100000,243,2.43410,99771,0.9997639,81.469
1,Piemonte,Maschi,1,99757,18,0.18430,99747,0.9998162,80.667
1,Piemonte,Maschi,2,99738,18,0.18325,99729,0.9998267,79.681
1,Piemonte,Maschi,3,99720,16,0.16327,99712,0.9998503,78.696
1,Piemonte,Maschi,4,99704,14,0.13605,99697,0.9998803,77.709
1,Piemonte,Maschi,5,99690,10,0.10328,99685,0.9999062,76.719
1,Piemonte,Maschi,6,99680,8,0.08432,99676,0.9999205,75.727
1,Piemonte,Maschi,7,99671,7,0.07474,99668,0.9999245,74.733
1,Piemonte,Maschi,8,99664,8,0.07633,99660,0.9999211,73.739
1,Piemonte,Maschi,9,99656,8,0.08148,99652,0.9999166,72.744
1,Piemonte,Maschi,10,99648,9,0.08540,99644,0.9999139,71.750
1,Piemonte,Maschi,11,99640,9,0.08674,99635,0.9999169,70.756
1,Piemonte,Maschi,12,99631,8,0.07947,99627,0.9999203,69.763
1,Piemonte,Maschi,13,99623,8,0.08002,99619,0.9999068,68.768
1,Piemonte,Maschi,14,99615,11,0.10637,99610,0.9998618,67.773
1,Piemonte,Maschi,15,99605,17,0.16995,99596,0.9997893,66.781
1,Piemonte,Maschi,16,99588,25,0.25150,99575,0.9997156,65.792
1,Piemonte,Maschi,17,99563,32,0.31722,99547,0.9996678,64.808
1,Piemonte,Maschi,18,99531,35,0.34727,99514,0.9996529,63.829
1,Piemonte,Maschi,19,99496,35,0.34694,99479,0.9996523,62.851
1,Piemonte,Maschi,20,99462,35,0.34845,99445,0.9996545,61.872
1,Piemonte,Maschi,21,99427,34,0.34248,99410,0.9996563,60.894
1,Piemonte,Maschi,22,99393,34,0.34485,99376,0.9996517,59.914
1,Piemonte,Maschi,23,99359,35,0.35168,99341,0.9996404,58.935
1,Piemonte,Maschi,24,99324,37,0.36756,99306,0.9996214,57.956
1,Piemonte,Maschi,25,99287,39,0.38955,99268,0.9995956,56.977
1,Piemonte,Maschi,26,99249,42,0.41921,99228,0.9995719,55.999
1,Piemonte,Maschi,27,99207,43,0.43703,99186,0.9995471,55.022
1,Piemonte,Maschi,28,99164,46,0.46878,99141,0.9995085,54.046
1,Piemonte,Maschi,29,99117,51,0.51420,99092,0.9994753,53.071
1,Piemonte,Maschi,30,99066,53,0.53522,99040,0.9994523,52.098
1,Piemonte,Maschi,31,99013,55,0.56013,98986,0.9994506,51.126
1,Piemonte,Maschi,32,98958,53,0.53857,98931,0.9994652,50.154
1,Piemonte,Maschi,33,98905,53,0.53099,98878,0.9994674,49.181
1,Piemonte,Maschi,34,98852,53,0.53425,98826,0.9994476,48.207
1,Piemonte,Maschi,35,98799,56,0.57060,98771,0.9994205,47.232
1,Piemonte,Maschi,36,98743,58,0.58832,98714,0.9993763,46.259
1,Piemonte,Maschi,37,98685,65,0.65906,98652,0.9993148,45.286
1,Piemonte,Maschi,38,98620,70,0.71140,98585,0.9992357,44.315
1,Piemonte,Maschi,39,98550,81,0.81716,98509,0.9991432,43.346
1,Piemonte,Maschi,40,98469,88,0.89643,98425,0.9990665,42.381
1,Piemonte,Maschi,41,98381,95,0.97053,98333,0.9989608,41.419
1,Piemonte,Maschi,42,98285,109,1.10799,98231,0.9988008,40.459
1,Piemonte,Maschi,43,98176,127,1.29047,98113,0.9986645,39.503
1,Piemonte,Maschi,44,98050,135,1.38058,97982,0.9985512,38.553
1,Piemonte,Maschi,45,97914,149,1.51703,97840,0.9984323,37.606
1,Piemonte,Maschi,46,97766,158,1.61852,97687,0.9982774,36.662
1,Piemonte,Maschi,47,97608,178,1.82694,97518,0.9980623,35.721
1,Piemonte,Maschi,48,97429,200,2.04863,97329,0.9978433,34.786
1,Piemonte,Maschi,49,97230,220,2.26502,97120,0.9976704,33.856
1,Piemonte,Maschi,50,97009,232,2.39433,96893,0.9975794,32.932
1,Piemonte,Maschi,51,96777,237,2.44686,96659,0.9975198,32.010
1,Piemonte,Maschi,52,96540,243,2.51367,96419,0.9972526,31.087
1,Piemonte,Maschi,53,96298,287,2.98178,96154,0.9968249,30.164
1,Piemonte,Maschi,54,96011,323,3.36894,95849,0.9964680,29.253
1,Piemonte,Maschi,55,95687,354,3.69551,95510,0.9960691,28.350
1,Piemonte,Maschi,56,95334,397,4.16724,95135,0.9956750,27.453
1,Piemonte,Maschi,57,94936,426,4.48349,94723,0.9952882,26.566
1,Piemonte,Maschi,58,94511,467,4.94106,94277,0.9947348,25.683
1,Piemonte,Maschi,59,94044,526,5.59086,93781,0.9941743,24.808
1,Piemonte,Maschi,60,93518,567,6.06183,93234,0.9937526,23.945
1,Piemonte,Maschi,61,92951,598,6.43410,92652,0.9932537,23.088
1,Piemonte,Maschi,62,92353,652,7.06044,92027,0.9926583,22.234
1,Piemonte,Maschi,63,91701,699,7.62495,91351,0.9920112,21.389
1,Piemonte,Maschi,64,91002,760,8.35536,90621,0.9910044,20.549
1,Piemonte,Maschi,65,90241,870,9.64124,89806,0.9896330,19.718
1,Piemonte,Maschi,66,89371,992,11.09987,88875,0.9883432,18.905
1,Piemonte,Maschi,67,88379,1080,12.21992,87839,0.9872651,18.112
1,Piemonte,Maschi,68,87299,1157,13.25617,86721,0.9861680,17.330
1,Piemonte,Maschi,69,86142,1242,14.41562,85521,0.9849582,16.556
1,Piemonte,Maschi,70,84900,1331,15.67714,84235,0.9831067,15.791
1,Piemonte,Maschi,71,83569,1515,18.12891,82812,0.9808569,15.034
1,Piemonte,Maschi,72,82054,1656,20.17611,81226,0.9791590,14.303
1,Piemonte,Maschi,73,80399,1730,21.51957,79534,0.9771883,13.587
1,Piemonte,Maschi,74,78668,1898,24.13224,77719,0.9746255,12.875
1,Piemonte,Maschi,75,76770,2046,26.64755,75747,0.9725110,12.181
1,Piemonte,Maschi,76,74724,2119,28.35343,73665,0.9700829,11.500
1,Piemonte,Maschi,77,72606,2289,31.52636,71461,0.9666432,10.821
1,Piemonte,Maschi,78,70317,2478,35.24676,69077,0.9625370,10.157
1,Piemonte,Maschi,79,67838,2697,39.76022,66490,0.9571634,9.510
1,Piemonte,Maschi,80,65141,2999,46.04037,63641,0.9499606,8.883
1,Piemonte,Maschi,81,62142,3370,54.23147,60457,0.9423695,8.288
1,Piemonte,Maschi,82,58772,3598,61.22434,56973,0.9357533,7.735
1,Piemonte,Maschi,83,55174,3722,67.46618,53312,0.9291491,7.206
1,Piemonte,Maschi,84,51451,3832,74.48041,49535,0.9221868,6.692
1,Piemonte,Maschi,85,47619,3877,81.41420,45681,0.9128823,6.190
1,Piemonte,Maschi,86,43742,4082,93.32680,41701,0.8998743,5.694
1,Piemonte,Maschi,87,39660,4268,107.62453,37526,0.8845831,5.229
1,Piemonte,Maschi,88,35392,4394,124.14915,33195,0.8671317,4.799
1,Piemonte,Maschi,89,30998,4427,142.82342,28784,0.8489771,4.408
1,Piemonte,Maschi,90,26570,4267,160.58868,24437,0.8308989,4.060
1,Piemonte,Maschi,91,22304,3998,179.24211,20305,0.8115644,3.741
1,Piemonte,Maschi,92,18306,3655,199.63681,16479,0.7927781,3.448
1,Piemonte,Maschi,93,14651,3175,216.69900,13064,0.7736815,3.184
1,Piemonte,Maschi,94,11476,2738,238.59931,10107,0.7507780,2.926
1,Piemonte,Maschi,95,8738,2300,263.17359,7588,0.7286355,2.686
1,Piemonte,Maschi,96,6438,1819,282.48102,5529,0.7033523,2.467
1,Piemonte,Maschi,97,4620,1462,316.39162,3889,0.6686535,2.242
1,Piemonte,Maschi,98,3158,1116,353.22277,2600,0.6341341,2.048
1,Piemonte,Maschi,99,2043,787,385.41376,1649,0.6042172,1.893
1,Piemonte,Maschi,100,1255,518,412.65432,996,0.5813716,1.767
1,Piemonte,Maschi,101,737,316,428.79959,579,0.5590959,1.658
1,Piemonte,Maschi,102,421,195,462.09557,324,0.5260817,1.527
1,Piemonte,Maschi,103,227,112,495.89757,170,0.4927014,1.409
1,Piemonte,Maschi,104,114,61,529.91509,84,0.4592364,1.303
1,Piemonte,Maschi,105,54,30,563.84151,39,0.4259751,1.208
1,Piemonte,Maschi,106,23,14,597.37280,16,0.3932010,1.123
1,Piemonte,Maschi,107,9,6,630.21060,6,0.3611857,1.047
1,Piemonte,Maschi,108,3,2,662.08070,2,0.3301777,0.980
1,Piemonte,Maschi,109,1,1,692.73183,1,0.3004006,0.920
1,Piemonte,Maschi,110,0,0,721.94994,0,0.2720435,0.867
1,Piemonte,Maschi,111,0,0,749.55895,0,0.2452602,0.820
1,Piemonte,Maschi,112,0,0,775.42668,0,0.2201660,0.779
1,Piemonte,Maschi,113,0,0,799.45944,0,0.1968412,0.743
1,Piemonte,Maschi,114,0,0,821.60590,0,0.1753295,0.711
1,Piemonte,Maschi,115,0,0,841.84965,0,0.1556433,0.683
1,Piemonte,Maschi,116,0,0,860.20902,0,0.1377650,0.659
1,Piemonte,Maschi,117,0,0,876.72767,0,0.1216541,0.638
1,Piemonte,Maschi,118,0,0,891.47346,0,0.1072483,0.620
1,Piemonte,Maschi,119,0,0,904.53012,0,0.0944708,0.604
1,Piemonte,Femmine,0,100000,191,1.91347,99820,0.9997239,85.546
1,Piemonte,Femmine,1,99809,33,0.32594,99792,0.9997206,84.709
1,Piemonte,Femmine,2,99776,23,0.23294,99764,0.9998026,83.737
1,Piemonte,Femmine,3,99753,16,0.16194,99745,0.9998633,82.756
1,Piemonte,Femmine,4,99737,11,0.11152,99731,0.9999019,81.770
1,Piemonte,Femmine,5,99726,8,0.08473,99721,0.9999212,80.779
1,Piemonte,Femmine,6,99717,7,0.07288,99714,0.9999324,79.785
1,Piemonte,Femmine,7,99710,6,0.06225,99707,0.9999417,78.791
1,Piemonte,Femmine,8,99704,5,0.05427,99701,0.9999462,77.796
1,Piemonte,Femmine,9,99698,5,0.05328,99696,0.9999415,76.800
1,Piemonte,Femmine,10,99693,6,0.06364,99690,0.9999316,75.804
1,Piemonte,Femmine,11,99687,7,0.07308,99683,0.9999248,74.809
1,Piemonte,Femmine,12,99679,8,0.07730,99675,0.9999235,73.815
1,Piemonte,Femmine,13,99672,8,0.07560,99668,0.9999189,72.820
1,Piemonte,Femmine,14,99664,9,0.08663,99660,0.9999011,71.826
1,Piemonte,Femmine,15,99655,11,0.11113,99650,0.9998709,70.832
1,Piemonte,Femmine,16,99644,15,0.14713,99637,0.9998387,69.840
1,Piemonte,Femmine,17,99630,17,0.17546,99621,0.9998150,68.850
1,Piemonte,Femmine,18,99612,19,0.19460,99603,0.9998059,67.862
1,Piemonte,Femmine,19,99593,19,0.19358,99583,0.9998128,66.875
1,Piemonte,Femmine,20,99574,18,0.18083,99565,0.9998359,65.888
1,Piemonte,Femmine,21,99556,15,0.14727,99548,0.9998661,64.900
1,Piemonte,Femmine,22,99541,12,0.12054,99535,0.9998849,63.909
1,Piemonte,Femmine,23,99529,11,0.10959,99523,0.9998849,62.917
1,Piemonte,Femmine,24,99518,12,0.12066,99512,0.9998721,61.924
1,Piemonte,Femmine,25,99506,13,0.13521,99499,0.9998570,60.931
1,Piemonte,Femmine,26,99493,15,0.15089,99485,0.9998478,59.939
1,Piemonte,Femmine,27,99478,15,0.15361,99470,0.9998412,58.948
1,Piemonte,Femmine,28,99462,16,0.16395,99454,0.9998281,57.957
1,Piemonte,Femmine,29,99446,18,0.17983,99437,0.9998068,56.967
1,Piemonte,Femmine,30,99428,21,0.20660,99418,0.9997780,55.977
1,Piemonte,Femmine,31,99408,24,0.23746,99396,0.9997458,54.988
1,Piemonte,Femmine,32,99384,27,0.27102,99370,0.9997111,54.001
1,Piemonte,Femmine,33,99357,30,0.30687,99342,0.9996794,53.016
1,Piemonte,Femmine,34,99326,33,0.33433,99310,0.9996568,52.032
1,Piemonte,Femmine,35,99293,35,0.35216,99276,0.9996515,51.049
1,Piemonte,Femmine,36,99258,34,0.34477,99241,0.9996575,50.067
1,Piemonte,Femmine,37,99224,34,0.34030,99207,0.9996384,49.084
1,Piemonte,Femmine,38,99190,38,0.38290,99171,0.9995862,48.101
1,Piemonte,Femmine,39,99152,44,0.44467,99130,0.9995110,47.119
1,Piemonte,Femmine,40,99108,53,0.53341,99082,0.9994168,46.139
1,Piemonte,Femmine,41,99055,63,0.63300,99024,0.9993430,45.164
1,Piemonte,Femmine,42,98993,67,0.68094,98959,0.9992776,44.192
1,Piemonte,Femmine,43,98925,76,0.76394,98887,0.9991857,43.222
1,Piemonte,Femmine,44,98850,85,0.86463,98807,0.9991093,42.255
1,Piemonte,Femmine,45,98764,91,0.91679,98719,0.9990167,41.291
1,Piemonte,Femmine,46,98674,104,1.04988,98622,0.9989117,40.328
1,Piemonte,Femmine,47,98570,111,1.12680,98515,0.9988496,39.370
1,Piemonte,Femmine,48,98459,116,1.17409,98401,0.9987993,38.414
1,Piemonte,Femmine,49,98343,121,1.22735,98283,0.9987005,37.458
1,Piemonte,Femmine,50,98223,135,1.37173,98155,0.9985763,36.504
1,Piemonte,Femmine,51,98088,145,1.47584,98016,0.9984340,35.553
1,Piemonte,Femmine,52,97943,162,1.65637,97862,0.9982680,34.605
1,Piemonte,Femmine,53,97781,177,1.80772,97693,0.9980977,33.662
1,Piemonte,Femmine,54,97604,195,1.99701,97507,0.9978623,32.722
1,Piemonte,Femmine,55,97409,222,2.27860,97298,0.9976076,31.786
1,Piemonte,Femmine,56,97187,244,2.50645,97066,0.9974247,30.858
1,Piemonte,Femmine,57,96944,256,2.64441,96816,0.9973084,29.934
1,Piemonte,Femmine,58,96687,265,2.73892,96555,0.9971710,29.012
1,Piemonte,Femmine,59,96423,281,2.91941,96282,0.9968328,28.090
1,Piemonte,Femmine,60,96141,328,3.41576,95977,0.9962854,27.171
1,Piemonte,Femmine,61,95813,385,4.01454,95620,0.9957036,26.262
1,Piemonte,Femmine,62,95428,437,4.57932,95210,0.9951965,25.366
1,Piemonte,Femmine,63,94991,478,5.02878,94752,0.9948274,24.481
1,Piemonte,Femmine,64,94513,503,5.31716,94262,0.9945561,23.602
1,Piemonte,Femmine,65,94011,524,5.57136,93749,0.9942320,22.725
1,Piemonte,Femmine,66,93487,558,5.96577,93208,0.9936811,21.850
1,Piemonte,Femmine,67,92929,620,6.67414,92619,0.9929136,20.978
1,Piemonte,Femmine,68,92309,692,7.50135,91963,0.9922237,20.116
1,Piemonte,Femmine,69,91617,738,8.05333,91248,0.9915597,19.264
1,Piemonte,Femmine,70,90879,802,8.83038,90478,0.9905261,18.416
1,Piemonte,Femmine,71,90076,912,10.12306,89620,0.9893382,17.576
1,Piemonte,Femmine,72,89165,999,11.20603,88665,0.9879971,16.750
1,Piemonte,Femmine,73,88165,1129,12.80877,87601,0.9866357,15.935
1,Piemonte,Femmine,74,87036,1212,13.92702,86430,0.9853840,15.135
1,Piemonte,Femmine,75,85824,1314,15.31469,85167,0.9838655,14.342
1,Piemonte,Femmine,76,84510,1434,16.96712,83793,0.9818245,13.557
1,Piemonte,Femmine,77,83076,1612,19.40476,82270,0.9790468,12.782
1,Piemonte,Femmine,78,81464,1836,22.53222,80546,0.9755891,12.025
1,Piemonte,Femmine,79,79628,2097,26.33295,78580,0.9719487,11.291
1,Piemonte,Femmine,80,77531,2312,29.81613,76375,0.9675784,10.583
1,Piemonte,Femmine,81,75219,2641,35.10718,73899,0.9621918,9.893
1,Piemonte,Femmine,82,72579,2947,40.60747,71105,0.9566638,9.234
1,Piemonte,Femmine,83,69632,3216,46.18035,68024,0.9509863,8.604
1,Piemonte,Femmine,84,66416,3453,51.98433,64690,0.9454248,7.997
1,Piemonte,Femmine,85,62963,3608,57.30808,61159,0.9385041,7.408
1,Piemonte,Femmine,86,59355,3914,65.93822,57398,0.9281979,6.828
1,Piemonte,Femmine,87,55441,4329,78.07983,53277,0.9153180,6.274
1,Piemonte,Femmine,88,51112,4694,91.84322,48765,0.9010078,5.763
1,Piemonte,Femmine,89,46418,4960,106.86417,43938,0.8870118,5.296
1,Piemonte,Femmine,90,41458,4968,119.84497,38973,0.8715775,4.869
1,Piemonte,Femmine,91,36489,5042,138.16802,33968,0.8535406,4.464
1,Piemonte,Femmine,92,31448,4908,156.07999,28993,0.8356117,4.100
1,Piemonte,Femmine,93,26539,4624,174.23312,24227,0.8156342,3.766
1,Piemonte,Femmine,94,21915,4309,196.63647,19761,0.7957481,3.455
1,Piemonte,Femmine,95,17606,3763,213.73127,15724,0.7777506,3.178
1,Piemonte,Femmine,96,13843,3227,233.08309,12230,0.7538846,2.906
1,Piemonte,Femmine,97,10616,2793,263.10855,9220,0.7223412,2.637
1,Piemonte,Femmine,98,7823,2327,297.40425,6660,0.6889285,2.400
1,Piemonte,Femmine,99,5496,1817,330.52403,4588,0.6583593,2.204
1,Piemonte,Femmine,100,3680,1318,358.24567,3021,0.6347440,2.045
1,Piemonte,Femmine,101,2362,888,376.17983,1917,0.6118539,1.907
1,Piemonte,Femmine,102,1473,600,407.32824,1173,0.5808056,1.756
1,Piemonte,Femmine,103,873,383,439.21591,681,0.5491522,1.620
1,Piemonte,Femmine,104,490,231,471.58990,374,0.5171421,1.496
1,Piemonte,Femmine,105,259,130,504.18236,193,0.4850320,1.386
1,Piemonte,Femmine,106,128,69,536.72114,94,0.4530803,1.286
1,Piemonte,Femmine,107,59,34,568.93370,43,0.4215390,1.197
1,Piemonte,Femmine,108,26,15,600.56278,18,0.3906433,1.118
1,Piemonte,Femmine,109,10,6,631.37243,7,0.3606072,1.047
1,Piemonte,Femmine,110,4,2,661.15007,3,0.3316198,0.984
1,Piemonte,Femmine,111,1,1,689.71749,1,0.3038377,0.927
1,Piemonte,Femmine,112,0,0,716.93302,0,0.2773848,0.877
1,Piemonte,Femmine,113,0,0,742.68884,0,0.2523536,0.833
1,Piemonte,Femmine,114,0,0,766.91314,0,0.2288044,0.793
1,Piemonte,Femmine,115,0,0,789.56835,0,0.2067671,0.758
1,Piemonte,Femmine,116,0,0,810.64746,0,0.1862450,0.727
1,Piemonte,Femmine,117,0,0,830.16623,0,0.1672204,0.700
1,Piemonte,Femmine,118,0,0,848.16730,0,0.1496527,0.675
1,Piemonte,Femmine,119,0,0,864.70550,0,0.1334893,0.653
2,Valle d'Aosta/Vallée d'Aoste,Maschi e femmine,0,100000,347,3.47089,99673,0.9996593,82.790
2,Valle d'Aosta/Vallée d'Aoste,Maschi e femmine,1,99653,27,0.27048,99639,0.9997346,82.077
2,Valle d'Aosta/Vallée d'Aoste,Maschi e femmine,2,99626,26,0.26039,99613,0.9997435,81.099
2,Valle d'Aosta/Vallée d'Aoste,Maschi e femmine,3,99600,25,0.25261,99587,0.9997512,80.120
2,Valle d'Aosta/Vallée d'Aoste,Maschi e femmine,4,99575,24,0.24509,99563,0.9997589,79.140
2,Valle d'Aosta/Vallée d'Aoste,Maschi e femmine,5,99550,24,0.23710,99539,0.9997722,78.159
2,Valle d'Aosta/Vallée d'Aoste,Maschi e femmine,6,99527,22,0.21846,99516,0.9997815,77.178
2,Valle d'Aosta/Vallée d'Aoste,Maschi e femmine,7,99505,22,0.21848,99494,0.9997814,76.194
2,Valle d'Aosta/Vallée d'Aoste,Maschi e femmine,8,99483,22,0.21865,99472,0.9997674,75.211
2,Valle d'Aosta/Vallée d'Aoste,Maschi e femmine,9,99462,25,0.24648,99449,0.9997301,74.227
2,Valle d'Aosta/Vallée d'Aoste,Maschi e femmine,10,99437,29,0.29332,99423,0.9996689,73.245
2,Valle d'Aosta/Vallée d'Aoste,Maschi e femmine,11,99408,37,0.36892,99390,0.9995969,72.267
2,Valle d'Aosta/Vallée d'Aoste,Maschi e femmine,12,99371,43,0.43726,99350,0.9995501,71.293
2,Valle d'Aosta/Vallée d'Aoste,Maschi e femmine,13,99328,46,0.46262,99305,0.9995609,70.324
2,Valle d'Aosta/Vallée d'Aoste,Maschi e femmine,14,99282,41,0.41557,99261,0.9996298,69.356
2,Valle d'Aosta/Vallée d'Aoste,Maschi e femmine,15,99241,32,0.32473,99224,0.9997281,68.385
2,Valle d'Aosta/Vallée d'Aoste,Maschi e femmine,16,99208,22,0.21912,99198,0.9998086,67.407
2,Valle d'Aosta/Vallée d'Aoste,Maschi e femmine,17,99187,16,0.16361,99179,0.9998363,66.422
2,Valle d'Aosta/Vallée d'Aoste,Maschi e femmine,18,99170,16,0.16374,99162,0.9998155,65.433
2,Valle d'Aosta/Vallée d'Aoste,Maschi e femmine,19,99154,20,0.20530,99144,0.9997514,64.443
2,Valle d'Aosta/Vallée d'Aoste,Maschi e femmine,20,99134,29,0.29184,99119,0.9996382,63.456
2,Valle d'Aosta/Vallée d'Aoste,Maschi e femmine,21,99105,43,0.43169,99083,0.9994880,62.475
2,Valle d'Aosta/Vallée d'Aoste,Maschi e femmine,22,99062,59,0.59226,99033,0.9993498,61.502
2,Valle d'Aosta/Vallée d'Aoste,Maschi e femmine,23,99003,70,0.70813,98968,0.9992824,60.538
2,Valle d'Aosta/Vallée d'Aoste,Maschi e femmine,24,98933,72,0.72703,98897,0.9993121,59.580
2,Valle d'Aosta/Vallée d'Aoste,Maschi e femmine,25,98861,64,0.64868,98829,0.9994126,58.623
2,Valle d'Aosta/Vallée d'Aoste,Maschi e femmine,26,98797,52,0.52607,98771,0.9995272,57.661
2,Valle d'Aosta/Vallée d'Aoste,Maschi e femmine,27,98745,41,0.41942,98725,0.9996074,56.691
2,Valle d'Aosta/Vallée d'Aoste,Maschi e femmine,28,98704,36,0.36582,98686,0.9996286,55.715
2,Valle d'Aosta/Vallée d'Aoste,Maschi e femmine,29,98668,37,0.37703,98649,0.9995775,54.735
2,Valle d'Aosta/Vallée d'Aoste,Maschi e femmine,30,98631,46,0.46794,98607,0.9994637,53.755
2,Valle d'Aosta/Vallée d'Aoste,Maschi e femmine,31,98584,60,0.60476,98555,0.9993219,52.780
2,Valle d'Aosta/Vallée d'Aoste,Maschi e femmine,32,98525,74,0.75140,98488,0.9992184,51.812
2,Valle d'Aosta/Vallée d'Aoste,Maschi e femmine,33,98451,80,0.81181,98411,0.9991876,50.850
2,Valle d'Aosta/Vallée d'Aoste,Maschi e femmine,34,98371,80,0.81306,98331,0.9992096,49.891
2,Valle d'Aosta/Vallée d'Aoste,Maschi e femmine,35,98291,75,0.76767,98253,0.9992511,48.932
2,Valle d'Aosta/Vallée d'Aoste,Maschi e femmine,36,98215,72,0.73014,98180,0.9992818,47.969
2,Valle d'Aosta/Vallée d'Aoste,Maschi e femmine,37,98144,69,0.70619,98109,0.9993139,47.003
2,Valle d'Aosta/Vallée d'Aoste,Maschi e femmine,38,98074,65,0.66605,98042,0.9993611,46.036
2,Valle d'Aosta/Vallée d'Aoste,Maschi e femmine,39,98009,60,0.61182,97979,0.9993707,45.067
2,Valle d'Aosta/Vallée d'Aoste,Maschi e femmine,40,97949,63,0.64676,97917,0.9992656,44.094
2,Valle d'Aosta/Vallée d'Aoste,Maschi e femmine,41,97886,80,0.82200,97846,0.9990438,43.122
2,Valle d'Aosta/Vallée d'Aoste,Maschi e femmine,42,97805,107,1.09057,97752,0.9987925,42.157
2,Valle d'Aosta/Vallée d'Aoste,Maschi e femmine,43,97699,129,1.32459,97634,0.9986226,41.203
2,Valle d'Aosta/Vallée d'Aoste,Maschi e femmine,44,97569,140,1.43018,97499,0.9985828,40.257
2,Valle d'Aosta/Vallée d'Aoste,Maschi e femmine,45,97430,137,1.40424,97361,0.9986504,39.314
2,Valle d'Aosta/Vallée d'Aoste,Maschi e femmine,46,97293,126,1.29479,97230,0.9987357,38.368
2,Valle d'Aosta/Vallée d'Aoste,Maschi e femmine,47,97167,120,1.23384,97107,0.9987121,37.417
2,Valle d'Aosta/Vallée d'Aoste,Maschi e femmine,48,97047,130,1.34202,96982,0.9985300,36.463
2,Valle d'Aosta/Vallée d'Aoste,Maschi e femmine,49,96917,155,1.59807,96839,0.9981830,35.511
2,Valle d'Aosta/Vallée d'Aoste,Maschi e femmine,50,96762,197,2.03619,96663,0.9977528,34.567
2,Valle d'Aosta/Vallée d'Aoste,Maschi e femmine,51,96565,237,2.45869,96446,0.9974080,33.637
2,Valle d'Aosta/Vallée d'Aoste,Maschi e femmine,52,96327,263,2.72570,96196,0.9972766,32.718
2,Valle d'Aosta/Vallée d'Aoste,Maschi e femmine,53,96065,261,2.72116,95934,0.9973069,31.806
2,Valle d'Aosta/Vallée d'Aoste,Maschi e femmine,54,95803,255,2.66497,95676,0.9973250,30.892
2,Valle d'Aosta/Vallée d'Aoste,Maschi e femmine,55,95548,257,2.68503,95420,0.9972314,29.973
2,Valle d'Aosta/Vallée d'Aoste,Maschi e femmine,56,95292,272,2.85242,95156,0.9969746,29.052
2,Valle d'Aosta/Vallée d'Aoste,Maschi e femmine,57,95020,304,3.19897,94868,0.9966312,28.134
2,Valle d'Aosta/Vallée d'Aoste,Maschi e femmine,58,94716,335,3.53917,94548,0.9962997,27.223
2,Valle d'Aosta/Vallée d'Aoste,Maschi e femmine,59,94381,365,3.86205,94198,0.9959565,26.318
2,Valle d'Aosta/Vallée d'Aoste,Maschi e femmine,60,94016,397,4.22559,93817,0.9956029,25.418
2,Valle d'Aosta/Vallée d'Aoste,Maschi e femmine,61,93619,428,4.56937,93405,0.9953545,24.524
2,Valle d'Aosta/Vallée d'Aoste,Maschi e femmine,62,93191,440,4.72188,92971,0.9950711,23.634
2,Valle d'Aosta/Vallée d'Aoste,Maschi e femmine,63,92751,476,5.13689,92513,0.9944251,22.744
2,Valle d'Aosta/Vallée d'Aoste,Maschi e femmine,64,92275,555,6.01508,91997,0.9932404,21.858
2,Valle d'Aosta/Vallée d'Aoste,Maschi e femmine,65,91720,689,7.50866,91375,0.9916768,20.988
2,Valle d'Aosta/Vallée d'Aoste,Maschi e femmine,66,91031,832,9.14382,90615,0.9899322,20.143
2,Valle d'Aosta/Vallée d'Aoste,Maschi e femmine,67,90198,992,11.00035,89702,0.9881572,19.324
2,Valle d'Aosta/Vallée d'Aoste,Maschi e femmine,68,89206,1132,12.69453,88640,0.9866511,18.533
2,Valle d'Aosta/Vallée d'Aoste,Maschi e femmine,69,88074,1234,14.01175,87457,0.9855976,17.765
2,Valle d'Aosta/Vallée d'Aoste,Maschi e femmine,70,86840,1285,14.79852,86197,0.9850300,17.011
2,Valle d'Aosta/Vallée d'Aoste,Maschi e femmine,71,85555,1296,15.14407,84907,0.9848229,16.259
2,Valle d'Aosta/Vallée d'Aoste,Maschi e femmine,72,84259,1282,15.21061,83618,0.9842291,15.501
2,Valle d'Aosta/Vallée d'Aoste,Maschi e femmine,73,82977,1356,16.33990,82299,0.9820519,14.733
2,Valle d'Aosta/Vallée d'Aoste,Maschi e femmine,74,81622,1598,19.58309,80822,0.9787000,13.969
2,Valle d'Aosta/Vallée d'Aoste,Maschi e femmine,75,80023,1845,23.05114,79101,0.9749173,13.238
2,Valle d'Aosta/Vallée d'Aoste,Maschi e femmine,76,78178,2123,27.16212,77117,0.9716417,12.539
2,Valle d'Aosta/Vallée d'Aoste,Maschi e femmine,77,76055,2250,29.58790,74930,0.9696561,11.875
2,Valle d'Aosta/Vallée d'Aoste,Maschi e femmine,78,73805,2297,31.12300,72656,0.9677341,11.222
2,Valle d'Aosta/Vallée d'Aoste,Maschi e femmine,79,71508,2392,33.44541,70312,0.9636052,10.566
2,Valle d'Aosta/Vallée d'Aoste,Maschi e femmine,80,69116,2726,39.44629,67753,0.9576171,9.914
2,Valle d'Aosta/Vallée d'Aoste,Maschi e femmine,81,66390,3017,45.44016,64881,0.9513397,9.301
2,Valle d'Aosta/Vallée d'Aoste,Maschi e femmine,82,63373,3298,52.03381,61724,0.9454764,8.720
2,Valle d'Aosta/Vallée d'Aoste,Maschi e femmine,83,60075,3433,57.15014,58359,0.9417513,8.171
2,Valle d'Aosta/Vallée d'Aoste,Maschi e femmine,84,56642,3365,59.41380,54959,0.9398272,7.636
2,Valle d'Aosta/Vallée d'Aoste,Maschi e femmine,85,53277,3249,60.97978,51652,0.9363415,7.087
2,Valle d'Aosta/Vallée d'Aoste,Maschi e femmine,86,50028,3327,66.51112,48364,0.9279457,6.514
2,Valle d'Aosta/Vallée d'Aoste,Maschi e femmine,87,46701,3642,77.99243,44879,0.9142220,5.943
2,Valle d'Aosta/Vallée d'Aoste,Maschi e femmine,88,43058,4057,94.22220,41030,0.8950116,5.403
2,Valle d'Aosta/Vallée d'Aoste,Maschi e femmine,89,39001,4558,116.87444,36722,0.8722567,4.913
2,Valle d'Aosta/Vallée d'Aoste,Maschi e femmine,90,34443,4824,140.05056,32031,0.8503203,4.498
2,Valle d'Aosta/Vallée d'Aoste,Maschi e femmine,91,29619,4765,160.87696,27237,0.8318187,4.149
2,Valle d'Aosta/Vallée d'Aoste,Maschi e femmine,92,24854,4396,176.88613,22656,0.8163937,3.848
2,Valle d'Aosta/Vallée d'Aoste,Maschi e femmine,93,20458,3923,191.77067,18496,0.8035006,3.568
2,Valle d'Aosta/Vallée d'Aoste,Maschi e femmine,94,16535,3346,202.35004,14862,0.7860154,3.295
2,Valle d'Aosta/Vallée d'Aoste,Maschi e femmine,95,13189,3015,228.57063,11682,0.7599362,3.005
2,Valle d'Aosta/Vallée d'Aoste,Maschi e femmine,96,10174,2594,254.96232,8877,0.7328099,2.747
2,Valle d'Aosta/Vallée d'Aoste,Maschi e femmine,97,7580,2150,283.60247,6505,0.7047155,2.516
2,Valle d'Aosta/Vallée d'Aoste,Maschi e femmine,98,5430,1692,311.59108,4584,0.6776298,2.314
2,Valle d'Aosta/Vallée d'Aoste,Maschi e femmine,99,3738,1264,338.02815,3107,0.6511966,2.134
2,Valle d'Aosta/Vallée d'Aoste,Maschi e femmine,100,2475,903,365.08093,2023,0.6230979,1.969
2,Valle d'Aosta/Vallée d'Aoste,Maschi e femmine,101,1571,621,395.52061,1261,0.5927326,1.814
2,Valle d'Aosta/Vallée d'Aoste,Maschi e femmine,102,950,405,426.70033,747,0.5617402,1.673
2,Valle d'Aosta/Vallée d'Aoste,Maschi e femmine,103,545,250,458.42282,420,0.5303354,1.547
2,Valle d'Aosta/Vallée d'Aoste,Maschi e femmine,104,295,145,490.42203,223,0.4987764,1.433
2,Valle d'Aosta/Vallée d'Aoste,Maschi e femmine,105,150,79,522.42064,111,0.4673264,1.330
2,Valle d'Aosta/Vallée d'Aoste,Maschi e femmine,106,72,40,554.14209,52,0.4362453,1.239
2,Valle d'Aosta/Vallée d'Aoste,Maschi e femmine,107,32,19,585.31436,23,0.4057828,1.157
2,Valle d'Aosta/Vallée d'Aoste,Maschi e femmine,108,13,8,615.68592,9,0.3761674,1.084
2,Valle d'Aosta/Vallée d'Aoste,Maschi e femmine,109,5,3,645.03059,3,0.3476028,1.018
2,Valle d'Aosta/Vallée d'Aoste,Maschi e femmine,110,2,1,673.15000,1,0.3202647,0.961
2,Valle d'Aosta/Vallée d'Aoste,Maschi e femmine,111,1,0,699.88290,0,0.2942945,0.909
2,Valle d'Aosta/Vallée d'Aoste,Maschi e femmine,112,0,0,725.10670,0,0.2697989,0.864
2,Valle d'Aosta/Vallée d'Aoste,Maschi e femmine,113,0,0,748.73348,0,0.2468532,0.824
2,Valle d'Aosta/Vallée d'Aoste,Maschi e femmine,114,0,0,770.71129,0,0.2255004,0.788
2,Valle d'Aosta/Vallée d'Aoste,Maschi e femmine,115,0,0,791.02134,0,0.2057545,0.757
2,Valle d'Aosta/Vallée d'Aoste,Maschi e femmine,116,0,0,809.67371,0,0.1876040,0.729
2,Valle d'Aosta/Vallée d'Aoste,Maschi e femmine,117,0,0,826.69913,0,0.1710183,0.705
2,Valle d'Aosta/Vallée d'Aoste,Maschi e femmine,118,0,0,842.15278,0,0.1559459,0.684
2,Valle d'Aosta/Vallée d'Aoste,Maschi e femmine,119,0,0,856.09980,0,0.1423250,0.666
2,Valle d'Aosta/Vallée d'Aoste,Maschi,0,100000,214,2.13864,99799,0.9997400,80.949
2,Valle d'Aosta/Vallée d'Aoste,Maschi,1,99786,27,0.26725,99773,0.9997411,80.121
2,Valle d'Aosta/Vallée d'Aoste,Maschi,2,99759,25,0.25060,99747,0.9997526,79.143
2,Valle d'Aosta/Vallée d'Aoste,Maschi,3,99734,24,0.24410,99722,0.9997582,78.162
2,Valle d'Aosta/Vallée d'Aoste,Maschi,4,99710,24,0.23947,99698,0.9997641,77.181
2,Valle d'Aosta/Vallée d'Aoste,Maschi,5,99686,23,0.23237,99675,0.9997824,76.200
2,Valle d'Aosta/Vallée d'Aoste,Maschi,6,99663,20,0.20290,99653,0.9997945,75.217
2,Valle d'Aosta/Vallée d'Aoste,Maschi,7,99643,21,0.20819,99632,0.9997864,74.233
2,Valle d'Aosta/Vallée d'Aoste,Maschi,8,99622,22,0.21909,99611,0.9997478,73.248
2,Valle d'Aosta/Vallée d'Aoste,Maschi,9,99600,28,0.28527,99586,0.9996627,72.264
2,Valle d'Aosta/Vallée d'Aoste,Maschi,10,99572,39,0.38930,99552,0.9995328,71.284
2,Valle d'Aosta/Vallée d'Aoste,Maschi,11,99533,54,0.54514,99506,0.9993848,70.312
2,Valle d'Aosta/Vallée d'Aoste,Maschi,12,99479,68,0.68520,99445,0.9992876,69.350
2,Valle d'Aosta/Vallée d'Aoste,Maschi,13,99411,74,0.73965,99374,0.9993045,68.397
2,Valle d'Aosta/Vallée d'Aoste,Maschi,14,99337,65,0.65134,99305,0.9994369,67.447
2,Valle d'Aosta/Vallée d'Aoste,Maschi,15,99272,47,0.47472,99249,0.9996276,66.491
2,Valle d'Aosta/Vallée d'Aoste,Maschi,16,99225,27,0.27010,99212,0.9997841,65.522
2,Valle d'Aosta/Vallée d'Aoste,Maschi,17,99199,16,0.16162,99191,0.9998314,64.540
2,Valle d'Aosta/Vallée d'Aoste,Maschi,18,99182,17,0.17555,99174,0.9997878,63.550
2,Valle d'Aosta/Vallée d'Aoste,Maschi,19,99165,25,0.24896,99153,0.9996847,62.561
2,Valle d'Aosta/Vallée d'Aoste,Maschi,20,99140,38,0.38169,99121,0.9995309,61.577
2,Valle d'Aosta/Vallée d'Aoste,Maschi,21,99103,55,0.55656,99075,0.9993690,60.600
2,Valle d'Aosta/Vallée d'Aoste,Maschi,22,99047,70,0.70540,99012,0.9992725,59.634
2,Valle d'Aosta/Vallée d'Aoste,Maschi,23,98978,74,0.74955,98940,0.9992993,58.675
2,Valle d'Aosta/Vallée d'Aoste,Maschi,24,98903,64,0.65189,98871,0.9994285,57.719
2,Valle d'Aosta/Vallée d'Aoste,Maschi,25,98839,49,0.49106,98815,0.9995694,56.756
2,Valle d'Aosta/Vallée d'Aoste,Maschi,26,98790,37,0.37020,98772,0.9996321,55.784
2,Valle d'Aosta/Vallée d'Aoste,Maschi,27,98754,36,0.36555,98736,0.9995963,54.804
2,Valle d'Aosta/Vallée d'Aoste,Maschi,28,98718,44,0.44180,98696,0.9995080,53.824
2,Valle d'Aosta/Vallée d'Aoste,Maschi,29,98674,54,0.54223,98647,0.9994578,52.848
2,Valle d'Aosta/Vallée d'Aoste,Maschi,30,98621,53,0.54214,98594,0.9994568,51.876
2,Valle d'Aosta/Vallée d'Aoste,Maschi,31,98567,54,0.54427,98540,0.9994286,50.904
2,Valle d'Aosta/Vallée d'Aoste,Maschi,32,98513,59,0.59850,98484,0.9993282,49.932
2,Valle d'Aosta/Vallée d'Aoste,Maschi,33,98454,73,0.74522,98418,0.9991414,48.961
2,Valle d'Aosta/Vallée d'Aoste,Maschi,34,98381,96,0.97201,98333,0.9989212,47.997
2,Valle d'Aosta/Vallée d'Aoste,Maschi,35,98285,117,1.18561,98227,0.9987628,47.044
2,Valle d'Aosta/Vallée d'Aoste,Maschi,36,98169,127,1.28886,98106,0.9987142,46.099
2,Valle d'Aosta/Vallée d'Aoste,Maschi,37,98042,126,1.28270,97980,0.9987883,45.158
2,Valle d'Aosta/Vallée d'Aoste,Maschi,38,97917,112,1.14055,97861,0.9989472,44.215
2,Valle d'Aosta/Vallée d'Aoste,Maschi,39,97805,94,0.96503,97758,0.9990832,43.265
2,Valle d'Aosta/Vallée d'Aoste,Maschi,40,97711,85,0.86859,97668,0.9990774,42.306
2,Valle d'Aosta/Vallée d'Aoste,Maschi,41,97626,95,0.97672,97578,0.9988775,41.343
2,Valle d'Aosta/Vallée d'Aoste,Maschi,42,97530,124,1.26847,97469,0.9985569,40.383
2,Valle d'Aosta/Vallée d'Aoste,Maschi,43,97407,158,1.61795,97328,0.9982996,39.433
2,Valle d'Aosta/Vallée d'Aoste,Maschi,44,97249,173,1.78297,97162,0.9982325,38.496
2,Valle d'Aosta/Vallée d'Aoste,Maschi,45,97076,170,1.75198,96991,0.9983935,37.564
2,Valle d'Aosta/Vallée d'Aoste,Maschi,46,96906,142,1.46070,96835,0.9986442,36.629
2,Valle d'Aosta/Vallée d'Aoste,Maschi,47,96764,121,1.25082,96704,0.9986352,35.682
2,Valle d'Aosta/Vallée d'Aoste,Maschi,48,96643,143,1.47885,96572,0.9982158,34.726
2,Valle d'Aosta/Vallée d'Aoste,Maschi,49,96500,202,2.09002,96399,0.9975652,33.777
2,Valle d'Aosta/Vallée d'Aoste,Maschi,50,96298,268,2.78034,96165,0.9970788,32.846
2,Valle d'Aosta/Vallée d'Aoste,Maschi,51,96031,294,3.06248,95884,0.9970372,31.937
2,Valle d'Aosta/Vallée d'Aoste,Maschi,52,95737,274,2.86283,95600,0.9974066,31.033
2,Valle d'Aosta/Vallée d'Aoste,Maschi,53,95462,222,2.32318,95352,0.9977775,30.121
2,Valle d'Aosta/Vallée d'Aoste,Maschi,54,95241,202,2.12155,95140,0.9977672,29.190
2,Valle d'Aosta/Vallée d'Aoste,Maschi,55,95039,223,2.34431,94927,0.9973121,28.251
2,Valle d'Aosta/Vallée d'Aoste,Maschi,56,94816,288,3.03224,94672,0.9965617,27.316
2,Valle d'Aosta/Vallée d'Aoste,Maschi,57,94528,364,3.84566,94347,0.9956976,26.398
2,Valle d'Aosta/Vallée d'Aoste,Maschi,58,94165,448,4.76082,93941,0.9949292,25.498
2,Valle d'Aosta/Vallée d'Aoste,Maschi,59,93717,504,5.38223,93464,0.9944409,24.617
2,Valle d'Aosta/Vallée d'Aoste,Maschi,60,93212,535,5.73686,92945,0.9943396,23.748
2,Valle d'Aosta/Vallée d'Aoste,Maschi,61,92677,517,5.58341,92419,0.9946265,22.882
2,Valle d'Aosta/Vallée d'Aoste,Maschi,62,92160,476,5.16243,91922,0.9947251,22.007
2,Valle d'Aosta/Vallée d'Aoste,Maschi,63,91684,494,5.38798,91437,0.9939851,21.119
2,Valle d'Aosta/Vallée d'Aoste,Maschi,64,91190,606,6.64530,90887,0.9923285,20.231
2,Valle d'Aosta/Vallée d'Aoste,Maschi,65,90584,788,8.70450,90190,0.9899993,19.363
2,Valle d'Aosta/Vallée d'Aoste,Maschi,66,89796,1015,11.30831,89288,0.9872028,18.528
2,Valle d'Aosta/Vallée d'Aoste,Maschi,67,88780,1270,14.30318,88145,0.9843781,17.735
2,Valle d'Aosta/Vallée d'Aoste,Maschi,68,87510,1484,16.95981,86768,0.9823126,16.985
2,Valle d'Aosta/Vallée d'Aoste,Maschi,69,86026,1585,18.42749,85234,0.9814334,16.269
2,Valle d'Aosta/Vallée d'Aoste,Maschi,70,84441,1580,18.70826,83651,0.9815065,15.565
2,Valle d'Aosta/Vallée d'Aoste,Maschi,71,82861,1514,18.27470,82104,0.9816360,14.852
2,Valle d'Aosta/Vallée d'Aoste,Maschi,72,81347,1501,18.45488,80596,0.9803060,14.120
2,Valle d'Aosta/Vallée d'Aoste,Maschi,73,79846,1673,20.95641,79009,0.9763131,13.376
2,Valle d'Aosta/Vallée d'Aoste,Maschi,74,78172,2070,26.47574,77138,0.9715004,12.651
2,Valle d'Aosta/Vallée d'Aoste,Maschi,75,76103,2327,30.57846,74939,0.9677237,11.982
2,Valle d'Aosta/Vallée d'Aoste,Maschi,76,73776,2510,34.02776,72520,0.9652890,11.344
2,Valle d'Aosta/Vallée d'Aoste,Maschi,77,71265,2524,35.41831,70003,0.9646140,10.726
2,Valle d'Aosta/Vallée d'Aoste,Maschi,78,68741,2430,35.35241,67526,0.9642910,10.101
2,Valle d'Aosta/Vallée d'Aoste,Maschi,79,66311,2392,36.07870,65115,0.9614845,9.453
2,Valle d'Aosta/Vallée d'Aoste,Maschi,80,63919,2623,41.04347,62607,0.9553774,8.788
2,Valle d'Aosta/Vallée d'Aoste,Maschi,81,61295,2964,48.35494,59813,0.9473629,8.143
2,Valle d'Aosta/Vallée d'Aoste,Maschi,82,58331,3333,57.13675,56665,0.9383428,7.531
2,Valle d'Aosta/Vallée d'Aoste,Maschi,83,54998,3655,66.45159,53171,0.9306602,6.957
2,Valle d'Aosta/Vallée d'Aoste,Maschi,84,51344,3719,72.43352,49484,0.9250619,6.417
2,Valle d'Aosta/Vallée d'Aoste,Maschi,85,47625,3697,77.63820,45776,0.9183275,5.879
2,Valle d'Aosta/Vallée d'Aoste,Maschi,86,43927,3780,86.04641,42037,0.9079887,5.332
2,Valle d'Aosta/Vallée d'Aoste,Maschi,87,40147,3956,98.53782,38169,0.8927959,4.787
2,Valle d'Aosta/Vallée d'Aoste,Maschi,88,36191,4228,116.81764,34077,0.8698848,4.256
2,Valle d'Aosta/Vallée d'Aoste,Maschi,89,31964,4640,145.17160,29643,0.8366434,3.752
2,Valle d'Aosta/Vallée d'Aoste,Maschi,90,27323,5045,184.62998,24801,0.7911069,3.305
2,Valle d'Aosta/Vallée d'Aoste,Maschi,91,22279,5317,238.65029,19620,0.7383650,2.940
2,Valle d'Aosta/Vallée d'Aoste,Maschi,92,16962,4950,291.82440,14487,0.6958908,2.704
2,Valle d'Aosta/Vallée d'Aoste,Maschi,93,12012,3861,321.45631,10081,0.6813905,2.613
2,Valle d'Aosta/Vallée d'Aoste,Maschi,94,8151,2563,314.41393,6869,0.6952800,2.614
2,Valle d'Aosta/Vallée d'Aoste,Maschi,95,5588,1624,290.58044,4776,0.7114172,2.583
2,Valle d'Aosta/Vallée d'Aoste,Maschi,96,3964,1133,285.76692,3398,0.7024053,2.436
2,Valle d'Aosta/Vallée d'Aoste,Maschi,97,2831,889,314.15470,2387,0.6672212,2.211
2,Valle d'Aosta/Vallée d'Aoste,Maschi,98,1942,699,359.93381,1592,0.6230160,1.994
2,Valle d'Aosta/Vallée d'Aoste,Maschi,99,1243,502,403.62229,992,0.5859058,1.834
2,Valle d'Aosta/Vallée d'Aoste,Maschi,100,741,320,431.65341,581,0.5708777,1.738
2,Valle d'Aosta/Vallée d'Aoste,Maschi,101,421,179,424.66893,332,0.5633960,1.678
2,Valle d'Aosta/Vallée d'Aoste,Maschi,102,242,111,457.34856,187,0.5309947,1.547
2,Valle d'Aosta/Vallée d'Aoste,Maschi,103,132,65,490.48630,99,0.4982712,1.429
2,Valle d'Aosta/Vallée d'Aoste,Maschi,104,67,35,523.79406,49,0.4655042,1.323
2,Valle d'Aosta/Vallée d'Aoste,Maschi,105,32,18,556.96860,23,0.4329793,1.228
2,Valle d'Aosta/Vallée d'Aoste,Maschi,106,14,8,589.71001,10,0.4009761,1.143
2,Valle d'Aosta/Vallée d'Aoste,Maschi,107,6,4,621.72473,4,0.3697619,1.068
2,Valle d'Aosta/Vallée d'Aoste,Maschi,108,2,1,652.74379,1,0.3395810,1.000
2,Valle d'Aosta/Vallée d'Aoste,Maschi,109,1,1,682.52152,1,0.3106522,0.941
2,Valle d'Aosta/Vallée d'Aoste,Maschi,110,0,0,710.84952,0,0.2831600,0.888
2,Valle d'Aosta/Vallée d'Aoste,Maschi,111,0,0,737.55730,0,0.2572537,0.841
2,Valle d'Aosta/Vallée d'Aoste,Maschi,112,0,0,762.51800,0,0.2330442,0.800
2,Valle d'Aosta/Vallée d'Aoste,Maschi,113,0,0,785.64288,0,0.2106075,0.764
2,Valle d'Aosta/Vallée d'Aoste,Maschi,114,0,0,806.88506,0,0.1899835,0.733
2,Valle d'Aosta/Vallée d'Aoste,Maschi,115,0,0,826.23207,0,0.1711811,0.705
2,Valle d'Aosta/Vallée d'Aoste,Maschi,116,0,0,843.70551,0,0.1541796,0.681
2,Valle d'Aosta/Vallée d'Aoste,Maschi,117,0,0,859.35180,0,0.1389356,0.661
2,Valle d'Aosta/Vallée d'Aoste,Maschi,118,0,0,873.24092,0,0.1253846,0.643
2,Valle d'Aosta/Vallée d'Aoste,Maschi,119,0,0,885.45824,0,0.1134480,0.628
2,Valle d'Aosta/Vallée d'Aoste,Femmine,0,100000,488,4.88006,99541,0.9995738,84.697
2,Valle d'Aosta/Vallée d'Aoste,Femmine,1,99512,27,0.27390,99498,0.9997277,84.110
2,Valle d'Aosta/Vallée d'Aoste,Femmine,2,99485,27,0.27074,99471,0.9997338,83.132
2,Valle d'Aosta/Vallée d'Aoste,Femmine,3,99458,26,0.26160,99445,0.9997437,82.155
2,Valle d'Aosta/Vallée d'Aoste,Femmine,4,99432,25,0.25103,99419,0.9997534,81.176
2,Valle d'Aosta/Vallée d'Aoste,Femmine,5,99407,24,0.24210,99395,0.9997615,80.196
2,Valle d'Aosta/Vallée d'Aoste,Femmine,6,99383,23,0.23491,99371,0.9997679,79.216
2,Valle d'Aosta/Vallée d'Aoste,Femmine,7,99359,23,0.22936,99348,0.9997762,78.234
2,Valle d'Aosta/Vallée d'Aoste,Femmine,8,99337,22,0.21819,99326,0.9997882,77.252
2,Valle d'Aosta/Vallée d'Aoste,Femmine,9,99315,20,0.20545,99305,0.9998014,76.269
2,Valle d'Aosta/Vallée d'Aoste,Femmine,10,99295,19,0.19178,99285,0.9998128,75.284
2,Valle d'Aosta/Vallée d'Aoste,Femmine,11,99276,18,0.18255,99266,0.9998211,74.299
2,Valle d'Aosta/Vallée d'Aoste,Femmine,12,99257,17,0.17517,99249,0.9998274,73.312
2,Valle d'Aosta/Vallée d'Aoste,Femmine,13,99240,17,0.16994,99232,0.9998317,72.325
2,Valle d'Aosta/Vallée d'Aoste,Femmine,14,99223,17,0.16660,99215,0.9998335,71.337
2,Valle d'Aosta/Vallée d'Aoste,Femmine,15,99207,17,0.16642,99198,0.9998341,70.349
2,Valle d'Aosta/Vallée d'Aoste,Femmine,16,99190,16,0.16533,99182,0.9998345,69.361
2,Valle d'Aosta/Vallée d'Aoste,Femmine,17,99174,16,0.16572,99165,0.9998415,68.372
2,Valle d'Aosta/Vallée d'Aoste,Femmine,18,99157,15,0.15128,99150,0.9998447,67.383
2,Valle d'Aosta/Vallée d'Aoste,Femmine,19,99142,16,0.15924,99134,0.9998219,66.393
2,Valle d'Aosta/Vallée d'Aoste,Femmine,20,99126,20,0.19706,99117,0.9997515,65.404
2,Valle d'Aosta/Vallée d'Aoste,Femmine,21,99107,30,0.29998,99092,0.9996135,64.417
2,Valle d'Aosta/Vallée d'Aoste,Femmine,22,99077,47,0.47296,99054,0.9994313,63.436
2,Valle d'Aosta/Vallée d'Aoste,Femmine,23,99030,66,0.66446,98997,0.9992647,62.466
2,Valle d'Aosta/Vallée d'Aoste,Femmine,24,98965,80,0.80625,98925,0.9991894,61.507
2,Valle d'Aosta/Vallée d'Aoste,Femmine,25,98885,81,0.81492,98844,0.9992473,60.556
2,Valle d'Aosta/Vallée d'Aoste,Femmine,26,98804,68,0.69052,98770,0.9994166,59.605
2,Valle d'Aosta/Vallée d'Aoste,Femmine,27,98736,47,0.47627,98712,0.9996190,58.646
2,Valle d'Aosta/Vallée d'Aoste,Femmine,28,98689,28,0.28565,98675,0.9997558,57.674
2,Valle d'Aosta/Vallée d'Aoste,Femmine,29,98661,20,0.20276,98651,0.9997038,56.690
2,Valle d'Aosta/Vallée d'Aoste,Femmine,30,98641,38,0.38968,98622,0.9994709,55.701
2,Valle d'Aosta/Vallée d'Aoste,Femmine,31,98602,66,0.66856,98569,0.9992094,54.723
2,Valle d'Aosta/Vallée d'Aoste,Femmine,32,98536,90,0.91270,98491,0.9991026,53.759
2,Valle d'Aosta/Vallée d'Aoste,Femmine,33,98446,87,0.88207,98403,0.9992362,52.808
2,Valle d'Aosta/Vallée d'Aoste,Femmine,34,98360,63,0.64536,98328,0.9995138,51.854
2,Valle d'Aosta/Vallée d'Aoste,Femmine,35,98296,32,0.32698,98280,0.9997657,50.887
2,Valle d'Aosta/Vallée d'Aoste,Femmine,36,98264,14,0.14160,98257,0.9998794,49.904
2,Valle d'Aosta/Vallée d'Aoste,Femmine,37,98250,10,0.09961,98245,0.9998665,48.911
2,Valle d'Aosta/Vallée d'Aoste,Femmine,38,98240,16,0.16735,98232,0.9997959,47.915
2,Valle d'Aosta/Vallée d'Aoste,Femmine,39,98224,24,0.24090,98212,0.9996726,46.923
2,Valle d'Aosta/Vallée d'Aoste,Femmine,40,98200,41,0.41394,98180,0.9994632,45.935
2,Valle d'Aosta/Vallée d'Aoste,Femmine,41,98160,65,0.65969,98127,0.9992182,44.953
2,Valle d'Aosta/Vallée d'Aoste,Femmine,42,98095,89,0.90401,98050,0.9990395,43.983
2,Valle d'Aosta/Vallée d'Aoste,Femmine,43,98006,100,1.01708,97956,0.9989612,43.022
2,Valle d'Aosta/Vallée d'Aoste,Femmine,44,97906,104,1.06063,97854,0.9989496,42.065
2,Valle d'Aosta/Vallée d'Aoste,Femmine,45,97803,102,1.04023,97752,0.9989193,41.109
2,Valle d'Aosta/Vallée d'Aoste,Femmine,46,97701,110,1.12121,97646,0.9988314,40.152
2,Valle d'Aosta/Vallée d'Aoste,Femmine,47,97591,119,1.21608,97532,0.9987925,39.196
2,Valle d'Aosta/Vallée d'Aoste,Femmine,48,97473,117,1.19892,97414,0.9988586,38.243
2,Valle d'Aosta/Vallée d'Aoste,Femmine,49,97356,106,1.08389,97303,0.9988284,37.289
2,Valle d'Aosta/Vallée d'Aoste,Femmine,50,97250,122,1.25938,97189,0.9984558,36.329
2,Valle d'Aosta/Vallée d'Aoste,Femmine,51,97128,178,1.82928,97039,0.9977943,35.374
2,Valle d'Aosta/Vallée d'Aoste,Femmine,52,96950,250,2.58286,96825,0.9971410,34.438
2,Valle d'Aosta/Vallée d'Aoste,Femmine,53,96700,303,3.13583,96548,0.9968163,33.526
2,Valle d'Aosta/Vallée d'Aoste,Femmine,54,96396,312,3.23172,96241,0.9968636,32.629
2,Valle d'Aosta/Vallée d'Aoste,Femmine,55,96085,292,3.04070,95939,0.9971470,31.734
2,Valle d'Aosta/Vallée d'Aoste,Femmine,56,95793,255,2.66468,95665,0.9974054,30.829
2,Valle d'Aosta/Vallée d'Aoste,Femmine,57,95537,241,2.52437,95417,0.9976040,29.910
2,Valle d'Aosta/Vallée d'Aoste,Femmine,58,95296,216,2.26722,95188,0.9977245,28.984
2,Valle d'Aosta/Vallée d'Aoste,Femmine,59,95080,217,2.28371,94972,0.9975277,28.049
2,Valle d'Aosta/Vallée d'Aoste,Femmine,60,94863,252,2.66136,94737,0.9969086,27.112
2,Valle d'Aosta/Vallée d'Aoste,Femmine,61,94611,333,3.52250,94444,0.9961055,26.183
2,Valle d'Aosta/Vallée d'Aoste,Femmine,62,94277,402,4.26775,94076,0.9954277,25.274
2,Valle d'Aosta/Vallée d'Aoste,Femmine,63,93875,458,4.87823,93646,0.9948783,24.380
2,Valle d'Aosta/Vallée d'Aoste,Femmine,64,93417,501,5.36646,93166,0.9941779,23.497
2,Valle d'Aosta/Vallée d'Aoste,Femmine,65,92916,584,6.28021,92624,0.9933970,22.621
2,Valle d'Aosta/Vallée d'Aoste,Femmine,66,92332,640,6.92789,92012,0.9927184,21.761
2,Valle d'Aosta/Vallée d'Aoste,Femmine,67,91693,700,7.63782,91342,0.9919898,20.909
2,Valle d'Aosta/Vallée d'Aoste,Femmine,68,90992,763,8.38549,90611,0.9910149,20.067
2,Valle d'Aosta/Vallée d'Aoste,Femmine,69,90229,865,9.58987,89797,0.9897501,19.232
2,Valle d'Aosta/Vallée d'Aoste,Femmine,70,89364,976,10.91625,88876,0.9885163,18.413
2,Valle d'Aosta/Vallée d'Aoste,Femmine,71,88388,1066,12.05747,87856,0.9879550,17.611
2,Valle d'Aosta/Vallée d'Aoste,Femmine,72,87323,1051,12.03242,86797,0.9880568,16.820
2,Valle d'Aosta/Vallée d'Aoste,Femmine,73,86272,1023,11.85290,85761,0.9875967,16.019
2,Valle d'Aosta/Vallée d'Aoste,Femmine,74,85249,1105,12.96037,84697,0.9855686,15.205
2,Valle d'Aosta/Vallée d'Aoste,Femmine,75,84145,1340,15.92184,83475,0.9816825,14.398
2,Valle d'Aosta/Vallée d'Aoste,Femmine,76,82805,1718,20.75197,81946,0.9775359,13.623
2,Valle d'Aosta/Vallée d'Aoste,Femmine,77,81086,1963,24.21249,80105,0.9742813,12.901
2,Valle d'Aosta/Vallée d'Aoste,Femmine,78,79123,2157,27.26234,78045,0.9708661,12.209
2,Valle d'Aosta/Vallée d'Aoste,Femmine,79,76966,2390,31.05800,75771,0.9655236,11.537
2,Valle d'Aosta/Vallée d'Aoste,Femmine,80,74576,2834,38.00429,73159,0.9596344,10.890
2,Valle d'Aosta/Vallée d'Aoste,Femmine,81,71741,3072,42.82026,70205,0.9548992,10.301
2,Valle d'Aosta/Vallée d'Aoste,Femmine,82,68669,3261,47.48331,67039,0.9517900,9.739
2,Valle d'Aosta/Vallée d'Aoste,Femmine,83,65409,3203,48.97286,63807,0.9513955,9.200
2,Valle d'Aosta/Vallée d'Aoste,Femmine,84,62206,2999,48.21710,60706,0.9523451,8.648
2,Valle d'Aosta/Vallée d'Aoste,Femmine,85,59206,2786,47.06430,57813,0.9511347,8.061
2,Valle d'Aosta/Vallée d'Aoste,Femmine,86,56420,2864,50.75535,54988,0.9437445,7.434
2,Valle d'Aosta/Vallée d'Aoste,Femmine,87,53556,3323,62.04979,51895,0.9305210,6.805
2,Valle d'Aosta/Vallée d'Aoste,Femmine,88,50233,3888,77.39963,48289,0.9132868,6.222
2,Valle d'Aosta/Vallée d'Aoste,Femmine,89,46345,4487,96.80805,44102,0.8966685,5.702
2,Valle d'Aosta/Vallée d'Aoste,Femmine,90,41858,4628,110.55414,39545,0.8873535,5.260
2,Valle d'Aosta/Vallée d'Aoste,Femmine,91,37231,4281,114.99900,35090,0.8825763,4.851
2,Valle d'Aosta/Vallée d'Aoste,Femmine,92,32949,3959,120.16343,30970,0.8702741,4.417
2,Valle d'Aosta/Vallée d'Aoste,Femmine,93,28990,4076,140.59434,26952,0.8472997,3.952
2,Valle d'Aosta/Vallée d'Aoste,Femmine,94,24914,4155,166.78674,22836,0.8127830,3.516
2,Valle d'Aosta/Vallée d'Aoste,Femmine,95,20759,4395,211.73684,18561,0.7726037,3.120
2,Valle d'Aosta/Vallée d'Aoste,Femmine,96,16363,4046,247.26207,14340,0.7402433,2.824
2,Valle d'Aosta/Vallée d'Aoste,Femmine,97,12317,3404,276.35568,10615,0.7133540,2.587
2,Valle d'Aosta/Vallée d'Aoste,Femmine,98,8913,2682,300.86606,7573,0.6892554,2.384
2,Valle d'Aosta/Vallée d'Aoste,Femmine,99,6232,2025,324.87435,5219,0.6636712,2.195
2,Valle d'Aosta/Vallée d'Aoste,Femmine,100,4207,1486,353.29522,3464,0.6319525,2.010
2,Valle d'Aosta/Vallée d'Aoste,Femmine,101,2721,1063,390.85903,2189,0.5973233,1.836
2,Valle d'Aosta/Vallée d'Aoste,Femmine,102,1657,700,422.07728,1308,0.5662720,1.692
2,Valle d'Aosta/Vallée d'Aoste,Femmine,103,958,435,453.88759,740,0.5347614,1.563
2,Valle d'Aosta/Vallée d'Aoste,Femmine,104,523,254,486.02381,396,0.5030503,1.447
2,Valle d'Aosta/Vallée d'Aoste,Femmine,105,269,139,518.20727,199,0.4714042,1.343
2,Valle d'Aosta/Vallée d'Aoste,Femmine,106,130,71,550.15790,94,0.4400871,1.249
2,Valle d'Aosta/Vallée d'Aoste,Femmine,107,58,34,581.59828,41,0.4093543,1.166
2,Valle d'Aosta/Vallée d'Aoste,Femmine,108,24,15,612.26956,17,0.3794413,1.091
2,Valle d'Aosta/Vallée d'Aoste,Femmine,109,9,6,641.93739,6,0.3505599,1.025
2,Valle d'Aosta/Vallée d'Aoste,Femmine,110,3,2,670.39367,2,0.3228948,0.966
2,Valle d'Aosta/Vallée d'Aoste,Femmine,111,1,1,697.46737,1,0.2965962,0.914
2,Valle d'Aosta/Vallée d'Aoste,Femmine,112,0,0,723.02622,0,0.2717797,0.867
2,Valle d'Aosta/Vallée d'Aoste,Femmine,113,0,0,746.97345,0,0.2485283,0.827
2,Valle d'Aosta/Vallée d'Aoste,Femmine,114,0,0,769.24954,0,0.2268919,0.790
2,Valle d'Aosta/Vallée d'Aoste,Femmine,115,0,0,789.82995,0,0.2068892,0.759
2,Valle d'Aosta/Vallée d'Aoste,Femmine,116,0,0,808.72096,0,0.1885124,0.731
2,Valle d'Aosta/Vallée d'Aoste,Femmine,117,0,0,825.95148,0,0.1717321,0.706
2,Valle d'Aosta/Vallée d'Aoste,Femmine,118,0,0,841.57689,0,0.1564966,0.685
2,Valle d'Aosta/Vallée d'Aoste,Femmine,119,0,0,855.66407,0,0.1427425,0.666
3,Lombardia,Maschi e femmine,0,100000,270,2.69870,99746,0.9997504,84.140
3,Lombardia,Maschi e femmine,1,99730,18,0.17996,99721,0.9998445,83.366
3,Lombardia,Maschi e femmine,2,99712,13,0.13107,99706,0.9998829,82.381
3,Lombardia,Maschi e femmine,3,99699,10,0.10322,99694,0.9999042,81.392
3,Lombardia,Maschi e femmine,4,99689,9,0.08846,99684,0.9999125,80.400
3,Lombardia,Maschi e femmine,5,99680,9,0.08646,99676,0.9999155,79.407
3,Lombardia,Maschi e femmine,6,99671,8,0.08246,99667,0.9999214,78.414
3,Lombardia,Maschi e femmine,7,99663,7,0.07473,99659,0.9999282,77.420
3,Lombardia,Maschi e femmine,8,99656,7,0.06896,99652,0.9999336,76.426
3,Lombardia,Maschi e femmine,9,99649,6,0.06381,99646,0.9999357,75.431
3,Lombardia,Maschi e femmine,10,99642,6,0.06489,99639,0.9999322,74.436
3,Lombardia,Maschi e femmine,11,99636,7,0.07080,99632,0.9999224,73.441
3,Lombardia,Maschi e femmine,12,99629,8,0.08437,99625,0.9999063,72.446
3,Lombardia,Maschi e femmine,13,99621,10,0.10304,99615,0.9998830,71.452
3,Lombardia,Maschi e femmine,14,99610,13,0.13099,99604,0.9998558,70.459
3,Lombardia,Maschi e femmine,15,99597,16,0.15746,99589,0.9998326,69.469
3,Lombardia,Maschi e femmine,16,99582,18,0.17730,99573,0.9998140,68.479
3,Lombardia,Maschi e femmine,17,99564,19,0.19472,99554,0.9997960,67.492
3,Lombardia,Maschi e femmine,18,99545,21,0.21323,99534,0.9997850,66.505
3,Lombardia,Maschi e femmine,19,99523,22,0.21680,99513,0.9997794,65.519
3,Lombardia,Maschi e femmine,20,99502,22,0.22449,99491,0.9997754,64.533
3,Lombardia,Maschi e femmine,21,99479,22,0.22463,99468,0.9997725,63.547
3,Lombardia,Maschi e femmine,22,99457,23,0.23045,99446,0.9997653,62.561
3,Lombardia,Maschi e femmine,23,99434,24,0.23901,99422,0.9997572,61.576
3,Lombardia,Maschi e femmine,24,99410,25,0.24653,99398,0.9997562,60.590
3,Lombardia,Maschi e femmine,25,99386,24,0.24102,99374,0.9997572,59.605
3,Lombardia,Maschi e femmine,26,99362,24,0.24468,99350,0.9997532,58.619
3,Lombardia,Maschi e femmine,27,99338,25,0.24888,99325,0.9997282,57.633
3,Lombardia,Maschi e femmine,28,99313,29,0.29479,99298,0.9996859,56.648
3,Lombardia,Maschi e femmine,29,99284,33,0.33350,99267,0.9996580,55.664
3,Lombardia,Maschi e femmine,30,99250,35,0.35056,99233,0.9996420,54.683
3,Lombardia,Maschi e femmine,31,99216,36,0.36548,99198,0.9996312,53.702
3,Lombardia,Maschi e femmine,32,99179,37,0.37217,99161,0.9996292,52.721
3,Lombardia,Maschi e femmine,33,99143,37,0.36944,99124,0.9996217,51.741
3,Lombardia,Maschi e femmine,34,99106,38,0.38713,99087,0.9996031,50.759
3,Lombardia,Maschi e femmine,35,99068,40,0.40659,99047,0.9995831,49.779
3,Lombardia,Maschi e femmine,36,99027,42,0.42732,99006,0.9995486,48.799
3,Lombardia,Maschi e femmine,37,98985,47,0.47549,98961,0.9994826,47.820
3,Lombardia,Maschi e femmine,38,98938,55,0.55939,98910,0.9994020,46.842
3,Lombardia,Maschi e femmine,39,98882,63,0.63665,98851,0.9993276,45.868
3,Lombardia,Maschi e femmine,40,98820,70,0.70811,98785,0.9992656,44.897
3,Lombardia,Maschi e femmine,41,98750,75,0.76079,98712,0.9992151,43.928
3,Lombardia,Maschi e femmine,42,98674,80,0.80900,98635,0.9991609,42.962
3,Lombardia,Maschi e femmine,43,98595,86,0.86918,98552,0.9990879,41.996
3,Lombardia,Maschi e femmine,44,98509,94,0.95502,98462,0.9989922,41.032
3,Lombardia,Maschi e femmine,45,98415,104,1.06072,98363,0.9988728,40.071
3,Lombardia,Maschi e femmine,46,98310,117,1.19365,98252,0.9987522,39.113
3,Lombardia,Maschi e femmine,47,98193,128,1.30211,98129,0.9986564,38.159
3,Lombardia,Maschi e femmine,48,98065,136,1.38515,97997,0.9985804,37.208
3,Lombardia,Maschi e femmine,49,97929,142,1.45419,97858,0.9984959,36.259
3,Lombardia,Maschi e femmine,50,97787,152,1.55404,97711,0.9983693,35.311
3,Lombardia,Maschi e femmine,51,97635,167,1.70748,97552,0.9981968,34.365
3,Lombardia,Maschi e femmine,52,97468,185,1.89909,97376,0.9979943,33.423
3,Lombardia,Maschi e femmine,53,97283,206,2.11261,97180,0.9977673,32.486
3,Lombardia,Maschi e femmine,54,97078,228,2.35303,96963,0.9975373,31.553
3,Lombardia,Maschi e femmine,55,96849,249,2.57262,96725,0.9973118,30.627
3,Lombardia,Maschi e femmine,56,96600,271,2.80400,96465,0.9970548,29.704
3,Lombardia,Maschi e femmine,57,96329,297,3.08674,96181,0.9967818,28.787
3,Lombardia,Maschi e femmine,58,96032,322,3.35002,95871,0.9964943,27.874
3,Lombardia,Maschi e femmine,59,95710,350,3.66190,95535,0.9960979,26.966
3,Lombardia,Maschi e femmine,60,95360,395,4.14328,95162,0.9956231,26.063
3,Lombardia,Maschi e femmine,61,94965,438,4.61140,94746,0.9951620,25.170
3,Lombardia,Maschi e femmine,62,94527,479,5.06569,94287,0.9946989,24.284
3,Lombardia,Maschi e femmine,63,94048,521,5.53768,93787,0.9942454,23.405
3,Lombardia,Maschi e femmine,64,93527,559,5.97281,93248,0.9936928,22.533
3,Lombardia,Maschi e femmine,65,92968,618,6.64355,92660,0.9929126,21.665
3,Lombardia,Maschi e femmine,66,92351,696,7.53424,92003,0.9919738,20.807
3,Lombardia,Maschi e femmine,67,91655,781,8.52196,91264,0.9910391,19.961
3,Lombardia,Maschi e femmine,68,90874,855,9.40353,90447,0.9900980,19.128
3,Lombardia,Maschi e femmine,69,90019,937,10.40526,89551,0.9891761,18.305
3,Lombardia,Maschi e femmine,70,89083,1002,11.24702,88582,0.9880748,17.492
3,Lombardia,Maschi e femmine,71,88081,1111,12.61109,87525,0.9865915,16.685
3,Lombardia,Maschi e femmine,72,86970,1236,14.21600,86352,0.9848833,15.892
3,Lombardia,Maschi e femmine,73,85734,1374,16.03041,85046,0.9831944,15.114
3,Lombardia,Maschi e femmine,74,84359,1484,17.59336,83617,0.9814269,14.352
3,Lombardia,Maschi e femmine,75,82875,1622,19.57035,82064,0.9795243,13.600
3,Lombardia,Maschi e femmine,76,81253,1739,21.39907,80384,0.9773584,12.862
3,Lombardia,Maschi e femmine,77,79514,1901,23.91136,78564,0.9746780,12.132
3,Lombardia,Maschi e femmine,78,77613,2077,26.76716,76574,0.9713216,11.417
3,Lombardia,Maschi e femmine,79,75536,2315,30.64222,74378,0.9675399,10.717
3,Lombardia,Maschi e femmine,80,73221,2514,34.33552,71964,0.9626902,10.040
3,Lombardia,Maschi e femmine,81,70707,2856,40.38994,69279,0.9566363,9.379
3,Lombardia,Maschi e femmine,82,67851,3153,46.46256,66275,0.9504220,8.753
3,Lombardia,Maschi e femmine,83,64699,3419,52.84519,62989,0.9440218,8.155
3,Lombardia,Maschi e femmine,84,61280,3633,59.28599,59463,0.9378050,7.582
3,Lombardia,Maschi e femmine,85,57647,3764,65.28741,55765,0.9301896,7.029
3,Lombardia,Maschi e femmine,86,53883,4022,74.64926,51872,0.9193705,6.485
3,Lombardia,Maschi e femmine,87,49861,4342,87.09216,47689,0.9062553,5.968
3,Lombardia,Maschi e femmine,88,45518,4599,101.03197,43219,0.8915905,5.489
3,Lombardia,Maschi e femmine,89,40919,4772,116.61624,38533,0.8763937,5.050
3,Lombardia,Maschi e femmine,90,36148,4754,131.51916,33770,0.8611042,4.651
3,Lombardia,Maschi e femmine,91,31393,4627,147.38956,29080,0.8444634,4.279
3,Lombardia,Maschi e femmine,92,26766,4419,165.09210,24557,0.8263391,3.932
3,Lombardia,Maschi e femmine,93,22347,4110,183.92414,20292,0.8062790,3.611
3,Lombardia,Maschi e femmine,94,18237,3752,205.72591,16361,0.7829871,3.312
3,Lombardia,Maschi e femmine,95,14485,3349,231.22336,12811,0.7575198,3.041
3,Lombardia,Maschi e femmine,96,11136,2863,257.12273,9704,0.7342534,2.805
3,Lombardia,Maschi e femmine,97,8273,2294,277.35530,7125,0.7142532,2.603
3,Lombardia,Maschi e femmine,98,5978,1778,297.35912,5089,0.6931048,2.410
3,Lombardia,Maschi e femmine,99,4201,1346,320.46691,3527,0.6675217,2.218
3,Lombardia,Maschi e femmine,100,2854,999,350.15414,2355,0.6350396,2.028
3,Lombardia,Maschi e femmine,101,1855,719,387.74456,1495,0.6005107,1.852
3,Lombardia,Maschi e femmine,102,1136,475,418.67206,898,0.5697387,1.708
3,Lombardia,Maschi e femmine,103,660,297,450.19709,512,0.5384956,1.578
3,Lombardia,Maschi e femmine,104,363,175,482.07041,275,0.5070236,1.461
3,Lombardia,Maschi e femmine,105,188,97,514.03327,140,0.4755680,1.356
3,Lombardia,Maschi e femmine,106,91,50,545.83010,66,0.4443687,1.262
3,Lombardia,Maschi e femmine,107,41,24,577.21162,30,0.4136543,1.177
3,Lombardia,Maschi e femmine,108,18,11,607.94992,12,0.3836315,1.101
3,Lombardia,Maschi e femmine,109,7,4,637.84165,5,0.3544831,1.033
3,Lombardia,Maschi e femmine,110,2,2,666.70994,2,0.3263654,0.973
3,Lombardia,Maschi e femmine,111,1,1,694.41119,1,0.2994039,0.919
3,Lombardia,Maschi e femmine,112,0,0,720.83526,0,0.2736946,0.871
3,Lombardia,Maschi e femmine,113,0,0,745.90013,0,0.2493076,0.828
3,Lombardia,Maschi e femmine,114,0,0,769.55244,0,0.2262875,0.789
3,Lombardia,Maschi e femmine,115,0,0,791.76449,0,0.2046565,0.755
3,Lombardia,Maschi e femmine,116,0,0,812.53079,0,0.1844175,0.724
3,Lombardia,Maschi e femmine,117,0,0,831.86116,0,0.1655587,0.697
3,Lombardia,Maschi e femmine,118,0,0,849.78649,0,0.1480509,0.673
3,Lombardia,Maschi e femmine,119,0,0,866.34620,0,0.1318559,0.652
3,Lombardia,Maschi,0,100000,303,3.02793,99715,0.9997236,82.241
3,Lombardia,Maschi,1,99697,19,0.19446,99688,0.9998272,81.489
3,Lombardia,Maschi,2,99678,15,0.15120,99670,0.9998629,80.505
3,Lombardia,Maschi,3,99663,12,0.12302,99657,0.9998859,79.517
3,Lombardia,Maschi,4,99650,10,0.10524,99645,0.9998976,78.527
3,Lombardia,Maschi,5,99640,10,0.09960,99635,0.9999042,77.535
3,Lombardia,Maschi,6,99630,9,0.09193,99625,0.9999133,76.543
3,Lombardia,Maschi,7,99621,8,0.08143,99617,0.9999234,75.550
3,Lombardia,Maschi,8,99613,7,0.07185,99609,0.9999337,74.556
3,Lombardia,Maschi,9,99606,6,0.06078,99603,0.9999408,73.561
3,Lombardia,Maschi,10,99600,6,0.05766,99597,0.9999398,72.566
3,Lombardia,Maschi,11,99594,6,0.06278,99591,0.9999286,71.570
3,Lombardia,Maschi,12,99588,8,0.08008,99584,0.9999070,70.574
3,Lombardia,Maschi,13,99580,11,0.10601,99574,0.9998710,69.580
3,Lombardia,Maschi,14,99569,15,0.15194,99562,0.9998278,68.587
3,Lombardia,Maschi,15,99554,19,0.19241,99544,0.9997912,67.598
3,Lombardia,Maschi,16,99535,22,0.22516,99524,0.9997627,66.610
3,Lombardia,Maschi,17,99512,25,0.24941,99500,0.9997340,65.625
3,Lombardia,Maschi,18,99488,28,0.28268,99473,0.9997116,64.642
3,Lombardia,Maschi,19,99459,29,0.29408,99445,0.9996928,63.660
3,Lombardia,Maschi,20,99430,32,0.32035,99414,0.9996752,62.678
3,Lombardia,Maschi,21,99398,33,0.32926,99382,0.9996622,61.698
3,Lombardia,Maschi,22,99366,34,0.34634,99348,0.9996494,60.718
3,Lombardia,Maschi,23,99331,35,0.35478,99314,0.9996422,59.739
3,Lombardia,Maschi,24,99296,36,0.36077,99278,0.9996478,58.760
3,Lombardia,Maschi,25,99260,34,0.34360,99243,0.9996524,57.781
3,Lombardia,Maschi,26,99226,35,0.35165,99209,0.9996443,56.801
3,Lombardia,Maschi,27,99191,36,0.35976,99173,0.9996109,55.821
3,Lombardia,Maschi,28,99155,41,0.41848,99135,0.9995619,54.841
3,Lombardia,Maschi,29,99114,45,0.45773,99091,0.9995390,53.863
3,Lombardia,Maschi,30,99069,46,0.46418,99046,0.9995219,52.888
3,Lombardia,Maschi,31,99023,49,0.49203,98998,0.9994960,51.912
3,Lombardia,Maschi,32,98974,51,0.51606,98948,0.9994779,50.938
3,Lombardia,Maschi,33,98923,52,0.52816,98897,0.9994628,49.964
3,Lombardia,Maschi,34,98871,54,0.54617,98844,0.9994481,48.990
3,Lombardia,Maschi,35,98817,55,0.55769,98789,0.9994408,48.016
3,Lombardia,Maschi,36,98761,55,0.56073,98734,0.9994149,47.043
3,Lombardia,Maschi,37,98706,60,0.60955,98676,0.9993494,46.069
3,Lombardia,Maschi,38,98646,68,0.69171,98612,0.9992646,45.097
3,Lombardia,Maschi,39,98578,77,0.77917,98539,0.9991767,44.128
3,Lombardia,Maschi,40,98501,85,0.86741,98458,0.9990889,43.162
3,Lombardia,Maschi,41,98415,94,0.95481,98368,0.9990142,42.199
3,Lombardia,Maschi,42,98321,100,1.01684,98271,0.9989476,41.238
3,Lombardia,Maschi,43,98221,107,1.08803,98168,0.9988671,40.280
3,Lombardia,Maschi,44,98115,116,1.17789,98057,0.9987548,39.323
3,Lombardia,Maschi,45,97999,129,1.31262,97935,0.9986191,38.369
3,Lombardia,Maschi,46,97870,142,1.44933,97799,0.9984832,37.419
3,Lombardia,Maschi,47,97729,155,1.58435,97651,0.9983714,36.472
3,Lombardia,Maschi,48,97574,163,1.67298,97492,0.9982992,35.529
3,Lombardia,Maschi,49,97410,168,1.72867,97326,0.9982070,34.588
3,Lombardia,Maschi,50,97242,181,1.85735,97152,0.9980242,33.647
3,Lombardia,Maschi,51,97061,203,2.09447,96960,0.9978119,32.709
3,Lombardia,Maschi,52,96858,221,2.28199,96748,0.9975777,31.776
3,Lombardia,Maschi,53,96637,248,2.56296,96513,0.9972657,30.848
3,Lombardia,Maschi,54,96389,280,2.90617,96249,0.9969714,29.926
3,Lombardia,Maschi,55,96109,303,3.15141,95958,0.9967085,29.012
3,Lombardia,Maschi,56,95806,329,3.43202,95642,0.9963632,28.102
3,Lombardia,Maschi,57,95478,367,3.84223,95294,0.9959769,27.197
3,Lombardia,Maschi,58,95111,400,4.20466,94911,0.9956032,26.300
3,Lombardia,Maschi,59,94711,435,4.58969,94494,0.9950569,25.409
3,Lombardia,Maschi,60,94276,499,5.29814,94026,0.9943824,24.524
3,Lombardia,Maschi,61,93777,557,5.93884,93498,0.9938462,23.652
3,Lombardia,Maschi,62,93220,594,6.36999,92923,0.9933620,22.790
3,Lombardia,Maschi,63,92626,640,6.90770,92306,0.9928535,21.933
3,Lombardia,Maschi,64,91986,679,7.38689,91646,0.9922328,21.082
3,Lombardia,Maschi,65,91307,744,8.15036,90935,0.9912049,20.235
3,Lombardia,Maschi,66,90562,855,9.44512,90135,0.9898764,19.397
3,Lombardia,Maschi,67,89707,970,10.80856,89222,0.9886341,18.577
3,Lombardia,Maschi,68,88737,1059,11.92931,88208,0.9873915,17.775
3,Lombardia,Maschi,69,87679,1166,13.29583,87096,0.9862279,16.984
3,Lombardia,Maschi,70,86513,1233,14.25469,85897,0.9848387,16.206
3,Lombardia,Maschi,71,85280,1371,16.08106,84594,0.9828697,15.433
3,Lombardia,Maschi,72,83909,1527,18.19658,83145,0.9807818,14.677
3,Lombardia,Maschi,73,82382,1669,20.25881,81547,0.9789211,13.940
3,Lombardia,Maschi,74,80713,1769,21.91592,79828,0.9769169,13.218
3,Lombardia,Maschi,75,78944,1916,24.27637,77986,0.9745925,12.502
3,Lombardia,Maschi,76,77027,2046,26.56684,76004,0.9718537,11.801
3,Lombardia,Maschi,77,74981,2232,29.76893,73865,0.9685087,11.110
3,Lombardia,Maschi,78,72749,2420,33.26661,71539,0.9642867,10.435
3,Lombardia,Maschi,79,70329,2690,38.24422,68984,0.9595381,9.777
3,Lombardia,Maschi,80,67639,2893,42.76780,66193,0.9535757,9.146
3,Lombardia,Maschi,81,64746,3253,50.24409,63120,0.9462760,8.532
3,Lombardia,Maschi,82,61493,3529,57.38796,59729,0.9390989,7.957
3,Lombardia,Maschi,83,57964,3746,64.62820,56091,0.9318816,7.411
3,Lombardia,Maschi,84,54218,3896,71.84967,52270,0.9247631,6.889
3,Lombardia,Maschi,85,50323,3970,78.88633,48338,0.9162697,6.383
3,Lombardia,Maschi,86,46353,4125,88.98915,44290,0.9040310,5.887
3,Lombardia,Maschi,87,42228,4376,103.63065,40040,0.8890196,5.413
3,Lombardia,Maschi,88,37852,4511,119.17986,35596,0.8732718,4.981
3,Lombardia,Maschi,89,33341,4511,135.29797,31085,0.8568007,4.587
3,Lombardia,Maschi,90,28830,4392,152.33688,26634,0.8401133,4.227
3,Lombardia,Maschi,91,24438,4125,168.79330,22375,0.8240558,3.897
3,Lombardia,Maschi,92,20313,3749,184.54720,18439,0.8060190,3.587
3,Lombardia,Maschi,93,16564,3405,205.54977,14862,0.7839965,3.285
3,Lombardia,Maschi,94,13159,3016,229.16184,11652,0.7572516,3.006
3,Lombardia,Maschi,95,10144,2641,260.37400,8823,0.7260586,2.751
3,Lombardia,Maschi,96,7503,2193,292.28500,6406,0.7003664,2.543
3,Lombardia,Maschi,97,5310,1646,310.01711,4487,0.6843661,2.387
3,Lombardia,Maschi,98,3664,1186,323.77435,3071,0.6693129,2.234
3,Lombardia,Maschi,99,2477,845,340.90953,2055,0.6467577,2.065
3,Lombardia,Maschi,100,1633,607,371.95404,1329,0.6088479,1.874
3,Lombardia,Maschi,101,1026,432,421.71990,809,0.5661276,1.688
3,Lombardia,Maschi,102,593,270,454.88728,458,0.5332139,1.554
3,Lombardia,Maschi,103,323,158,488.61437,244,0.4998809,1.433
3,Lombardia,Maschi,104,165,86,522.61612,122,0.4664058,1.325
3,Lombardia,Maschi,105,79,44,556.59054,57,0.4330734,1.227
3,Lombardia,Maschi,106,35,21,590.23707,25,0.4001646,1.140
3,Lombardia,Maschi,107,14,9,623.25964,10,0.3679494,1.063
3,Lombardia,Maschi,108,5,4,655.38498,4,0.3366759,0.994
3,Lombardia,Maschi,109,2,1,686.36157,1,0.3065683,0.932
3,Lombardia,Maschi,110,1,0,715.97385,0,0.2778172,0.878
3,Lombardia,Maschi,111,0,0,744.04317,0,0.2505786,0.829
3,Lombardia,Maschi,112,0,0,770.43382,0,0.2249706,0.787
3,Lombardia,Maschi,113,0,0,795.04791,0,0.2010772,0.749
3,Lombardia,Maschi,114,0,0,817.82931,0,0.1789458,0.716
3,Lombardia,Maschi,115,0,0,838.75654,0,0.1585933,0.687
3,Lombardia,Maschi,116,0,0,857.84265,0,0.1400062,0.662
3,Lombardia,Maschi,117,0,0,875.12606,0,0.1231484,0.640
3,Lombardia,Maschi,118,0,0,890.66950,0,0.1079623,0.621
3,Lombardia,Maschi,119,0,0,904.55184,0,0.0943753,0.604
3,Lombardia,Femmine,0,100000,235,2.35158,99779,0.9997786,86.130
3,Lombardia,Femmine,1,99765,16,0.16468,99757,0.9998627,85.332
3,Lombardia,Femmine,2,99748,11,0.10984,99743,0.9999039,84.346
3,Lombardia,Femmine,3,99737,8,0.08234,99733,0.9999234,83.356
3,Lombardia,Femmine,4,99729,7,0.07078,99726,0.9999283,82.362
3,Lombardia,Femmine,5,99722,7,0.07261,99719,0.9999275,81.368
3,Lombardia,Femmine,6,99715,7,0.07248,99711,0.9999299,80.374
3,Lombardia,Femmine,7,99708,7,0.06766,99704,0.9999332,79.380
3,Lombardia,Femmine,8,99701,7,0.06591,99698,0.9999335,78.385
3,Lombardia,Femmine,9,99694,7,0.06700,99691,0.9999302,77.390
3,Lombardia,Femmine,10,99688,7,0.07251,99684,0.9999241,76.395
3,Lombardia,Femmine,11,99680,8,0.07926,99677,0.9999159,75.401
3,Lombardia,Femmine,12,99673,9,0.08890,99668,0.9999056,74.407
3,Lombardia,Femmine,13,99664,10,0.09991,99659,0.9998956,73.413
3,Lombardia,Femmine,14,99654,11,0.10890,99648,0.9998852,72.421
3,Lombardia,Femmine,15,99643,12,0.12062,99637,0.9998763,71.429
3,Lombardia,Femmine,16,99631,13,0.12686,99625,0.9998680,70.437
3,Lombardia,Femmine,17,99618,14,0.13709,99611,0.9998614,69.446
3,Lombardia,Femmine,18,99605,14,0.14004,99598,0.9998623,68.455
3,Lombardia,Femmine,19,99591,13,0.13538,99584,0.9998706,67.465
3,Lombardia,Femmine,20,99577,12,0.12351,99571,0.9998810,66.474
3,Lombardia,Femmine,21,99565,11,0.11445,99559,0.9998886,65.482
3,Lombardia,Femmine,22,99553,11,0.10842,99548,0.9998872,64.490
3,Lombardia,Femmine,23,99543,12,0.11715,99537,0.9998783,63.497
3,Lombardia,Femmine,24,99531,13,0.12631,99525,0.9998703,62.504
3,Lombardia,Femmine,25,99518,13,0.13309,99512,0.9998674,61.512
3,Lombardia,Femmine,26,99505,13,0.13216,99499,0.9998678,60.520
3,Lombardia,Femmine,27,99492,13,0.13227,99485,0.9998515,59.528
3,Lombardia,Femmine,28,99479,16,0.16475,99471,0.9998162,58.536
3,Lombardia,Femmine,29,99463,20,0.20292,99452,0.9997830,57.545
3,Lombardia,Femmine,30,99442,23,0.23116,99431,0.9997682,56.557
3,Lombardia,Femmine,31,99419,23,0.23252,99408,0.9997732,55.570
3,Lombardia,Femmine,32,99396,22,0.22104,99385,0.9997881,54.583
3,Lombardia,Femmine,33,99374,20,0.20277,99364,0.9997885,53.594
3,Lombardia,Femmine,34,99354,22,0.22020,99343,0.9997659,52.605
3,Lombardia,Femmine,35,99332,25,0.24803,99320,0.9997323,51.617
3,Lombardia,Femmine,36,99308,29,0.28736,99293,0.9996889,50.629
3,Lombardia,Femmine,37,99279,33,0.33490,99262,0.9996222,49.644
3,Lombardia,Femmine,38,99246,42,0.42066,99225,0.9995460,48.660
3,Lombardia,Femmine,39,99204,48,0.48727,99180,0.9994858,47.681
3,Lombardia,Femmine,40,99156,54,0.54118,99129,0.9994506,46.704
3,Lombardia,Femmine,41,99102,55,0.55755,99074,0.9994255,45.729
3,Lombardia,Femmine,42,99047,59,0.59138,99018,0.9993843,44.754
3,Lombardia,Femmine,43,98988,63,0.64013,98957,0.9993190,43.780
3,Lombardia,Femmine,44,98925,71,0.72187,98889,0.9992404,42.808
3,Lombardia,Femmine,45,98853,79,0.79734,98814,0.9991381,41.838
3,Lombardia,Femmine,46,98775,92,0.92644,98729,0.9990331,40.871
3,Lombardia,Femmine,47,98683,99,1.00731,98633,0.9989540,39.909
3,Lombardia,Femmine,48,98584,107,1.08469,98530,0.9988738,38.948
3,Lombardia,Femmine,49,98477,115,1.16783,98419,0.9987972,37.990
3,Lombardia,Femmine,50,98362,122,1.23779,98301,0.9987290,37.034
3,Lombardia,Femmine,51,98240,128,1.30425,98176,0.9985977,36.079
3,Lombardia,Femmine,52,98112,147,1.50044,98038,0.9984278,35.126
3,Lombardia,Femmine,53,97965,161,1.64416,97884,0.9982889,34.178
3,Lombardia,Femmine,54,97804,174,1.77822,97717,0.9981250,33.233
3,Lombardia,Femmine,55,97630,193,1.97186,97533,0.9979377,32.292
3,Lombardia,Femmine,56,97437,210,2.15294,97332,0.9977713,31.354
3,Lombardia,Femmine,57,97227,224,2.30465,97115,0.9976144,30.421
3,Lombardia,Femmine,58,97003,239,2.46673,96884,0.9974144,29.490
3,Lombardia,Femmine,59,96764,262,2.70474,96633,0.9971706,28.562
3,Lombardia,Femmine,60,96502,285,2.95440,96360,0.9968989,27.638
3,Lombardia,Femmine,61,96217,313,3.24830,96061,0.9965113,26.718
3,Lombardia,Femmine,62,95905,358,3.72994,95726,0.9960662,25.804
3,Lombardia,Femmine,63,95547,395,4.13843,95349,0.9956649,24.898
3,Lombardia,Femmine,64,95152,431,4.53265,94936,0.9951776,24.000
3,Lombardia,Femmine,65,94720,484,5.11349,94478,0.9946436,23.107
3,Lombardia,Femmine,66,94236,528,5.60058,93972,0.9940916,22.223
3,Lombardia,Femmine,67,93708,583,6.21792,93417,0.9934566,21.345
3,Lombardia,Femmine,68,93125,640,6.87083,92806,0.9928044,20.476
3,Lombardia,Femmine,69,92486,696,7.52257,92138,0.9921074,19.614
3,Lombardia,Femmine,70,91790,759,8.26534,91411,0.9912725,18.759
3,Lombardia,Femmine,71,91031,837,9.19343,90613,0.9902436,17.911
3,Lombardia,Femmine,72,90194,931,10.32461,89729,0.9888766,17.073
3,Lombardia,Femmine,73,89263,1065,11.93059,88731,0.9873203,16.245
3,Lombardia,Femmine,74,88198,1185,13.43791,87606,0.9857432,15.436
3,Lombardia,Femmine,75,87013,1313,15.08676,86357,0.9842003,14.639
3,Lombardia,Femmine,76,85700,1416,16.52363,84992,0.9825236,13.856
3,Lombardia,Femmine,77,84284,1555,18.44515,83507,0.9804005,13.080
3,Lombardia,Femmine,78,82729,1719,20.77552,81870,0.9777624,12.316
3,Lombardia,Femmine,79,81011,1922,23.73077,80050,0.9747585,11.567
3,Lombardia,Femmine,80,79088,2119,26.78890,78029,0.9707755,10.836
3,Lombardia,Femmine,81,76970,2442,31.72705,75749,0.9656541,10.121
3,Lombardia,Femmine,82,74528,2761,37.05066,73147,0.9600719,9.436
3,Lombardia,Femmine,83,71766,3080,42.91623,70226,0.9541349,8.780
3,Lombardia,Femmine,84,68686,3362,48.94612,67005,0.9484077,8.151
3,Lombardia,Femmine,85,65324,3552,54.37458,63548,0.9412161,7.545
3,Lombardia,Femmine,86,61772,3919,63.44680,59813,0.9311840,6.950
3,Lombardia,Femmine,87,57853,4313,74.54887,55697,0.9191211,6.387
3,Lombardia,Femmine,88,53540,4696,87.71883,51192,0.9048054,5.861
3,Lombardia,Femmine,89,48844,5050,103.38912,46319,0.8900205,5.376
3,Lombardia,Femmine,90,43794,5138,117.32985,41225,0.8751430,4.939
3,Lombardia,Femmine,91,38656,5156,133.38477,36078,0.8575735,4.529
3,Lombardia,Femmine,92,33499,5121,152.85986,30939,0.8388849,4.149
3,Lombardia,Femmine,93,28379,4849,170.85992,25954,0.8194753,3.807
3,Lombardia,Femmine,94,23530,4522,192.18102,21269,0.7975212,3.489
3,Lombardia,Femmine,95,19008,4091,215.22633,16962,0.7743075,3.200
3,Lombardia,Femmine,96,14917,3566,239.02907,13134,0.7511805,2.940
3,Lombardia,Femmine,97,11351,2970,261.68524,9866,0.7282215,2.707
3,Lombardia,Femmine,98,8381,2392,285.44917,7185,0.7036110,2.489
3,Lombardia,Femmine,99,5989,1867,311.69915,5055,0.6762687,2.284
3,Lombardia,Femmine,100,4122,1406,341.21226,3419,0.6455276,2.091
3,Lombardia,Femmine,101,2715,1017,374.60042,2207,0.6134175,1.915
3,Lombardia,Femmine,102,1698,689,405.74149,1354,0.5823691,1.763
3,Lombardia,Femmine,103,1009,442,437.63805,788,0.5506995,1.626
3,Lombardia,Femmine,104,568,267,470.03872,434,0.5186558,1.502
3,Lombardia,Femmine,105,301,151,502.67689,225,0.4864938,1.390
3,Lombardia,Femmine,106,150,80,535.28133,110,0.4544711,1.290
3,Lombardia,Femmine,107,70,39,567.58012,50,0.4228393,1.201
3,Lombardia,Femmine,108,30,18,599.31626,21,0.3918337,1.121
3,Lombardia,Femmine,109,12,8,630.25368,8,0.3616682,1.049
3,Lombardia,Femmine,110,4,3,660.17937,3,0.3325325,0.986
3,Lombardia,Femmine,111,2,1,688.91440,1,0.3045839,0.929
3,Lombardia,Femmine,112,0,0,716.31614,0,0.2779470,0.878
3,Lombardia,Femmine,113,0,0,742.27559,0,0.2527155,0.833
3,Lombardia,Femmine,114,0,0,766.71963,0,0.2289507,0.793
3,Lombardia,Femmine,115,0,0,789.60932,0,0.2066836,0.758
3,Lombardia,Femmine,116,0,0,810.93620,0,0.1859190,0.727
3,Lombardia,Femmine,117,0,0,830.71460,0,0.1666401,0.699
3,Lombardia,Femmine,118,0,0,848.98582,0,0.1488077,0.674
3,Lombardia,Femmine,119,0,0,865.80334,0,0.1323703,0.652
4,Trentino-Alto Adige,Maschi e femmine,0,100000,223,2.23214,99790,0.9997643,84.732
4,Trentino-Alto Adige,Maschi e femmine,1,99777,21,0.20756,99766,0.9998037,83.920
4,Trentino-Alto Adige,Maschi e femmine,2,99756,18,0.18504,99747,0.9998342,82.938
4,Trentino-Alto Adige,Maschi e femmine,3,99738,15,0.14662,99730,0.9998793,81.953
4,Trentino-Alto Adige,Maschi e femmine,4,99723,9,0.09488,99718,0.9999153,80.965
4,Trentino-Alto Adige,Maschi e femmine,5,99714,7,0.07457,99710,0.9999362,79.972
4,Trentino-Alto Adige,Maschi e femmine,6,99706,5,0.05313,99703,0.9999421,78.978
4,Trentino-Alto Adige,Maschi e femmine,7,99701,6,0.06273,99698,0.9999256,77.983
4,Trentino-Alto Adige,Maschi e femmine,8,99695,9,0.08597,99690,0.9998972,76.987
4,Trentino-Alto Adige,Maschi e femmine,9,99686,12,0.11963,99680,0.9998783,75.994
4,Trentino-Alto Adige,Maschi e femmine,10,99674,12,0.12383,99668,0.9998895,75.003
4,Trentino-Alto Adige,Maschi e femmine,11,99662,10,0.09711,99657,0.9999043,74.012
4,Trentino-Alto Adige,Maschi e femmine,12,99652,9,0.09435,99647,0.9999008,73.019
4,Trentino-Alto Adige,Maschi e femmine,13,99643,10,0.10398,99637,0.9998883,72.026
4,Trentino-Alto Adige,Maschi e femmine,14,99632,12,0.11950,99626,0.9998660,71.034
4,Trentino-Alto Adige,Maschi e femmine,15,99620,15,0.14845,99613,0.9998317,70.042
4,Trentino-Alto Adige,Maschi e femmine,16,99606,19,0.18806,99596,0.9997942,69.052
4,Trentino-Alto Adige,Maschi e femmine,17,99587,22,0.22349,99576,0.9997516,68.065
4,Trentino-Alto Adige,Maschi e femmine,18,99565,27,0.27324,99551,0.9997076,67.080
4,Trentino-Alto Adige,Maschi e femmine,19,99537,31,0.31147,99522,0.9996601,66.099
4,Trentino-Alto Adige,Maschi e femmine,20,99506,37,0.36829,99488,0.9996098,65.119
4,Trentino-Alto Adige,Maschi e femmine,21,99470,41,0.41216,99449,0.9995756,64.143
4,Trentino-Alto Adige,Maschi e femmine,22,99429,43,0.43666,99407,0.9995692,63.169
4,Trentino-Alto Adige,Maschi e femmine,23,99385,42,0.42486,99364,0.9995836,62.196
4,Trentino-Alto Adige,Maschi e femmine,24,99343,41,0.40800,99323,0.9995895,61.223
4,Trentino-Alto Adige,Maschi e femmine,25,99303,41,0.41306,99282,0.9995876,60.247
4,Trentino-Alto Adige,Maschi e femmine,26,99262,41,0.41169,99241,0.9995842,59.272
4,Trentino-Alto Adige,Maschi e femmine,27,99221,42,0.41986,99200,0.9995785,58.296
4,Trentino-Alto Adige,Maschi e femmine,28,99179,42,0.42322,99158,0.9995797,57.321
4,Trentino-Alto Adige,Maschi e femmine,29,99137,41,0.41736,99116,0.9995738,56.345
4,Trentino-Alto Adige,Maschi e femmine,30,99096,43,0.43508,99074,0.9995595,55.368
4,Trentino-Alto Adige,Maschi e femmine,31,99053,44,0.44592,99030,0.9995593,54.392
4,Trentino-Alto Adige,Maschi e femmine,32,99008,43,0.43554,98987,0.9995833,53.416
4,Trentino-Alto Adige,Maschi e femmine,33,98965,39,0.39795,98946,0.9995858,52.439
4,Trentino-Alto Adige,Maschi e femmine,34,98926,43,0.43048,98905,0.9995433,51.460
4,Trentino-Alto Adige,Maschi e femmine,35,98883,48,0.48288,98859,0.9994897,50.482
4,Trentino-Alto Adige,Maschi e femmine,36,98836,53,0.53781,98809,0.9994363,49.506
4,Trentino-Alto Adige,Maschi e femmine,37,98782,58,0.58960,98753,0.9993948,48.532
4,Trentino-Alto Adige,Maschi e femmine,38,98724,61,0.62073,98694,0.9993534,47.560
4,Trentino-Alto Adige,Maschi e femmine,39,98663,66,0.67241,98630,0.9992931,46.590
4,Trentino-Alto Adige,Maschi e femmine,40,98597,73,0.74141,98560,0.9992264,45.621
4,Trentino-Alto Adige,Maschi e femmine,41,98523,79,0.80578,98484,0.9991515,44.654
4,Trentino-Alto Adige,Maschi e femmine,42,98444,88,0.89131,98400,0.9991066,43.690
4,Trentino-Alto Adige,Maschi e femmine,43,98356,88,0.89546,98312,0.9991196,42.728
4,Trentino-Alto Adige,Maschi e femmine,44,98268,85,0.86534,98226,0.9991112,41.766
4,Trentino-Alto Adige,Maschi e femmine,45,98183,90,0.91221,98138,0.9990064,40.802
4,Trentino-Alto Adige,Maschi e femmine,46,98094,105,1.07513,98041,0.9988722,39.839
4,Trentino-Alto Adige,Maschi e femmine,47,97988,116,1.18048,97930,0.9987567,38.881
4,Trentino-Alto Adige,Maschi e femmine,48,97872,128,1.30624,97809,0.9986005,37.926
4,Trentino-Alto Adige,Maschi e femmine,49,97745,146,1.49293,97672,0.9984752,36.975
4,Trentino-Alto Adige,Maschi e femmine,50,97599,152,1.55678,97523,0.9984153,36.030
4,Trentino-Alto Adige,Maschi e femmine,51,97447,157,1.61274,97368,0.9983612,35.085
4,Trentino-Alto Adige,Maschi e femmine,52,97290,162,1.66496,97209,0.9982895,34.141
4,Trentino-Alto Adige,Maschi e femmine,53,97128,171,1.75618,97042,0.9981578,33.197
4,Trentino-Alto Adige,Maschi e femmine,54,96957,187,1.92841,96864,0.9979275,32.255
4,Trentino-Alto Adige,Maschi e femmine,55,96770,215,2.21684,96663,0.9976176,31.316
4,Trentino-Alto Adige,Maschi e femmine,56,96556,246,2.54826,96433,0.9972617,30.385
4,Trentino-Alto Adige,Maschi e femmine,57,96310,282,2.92890,96168,0.9968451,29.461
4,Trentino-Alto Adige,Maschi e femmine,58,96027,325,3.38165,95865,0.9964703,28.546
4,Trentino-Alto Adige,Maschi e femmine,59,95703,352,3.67817,95527,0.9961467,27.641
4,Trentino-Alto Adige,Maschi e femmine,60,95351,384,4.02903,95159,0.9958326,26.741
4,Trentino-Alto Adige,Maschi e femmine,61,94967,409,4.30637,94762,0.9955949,25.848
4,Trentino-Alto Adige,Maschi e femmine,62,94558,426,4.50420,94345,0.9953906,24.957
4,Trentino-Alto Adige,Maschi e femmine,63,94132,444,4.71499,93910,0.9951100,24.068
4,Trentino-Alto Adige,Maschi e femmine,64,93688,475,5.06588,93451,0.9946034,23.179
4,Trentino-Alto Adige,Maschi e femmine,65,93213,534,5.72909,92946,0.9938377,22.295
4,Trentino-Alto Adige,Maschi e femmine,66,92679,611,6.59802,92373,0.9929729,21.421
4,Trentino-Alto Adige,Maschi e femmine,67,92068,687,7.45907,91724,0.9921445,20.560
4,Trentino-Alto Adige,Maschi e femmine,68,91381,754,8.25489,91004,0.9914319,19.710
4,Trentino-Alto Adige,Maschi e femmine,69,90627,805,8.88385,90224,0.9906491,18.870
4,Trentino-Alto Adige,Maschi e femmine,70,89821,882,9.82207,89380,0.9897155,18.035
4,Trentino-Alto Adige,Maschi e femmine,71,88939,956,10.75159,88461,0.9887048,17.209
4,Trentino-Alto Adige,Maschi e femmine,72,87983,1042,11.84480,87462,0.9871356,16.390
4,Trentino-Alto Adige,Maschi e femmine,73,86941,1208,13.89625,86337,0.9850206,15.581
4,Trentino-Alto Adige,Maschi e femmine,74,85733,1378,16.07775,85044,0.9826967,14.793
4,Trentino-Alto Adige,Maschi e femmine,75,84354,1565,18.54883,83572,0.9801691,14.027
4,Trentino-Alto Adige,Maschi e femmine,76,82790,1750,21.13724,81915,0.9776111,13.283
4,Trentino-Alto Adige,Maschi e femmine,77,81040,1918,23.66761,80081,0.9749002,12.559
4,Trentino-Alto Adige,Maschi e femmine,78,79122,2102,26.56679,78071,0.9719282,11.851
4,Trentino-Alto Adige,Maschi e femmine,79,77020,2281,29.61789,75879,0.9687817,11.161
4,Trentino-Alto Adige,Maschi e femmine,80,74739,2456,32.86760,73510,0.9656154,10.486
4,Trentino-Alto Adige,Maschi e femmine,81,72282,2599,35.95321,70983,0.9621817,9.825
4,Trentino-Alto Adige,Maschi e femmine,82,69683,2770,39.75289,68298,0.9576477,9.173
4,Trentino-Alto Adige,Maschi e femmine,83,66913,3015,45.05938,65406,0.9521936,8.532
4,Trentino-Alto Adige,Maschi e femmine,84,63898,3239,50.68296,62279,0.9455027,7.911
4,Trentino-Alto Adige,Maschi e femmine,85,60660,3550,58.51521,58885,0.9362356,7.307
4,Trentino-Alto Adige,Maschi e femmine,86,57110,3960,69.33974,55130,0.9245041,6.730
4,Trentino-Alto Adige,Maschi e femmine,87,53150,4364,82.11077,50968,0.9124159,6.194
4,Trentino-Alto Adige,Maschi e femmine,88,48786,4564,93.54706,46504,0.8992318,5.704
4,Trentino-Alto Adige,Maschi e femmine,89,44222,4808,108.73455,41818,0.8849915,5.241
4,Trentino-Alto Adige,Maschi e femmine,90,39414,4810,122.04796,37008,0.8709648,4.819
4,Trentino-Alto Adige,Maschi e femmine,91,34603,4740,136.99378,32233,0.8536550,4.419
4,Trentino-Alto Adige,Maschi e femmine,92,29863,4694,157.18069,27516,0.8336326,4.042
4,Trentino-Alto Adige,Maschi e femmine,93,25169,4462,177.26741,22938,0.8124451,3.702
4,Trentino-Alto Adige,Maschi e femmine,94,20707,4143,200.05904,18636,0.7901304,3.392
4,Trentino-Alto Adige,Maschi e femmine,95,16565,3680,222.13377,14725,0.7695452,3.115
4,Trentino-Alto Adige,Maschi e femmine,96,12885,3107,241.15210,11331,0.7463390,2.862
4,Trentino-Alto Adige,Maschi e femmine,97,9778,2641,270.14511,8457,0.7165069,2.613
4,Trentino-Alto Adige,Maschi e femmine,98,7136,2154,301.78174,6060,0.6860118,2.395
4,Trentino-Alto Adige,Maschi e femmine,99,4983,1652,331.47058,4157,0.6582912,2.213
4,Trentino-Alto Adige,Maschi e femmine,100,3331,1189,357.02339,2736,0.6363762,2.063
4,Trentino-Alto Adige,Maschi e femmine,101,2142,801,373.88921,1741,0.6148552,1.931
4,Trentino-Alto Adige,Maschi e femmine,102,1341,541,403.12180,1071,0.5857201,1.785
4,Trentino-Alto Adige,Maschi e femmine,103,800,347,432.97386,627,0.5560693,1.653
4,Trentino-Alto Adige,Maschi e femmine,104,454,210,463.25407,349,0.5260890,1.533
4,Trentino-Alto Adige,Maschi e femmine,105,244,120,493.76570,183,0.4959672,1.425
4,Trentino-Alto Adige,Maschi e femmine,106,123,65,524.31414,91,0.4658895,1.327
4,Trentino-Alto Adige,Maschi e femmine,107,59,33,554.70472,42,0.4360377,1.239
4,Trentino-Alto Adige,Maschi e femmine,108,26,15,584.75197,18,0.4065845,1.159
4,Trentino-Alto Adige,Maschi e femmine,109,11,7,614.27893,8,0.3776942,1.087
4,Trentino-Alto Adige,Maschi e femmine,110,4,3,643.11600,3,0.3495215,1.023
4,Trentino-Alto Adige,Maschi e femmine,111,1,1,671.10827,1,0.3222070,0.964
4,Trentino-Alto Adige,Maschi e femmine,112,0,0,698.11817,0,0.2958745,0.912
4,Trentino-Alto Adige,Maschi e femmine,113,0,0,724.02505,0,0.2706313,0.865
4,Trentino-Alto Adige,Maschi e femmine,114,0,0,748.73133,0,0.2465629,0.823
4,Trentino-Alto Adige,Maschi e femmine,115,0,0,772.16530,0,0.2237308,0.785
4,Trentino-Alto Adige,Maschi e femmine,116,0,0,794.28206,0,0.2021729,0.751
4,Trentino-Alto Adige,Maschi e femmine,117,0,0,815.05964,0,0.1819053,0.721
4,Trentino-Alto Adige,Maschi e femmine,118,0,0,834.50556,0,0.1629189,0.694
4,Trentino-Alto Adige,Maschi e femmine,119,0,0,852.64387,0,0.1451885,0.669
4,Trentino-Alto Adige,Maschi,0,100000,259,2.59492,99756,0.9997950,82.785
4,Trentino-Alto Adige,Maschi,1,99741,10,0.10312,99735,0.9998651,81.999
4,Trentino-Alto Adige,Maschi,2,99730,17,0.16659,99722,0.9998281,81.008
4,Trentino-Alto Adige,Maschi,3,99714,18,0.17720,99705,0.9998574,80.021
4,Trentino-Alto Adige,Maschi,4,99696,11,0.10806,99691,0.9999137,79.035
4,Trentino-Alto Adige,Maschi,5,99685,6,0.06449,99682,0.9999404,78.044
4,Trentino-Alto Adige,Maschi,6,99679,5,0.05465,99676,0.9999334,77.049
4,Trentino-Alto Adige,Maschi,7,99673,8,0.07848,99669,0.9999053,76.053
4,Trentino-Alto Adige,Maschi,8,99665,11,0.11088,99660,0.9998756,75.059
4,Trentino-Alto Adige,Maschi,9,99654,14,0.13785,99648,0.9998591,74.067
4,Trentino-Alto Adige,Maschi,10,99641,14,0.14400,99634,0.9998787,73.077
4,Trentino-Alto Adige,Maschi,11,99626,10,0.09868,99621,0.9999012,72.088
4,Trentino-Alto Adige,Maschi,12,99617,10,0.09882,99612,0.9998888,71.095
4,Trentino-Alto Adige,Maschi,13,99607,12,0.12360,99600,0.9998577,70.102
4,Trentino-Alto Adige,Maschi,14,99594,16,0.16090,99586,0.9998258,69.110
4,Trentino-Alto Adige,Maschi,15,99578,19,0.18748,99569,0.9997986,68.122
4,Trentino-Alto Adige,Maschi,16,99560,21,0.21532,99549,0.9997628,67.134
4,Trentino-Alto Adige,Maschi,17,99538,26,0.25913,99525,0.9996948,66.149
4,Trentino-Alto Adige,Maschi,18,99512,35,0.35119,99495,0.9996275,65.166
4,Trentino-Alto Adige,Maschi,19,99477,39,0.39383,99458,0.9995688,64.188
4,Trentino-Alto Adige,Maschi,20,99438,47,0.46862,99415,0.9995126,63.213
4,Trentino-Alto Adige,Maschi,21,99392,50,0.50628,99367,0.9994723,62.243
4,Trentino-Alto Adige,Maschi,22,99341,55,0.54905,99314,0.9994585,61.274
4,Trentino-Alto Adige,Maschi,23,99287,53,0.53392,99260,0.9994557,60.307
4,Trentino-Alto Adige,Maschi,24,99234,55,0.55467,99206,0.9994281,59.339
4,Trentino-Alto Adige,Maschi,25,99179,58,0.58907,99150,0.9994124,58.372
4,Trentino-Alto Adige,Maschi,26,99120,58,0.58618,99091,0.9994115,57.406
4,Trentino-Alto Adige,Maschi,27,99062,59,0.59091,99033,0.9994088,56.440
4,Trentino-Alto Adige,Maschi,28,99004,59,0.59153,98974,0.9994124,55.473
4,Trentino-Alto Adige,Maschi,29,98945,58,0.58376,98916,0.9993981,54.505
4,Trentino-Alto Adige,Maschi,30,98887,61,0.62005,98857,0.9993712,53.537
4,Trentino-Alto Adige,Maschi,31,98826,63,0.63746,98795,0.9993863,52.570
4,Trentino-Alto Adige,Maschi,32,98763,58,0.58983,98734,0.9994604,51.603
4,Trentino-Alto Adige,Maschi,33,98705,48,0.48944,98681,0.9994977,50.633
4,Trentino-Alto Adige,Maschi,34,98657,51,0.51524,98631,0.9994427,49.658
4,Trentino-Alto Adige,Maschi,35,98606,59,0.59933,98576,0.9993582,48.683
4,Trentino-Alto Adige,Maschi,36,98547,67,0.68437,98513,0.9992737,47.712
4,Trentino-Alto Adige,Maschi,37,98479,76,0.76829,98441,0.9992115,46.744
4,Trentino-Alto Adige,Maschi,38,98403,80,0.80875,98364,0.9991753,45.780
4,Trentino-Alto Adige,Maschi,39,98324,83,0.84072,98283,0.9991376,44.816
4,Trentino-Alto Adige,Maschi,40,98241,87,0.88408,98198,0.9990853,43.854
4,Trentino-Alto Adige,Maschi,41,98154,93,0.94538,98108,0.9990204,42.892
4,Trentino-Alto Adige,Maschi,42,98062,99,1.01381,98012,0.9989674,41.932
4,Trentino-Alto Adige,Maschi,43,97962,103,1.05140,97911,0.9989421,40.974
4,Trentino-Alto Adige,Maschi,44,97859,104,1.06443,97807,0.9989246,40.017
4,Trentino-Alto Adige,Maschi,45,97755,106,1.08644,97702,0.9987898,39.059
4,Trentino-Alto Adige,Maschi,46,97649,130,1.33409,97584,0.9985961,38.101
4,Trentino-Alto Adige,Maschi,47,97519,144,1.47378,97447,0.9984868,37.151
4,Trentino-Alto Adige,Maschi,48,97375,151,1.55277,97299,0.9983197,36.205
4,Trentino-Alto Adige,Maschi,49,97224,176,1.80793,97136,0.9981338,35.261
4,Trentino-Alto Adige,Maschi,50,97048,187,1.92451,96954,0.9980211,34.324
4,Trentino-Alto Adige,Maschi,51,96861,197,2.03348,96763,0.9979581,33.389
4,Trentino-Alto Adige,Maschi,52,96664,198,2.05030,96565,0.9979089,32.456
4,Trentino-Alto Adige,Maschi,53,96466,206,2.13202,96363,0.9977796,31.521
4,Trentino-Alto Adige,Maschi,54,96260,222,2.30890,96149,0.9975245,30.588
4,Trentino-Alto Adige,Maschi,55,96038,254,2.64254,95911,0.9971209,29.657
4,Trentino-Alto Adige,Maschi,56,95784,298,3.11634,95635,0.9966101,28.735
4,Trentino-Alto Adige,Maschi,57,95486,350,3.66430,95311,0.9959703,27.823
4,Trentino-Alto Adige,Maschi,58,95136,418,4.39648,94927,0.9953400,26.923
4,Trentino-Alto Adige,Maschi,59,94718,466,4.92462,94484,0.9947216,26.040
4,Trentino-Alto Adige,Maschi,60,94251,531,5.63388,93986,0.9942339,25.166
4,Trentino-Alto Adige,Maschi,61,93720,553,5.89898,93444,0.9940736,24.306
4,Trentino-Alto Adige,Maschi,62,93167,555,5.95399,92890,0.9940919,23.447
4,Trentino-Alto Adige,Maschi,63,92613,543,5.86202,92341,0.9939649,22.585
4,Trentino-Alto Adige,Maschi,64,92070,572,6.20914,91784,0.9933541,21.715
4,Trentino-Alto Adige,Maschi,65,91498,648,7.08531,91174,0.9922902,20.848
4,Trentino-Alto Adige,Maschi,66,90850,758,8.33883,90471,0.9912180,19.993
4,Trentino-Alto Adige,Maschi,67,90092,831,9.22880,89676,0.9904383,19.157
4,Trentino-Alto Adige,Maschi,68,89261,883,9.89779,88819,0.9897499,18.331
4,Trentino-Alto Adige,Maschi,69,88377,937,10.60587,87909,0.9887802,17.509
4,Trentino-Alto Adige,Maschi,70,87440,1035,11.84030,86922,0.9873661,16.691
4,Trentino-Alto Adige,Maschi,71,86405,1161,13.43694,85824,0.9857761,15.885
4,Trentino-Alto Adige,Maschi,72,85244,1280,15.02161,84603,0.9834897,15.095
4,Trentino-Alto Adige,Maschi,73,83963,1513,18.02176,83206,0.9807813,14.317
4,Trentino-Alto Adige,Maschi,74,82450,1685,20.43765,81607,0.9781762,13.571
4,Trentino-Alto Adige,Maschi,75,80765,1877,23.23889,79826,0.9749517,12.844
4,Trentino-Alto Adige,Maschi,76,78888,2122,26.90074,77827,0.9710398,12.137
4,Trentino-Alto Adige,Maschi,77,76766,2386,31.07656,75573,0.9669245,11.459
4,Trentino-Alto Adige,Maschi,78,74380,2614,35.13864,73073,0.9630647,10.810
4,Trentino-Alto Adige,Maschi,79,71767,2784,38.79734,70374,0.9598512,10.186
4,Trentino-Alto Adige,Maschi,80,68982,2867,41.55479,67549,0.9571009,9.577
4,Trentino-Alto Adige,Maschi,81,66116,2929,44.30166,64651,0.9536523,8.970
4,Trentino-Alto Adige,Maschi,82,63187,3064,48.48866,61655,0.9483229,8.363
4,Trentino-Alto Adige,Maschi,83,60123,3308,55.02798,58469,0.9418140,7.764
4,Trentino-Alto Adige,Maschi,84,56814,3496,61.52794,55067,0.9337502,7.187
4,Trentino-Alto Adige,Maschi,85,53319,3801,71.28125,51418,0.9236241,6.625
4,Trentino-Alto Adige,Maschi,86,49518,4054,81.86160,47491,0.9103918,6.095
4,Trentino-Alto Adige,Maschi,87,45464,4458,98.04552,43236,0.8959551,5.594
4,Trentino-Alto Adige,Maschi,88,41007,4539,110.69639,38737,0.8810698,5.148
4,Trentino-Alto Adige,Maschi,89,36468,4675,128.18897,34130,0.8645965,4.726
4,Trentino-Alto Adige,Maschi,90,31793,4568,143.67876,29509,0.8504727,4.348
4,Trentino-Alto Adige,Maschi,91,27225,4257,156.35723,25096,0.8363138,3.994
4,Trentino-Alto Adige,Maschi,92,22968,3959,172.37340,20989,0.8178257,3.641
4,Trentino-Alto Adige,Maschi,93,19009,3688,194.01643,17165,0.7921569,3.295
4,Trentino-Alto Adige,Maschi,94,15321,3447,224.99809,13597,0.7593665,2.968
4,Trentino-Alto Adige,Maschi,95,11874,3097,260.80828,10325,0.7282980,2.685
4,Trentino-Alto Adige,Maschi,96,8777,2514,286.43936,7520,0.6995416,2.455
4,Trentino-Alto Adige,Maschi,97,6263,2005,320.10507,5261,0.6668754,2.240
4,Trentino-Alto Adige,Maschi,98,4258,1500,352.27404,3508,0.6368623,2.060
4,Trentino-Alto Adige,Maschi,99,2758,1048,379.90964,2234,0.6096460,1.908
4,Trentino-Alto Adige,Maschi,100,1710,696,407.19731,1362,0.5834147,1.771
4,Trentino-Alto Adige,Maschi,101,1014,438,432.42179,795,0.5555581,1.643
4,Trentino-Alto Adige,Maschi,102,575,268,465.61978,441,0.5226598,1.514
4,Trentino-Alto Adige,Maschi,103,308,154,499.27291,231,0.4894445,1.398
4,Trentino-Alto Adige,Maschi,104,154,82,533.08777,113,0.4561959,1.294
4,Trentino-Alto Adige,Maschi,105,72,41,566.75568,52,0.4232037,1.201
4,Trentino-Alto Adige,Maschi,106,31,19,599.97160,22,0.3907521,1.117
4,Trentino-Alto Adige,Maschi,107,12,8,632.43713,9,0.3591121,1.043
4,Trentino-Alto Adige,Maschi,108,5,3,663.87909,3,0.3285314,0.977
4,Trentino-Alto Adige,Maschi,109,2,1,694.04817,1,0.2992317,0.918
4,Trentino-Alto Adige,Maschi,110,0,0,722.73312,0,0.2713996,0.866
4,Trentino-Alto Adige,Maschi,111,0,0,749.76140,0,0.2451861,0.820
4,Trentino-Alto Adige,Maschi,112,0,0,775.00487,0,0.2207029,0.780
4,Trentino-Alto Adige,Maschi,113,0,0,798.37427,0,0.1980268,0.745
4,Trentino-Alto Adige,Maschi,114,0,0,819.82292,0,0.1771976,0.714
4,Trentino-Alto Adige,Maschi,115,0,0,839.33909,0,0.1582238,0.687
4,Trentino-Alto Adige,Maschi,116,0,0,856.94571,0,0.1410838,0.664
4,Trentino-Alto Adige,Maschi,117,0,0,872.69089,0,0.1257331,0.643
4,Trentino-Alto Adige,Maschi,118,0,0,886.64660,0,0.1121058,0.626
4,Trentino-Alto Adige,Maschi,119,0,0,898.90041,0,0.1001216,0.611
4,Trentino-Alto Adige,Femmine,0,100000,185,1.84966,99826,0.9997319,86.772
4,Trentino-Alto Adige,Femmine,1,99815,32,0.31767,99799,0.9997389,85.932
4,Trentino-Alto Adige,Femmine,2,99783,20,0.20449,99773,0.9998406,84.959
4,Trentino-Alto Adige,Femmine,3,99763,11,0.11438,99757,0.9999023,83.976
4,Trentino-Alto Adige,Femmine,4,99752,8,0.08097,99747,0.9999169,82.986
4,Trentino-Alto Adige,Femmine,5,99743,8,0.08521,99739,0.9999316,81.992
4,Trentino-Alto Adige,Femmine,6,99735,5,0.05152,99732,0.9999512,80.999
4,Trentino-Alto Adige,Femmine,7,99730,5,0.04613,99727,0.9999471,80.003
4,Trentino-Alto Adige,Femmine,8,99725,6,0.05972,99722,0.9999199,79.007
4,Trentino-Alto Adige,Femmine,9,99719,10,0.10043,99714,0.9998985,78.012
4,Trentino-Alto Adige,Femmine,10,99709,10,0.10256,99704,0.9999010,77.020
4,Trentino-Alto Adige,Femmine,11,99699,10,0.09545,99694,0.9999075,76.027
4,Trentino-Alto Adige,Femmine,12,99689,9,0.08964,99685,0.9999135,75.035
4,Trentino-Alto Adige,Femmine,13,99681,8,0.08330,99676,0.9999204,74.041
4,Trentino-Alto Adige,Femmine,14,99672,8,0.07585,99668,0.9999084,73.047
4,Trentino-Alto Adige,Femmine,15,99665,11,0.10731,99659,0.9998667,72.053
4,Trentino-Alto Adige,Femmine,16,99654,16,0.15934,99646,0.9998274,71.061
4,Trentino-Alto Adige,Femmine,17,99638,19,0.18592,99629,0.9998115,70.072
4,Trentino-Alto Adige,Femmine,18,99620,19,0.19110,99610,0.9997921,69.085
4,Trentino-Alto Adige,Femmine,19,99601,22,0.22469,99589,0.9997563,68.098
4,Trentino-Alto Adige,Femmine,20,99578,26,0.26261,99565,0.9997122,67.113
4,Trentino-Alto Adige,Femmine,21,99552,31,0.31305,99536,0.9996843,66.131
4,Trentino-Alto Adige,Femmine,22,99521,32,0.31832,99505,0.9996858,65.151
4,Trentino-Alto Adige,Femmine,23,99489,31,0.31006,99474,0.9997182,64.172
4,Trentino-Alto Adige,Femmine,24,99458,25,0.25363,99446,0.9997592,63.192
4,Trentino-Alto Adige,Femmine,25,99433,23,0.22788,99422,0.9997720,62.207
4,Trentino-Alto Adige,Femmine,26,99410,23,0.22817,99399,0.9997659,61.221
4,Trentino-Alto Adige,Femmine,27,99388,24,0.24003,99376,0.9997568,60.235
4,Trentino-Alto Adige,Femmine,28,99364,24,0.24633,99352,0.9997556,59.250
4,Trentino-Alto Adige,Femmine,29,99339,24,0.24255,99327,0.9997583,58.264
4,Trentino-Alto Adige,Femmine,30,99315,24,0.24081,99303,0.9997572,57.278
4,Trentino-Alto Adige,Femmine,31,99291,24,0.24484,99279,0.9997408,56.292
4,Trentino-Alto Adige,Femmine,32,99267,27,0.27361,99254,0.9997122,55.305
4,Trentino-Alto Adige,Femmine,33,99240,30,0.30196,99225,0.9996782,54.320
4,Trentino-Alto Adige,Femmine,34,99210,34,0.34157,99193,0.9996488,53.337
4,Trentino-Alto Adige,Femmine,35,99176,36,0.36073,99158,0.9996276,52.355
4,Trentino-Alto Adige,Femmine,36,99140,38,0.38413,99121,0.9996068,51.374
4,Trentino-Alto Adige,Femmine,37,99102,40,0.40229,99082,0.9995870,50.393
4,Trentino-Alto Adige,Femmine,38,99062,42,0.42373,99041,0.9995401,49.413
4,Trentino-Alto Adige,Femmine,39,99020,49,0.49612,98996,0.9994559,48.434
4,Trentino-Alto Adige,Femmine,40,98971,59,0.59202,98942,0.9993742,47.458
4,Trentino-Alto Adige,Femmine,41,98913,65,0.65964,98880,0.9992886,46.485
4,Trentino-Alto Adige,Femmine,42,98847,75,0.76313,98810,0.9992523,45.516
4,Trentino-Alto Adige,Femmine,43,98772,72,0.73232,98736,0.9993053,44.550
4,Trentino-Alto Adige,Femmine,44,98700,65,0.65713,98667,0.9993064,43.583
4,Trentino-Alto Adige,Femmine,45,98635,72,0.73008,98599,0.9992327,42.611
4,Trentino-Alto Adige,Femmine,46,98563,79,0.80453,98523,0.9991607,41.642
4,Trentino-Alto Adige,Femmine,47,98483,86,0.87417,98440,0.9990385,40.675
4,Trentino-Alto Adige,Femmine,48,98397,103,1.04891,98346,0.9988934,39.710
4,Trentino-Alto Adige,Femmine,49,98294,114,1.16433,98237,0.9988311,38.751
4,Trentino-Alto Adige,Femmine,50,98180,115,1.17344,98122,0.9988260,37.796
4,Trentino-Alto Adige,Femmine,51,98065,115,1.17449,98007,0.9987808,36.839
4,Trentino-Alto Adige,Femmine,52,97949,124,1.26393,97887,0.9986854,35.882
4,Trentino-Alto Adige,Femmine,53,97826,134,1.36534,97759,0.9985509,34.927
4,Trentino-Alto Adige,Femmine,54,97692,150,1.53303,97617,0.9983462,33.974
4,Trentino-Alto Adige,Femmine,55,97542,173,1.77484,97456,0.9981331,33.025
4,Trentino-Alto Adige,Femmine,56,97369,191,1.95903,97274,0.9979370,32.083
4,Trentino-Alto Adige,Femmine,57,97178,211,2.16713,97073,0.9977504,31.145
4,Trentino-Alto Adige,Femmine,58,96968,226,2.33232,96855,0.9976377,30.212
4,Trentino-Alto Adige,Femmine,59,96742,231,2.39231,96626,0.9976147,29.281
4,Trentino-Alto Adige,Femmine,60,96510,230,2.37823,96395,0.9974743,28.350
4,Trentino-Alto Adige,Femmine,61,96281,257,2.67348,96152,0.9971523,27.417
4,Trentino-Alto Adige,Femmine,62,96023,290,3.02235,95878,0.9967164,26.489
4,Trentino-Alto Adige,Femmine,63,95733,339,3.54568,95563,0.9962759,25.568
4,Trentino-Alto Adige,Femmine,64,95394,372,3.90311,95207,0.9958723,24.657
4,Trentino-Alto Adige,Femmine,65,95021,414,4.35322,94814,0.9954052,23.751
4,Trentino-Alto Adige,Femmine,66,94608,458,4.83752,94379,0.9947444,22.853
4,Trentino-Alto Adige,Femmine,67,94150,534,5.67567,93883,0.9938610,21.962
4,Trentino-Alto Adige,Femmine,68,93616,618,6.60500,93306,0.9931182,21.084
4,Trentino-Alto Adige,Femmine,69,92997,666,7.16035,92664,0.9925161,20.221
4,Trentino-Alto Adige,Femmine,70,92331,721,7.80973,91971,0.9920523,19.363
4,Trentino-Alto Adige,Femmine,71,91610,741,8.08670,91240,0.9916026,18.512
4,Trentino-Alto Adige,Femmine,72,90869,792,8.71073,90474,0.9907192,17.659
4,Trentino-Alto Adige,Femmine,73,90078,888,9.85594,89634,0.9891549,16.809
4,Trentino-Alto Adige,Femmine,74,89190,1056,11.84404,88662,0.9870667,15.972
4,Trentino-Alto Adige,Femmine,75,88134,1237,14.03554,87515,0.9851637,15.157
4,Trentino-Alto Adige,Femmine,76,86897,1360,15.64844,86217,0.9838282,14.366
4,Trentino-Alto Adige,Femmine,77,85537,1429,16.70352,84823,0.9823383,13.586
4,Trentino-Alto Adige,Femmine,78,84108,1567,18.63606,83324,0.9800582,12.809
4,Trentino-Alto Adige,Femmine,79,82541,1756,21.27226,81663,0.9768311,12.042
4,Trentino-Alto Adige,Femmine,80,80785,2028,25.10680,79771,0.9731599,11.293
4,Trentino-Alto Adige,Femmine,81,78757,2254,28.61810,77630,0.9696151,10.571
4,Trentino-Alto Adige,Femmine,82,76503,2464,32.20384,75271,0.9656343,9.868
4,Trentino-Alto Adige,Femmine,83,74039,2710,36.59941,72684,0.9609164,9.180
4,Trentino-Alto Adige,Femmine,84,71329,2972,41.66220,69843,0.9551704,8.509
4,Trentino-Alto Adige,Femmine,85,68358,3290,48.13466,66712,0.9463704,7.858
4,Trentino-Alto Adige,Femmine,86,65067,3865,59.40247,63135,0.9355554,7.230
4,Trentino-Alto Adige,Femmine,87,61202,4272,69.80518,59066,0.9249355,6.655
4,Trentino-Alto Adige,Femmine,88,56930,4595,80.71847,54632,0.9125923,6.117
4,Trentino-Alto Adige,Femmine,89,52335,4955,94.68432,49857,0.8994490,5.610
4,Trentino-Alto Adige,Femmine,90,47379,5071,107.03124,44844,0.8849289,5.144
4,Trentino-Alto Adige,Femmine,91,42308,5249,124.07454,39684,0.8650431,4.701
4,Trentino-Alto Adige,Femmine,92,37059,5462,147.38080,34328,0.8436844,4.296
4,Trentino-Alto Adige,Femmine,93,31597,5270,166.79476,28962,0.8248925,3.952
4,Trentino-Alto Adige,Femmine,94,26327,4873,185.08427,23891,0.8080786,3.643
4,Trentino-Alto Adige,Femmine,95,21454,4298,200.31133,19305,0.7919828,3.357
4,Trentino-Alto Adige,Femmine,96,17157,3734,217.65319,15290,0.7696483,3.072
4,Trentino-Alto Adige,Femmine,97,13422,3310,246.58296,11768,0.7389333,2.788
4,Trentino-Alto Adige,Femmine,98,10113,2834,280.29070,8695,0.7060728,2.537
4,Trentino-Alto Adige,Femmine,99,7278,2277,312.87439,6140,0.6762175,2.330
4,Trentino-Alto Adige,Femmine,100,5001,1699,339.65747,4152,0.6539167,2.164
4,Trentino-Alto Adige,Femmine,101,3302,1175,355.81446,2715,0.6322944,2.019
4,Trentino-Alto Adige,Femmine,102,2127,822,386.16474,1717,0.6019716,1.858
4,Trentino-Alto Adige,Femmine,103,1306,545,417.35551,1033,0.5709390,1.713
4,Trentino-Alto Adige,Femmine,104,761,342,449.15122,590,0.5394298,1.581
4,Trentino-Alto Adige,Femmine,105,419,202,481.29986,318,0.5076878,1.463
4,Trentino-Alto Adige,Femmine,106,217,112,513.54297,162,0.4759597,1.357
4,Trentino-Alto Adige,Femmine,107,106,58,545.61933,77,0.4444892,1.262
4,Trentino-Alto Adige,Femmine,108,48,28,577.27998,34,0.4135050,1.176
4,Trentino-Alto Adige,Femmine,109,20,12,608.29423,14,0.3832177,1.100
4,Trentino-Alto Adige,Femmine,110,8,5,638.45182,5,0.3538151,1.032
4,Trentino-Alto Adige,Femmine,111,3,2,667.57385,2,0.3254551,0.971
4,Trentino-Alto Adige,Femmine,112,1,1,695.51526,1,0.2982649,0.917
4,Trentino-Alto Adige,Femmine,113,0,0,722.16258,0,0.2723422,0.868
4,Trentino-Alto Adige,Femmine,114,0,0,747.43642,0,0.2477538,0.825
4,Trentino-Alto Adige,Femmine,115,0,0,771.29020,0,0.2245372,0.786
4,Trentino-Alto Adige,Femmine,116,0,0,793.70681,0,0.2027045,0.752
4,Trentino-Alto Adige,Femmine,117,0,0,814.69142,0,0.1822468,0.721
4,Trentino-Alto Adige,Femmine,118,0,0,834.27572,0,0.1631329,0.694
4,Trentino-Alto Adige,Femmine,119,0,0,852.50375,0,0.1453196,0.669
5,Veneto,Maschi e femmine,0,100000,208,2.07682,99805,0.9997425,84.332
5,Veneto,Maschi e femmine,1,99792,27,0.26952,99779,0.9997884,83.507
5,Veneto,Maschi e femmine,2,99765,15,0.15363,99758,0.9998781,82.529
5,Veneto,Maschi e femmine,3,99750,9,0.09009,99746,0.9999240,81.542
5,Veneto,Maschi e femmine,4,99741,6,0.06197,99738,0.9999339,80.549
5,Veneto,Maschi e femmine,5,99735,7,0.07024,99731,0.9999251,79.554
5,Veneto,Maschi e femmine,6,99728,8,0.07964,99724,0.9999172,78.559
5,Veneto,Maschi e femmine,7,99720,9,0.08604,99716,0.9999156,77.566
5,Veneto,Maschi e femmine,8,99711,8,0.08285,99707,0.9999217,76.572
5,Veneto,Maschi e femmine,9,99703,7,0.07375,99699,0.9999312,75.578
5,Veneto,Maschi e femmine,10,99696,6,0.06379,99693,0.9999364,74.584
5,Veneto,Maschi e femmine,11,99689,6,0.06340,99686,0.9999299,73.589
5,Veneto,Maschi e femmine,12,99683,8,0.07678,99679,0.9999104,72.593
5,Veneto,Maschi e femmine,13,99675,10,0.10248,99670,0.9998862,71.599
5,Veneto,Maschi e femmine,14,99665,12,0.12509,99659,0.9998598,70.606
5,Veneto,Maschi e femmine,15,99653,15,0.15538,99645,0.9998285,69.615
5,Veneto,Maschi e femmine,16,99637,19,0.18772,99628,0.9997931,68.626
5,Veneto,Maschi e femmine,17,99619,23,0.22617,99607,0.9997573,67.638
5,Veneto,Maschi e femmine,18,99596,26,0.25918,99583,0.9997290,66.654
5,Veneto,Maschi e femmine,19,99570,28,0.28290,99556,0.9997105,65.671
5,Veneto,Maschi e femmine,20,99542,29,0.29621,99527,0.9996945,64.689
5,Veneto,Maschi e femmine,21,99513,31,0.31476,99497,0.9996842,63.708
5,Veneto,Maschi e femmine,22,99481,32,0.31677,99466,0.9996790,62.728
5,Veneto,Maschi e femmine,23,99450,32,0.32517,99434,0.9996779,61.748
5,Veneto,Maschi e femmine,24,99417,32,0.31905,99402,0.9996807,60.768
5,Veneto,Maschi e femmine,25,99386,32,0.31961,99370,0.9996828,59.787
5,Veneto,Maschi e femmine,26,99354,31,0.31479,99338,0.9996806,58.806
5,Veneto,Maschi e femmine,27,99323,32,0.32402,99307,0.9996816,57.824
5,Veneto,Maschi e femmine,28,99290,31,0.31277,99275,0.9996853,56.843
5,Veneto,Maschi e femmine,29,99259,31,0.31668,99244,0.9996611,55.861
5,Veneto,Maschi e femmine,30,99228,36,0.36110,99210,0.9996117,54.878
5,Veneto,Maschi e femmine,31,99192,41,0.41548,99172,0.9995706,53.898
5,Veneto,Maschi e femmine,32,99151,44,0.44327,99129,0.9995450,52.920
5,Veneto,Maschi e femmine,33,99107,46,0.46673,99084,0.9995337,51.943
5,Veneto,Maschi e femmine,34,99061,46,0.46579,99038,0.9995378,50.967
5,Veneto,Maschi e femmine,35,99015,45,0.45862,98992,0.9995169,49.991
5,Veneto,Maschi e femmine,36,98969,50,0.50754,98944,0.9994711,49.013
5,Veneto,Maschi e femmine,37,98919,54,0.55024,98892,0.9994358,48.038
5,Veneto,Maschi e femmine,38,98865,57,0.57809,98836,0.9993984,47.064
5,Veneto,Maschi e femmine,39,98807,62,0.62509,98776,0.9993479,46.091
5,Veneto,Maschi e femmine,40,98746,67,0.67921,98712,0.9992923,45.120
5,Veneto,Maschi e femmine,41,98679,73,0.73627,98642,0.9992038,44.150
5,Veneto,Maschi e femmine,42,98606,84,0.85613,98564,0.9990856,43.182
5,Veneto,Maschi e femmine,43,98521,96,0.97269,98474,0.9989695,42.219
5,Veneto,Maschi e femmine,44,98426,107,1.08838,98372,0.9988607,41.259
5,Veneto,Maschi e femmine,45,98319,117,1.19030,98260,0.9987810,40.304
5,Veneto,Maschi e femmine,46,98201,123,1.24776,98140,0.9987136,39.351
5,Veneto,Maschi e femmine,47,98079,130,1.32519,98014,0.9986297,38.400
5,Veneto,Maschi e femmine,48,97949,139,1.41551,97880,0.9985451,37.450
5,Veneto,Maschi e femmine,49,97810,146,1.49441,97737,0.9984863,36.502
5,Veneto,Maschi e femmine,50,97664,150,1.53310,97589,0.9984191,35.556
5,Veneto,Maschi e femmine,51,97514,159,1.62881,97435,0.9982801,34.610
5,Veneto,Maschi e femmine,52,97356,176,1.81113,97267,0.9980501,33.666
5,Veneto,Maschi e femmine,53,97179,203,2.08889,97078,0.9977717,32.726
5,Veneto,Maschi e femmine,54,96976,230,2.36803,96861,0.9975002,31.793
5,Veneto,Maschi e femmine,55,96747,255,2.63195,96619,0.9972432,30.868
5,Veneto,Maschi e femmine,56,96492,278,2.88207,96353,0.9969752,29.948
5,Veneto,Maschi e femmine,57,96214,305,3.16795,96062,0.9967266,29.033
5,Veneto,Maschi e femmine,58,95909,324,3.37919,95747,0.9965354,28.124
5,Veneto,Maschi e femmine,59,95585,339,3.55024,95415,0.9962953,27.217
5,Veneto,Maschi e femmine,60,95246,368,3.85973,95062,0.9959780,26.313
5,Veneto,Maschi e femmine,61,94878,397,4.18488,94680,0.9955547,25.413
5,Veneto,Maschi e femmine,62,94481,445,4.70689,94259,0.9949288,24.517
5,Veneto,Maschi e femmine,63,94036,511,5.43731,93781,0.9943634,23.631
5,Veneto,Maschi e femmine,64,93525,546,5.83692,93252,0.9939375,22.757
5,Veneto,Maschi e femmine,65,92979,585,6.28948,92687,0.9933345,21.888
5,Veneto,Maschi e femmine,66,92394,651,7.04398,92069,0.9925487,21.023
5,Veneto,Maschi e femmine,67,91743,721,7.86145,91383,0.9916487,20.169
5,Veneto,Maschi e femmine,68,91022,805,8.84508,90620,0.9906282,19.325
5,Veneto,Maschi e femmine,69,90217,893,9.90320,89770,0.9897645,18.493
5,Veneto,Maschi e femmine,70,89324,944,10.57119,88852,0.9887349,17.673
5,Veneto,Maschi e femmine,71,88379,1058,11.96633,87851,0.9873919,16.856
5,Veneto,Maschi e femmine,72,87322,1158,13.25767,86743,0.9859539,16.054
5,Veneto,Maschi e femmine,73,86164,1279,14.84518,85525,0.9842676,15.263
5,Veneto,Maschi e femmine,74,84885,1412,16.63294,84179,0.9822212,14.486
5,Veneto,Maschi e femmine,75,83473,1581,18.94398,82682,0.9801141,13.722
5,Veneto,Maschi e femmine,76,81892,1707,20.84602,81038,0.9778734,12.978
5,Veneto,Maschi e femmine,77,80185,1879,23.43439,79245,0.9751542,12.243
5,Veneto,Maschi e femmine,78,78306,2059,26.29112,77276,0.9723368,11.525
5,Veneto,Maschi e femmine,79,76247,2217,29.07223,75139,0.9691806,10.823
5,Veneto,Maschi e femmine,80,74030,2415,32.61881,72823,0.9646492,10.132
5,Veneto,Maschi e femmine,81,71615,2734,38.17495,70248,0.9592446,9.457
5,Veneto,Maschi e femmine,82,68882,2992,43.43833,67385,0.9535287,8.812
5,Veneto,Maschi e femmine,83,65889,3271,49.64209,64254,0.9465255,8.190
5,Veneto,Maschi e femmine,84,62619,3601,57.50707,60818,0.9389851,7.591
5,Veneto,Maschi e femmine,85,59018,3821,64.73669,57107,0.9302869,7.024
5,Veneto,Maschi e femmine,86,55197,4142,75.03406,53126,0.9194630,6.475
5,Veneto,Maschi e femmine,87,51055,4416,86.48636,48847,0.9080855,5.960
5,Veneto,Maschi e femmine,88,46640,4564,97.85648,44358,0.8953645,5.477
5,Veneto,Maschi e femmine,89,42076,4719,112.14985,39716,0.8787965,5.017
5,Veneto,Maschi e femmine,90,37357,4909,131.40077,34903,0.8600140,4.588
5,Veneto,Maschi e femmine,91,32448,4863,149.87001,30017,0.8413198,4.206
5,Veneto,Maschi e femmine,92,27585,4663,169.04360,25254,0.8225796,3.859
5,Veneto,Maschi e femmine,93,22922,4298,187.50120,20773,0.8024813,3.543
5,Veneto,Maschi e femmine,94,18624,3908,209.84785,16670,0.7798437,3.245
5,Veneto,Maschi e femmine,95,14716,3432,233.20239,13000,0.7565555,2.974
5,Veneto,Maschi e femmine,96,11284,2898,256.80139,9835,0.7311211,2.726
5,Veneto,Maschi e femmine,97,8386,2391,285.12970,7191,0.7027454,2.495
5,Veneto,Maschi e femmine,98,5995,1884,314.21558,5053,0.6743293,2.291
5,Veneto,Maschi e femmine,99,4111,1408,342.37430,3408,0.6465303,2.112
5,Veneto,Maschi e femmine,100,2704,1001,370.34169,2203,0.6193198,1.951
5,Veneto,Maschi e femmine,101,1702,676,397.09954,1364,0.5910570,1.805
5,Veneto,Maschi e femmine,102,1026,440,428.58704,806,0.5597518,1.664
5,Veneto,Maschi e femmine,103,586,270,460.65567,451,0.5279957,1.537
5,Veneto,Maschi e femmine,104,316,156,493.04579,238,0.4960406,1.423
5,Veneto,Maschi e femmine,105,160,84,525.48727,118,0.4641424,1.320
5,Veneto,Maschi e femmine,106,76,42,557.71233,55,0.4325523,1.228
5,Veneto,Maschi e femmine,107,34,20,589.45894,24,0.4015104,1.145
5,Veneto,Maschi e femmine,108,14,9,620.48651,10,0.3712346,1.071
5,Veneto,Maschi e femmine,109,5,3,650.57977,4,0.3419183,1.006
5,Veneto,Maschi e femmine,110,2,1,679.55123,1,0.3137270,0.947
5,Veneto,Maschi e femmine,111,1,0,707.24896,0,0.2867933,0.895
5,Veneto,Maschi e femmine,112,0,0,733.55742,0,0.2612176,0.848
5,Veneto,Maschi e femmine,113,0,0,758.39255,0,0.2370715,0.807
5,Veneto,Maschi e femmine,114,0,0,781.70250,0,0.2143981,0.770
5,Veneto,Maschi e femmine,115,0,0,803.46443,0,0.1932150,0.738
5,Veneto,Maschi e femmine,116,0,0,823.68055,0,0.1735180,0.709
5,Veneto,Maschi e femmine,117,0,0,842.37030,0,0.1552870,0.683
5,Veneto,Maschi e femmine,118,0,0,859.57525,0,0.1384829,0.660
5,Veneto,Maschi e femmine,119,0,0,875.34563,0,0.1230581,0.640
5,Veneto,Maschi,0,100000,205,2.05050,99807,0.9997610,82.374
5,Veneto,Maschi,1,99795,24,0.23554,99783,0.9998150,81.542
5,Veneto,Maschi,2,99771,13,0.13441,99765,0.9998929,80.561
5,Veneto,Maschi,3,99758,8,0.07977,99754,0.9999308,79.572
5,Veneto,Maschi,4,99750,6,0.05858,99747,0.9999339,78.578
5,Veneto,Maschi,5,99744,7,0.07352,99741,0.9999176,77.583
5,Veneto,Maschi,6,99737,9,0.09136,99732,0.9998997,76.589
5,Veneto,Maschi,7,99728,11,0.10918,99722,0.9998905,75.596
5,Veneto,Maschi,8,99717,11,0.10987,99711,0.9998959,74.604
5,Veneto,Maschi,9,99706,10,0.09824,99701,0.9999108,73.612
5,Veneto,Maschi,10,99696,8,0.08015,99692,0.9999242,72.619
5,Veneto,Maschi,11,99688,7,0.07136,99685,0.9999267,71.625
5,Veneto,Maschi,12,99681,8,0.07527,99677,0.9999122,70.630
5,Veneto,Maschi,13,99674,10,0.10028,99669,0.9998867,69.635
5,Veneto,Maschi,14,99664,13,0.12623,99657,0.9998524,68.642
5,Veneto,Maschi,15,99651,17,0.16893,99643,0.9998011,67.651
5,Veneto,Maschi,16,99634,23,0.22880,99623,0.9997323,66.662
5,Veneto,Maschi,17,99611,31,0.30660,99596,0.9996633,65.677
5,Veneto,Maschi,18,99581,37,0.36683,99563,0.9996137,64.697
5,Veneto,Maschi,19,99544,40,0.40575,99524,0.9995857,63.721
5,Veneto,Maschi,20,99504,42,0.42285,99483,0.9995667,62.746
5,Veneto,Maschi,21,99462,44,0.44369,99440,0.9995498,61.773
5,Veneto,Maschi,22,99418,45,0.45671,99395,0.9995271,60.800
5,Veneto,Maschi,23,99372,49,0.48919,99348,0.9995128,59.828
5,Veneto,Maschi,24,99324,48,0.48517,99300,0.9995186,58.857
5,Veneto,Maschi,25,99275,47,0.47754,99252,0.9995297,57.885
5,Veneto,Maschi,26,99228,46,0.46299,99205,0.9995335,56.912
5,Veneto,Maschi,27,99182,47,0.46993,99159,0.9995452,55.938
5,Veneto,Maschi,28,99136,44,0.43959,99114,0.9995630,54.964
5,Veneto,Maschi,29,99092,43,0.43438,99070,0.9995406,53.988
5,Veneto,Maschi,30,99049,48,0.48440,99025,0.9994864,53.012
5,Veneto,Maschi,31,99001,54,0.54285,98974,0.9994421,52.037
5,Veneto,Maschi,32,98947,57,0.57305,98919,0.9994004,51.065
5,Veneto,Maschi,33,98890,62,0.62619,98859,0.9993657,50.094
5,Veneto,Maschi,34,98829,63,0.64238,98797,0.9993630,49.125
5,Veneto,Maschi,35,98765,62,0.63169,98734,0.9993348,48.156
5,Veneto,Maschi,36,98703,69,0.69869,98668,0.9992827,47.187
5,Veneto,Maschi,37,98634,73,0.73592,98597,0.9992561,46.219
5,Veneto,Maschi,38,98561,74,0.75188,98524,0.9992164,45.253
5,Veneto,Maschi,39,98487,80,0.81527,98447,0.9991532,44.287
5,Veneto,Maschi,40,98407,86,0.87829,98363,0.9990935,43.322
5,Veneto,Maschi,41,98320,92,0.93478,98274,0.9989775,42.360
5,Veneto,Maschi,42,98228,109,1.11029,98174,0.9988190,41.399
5,Veneto,Maschi,43,98119,123,1.25169,98058,0.9986532,40.445
5,Veneto,Maschi,44,97996,141,1.44202,97926,0.9984707,39.495
5,Veneto,Maschi,45,97855,158,1.61676,97776,0.9983628,38.551
5,Veneto,Maschi,46,97697,162,1.65768,97616,0.9983223,37.613
5,Veneto,Maschi,47,97535,166,1.69777,97452,0.9982607,36.674
5,Veneto,Maschi,48,97369,173,1.78092,97283,0.9981978,35.736
5,Veneto,Maschi,49,97196,177,1.82350,97107,0.9981461,34.799
5,Veneto,Maschi,50,97019,183,1.88436,96927,0.9980274,33.861
5,Veneto,Maschi,51,96836,200,2.06093,96736,0.9978576,32.924
5,Veneto,Maschi,52,96636,215,2.22414,96529,0.9976309,31.991
5,Veneto,Maschi,53,96421,242,2.51435,96300,0.9972965,31.061
5,Veneto,Maschi,54,96179,278,2.89311,96040,0.9969454,30.138
5,Veneto,Maschi,55,95901,308,3.21649,95747,0.9966341,29.224
5,Veneto,Maschi,56,95592,336,3.51588,95424,0.9962485,28.317
5,Veneto,Maschi,57,95256,380,3.98788,95066,0.9958655,27.415
5,Veneto,Maschi,58,94876,406,4.28161,94673,0.9955724,26.523
5,Veneto,Maschi,59,94470,432,4.57431,94254,0.9952271,25.635
5,Veneto,Maschi,60,94038,468,4.97231,93804,0.9948222,24.750
5,Veneto,Maschi,61,93570,504,5.38438,93318,0.9942942,23.872
5,Veneto,Maschi,62,93067,561,6.02897,92786,0.9934545,22.998
5,Veneto,Maschi,63,92505,654,7.06512,92179,0.9926793,22.135
5,Veneto,Maschi,64,91852,696,7.57816,91504,0.9920888,21.289
5,Veneto,Maschi,65,91156,752,8.24680,90780,0.9913252,20.447
5,Veneto,Maschi,66,90404,823,9.10628,89992,0.9904223,19.613
5,Veneto,Maschi,67,89581,901,10.05352,89131,0.9893283,18.789
5,Veneto,Maschi,68,88680,1002,11.29611,88179,0.9879955,17.974
5,Veneto,Maschi,69,87679,1115,12.72098,87121,0.9869356,17.174
5,Veneto,Maschi,70,86563,1161,13.41220,85983,0.9856608,16.389
5,Veneto,Maschi,71,85402,1305,15.27874,84750,0.9839111,15.605
5,Veneto,Maschi,72,84097,1422,16.91153,83386,0.9821018,14.839
5,Veneto,Maschi,73,82675,1563,18.90177,81894,0.9798739,14.086
5,Veneto,Maschi,74,81112,1734,21.37404,80246,0.9772552,13.348
5,Veneto,Maschi,75,79379,1917,24.14545,78420,0.9746530,12.628
5,Veneto,Maschi,76,77462,2059,26.57820,76433,0.9718608,11.928
5,Veneto,Maschi,77,75403,2243,29.74288,74282,0.9685538,11.241
5,Veneto,Maschi,78,73161,2429,33.20178,71946,0.9654984,10.570
5,Veneto,Maschi,79,70731,2535,35.84609,69464,0.9621159,9.916
5,Veneto,Maschi,80,68196,2728,39.99792,66832,0.9569348,9.266
5,Veneto,Maschi,81,65468,3029,46.26025,63954,0.9506654,8.631
5,Veneto,Maschi,82,62440,3282,52.55800,60799,0.9437250,8.025
5,Veneto,Maschi,83,59158,3561,60.19819,57377,0.9348372,7.443
5,Veneto,Maschi,84,55597,3917,70.44543,53639,0.9258188,6.887
5,Veneto,Maschi,85,51680,4041,78.20009,49660,0.9165041,6.371
5,Veneto,Maschi,86,47639,4251,89.24106,45513,0.9049099,5.870
5,Veneto,Maschi,87,43388,4404,101.51224,41185,0.8928564,5.396
5,Veneto,Maschi,88,38983,4421,113.41110,36773,0.8792575,4.949
5,Veneto,Maschi,89,34562,4459,129.01164,32333,0.8603921,4.518
5,Veneto,Maschi,90,30103,4569,151.77365,27819,0.8384910,4.113
5,Veneto,Maschi,91,25534,4417,172.98636,23326,0.8167977,3.760
5,Veneto,Maschi,92,21117,4130,195.55518,19052,0.7941108,3.441
5,Veneto,Maschi,93,16988,3716,218.73540,15130,0.7694924,3.156
5,Veneto,Maschi,94,13272,3259,245.57582,11642,0.7449429,2.900
5,Veneto,Maschi,95,10013,2680,267.62459,8673,0.7246962,2.681
5,Veneto,Maschi,96,7333,2096,285.78926,6285,0.7018040,2.478
5,Veneto,Maschi,97,5237,1653,315.56724,4411,0.6717143,2.270
5,Veneto,Maschi,98,3585,1243,346.86815,2963,0.6417777,2.086
5,Veneto,Maschi,99,2341,879,375.60654,1902,0.6135161,1.929
5,Veneto,Maschi,100,1462,590,403.90463,1167,0.5870723,1.788
5,Veneto,Maschi,101,871,373,428.06472,685,0.5598041,1.661
5,Veneto,Maschi,102,498,230,461.40671,383,0.5267396,1.529
5,Veneto,Maschi,103,268,133,495.26897,202,0.4932954,1.411
5,Veneto,Maschi,104,135,72,529.36162,100,0.4597522,1.304
5,Veneto,Maschi,105,64,36,563.37846,46,0.4263985,1.209
5,Veneto,Maschi,106,28,17,597.01559,20,0.3935175,1.124
5,Veneto,Maschi,107,11,7,629.97450,8,0.3613811,1.048
5,Veneto,Maschi,108,4,3,661.98053,3,0.3302382,0.980
5,Veneto,Maschi,109,1,1,692.78180,1,0.3003130,0.920
5,Veneto,Maschi,110,0,0,722.16334,0,0.2717955,0.867
5,Veneto,Maschi,111,0,0,749.94805,0,0.2448402,0.820
5,Veneto,Maschi,112,0,0,776.00257,0,0.2195633,0.778
5,Veneto,Maschi,113,0,0,800.23195,0,0.1960464,0.742
5,Veneto,Maschi,114,0,0,822.58357,0,0.1743340,0.710
5,Veneto,Maschi,115,0,0,843.03974,0,0.1544399,0.682
5,Veneto,Maschi,116,0,0,861.61755,0,0.1363473,0.657
5,Veneto,Maschi,117,0,0,878.35948,0,0.1200167,0.636
5,Veneto,Maschi,118,0,0,893.33228,0,0.1053871,0.618
5,Veneto,Maschi,119,0,0,906.61871,0,0.0923824,0.602
5,Veneto,Femmine,0,100000,210,2.10458,99802,0.9997229,86.385
5,Veneto,Femmine,1,99790,30,0.30537,99774,0.9997603,85.566
5,Veneto,Femmine,2,99759,17,0.17391,99750,0.9998625,84.592
5,Veneto,Femmine,3,99742,10,0.10099,99737,0.9999167,83.607
5,Veneto,Femmine,4,99732,7,0.06555,99728,0.9999338,82.615
5,Veneto,Femmine,5,99725,7,0.06677,99722,0.9999330,81.621
5,Veneto,Femmine,6,99718,7,0.06728,99715,0.9999355,80.626
5,Veneto,Femmine,7,99712,6,0.06163,99709,0.9999420,79.632
5,Veneto,Femmine,8,99706,5,0.05434,99703,0.9999489,78.637
5,Veneto,Femmine,9,99700,5,0.04791,99698,0.9999528,77.641
5,Veneto,Femmine,10,99695,5,0.04653,99693,0.9999492,76.644
5,Veneto,Femmine,11,99691,5,0.05500,99688,0.9999333,75.648
5,Veneto,Femmine,12,99685,8,0.07837,99681,0.9999084,74.652
5,Veneto,Femmine,13,99677,10,0.10481,99672,0.9998857,73.658
5,Veneto,Femmine,14,99667,12,0.12388,99661,0.9998675,72.666
5,Veneto,Femmine,15,99655,14,0.14108,99648,0.9998573,71.675
5,Veneto,Femmine,16,99641,14,0.14439,99633,0.9998571,70.685
5,Veneto,Femmine,17,99626,14,0.14135,99619,0.9998565,69.695
5,Veneto,Femmine,18,99612,15,0.14565,99605,0.9998505,68.705
5,Veneto,Femmine,19,99598,15,0.15337,99590,0.9998420,67.714
5,Veneto,Femmine,20,99582,16,0.16272,99574,0.9998292,66.725
5,Veneto,Femmine,21,99566,18,0.17889,99557,0.9998259,65.736
5,Veneto,Femmine,22,99548,17,0.16935,99540,0.9998391,64.747
5,Veneto,Femmine,23,99531,15,0.15244,99524,0.9998517,63.758
5,Veneto,Femmine,24,99516,14,0.14417,99509,0.9998512,62.768
5,Veneto,Femmine,25,99502,15,0.15340,99494,0.9998439,61.777
5,Veneto,Femmine,26,99487,16,0.15887,99479,0.9998353,60.786
5,Veneto,Femmine,27,99471,17,0.17055,99462,0.9998250,59.796
5,Veneto,Femmine,28,99454,18,0.17943,99445,0.9998138,58.806
5,Veneto,Femmine,29,99436,19,0.19296,99426,0.9997878,57.816
5,Veneto,Femmine,30,99417,23,0.23151,99405,0.9997434,56.827
5,Veneto,Femmine,31,99394,28,0.28165,99380,0.9997057,55.840
5,Veneto,Femmine,32,99366,30,0.30694,99351,0.9996969,54.856
5,Veneto,Femmine,33,99335,30,0.29928,99321,0.9997101,53.873
5,Veneto,Femmine,34,99306,28,0.28043,99292,0.9997213,52.889
5,Veneto,Femmine,35,99278,28,0.27701,99264,0.9997080,51.903
5,Veneto,Femmine,36,99250,30,0.30702,99235,0.9996687,50.918
5,Veneto,Femmine,37,99220,35,0.35554,99202,0.9996243,49.933
5,Veneto,Femmine,38,99185,39,0.39592,99165,0.9995891,48.951
5,Veneto,Femmine,39,99145,42,0.42582,99124,0.9995517,47.970
5,Veneto,Femmine,40,99103,47,0.47070,99080,0.9995004,46.990
5,Veneto,Femmine,41,99056,52,0.52844,99030,0.9994407,46.012
5,Veneto,Femmine,42,99004,58,0.59016,98975,0.9993645,45.036
5,Veneto,Femmine,43,98946,67,0.68087,98912,0.9993002,44.062
5,Veneto,Femmine,44,98878,71,0.71876,98843,0.9992682,43.092
5,Veneto,Femmine,45,98807,74,0.74490,98770,0.9992176,42.123
5,Veneto,Femmine,46,98734,81,0.82000,98693,0.9991217,41.154
5,Veneto,Femmine,47,98653,92,0.93673,98606,0.9990143,40.187
5,Veneto,Femmine,48,98560,102,1.03481,98509,0.9989067,39.224
5,Veneto,Femmine,49,98458,113,1.15179,98402,0.9988403,38.264
5,Veneto,Femmine,50,98345,115,1.16764,98287,0.9988264,37.308
5,Veneto,Femmine,51,98230,116,1.17960,98172,0.9987192,36.351
5,Veneto,Femmine,52,98114,136,1.38216,98046,0.9984853,35.393
5,Veneto,Femmine,53,97979,161,1.64736,97898,0.9982646,34.442
5,Veneto,Femmine,54,97817,178,1.82364,97728,0.9980750,33.498
5,Veneto,Femmine,55,97639,198,2.02659,97540,0.9978736,32.558
5,Veneto,Femmine,56,97441,217,2.22651,97332,0.9977262,31.623
5,Veneto,Femmine,57,97224,226,2.32113,97111,0.9976151,30.692
5,Veneto,Femmine,58,96998,238,2.44881,96879,0.9975274,29.763
5,Veneto,Femmine,59,96761,242,2.49653,96640,0.9973932,28.835
5,Veneto,Femmine,60,96519,262,2.71743,96388,0.9971633,27.905
5,Veneto,Femmine,61,96257,285,2.95622,96115,0.9968441,26.980
5,Veneto,Femmine,62,95972,322,3.35613,95811,0.9964327,26.059
5,Veneto,Femmine,63,95650,361,3.77917,95469,0.9960760,25.145
5,Veneto,Femmine,64,95289,388,4.06928,95095,0.9958106,24.238
5,Veneto,Femmine,65,94901,409,4.30991,94696,0.9953624,23.335
5,Veneto,Femmine,66,94492,469,4.96669,94257,0.9946861,22.434
5,Veneto,Femmine,67,94023,532,5.66293,93756,0.9939704,21.543
5,Veneto,Femmine,68,93490,598,6.39830,93191,0.9932494,20.663
5,Veneto,Femmine,69,92892,660,7.10519,92562,0.9925655,19.793
5,Veneto,Femmine,70,92232,716,7.76612,91874,0.9917608,18.931
5,Veneto,Femmine,71,91516,798,8.71595,91117,0.9907956,18.075
5,Veneto,Femmine,72,90718,880,9.69712,90278,0.9896932,17.230
5,Veneto,Femmine,73,89838,981,10.92253,89348,0.9884978,16.394
5,Veneto,Femmine,74,88857,1074,12.08836,88320,0.9869581,15.569
5,Veneto,Femmine,75,87783,1230,14.00713,87168,0.9852695,14.754
5,Veneto,Femmine,76,86553,1338,15.46409,85884,0.9834855,13.956
5,Veneto,Femmine,77,85215,1498,17.58138,84466,0.9812387,13.168
5,Veneto,Femmine,78,83717,1671,19.96231,82881,0.9785582,12.394
5,Veneto,Femmine,79,82046,1883,22.95147,81104,0.9755208,11.637
5,Veneto,Femmine,80,80162,2088,26.04279,79119,0.9714731,10.898
5,Veneto,Femmine,81,78075,2426,31.07743,76862,0.9667139,10.176
5,Veneto,Femmine,82,75648,2690,35.56570,74303,0.9619128,9.487
5,Veneto,Femmine,83,72958,2970,40.70175,71473,0.9563148,8.818
5,Veneto,Femmine,84,69988,3275,46.79520,68351,0.9497516,8.171
5,Veneto,Femmine,85,66713,3594,53.87104,64916,0.9412679,7.547
5,Veneto,Femmine,86,63119,4031,63.86992,61104,0.9307455,6.949
5,Veneto,Femmine,87,59088,4432,75.00649,56872,0.9195583,6.389
5,Veneto,Femmine,88,54656,4718,86.31772,52297,0.9071374,5.866
5,Veneto,Femmine,89,49938,4995,100.02586,47441,0.8918068,5.373
5,Veneto,Femmine,90,44943,5270,117.26822,42308,0.8746538,4.915
5,Veneto,Femmine,91,39673,5336,134.49734,37005,0.8572684,4.501
5,Veneto,Femmine,92,34337,5228,152.24538,31723,0.8401614,4.123
5,Veneto,Femmine,93,29109,4914,168.79539,26652,0.8216661,3.774
5,Veneto,Femmine,94,24196,4593,189.80942,21899,0.7988271,3.439
5,Veneto,Femmine,95,19603,4219,215.19860,17494,0.7727601,3.127
5,Veneto,Femmine,96,15385,3732,242.58291,13519,0.7451403,2.847
5,Veneto,Femmine,97,11653,3159,271.06844,10073,0.7167009,2.599
5,Veneto,Femmine,98,8494,2549,300.07789,7219,0.6880332,2.380
5,Veneto,Femmine,99,5945,1956,328.95296,4967,0.6594903,2.186
5,Veneto,Femmine,100,3989,1427,357.73172,3276,0.6311045,2.012
5,Veneto,Femmine,101,2562,990,386.27728,2067,0.6016904,1.855
5,Veneto,Femmine,102,1573,657,417.91515,1244,0.5701851,1.708
5,Veneto,Femmine,103,915,412,450.25813,709,0.5381112,1.575
5,Veneto,Femmine,104,503,243,483.04537,382,0.5057237,1.455
5,Veneto,Femmine,105,260,134,516.00153,193,0.4732858,1.348
5,Veneto,Femmine,106,126,69,548.84785,91,0.4410611,1.251
5,Veneto,Femmine,107,57,33,581.30604,40,0.4093065,1.165
5,Veneto,Femmine,108,24,15,613.11439,16,0.3782603,1.088
5,Veneto,Femmine,109,9,6,644.03375,6,0.3481390,1.019
5,Veneto,Femmine,110,3,2,673.84961,2,0.3191329,0.958
5,Veneto,Femmine,111,1,1,702.38316,1,0.2913989,0.903
5,Veneto,Femmine,112,0,0,729.49338,0,0.2650602,0.855
5,Veneto,Femmine,113,0,0,755.07413,0,0.2402077,0.812
5,Veneto,Femmine,114,0,0,779.05619,0,0.2168995,0.774
5,Veneto,Femmine,115,0,0,801.40539,0,0.1951626,0.740
5,Veneto,Femmine,116,0,0,822.11860,0,0.1749974,0.711
5,Veneto,Femmine,117,0,0,841.21581,0,0.1563823,0.684
5,Veneto,Femmine,118,0,0,858.74418,0,0.1392731,0.661
5,Veneto,Femmine,119,0,0,874.76304,0,0.1236135,0.641
6,Friuli-Venezia Giulia,Maschi e femmine,0,100000,241,2.41400,99773,0.9997859,83.889
6,Friuli-Venezia Giulia,Maschi e femmine,1,99759,14,0.14268,99751,0.9998635,83.091
6,Friuli-Venezia Giulia,Maschi e femmine,2,99744,13,0.13025,99738,0.9998783,82.103
6,Friuli-Venezia Giulia,Maschi e femmine,3,99731,11,0.11311,99726,0.9998958,81.113
6,Friuli-Venezia Giulia,Maschi e femmine,4,99720,9,0.09524,99715,0.9999144,80.123
6,Friuli-Venezia Giulia,Maschi e femmine,5,99711,8,0.07599,99707,0.9999301,79.130
6,Friuli-Venezia Giulia,Maschi e femmine,6,99703,6,0.06375,99700,0.9999359,78.136
6,Friuli-Venezia Giulia,Maschi e femmine,7,99697,6,0.06439,99693,0.9999297,77.141
6,Friuli-Venezia Giulia,Maschi e femmine,8,99690,8,0.07624,99686,0.9999122,76.146
6,Friuli-Venezia Giulia,Maschi e femmine,9,99683,10,0.09944,99678,0.9998875,75.152
6,Friuli-Venezia Giulia,Maschi e femmine,10,99673,13,0.12565,99666,0.9998624,74.159
6,Friuli-Venezia Giulia,Maschi e femmine,11,99660,15,0.14965,99653,0.9998435,73.168
6,Friuli-Venezia Giulia,Maschi e femmine,12,99645,16,0.16327,99637,0.9998394,72.179
6,Friuli-Venezia Giulia,Maschi e femmine,13,99629,16,0.15789,99621,0.9998524,71.191
6,Friuli-Venezia Giulia,Maschi e femmine,14,99613,14,0.13740,99606,0.9998746,70.202
6,Friuli-Venezia Giulia,Maschi e femmine,15,99600,11,0.11335,99594,0.9998852,69.212
6,Friuli-Venezia Giulia,Maschi e femmine,16,99588,12,0.11623,99583,0.9998709,68.220
6,Friuli-Venezia Giulia,Maschi e femmine,17,99577,14,0.14202,99570,0.9998316,67.227
6,Friuli-Venezia Giulia,Maschi e femmine,18,99563,19,0.19480,99553,0.9997779,66.237
6,Friuli-Venezia Giulia,Maschi e femmine,19,99543,25,0.24939,99531,0.9997303,65.250
6,Friuli-Venezia Giulia,Maschi e femmine,20,99518,29,0.28997,99504,0.9997094,64.266
6,Friuli-Venezia Giulia,Maschi e femmine,21,99490,29,0.29120,99475,0.9997177,63.284
6,Friuli-Venezia Giulia,Maschi e femmine,22,99461,27,0.27349,99447,0.9997399,62.303
6,Friuli-Venezia Giulia,Maschi e femmine,23,99433,25,0.24669,99421,0.9997528,61.320
6,Friuli-Venezia Giulia,Maschi e femmine,24,99409,25,0.24764,99397,0.9997490,60.335
6,Friuli-Venezia Giulia,Maschi e femmine,25,99384,25,0.25436,99372,0.9997411,59.349
6,Friuli-Venezia Giulia,Maschi e femmine,26,99359,26,0.26340,99346,0.9997269,58.364
6,Friuli-Venezia Giulia,Maschi e femmine,27,99333,28,0.28277,99319,0.9996964,57.380
6,Friuli-Venezia Giulia,Maschi e femmine,28,99305,32,0.32448,99289,0.9996455,56.396
6,Friuli-Venezia Giulia,Maschi e femmine,29,99272,38,0.38451,99253,0.9995893,55.414
6,Friuli-Venezia Giulia,Maschi e femmine,30,99234,43,0.43683,99213,0.9995645,54.435
6,Friuli-Venezia Giulia,Maschi e femmine,31,99191,43,0.43424,99169,0.9995789,53.459
6,Friuli-Venezia Giulia,Maschi e femmine,32,99148,40,0.40787,99128,0.9996021,52.482
6,Friuli-Venezia Giulia,Maschi e femmine,33,99107,38,0.38796,99088,0.9996006,51.503
6,Friuli-Venezia Giulia,Maschi e femmine,34,99069,41,0.41079,99049,0.9995594,50.523
6,Friuli-Venezia Giulia,Maschi e femmine,35,99028,47,0.47040,99005,0.9995033,49.543
6,Friuli-Venezia Giulia,Maschi e femmine,36,98982,52,0.52303,98956,0.9994567,48.566
6,Friuli-Venezia Giulia,Maschi e femmine,37,98930,56,0.56353,98902,0.9994113,47.591
6,Friuli-Venezia Giulia,Maschi e femmine,38,98874,61,0.61384,98844,0.9993600,46.618
6,Friuli-Venezia Giulia,Maschi e femmine,39,98813,66,0.66628,98781,0.9992976,45.646
6,Friuli-Venezia Giulia,Maschi e femmine,40,98748,73,0.73854,98711,0.9992514,44.676
6,Friuli-Venezia Giulia,Maschi e femmine,41,98675,75,0.75874,98637,0.9992343,43.709
6,Friuli-Venezia Giulia,Maschi e femmine,42,98600,76,0.77272,98562,0.9992040,42.742
6,Friuli-Venezia Giulia,Maschi e femmine,43,98524,81,0.81924,98483,0.9991131,41.774
6,Friuli-Venezia Giulia,Maschi e femmine,44,98443,94,0.95458,98396,0.9989533,40.808
6,Friuli-Venezia Giulia,Maschi e femmine,45,98349,112,1.13897,98293,0.9987629,39.847
6,Friuli-Venezia Giulia,Maschi e femmine,46,98237,131,1.33532,98171,0.9986024,38.892
6,Friuli-Venezia Giulia,Maschi e femmine,47,98106,143,1.45988,98034,0.9984463,37.943
6,Friuli-Venezia Giulia,Maschi e femmine,48,97963,161,1.64768,97882,0.9982582,36.998
6,Friuli-Venezia Giulia,Maschi e femmine,49,97801,180,1.83610,97711,0.9980799,36.058
6,Friuli-Venezia Giulia,Maschi e femmine,50,97622,196,2.00415,97524,0.9979082,35.123
6,Friuli-Venezia Giulia,Maschi e femmine,51,97426,212,2.17969,97320,0.9977925,34.193
6,Friuli-Venezia Giulia,Maschi e femmine,52,97214,217,2.23534,97105,0.9978077,33.267
6,Friuli-Venezia Giulia,Maschi e femmine,53,96996,208,2.14914,96892,0.9978493,32.340
6,Friuli-Venezia Giulia,Maschi e femmine,54,96788,208,2.15219,96684,0.9977487,31.409
6,Friuli-Venezia Giulia,Maschi e femmine,55,96579,227,2.35052,96466,0.9974387,30.475
6,Friuli-Venezia Giulia,Maschi e femmine,56,96352,267,2.77259,96219,0.9968791,29.546
6,Friuli-Venezia Giulia,Maschi e femmine,57,96085,333,3.47011,95919,0.9962996,28.627
6,Friuli-Venezia Giulia,Maschi e femmine,58,95752,376,3.93150,95564,0.9958973,27.725
6,Friuli-Venezia Giulia,Maschi e femmine,59,95375,408,4.27449,95172,0.9955631,26.832
6,Friuli-Venezia Giulia,Maschi e femmine,60,94968,437,4.60005,94749,0.9952984,25.945
6,Friuli-Venezia Giulia,Maschi e femmine,61,94531,454,4.80368,94304,0.9950002,25.063
6,Friuli-Venezia Giulia,Maschi e femmine,62,94077,489,5.19680,93832,0.9945015,24.181
6,Friuli-Venezia Giulia,Maschi e femmine,63,93588,543,5.80171,93316,0.9938883,23.305
6,Friuli-Venezia Giulia,Maschi e femmine,64,93045,598,6.42357,92746,0.9932278,22.438
6,Friuli-Venezia Giulia,Maschi e femmine,65,92447,659,7.12310,92118,0.9924751,21.580
6,Friuli-Venezia Giulia,Maschi e femmine,66,91789,728,7.92948,91425,0.9917430,20.731
6,Friuli-Venezia Giulia,Maschi e femmine,67,91061,782,8.58721,90670,0.9911373,19.893
6,Friuli-Venezia Giulia,Maschi e femmine,68,90279,825,9.14050,89866,0.9905175,19.061
6,Friuli-Venezia Giulia,Maschi e femmine,69,89454,879,9.82774,89014,0.9895415,18.232
6,Friuli-Venezia Giulia,Maschi e femmine,70,88575,983,11.09556,88083,0.9880135,17.408
6,Friuli-Venezia Giulia,Maschi e femmine,71,87592,1129,12.88738,87027,0.9862383,16.598
6,Friuli-Venezia Giulia,Maschi e femmine,72,86463,1266,14.64743,85830,0.9843369,15.808
6,Friuli-Venezia Giulia,Maschi e femmine,73,85197,1422,16.69392,84485,0.9826545,15.035
6,Friuli-Venezia Giulia,Maschi e femmine,74,83774,1509,18.00815,83020,0.9811220,14.282
6,Friuli-Venezia Giulia,Maschi e femmine,75,82266,1626,19.76379,81453,0.9791489,13.535
6,Friuli-Venezia Giulia,Maschi e femmine,76,80640,1771,21.96032,79754,0.9764583,12.798
6,Friuli-Venezia Giulia,Maschi e femmine,77,78869,1984,25.15852,77877,0.9732316,12.074
6,Friuli-Venezia Giulia,Maschi e femmine,78,76885,2185,28.41978,75792,0.9692029,11.372
6,Friuli-Venezia Giulia,Maschi e femmine,79,74700,2483,33.24387,73458,0.9648916,10.691
6,Friuli-Venezia Giulia,Maschi e femmine,80,72216,2675,37.03710,70879,0.9603923,10.041
6,Friuli-Venezia Giulia,Maschi e femmine,81,69542,2940,42.27726,68072,0.9558788,9.408
6,Friuli-Venezia Giulia,Maschi e femmine,82,66602,3067,46.04647,65068,0.9511571,8.801
6,Friuli-Venezia Giulia,Maschi e femmine,83,63535,3289,51.77439,61890,0.9453531,8.202
6,Friuli-Venezia Giulia,Maschi e femmine,84,60245,3475,57.67615,58508,0.9378493,7.622
6,Friuli-Venezia Giulia,Maschi e femmine,85,56771,3798,66.89905,54872,0.9280837,7.058
6,Friuli-Venezia Giulia,Maschi e femmine,86,52973,4094,77.29335,50926,0.9178542,6.528
6,Friuli-Venezia Giulia,Maschi e femmine,87,48878,4272,87.40483,46742,0.9074838,6.033
6,Friuli-Venezia Giulia,Maschi e femmine,88,44606,4377,98.11711,42418,0.8953029,5.563
6,Friuli-Venezia Giulia,Maschi e femmine,89,40229,4505,111.99301,37977,0.8819570,5.114
6,Friuli-Venezia Giulia,Maschi e femmine,90,35724,4460,124.85596,33494,0.8651986,4.696
6,Friuli-Venezia Giulia,Maschi e femmine,91,31264,4570,146.16577,28979,0.8447652,4.295
6,Friuli-Venezia Giulia,Maschi e femmine,92,26694,4427,165.85627,24480,0.8264905,3.945
6,Friuli-Venezia Giulia,Maschi e femmine,93,22267,4068,182.68442,20233,0.8088723,3.629
6,Friuli-Venezia Giulia,Maschi e femmine,94,18199,3666,201.45813,16366,0.7869703,3.329
6,Friuli-Venezia Giulia,Maschi e femmine,95,14533,3306,227.52051,12879,0.7650005,3.043
6,Friuli-Venezia Giulia,Maschi e femmine,96,11226,2747,244.68124,9853,0.7416068,2.792
6,Friuli-Venezia Giulia,Maschi e femmine,97,8479,2345,276.54709,7307,0.7085531,2.534
6,Friuli-Venezia Giulia,Maschi e femmine,98,6134,1914,312.04241,5177,0.6747240,2.311
6,Friuli-Venezia Giulia,Maschi e femmine,99,4220,1454,344.51194,3493,0.6451772,2.133
6,Friuli-Venezia Giulia,Maschi e femmine,100,2766,1025,370.55281,2254,0.6239282,1.991
6,Friuli-Venezia Giulia,Maschi e femmine,101,1741,670,384.83982,1406,0.6035610,1.869
6,Friuli-Venezia Giulia,Maschi e femmine,102,1071,445,415.29464,849,0.5732558,1.725
6,Friuli-Venezia Giulia,Maschi e femmine,103,626,280,446.32590,487,0.5424957,1.595
6,Friuli-Venezia Giulia,Maschi e femmine,104,347,166,477.69378,264,0.5115133,1.478
6,Friuli-Venezia Giulia,Maschi e femmine,105,181,92,509.15056,135,0.4805436,1.373
6,Friuli-Venezia Giulia,Maschi e femmine,106,89,48,540.45241,65,0.4498156,1.278
6,Friuli-Venezia Giulia,Maschi e femmine,107,41,23,571.36173,29,0.4195475,1.193
6,Friuli-Venezia Giulia,Maschi e femmine,108,18,11,601.66094,12,0.3899372,1.117
6,Friuli-Venezia Giulia,Maschi e femmine,109,7,4,631.15496,5,0.3611610,1.049
6,Friuli-Venezia Giulia,Maschi e femmine,110,3,2,659.67179,2,0.3333717,0.988
6,Friuli-Venezia Giulia,Maschi e femmine,111,1,1,687.06899,1,0.3066948,0.933
6,Friuli-Venezia Giulia,Maschi e femmine,112,0,0,713.23374,0,0.2812295,0.885
6,Friuli-Venezia Giulia,Maschi e femmine,113,0,0,738.07798,0,0.2570523,0.841
6,Friuli-Venezia Giulia,Maschi e femmine,114,0,0,761.53997,0,0.2342158,0.802
6,Friuli-Venezia Giulia,Maschi e femmine,115,0,0,783.58258,0,0.2127509,0.768
6,Friuli-Venezia Giulia,Maschi e femmine,116,0,0,804.19118,0,0.1926687,0.737
6,Friuli-Venezia Giulia,Maschi e femmine,117,0,0,823.36793,0,0.1739645,0.709
6,Friuli-Venezia Giulia,Maschi e femmine,118,0,0,841.13819,0,0.1566136,0.685
6,Friuli-Venezia Giulia,Maschi e femmine,119,0,0,857.53827,0,0.1405807,0.663
6,Friuli-Venezia Giulia,Maschi,0,100000,237,2.37415,99777,0.9998159,81.808
6,Friuli-Venezia Giulia,Maschi,1,99763,9,0.08742,99758,0.9999059,81.001
6,Friuli-Venezia Giulia,Maschi,2,99754,10,0.10072,99749,0.9998929,80.008
6,Friuli-Venezia Giulia,Maschi,3,99744,11,0.11357,99738,0.9998832,79.016
6,Friuli-Venezia Giulia,Maschi,4,99732,12,0.12012,99726,0.9998819,78.025
6,Friuli-Venezia Giulia,Maschi,5,99721,12,0.11615,99715,0.9998936,77.034
6,Friuli-Venezia Giulia,Maschi,6,99709,10,0.09669,99704,0.9999118,76.043
6,Friuli-Venezia Giulia,Maschi,7,99699,8,0.07961,99695,0.9999222,75.051
6,Friuli-Venezia Giulia,Maschi,8,99691,8,0.07597,99688,0.9999149,74.056
6,Friuli-Venezia Giulia,Maschi,9,99684,9,0.09431,99679,0.9998889,73.062
6,Friuli-Venezia Giulia,Maschi,10,99674,13,0.12797,99668,0.9998554,72.069
6,Friuli-Venezia Giulia,Maschi,11,99662,16,0.16131,99654,0.9998261,71.078
6,Friuli-Venezia Giulia,Maschi,12,99646,19,0.18654,99636,0.9998145,70.089
6,Friuli-Venezia Giulia,Maschi,13,99627,18,0.18436,99618,0.9998232,69.102
6,Friuli-Venezia Giulia,Maschi,14,99609,17,0.16924,99600,0.9998363,68.115
6,Friuli-Venezia Giulia,Maschi,15,99592,16,0.15810,99584,0.9998263,67.127
6,Friuli-Venezia Giulia,Maschi,16,99576,19,0.18927,99567,0.9997832,66.137
6,Friuli-Venezia Giulia,Maschi,17,99557,24,0.24436,99545,0.9997211,65.150
6,Friuli-Venezia Giulia,Maschi,18,99533,31,0.31344,99517,0.9996572,64.165
6,Friuli-Venezia Giulia,Maschi,19,99502,37,0.37218,99483,0.9996087,63.185
6,Friuli-Venezia Giulia,Maschi,20,99465,41,0.41038,99444,0.9995878,62.209
6,Friuli-Venezia Giulia,Maschi,21,99424,41,0.41402,99403,0.9995920,61.234
6,Friuli-Venezia Giulia,Maschi,22,99383,40,0.40200,99363,0.9996101,60.259
6,Friuli-Venezia Giulia,Maschi,23,99343,38,0.37784,99324,0.9996246,59.283
6,Friuli-Venezia Giulia,Maschi,24,99305,37,0.37303,99287,0.9996281,58.305
6,Friuli-Venezia Giulia,Maschi,25,99268,37,0.37077,99250,0.9996319,57.327
6,Friuli-Venezia Giulia,Maschi,26,99231,36,0.36551,99213,0.9996329,56.348
6,Friuli-Venezia Giulia,Maschi,27,99195,37,0.36862,99177,0.9996169,55.368
6,Friuli-Venezia Giulia,Maschi,28,99158,39,0.39750,99139,0.9995747,54.389
6,Friuli-Venezia Giulia,Maschi,29,99119,45,0.45303,99097,0.9995184,53.410
6,Friuli-Venezia Giulia,Maschi,30,99074,51,0.51014,99049,0.9994842,52.434
6,Friuli-Venezia Giulia,Maschi,31,99024,52,0.52151,98998,0.9994849,51.461
6,Friuli-Venezia Giulia,Maschi,32,98972,50,0.50870,98947,0.9994886,50.487
6,Friuli-Venezia Giulia,Maschi,33,98922,51,0.51415,98896,0.9994484,49.513
6,Friuli-Venezia Giulia,Maschi,34,98871,58,0.58916,98842,0.9993644,48.538
6,Friuli-Venezia Giulia,Maschi,35,98812,67,0.68204,98779,0.9992979,47.566
6,Friuli-Venezia Giulia,Maschi,36,98745,71,0.72214,98709,0.9992853,46.598
6,Friuli-Venezia Giulia,Maschi,37,98674,70,0.70732,98639,0.9993050,45.632
6,Friuli-Venezia Giulia,Maschi,38,98604,67,0.68270,98570,0.9993151,44.664
6,Friuli-Venezia Giulia,Maschi,39,98537,68,0.68705,98503,0.9992517,43.694
6,Friuli-Venezia Giulia,Maschi,40,98469,80,0.80969,98429,0.9991437,42.723
6,Friuli-Venezia Giulia,Maschi,41,98389,89,0.90303,98345,0.9990596,41.758
6,Friuli-Venezia Giulia,Maschi,42,98300,96,0.97783,98252,0.9989763,40.795
6,Friuli-Venezia Giulia,Maschi,43,98204,105,1.06958,98152,0.9988414,39.834
6,Friuli-Venezia Giulia,Maschi,44,98099,122,1.24768,98038,0.9986431,38.876
6,Friuli-Venezia Giulia,Maschi,45,97977,144,1.46623,97905,0.9984184,37.924
6,Friuli-Venezia Giulia,Maschi,46,97833,166,1.69712,97750,0.9982511,36.979
6,Friuli-Venezia Giulia,Maschi,47,97667,176,1.80069,97579,0.9981037,36.041
6,Friuli-Venezia Giulia,Maschi,48,97491,194,1.99218,97394,0.9979161,35.105
6,Friuli-Venezia Giulia,Maschi,49,97297,212,2.17579,97191,0.9976832,34.175
6,Friuli-Venezia Giulia,Maschi,50,97085,239,2.45811,96966,0.9973785,33.248
6,Friuli-Venezia Giulia,Maschi,51,96847,270,2.78539,96712,0.9971677,32.329
6,Friuli-Venezia Giulia,Maschi,52,96577,278,2.87939,96438,0.9971747,31.418
6,Friuli-Venezia Giulia,Maschi,53,96299,267,2.77106,96165,0.9972434,30.507
6,Friuli-Venezia Giulia,Maschi,54,96032,263,2.74202,95900,0.9971572,29.590
6,Friuli-Venezia Giulia,Maschi,55,95769,282,2.94387,95628,0.9967223,28.670
6,Friuli-Venezia Giulia,Maschi,56,95487,345,3.61247,95314,0.9959601,27.753
6,Friuli-Venezia Giulia,Maschi,57,95142,425,4.46880,94929,0.9952399,26.852
6,Friuli-Venezia Giulia,Maschi,58,94717,479,5.05271,94477,0.9947236,25.971
6,Friuli-Venezia Giulia,Maschi,59,94238,518,5.50124,93979,0.9942586,25.100
6,Friuli-Venezia Giulia,Maschi,60,93720,561,5.98298,93439,0.9938709,24.236
6,Friuli-Venezia Giulia,Maschi,61,93159,585,6.27614,92867,0.9933839,23.379
6,Friuli-Venezia Giulia,Maschi,62,92574,644,6.95821,92252,0.9926468,22.523
6,Friuli-Venezia Giulia,Maschi,63,91930,713,7.75102,91574,0.9918454,21.678
6,Friuli-Venezia Giulia,Maschi,64,91218,781,8.56126,90827,0.9909349,20.843
6,Friuli-Venezia Giulia,Maschi,65,90437,866,9.57322,90004,0.9897833,20.019
6,Friuli-Venezia Giulia,Maschi,66,89571,973,10.86646,89084,0.9887197,19.207
6,Friuli-Venezia Giulia,Maschi,67,88598,1036,11.69868,88079,0.9880730,18.413
6,Friuli-Venezia Giulia,Maschi,68,87561,1065,12.15805,87029,0.9877130,17.625
6,Friuli-Venezia Giulia,Maschi,69,86496,1074,12.41752,85959,0.9870831,16.836
6,Friuli-Venezia Giulia,Maschi,70,85422,1147,13.42247,84849,0.9853899,16.041
6,Friuli-Venezia Giulia,Maschi,71,84276,1333,15.81397,83609,0.9828605,15.253
6,Friuli-Venezia Giulia,Maschi,72,82943,1533,18.48641,82176,0.9797541,14.490
6,Friuli-Venezia Giulia,Maschi,73,81410,1794,22.03861,80513,0.9769373,13.753
6,Friuli-Venezia Giulia,Maschi,74,79616,1920,24.10996,78656,0.9751529,13.052
6,Friuli-Venezia Giulia,Maschi,75,77696,1989,25.60255,76701,0.9735090,12.362
6,Friuli-Venezia Giulia,Maschi,76,75707,2075,27.40282,74670,0.9706865,11.673
6,Friuli-Venezia Giulia,Maschi,77,73632,2303,31.27812,72481,0.9668160,10.988
6,Friuli-Venezia Giulia,Maschi,78,71329,2507,35.15135,70076,0.9613385,10.327
6,Friuli-Venezia Giulia,Maschi,79,68822,2911,42.29950,67366,0.9553096,9.685
6,Friuli-Venezia Giulia,Maschi,80,65911,3110,47.18698,64356,0.9504516,9.091
6,Friuli-Venezia Giulia,Maschi,81,62801,3267,52.02669,61167,0.9464651,8.516
6,Friuli-Venezia Giulia,Maschi,82,59533,3282,55.12589,57892,0.9414622,7.956
6,Friuli-Venezia Giulia,Maschi,83,56251,3496,62.14869,54504,0.9339104,7.391
6,Friuli-Venezia Giulia,Maschi,84,52756,3708,70.29166,50901,0.9235678,6.848
6,Friuli-Venezia Giulia,Maschi,85,49047,4073,83.03691,47011,0.9104075,6.328
6,Friuli-Venezia Giulia,Maschi,86,44975,4351,96.74184,42799,0.8983977,5.855
6,Friuli-Venezia Giulia,Maschi,87,40624,4346,106.98335,38451,0.8883971,5.429
6,Friuli-Venezia Giulia,Maschi,88,36278,4236,116.77586,34159,0.8758459,5.019
6,Friuli-Venezia Giulia,Maschi,89,32041,4246,132.50792,29918,0.8613254,4.617
6,Friuli-Venezia Giulia,Maschi,90,27795,4052,145.78333,25769,0.8453008,4.246
6,Friuli-Venezia Giulia,Maschi,91,23743,3921,165.13663,21783,0.8258768,3.885
6,Friuli-Venezia Giulia,Maschi,92,19822,3665,184.88727,17990,0.8046224,3.555
6,Friuli-Venezia Giulia,Maschi,93,16158,3365,208.24751,14475,0.7823623,3.247
6,Friuli-Venezia Giulia,Maschi,94,12793,2936,229.49763,11325,0.7565190,2.970
6,Friuli-Venezia Giulia,Maschi,95,9857,2579,261.62932,8567,0.7307398,2.706
6,Friuli-Venezia Giulia,Maschi,96,7278,2035,279.59491,6261,0.7059676,2.487
6,Friuli-Venezia Giulia,Maschi,97,5243,1647,314.07331,4420,0.6710000,2.259
6,Friuli-Venezia Giulia,Maschi,98,3596,1261,350.76125,2966,0.6367589,2.064
6,Friuli-Venezia Giulia,Maschi,99,2335,893,382.46328,1888,0.6072617,1.909
6,Friuli-Venezia Giulia,Maschi,100,1442,590,409.37693,1147,0.5844850,1.782
6,Friuli-Venezia Giulia,Maschi,101,852,363,425.90754,670,0.5620063,1.670
6,Friuli-Venezia Giulia,Maschi,102,489,224,459.04631,377,0.5291404,1.539
6,Friuli-Venezia Giulia,Maschi,103,264,130,492.69756,199,0.4959013,1.420
6,Friuli-Venezia Giulia,Maschi,104,134,71,526.57282,99,0.4625686,1.313
6,Friuli-Venezia Giulia,Maschi,105,64,36,560.36748,46,0.4294293,1.217
6,Friuli-Venezia Giulia,Maschi,106,28,17,593.77930,20,0.3967652,1.132
6,Friuli-Venezia Giulia,Maschi,107,11,7,626.51149,8,0.3648468,1.056
6,Friuli-Venezia Giulia,Maschi,108,4,3,658.29111,3,0.3339215,0.988
6,Friuli-Venezia Giulia,Maschi,109,1,1,688.86788,1,0.3042123,0.928
6,Friuli-Venezia Giulia,Maschi,110,0,0,718.02837,0,0.2759079,0.874
6,Friuli-Venezia Giulia,Maschi,111,0,0,745.59681,0,0.2491618,0.827
6,Friuli-Venezia Giulia,Maschi,112,0,0,771.44099,0,0.2240893,0.785
6,Friuli-Venezia Giulia,Maschi,113,0,0,795.46694,0,0.2007709,0.749
6,Friuli-Venezia Giulia,Maschi,114,0,0,817.62277,0,0.1792509,0.717
6,Friuli-Venezia Giulia,Maschi,115,0,0,837.89132,0,0.1595422,0.689
6,Friuli-Venezia Giulia,Maschi,116,0,0,856.29000,0,0.1416278,0.664
6,Friuli-Venezia Giulia,Maschi,117,0,0,872.86147,0,0.1254679,0.643
6,Friuli-Venezia Giulia,Maschi,118,0,0,887.67248,0,0.1110013,0.625
6,Friuli-Venezia Giulia,Maschi,119,0,0,900.80565,0,0.0981520,0.609
6,Friuli-Venezia Giulia,Femmine,0,100000,246,2.45604,99769,0.9997543,86.071
6,Friuli-Venezia Giulia,Femmine,1,99754,20,0.20098,99744,0.9998188,85.282
6,Friuli-Venezia Giulia,Femmine,2,99734,16,0.16141,99726,0.9998630,84.299
6,Friuli-Venezia Giulia,Femmine,3,99718,11,0.11261,99713,0.9999092,83.312
6,Friuli-Venezia Giulia,Femmine,4,99707,7,0.06898,99704,0.9999487,82.322
6,Friuli-Venezia Giulia,Femmine,5,99700,3,0.03360,99698,0.9999687,81.327
6,Friuli-Venezia Giulia,Femmine,6,99697,3,0.02900,99695,0.9999613,80.330
6,Friuli-Venezia Giulia,Femmine,7,99694,5,0.04832,99691,0.9999376,79.332
6,Friuli-Venezia Giulia,Femmine,8,99689,8,0.07652,99685,0.9999093,78.336
6,Friuli-Venezia Giulia,Femmine,9,99681,10,0.10485,99676,0.9998860,77.342
6,Friuli-Venezia Giulia,Femmine,10,99671,12,0.12319,99665,0.9998697,76.350
6,Friuli-Venezia Giulia,Femmine,11,99659,14,0.13735,99652,0.9998620,75.360
6,Friuli-Venezia Giulia,Femmine,12,99645,14,0.13872,99638,0.9998657,74.370
6,Friuli-Venezia Giulia,Femmine,13,99631,13,0.12996,99625,0.9998831,73.380
6,Friuli-Venezia Giulia,Femmine,14,99618,10,0.10380,99613,0.9999150,72.390
6,Friuli-Venezia Giulia,Femmine,15,99608,7,0.06616,99605,0.9999473,71.397
6,Friuli-Venezia Giulia,Femmine,16,99601,4,0.03920,99599,0.9999633,70.402
6,Friuli-Venezia Giulia,Femmine,17,99597,3,0.03411,99596,0.9999481,69.404
6,Friuli-Venezia Giulia,Femmine,18,99594,7,0.06972,99591,0.9999052,68.407
6,Friuli-Venezia Giulia,Femmine,19,99587,12,0.11997,99581,0.9998585,67.412
6,Friuli-Venezia Giulia,Femmine,20,99575,16,0.16309,99567,0.9998375,66.420
6,Friuli-Venezia Giulia,Femmine,21,99559,16,0.16181,99551,0.9998500,65.430
6,Friuli-Venezia Giulia,Femmine,22,99543,14,0.13815,99536,0.9998766,64.441
6,Friuli-Venezia Giulia,Femmine,23,99529,11,0.10860,99524,0.9998879,63.450
6,Friuli-Venezia Giulia,Femmine,24,99518,12,0.11566,99512,0.9998762,62.457
6,Friuli-Venezia Giulia,Femmine,25,99507,13,0.13187,99500,0.9998561,61.464
6,Friuli-Venezia Giulia,Femmine,26,99494,16,0.15597,99486,0.9998258,60.472
6,Friuli-Venezia Giulia,Femmine,27,99478,19,0.19246,99469,0.9997799,59.481
6,Friuli-Venezia Giulia,Femmine,28,99459,25,0.24769,99447,0.9997199,58.492
6,Friuli-Venezia Giulia,Femmine,29,99434,31,0.31246,99419,0.9996639,57.507
6,Friuli-Venezia Giulia,Femmine,30,99403,36,0.35975,99385,0.9996489,56.525
6,Friuli-Venezia Giulia,Femmine,31,99367,34,0.34250,99350,0.9996778,55.545
6,Friuli-Venezia Giulia,Femmine,32,99333,30,0.30188,99318,0.9997214,54.564
6,Friuli-Venezia Giulia,Femmine,33,99303,25,0.25535,99291,0.9997606,53.580
6,Friuli-Venezia Giulia,Femmine,34,99278,22,0.22341,99267,0.9997642,52.594
6,Friuli-Venezia Giulia,Femmine,35,99256,25,0.24817,99244,0.9997189,51.605
6,Friuli-Venezia Giulia,Femmine,36,99231,31,0.31404,99216,0.9996367,50.618
6,Friuli-Venezia Giulia,Femmine,37,99200,41,0.41266,99180,0.9995229,49.634
6,Friuli-Venezia Giulia,Femmine,38,99159,54,0.54160,99132,0.9994070,48.654
6,Friuli-Venezia Giulia,Femmine,39,99105,64,0.64449,99074,0.9993458,47.680
6,Friuli-Venezia Giulia,Femmine,40,99042,66,0.66392,99009,0.9993643,46.710
6,Friuli-Venezia Giulia,Femmine,41,98976,60,0.60745,98946,0.9994174,45.741
6,Friuli-Venezia Giulia,Femmine,42,98916,55,0.55772,98888,0.9994427,44.769
6,Friuli-Venezia Giulia,Femmine,43,98861,55,0.55695,98833,0.9993977,43.793
6,Friuli-Venezia Giulia,Femmine,44,98805,64,0.64765,98774,0.9992780,42.817
6,Friuli-Venezia Giulia,Femmine,45,98742,79,0.79649,98702,0.9991233,41.845
6,Friuli-Venezia Giulia,Femmine,46,98663,94,0.95697,98616,0.9989697,40.878
6,Friuli-Venezia Giulia,Femmine,47,98568,109,1.10374,98514,0.9988042,39.916
6,Friuli-Venezia Giulia,Femmine,48,98460,127,1.28793,98396,0.9986153,38.960
6,Friuli-Venezia Giulia,Femmine,49,98333,146,1.48164,98260,0.9984938,38.010
6,Friuli-Venezia Giulia,Femmine,50,98187,150,1.53082,98112,0.9984602,37.065
6,Friuli-Venezia Giulia,Femmine,51,98037,152,1.54883,97961,0.9984429,36.121
6,Friuli-Venezia Giulia,Femmine,52,97885,153,1.56539,97808,0.9984658,35.177
6,Friuli-Venezia Giulia,Femmine,53,97732,147,1.50306,97658,0.9984784,34.231
6,Friuli-Venezia Giulia,Femmine,54,97585,150,1.54020,97510,0.9983622,33.282
6,Friuli-Venezia Giulia,Femmine,55,97435,169,1.73562,97350,0.9981805,32.332
6,Friuli-Venezia Giulia,Femmine,56,97265,185,1.90346,97173,0.9978292,31.388
6,Friuli-Venezia Giulia,Femmine,57,97080,237,2.43858,96962,0.9973929,30.447
6,Friuli-Venezia Giulia,Femmine,58,96844,269,2.77593,96709,0.9971056,29.520
6,Friuli-Venezia Giulia,Femmine,59,96575,291,3.01315,96429,0.9969026,28.601
6,Friuli-Venezia Giulia,Femmine,60,96284,306,3.18190,96131,0.9967601,27.686
6,Friuli-Venezia Giulia,Femmine,61,95977,317,3.29810,95819,0.9966502,26.772
6,Friuli-Venezia Giulia,Femmine,62,95661,325,3.40169,95498,0.9963882,25.859
6,Friuli-Venezia Giulia,Femmine,63,95335,364,3.82256,95153,0.9959581,24.946
6,Friuli-Venezia Giulia,Femmine,64,94971,405,4.26210,94769,0.9955408,24.040
6,Friuli-Venezia Giulia,Femmine,65,94566,440,4.65720,94346,0.9951770,23.140
6,Friuli-Venezia Giulia,Femmine,66,94126,470,4.98960,93891,0.9947600,22.246
6,Friuli-Venezia Giulia,Femmine,67,93656,514,5.49157,93399,0.9941768,21.355
6,Friuli-Venezia Giulia,Femmine,68,93142,573,6.15674,92855,0.9932827,20.470
6,Friuli-Venezia Giulia,Femmine,69,92568,674,7.28132,92231,0.9919527,19.594
6,Friuli-Venezia Giulia,Femmine,70,91894,810,8.81883,91489,0.9905738,18.734
6,Friuli-Venezia Giulia,Femmine,71,91084,914,10.03890,90627,0.9895148,17.896
6,Friuli-Venezia Giulia,Femmine,72,90170,986,10.93605,89677,0.9887468,17.073
6,Friuli-Venezia Giulia,Femmine,73,89184,1032,11.57385,88667,0.9881006,16.256
6,Friuli-Venezia Giulia,Femmine,74,88151,1078,12.22883,87612,0.9867427,15.441
6,Friuli-Venezia Giulia,Femmine,75,87073,1245,14.29857,86451,0.9843990,14.626
6,Friuli-Venezia Giulia,Femmine,76,85828,1452,16.92236,85102,0.9817712,13.831
6,Friuli-Venezia Giulia,Femmine,77,84376,1650,19.55776,83551,0.9790668,13.060
6,Friuli-Venezia Giulia,Femmine,78,82726,1848,22.33602,81802,0.9762557,12.311
6,Friuli-Venezia Giulia,Femmine,79,80878,2037,25.18474,79859,0.9733409,11.580
6,Friuli-Venezia Giulia,Femmine,80,78841,2221,28.17149,77730,0.9689932,10.867
6,Friuli-Venezia Giulia,Femmine,81,76620,2599,33.92438,75320,0.9638724,10.167
6,Friuli-Venezia Giulia,Femmine,82,74021,2843,38.40810,72599,0.9592387,9.507
6,Friuli-Venezia Giulia,Femmine,83,71178,3075,43.20840,69640,0.9546998,8.866
6,Friuli-Venezia Giulia,Femmine,84,68102,3234,47.48644,66485,0.9492303,8.244
6,Friuli-Venezia Giulia,Femmine,85,64868,3517,54.21669,63110,0.9417484,7.630
6,Friuli-Venezia Giulia,Femmine,86,61351,3836,62.51790,59434,0.9323750,7.039
6,Friuli-Venezia Giulia,Femmine,87,57516,4203,73.07263,55414,0.9212164,6.475
6,Friuli-Venezia Giulia,Femmine,88,53313,4529,84.94482,51049,0.9088002,5.946
6,Friuli-Venezia Giulia,Femmine,89,48784,4783,98.03552,46393,0.8957382,5.452
6,Friuli-Venezia Giulia,Femmine,90,44002,4891,111.16486,41556,0.8779876,4.990
6,Friuli-Venezia Giulia,Femmine,91,39110,5249,134.21670,36486,0.8564652,4.551
6,Friuli-Venezia Giulia,Femmine,92,33861,5225,154.29744,31249,0.8395141,4.179
6,Friuli-Venezia Giulia,Femmine,93,28636,4805,167.80350,26234,0.8239499,3.851
6,Friuli-Venezia Giulia,Femmine,94,23831,4432,185.95948,21615,0.8033573,3.526
6,Friuli-Venezia Giulia,Femmine,95,19399,4069,209.76630,17365,0.7823148,3.218
6,Friuli-Venezia Giulia,Femmine,96,15330,3491,227.70618,13585,0.7584117,2.939
6,Friuli-Venezia Giulia,Femmine,97,11839,3073,259.56347,10303,0.7250100,2.658
6,Friuli-Venezia Giulia,Femmine,98,8766,2593,295.82443,7470,0.6901182,2.415
6,Friuli-Venezia Giulia,Femmine,99,6173,2036,329.84456,5155,0.6593660,2.219
6,Friuli-Venezia Giulia,Femmine,100,4137,1476,356.73381,3399,0.6375101,2.065
6,Friuli-Venezia Giulia,Femmine,101,2661,988,371.43805,2167,0.6166572,1.933
6,Friuli-Venezia Giulia,Femmine,102,1673,673,402.28236,1336,0.5859003,1.780
6,Friuli-Venezia Giulia,Femmine,103,1000,434,433.87048,783,0.5545322,1.642
6,Friuli-Venezia Giulia,Femmine,104,566,264,465.95299,434,0.5227981,1.518
6,Friuli-Venezia Giulia,Femmine,105,302,151,498.26552,227,0.4909517,1.406
6,Friuli-Venezia Giulia,Femmine,106,152,80,530.53917,111,0.4592486,1.305
6,Friuli-Venezia Giulia,Femmine,107,71,40,562.50448,51,0.4279384,1.215
6,Friuli-Venezia Giulia,Femmine,108,31,18,593.90682,22,0.3972540,1.135
6,Friuli-Venezia Giulia,Femmine,109,13,8,624.51243,9,0.3674078,1.063
6,Friuli-Venezia Giulia,Femmine,110,5,3,654.11045,3,0.3385874,0.999
6,Friuli-Venezia Giulia,Femmine,111,2,1,682.52388,1,0.3109487,0.942
6,Friuli-Venezia Giulia,Femmine,112,1,0,709.61171,0,0.2846150,0.891
6,Friuli-Venezia Giulia,Femmine,113,0,0,735.26630,0,0.2596788,0.846
6,Friuli-Venezia Giulia,Femmine,114,0,0,759.41559,0,0.2362005,0.806
6,Friuli-Venezia Giulia,Femmine,115,0,0,782.02140,0,0.2142106,0.770
6,Friuli-Venezia Giulia,Femmine,116,0,0,803.07574,0,0.1937131,0.738
6,Friuli-Venezia Giulia,Femmine,117,0,0,822.59319,0,0.1746914,0.710
6,Friuli-Venezia Giulia,Femmine,118,0,0,840.61502,0,0.1571057,0.685
6,Friuli-Venezia Giulia,Femmine,119,0,0,857.19458,0,0.1409049,0.663
7,Liguria,Maschi e femmine,0,100000,240,2.39903,99774,0.9997400,83.605
7,Liguria,Maschi e femmine,1,99760,24,0.23625,99748,0.9998145,82.805
7,Liguria,Maschi e femmine,2,99737,13,0.13480,99730,0.9998896,81.824
7,Liguria,Maschi e femmine,3,99723,9,0.08593,99719,0.9999213,80.835
7,Liguria,Maschi e femmine,4,99715,7,0.07147,99711,0.9999162,79.842
7,Liguria,Maschi e femmine,5,99707,10,0.09622,99703,0.9998960,78.848
7,Liguria,Maschi e femmine,6,99698,11,0.11170,99692,0.9998944,77.856
7,Liguria,Maschi e femmine,7,99687,10,0.09957,99682,0.9999158,76.864
7,Liguria,Maschi e femmine,8,99677,7,0.06880,99673,0.9999427,75.872
7,Liguria,Maschi e femmine,9,99670,5,0.04584,99668,0.9999541,74.877
7,Liguria,Maschi e femmine,10,99665,5,0.04594,99663,0.9999435,73.880
7,Liguria,Maschi e femmine,11,99661,7,0.06711,99657,0.9999203,72.884
7,Liguria,Maschi e femmine,12,99654,9,0.09239,99649,0.9998988,71.889
7,Liguria,Maschi e femmine,13,99645,11,0.10999,99639,0.9998813,70.895
7,Liguria,Maschi e femmine,14,99634,13,0.12745,99628,0.9998649,69.903
7,Liguria,Maschi e femmine,15,99621,14,0.14284,99614,0.9998367,68.912
7,Liguria,Maschi e femmine,16,99607,18,0.18376,99598,0.9997917,67.922
7,Liguria,Maschi e femmine,17,99589,23,0.23275,99577,0.9997407,66.934
7,Liguria,Maschi e femmine,18,99565,28,0.28585,99551,0.9996986,65.949
7,Liguria,Maschi e femmine,19,99537,32,0.31695,99521,0.9996809,64.968
7,Liguria,Maschi e femmine,20,99505,32,0.32130,99489,0.9996862,63.989
7,Liguria,Maschi e femmine,21,99473,30,0.30634,99458,0.9997015,63.009
7,Liguria,Maschi e femmine,22,99443,29,0.29059,99429,0.9997180,62.028
7,Liguria,Maschi e femmine,23,99414,27,0.27334,99401,0.9997320,61.046
7,Liguria,Maschi e femmine,24,99387,26,0.26265,99374,0.9997481,60.063
7,Liguria,Maschi e femmine,25,99361,24,0.24117,99349,0.9997609,59.078
7,Liguria,Maschi e femmine,26,99337,24,0.23706,99325,0.9997476,58.092
7,Liguria,Maschi e femmine,27,99313,27,0.26780,99300,0.9997149,57.106
7,Liguria,Maschi e femmine,28,99287,30,0.30246,99272,0.9996900,56.121
7,Liguria,Maschi e femmine,29,99257,32,0.31745,99241,0.9996898,55.138
7,Liguria,Maschi e femmine,30,99225,30,0.30301,99210,0.9997076,54.155
7,Liguria,Maschi e femmine,31,99195,28,0.28182,99181,0.9997106,53.172
7,Liguria,Maschi e femmine,32,99167,29,0.29703,99152,0.9996773,52.186
7,Liguria,Maschi e femmine,33,99138,35,0.34845,99120,0.9996286,51.202
7,Liguria,Maschi e femmine,34,99103,39,0.39430,99084,0.9995932,50.219
7,Liguria,Maschi e femmine,35,99064,42,0.41931,99043,0.9995727,49.239
7,Liguria,Maschi e femmine,36,99023,43,0.43536,99001,0.9995511,48.260
7,Liguria,Maschi e femmine,37,98979,46,0.46236,98957,0.9995137,47.280
7,Liguria,Maschi e femmine,38,98934,50,0.51024,98908,0.9994606,46.302
7,Liguria,Maschi e femmine,39,98883,56,0.56854,98855,0.9994052,45.325
7,Liguria,Maschi e femmine,40,98827,61,0.62114,98796,0.9993451,44.351
7,Liguria,Maschi e femmine,41,98766,68,0.68861,98732,0.9992711,43.378
7,Liguria,Maschi e femmine,42,98698,76,0.76913,98660,0.9991743,42.408
7,Liguria,Maschi e femmine,43,98622,87,0.88231,98578,0.9990630,41.440
7,Liguria,Maschi e femmine,44,98535,98,0.99165,98486,0.9989197,40.476
7,Liguria,Maschi e femmine,45,98437,115,1.16913,98379,0.9987414,39.516
7,Liguria,Maschi e femmine,46,98322,133,1.34811,98256,0.9985628,38.561
7,Liguria,Maschi e femmine,47,98189,150,1.52634,98114,0.9984060,37.613
7,Liguria,Maschi e femmine,48,98039,163,1.66179,97958,0.9982937,36.670
7,Liguria,Maschi e femmine,49,97877,171,1.75086,97791,0.9982312,35.730
7,Liguria,Maschi e femmine,50,97705,175,1.78667,97618,0.9981619,34.792
7,Liguria,Maschi e femmine,51,97531,184,1.88955,97438,0.9980487,33.853
7,Liguria,Maschi e femmine,52,97346,196,2.01311,97248,0.9978892,32.916
7,Liguria,Maschi e femmine,53,97150,215,2.20877,97043,0.9976082,31.981
7,Liguria,Maschi e femmine,54,96936,250,2.57517,96811,0.9973025,31.051
7,Liguria,Maschi e femmine,55,96686,273,2.82015,96550,0.9970160,30.130
7,Liguria,Maschi e femmine,56,96413,304,3.14829,96262,0.9965872,29.214
7,Liguria,Maschi e femmine,57,96110,354,3.67809,95933,0.9960784,28.304
7,Liguria,Maschi e femmine,58,95756,399,4.16605,95557,0.9956045,27.407
7,Liguria,Maschi e femmine,59,95357,441,4.62588,95137,0.9951715,26.520
7,Liguria,Maschi e femmine,60,94916,478,5.03206,94678,0.9949542,25.641
7,Liguria,Maschi e femmine,61,94439,478,5.05964,94200,0.9948218,24.768
7,Liguria,Maschi e femmine,62,93961,498,5.29741,93712,0.9944025,23.891
7,Liguria,Maschi e femmine,63,93463,551,5.89928,93187,0.9936754,23.016
7,Liguria,Maschi e femmine,64,92912,627,6.75243,92598,0.9927531,22.149
7,Liguria,Maschi e femmine,65,92284,715,7.74480,91927,0.9917863,21.297
7,Liguria,Maschi e femmine,66,91570,795,8.68621,91172,0.9909027,20.459
7,Liguria,Maschi e femmine,67,90774,863,9.51202,90343,0.9897278,19.634
7,Liguria,Maschi e femmine,68,89911,993,11.03959,89415,0.9883154,18.817
7,Liguria,Maschi e femmine,69,88918,1097,12.33675,88370,0.9872490,18.022
7,Liguria,Maschi e femmine,70,87821,1157,13.17035,87243,0.9865669,17.241
7,Liguria,Maschi e femmine,71,86665,1187,13.69928,86071,0.9859018,16.464
7,Liguria,Maschi e femmine,72,85477,1240,14.50261,84858,0.9845466,15.686
7,Liguria,Maschi e femmine,73,84238,1383,16.41810,83546,0.9824299,14.909
7,Liguria,Maschi e femmine,74,82855,1553,18.74131,82078,0.9799871,14.150
7,Liguria,Maschi e femmine,75,81302,1732,21.30874,80436,0.9778274,13.411
7,Liguria,Maschi e femmine,76,79570,1834,23.05528,78652,0.9757999,12.692
7,Liguria,Maschi e femmine,77,77735,1972,25.37203,76749,0.9734016,11.980
7,Liguria,Maschi e femmine,78,75763,2111,27.85676,74707,0.9702498,11.278
7,Liguria,Maschi e femmine,79,73652,2335,31.69799,72485,0.9659863,10.587
7,Liguria,Maschi e femmine,80,71318,2596,36.40528,70019,0.9603178,9.917
7,Liguria,Maschi e femmine,81,68721,2961,43.08294,67241,0.9534124,9.273
7,Liguria,Maschi e femmine,82,65761,3304,50.25013,64108,0.9465140,8.668
7,Liguria,Maschi e femmine,83,62456,3553,56.89313,60679,0.9408389,8.100
7,Liguria,Maschi e femmine,84,58903,3626,61.56592,57090,0.9351954,7.559
7,Liguria,Maschi e femmine,85,55276,3773,68.25570,53390,0.9277327,7.022
7,Liguria,Maschi e femmine,86,51503,3944,76.57279,49532,0.9179816,6.500
7,Liguria,Maschi e femmine,87,47560,4181,87.91566,45469,0.9061100,5.997
7,Liguria,Maschi e femmine,88,43378,4357,100.44026,41200,0.8930432,5.527
7,Liguria,Maschi e femmine,89,39021,4456,114.20088,36793,0.8784882,5.088
7,Liguria,Maschi e femmine,90,34565,4485,129.76534,32323,0.8615289,4.680
7,Liguria,Maschi e femmine,91,30080,4466,148.47509,27847,0.8432326,4.303
7,Liguria,Maschi e femmine,92,25614,4265,166.50565,23481,0.8243753,3.966
7,Liguria,Maschi e femmine,93,21349,3983,186.56542,19357,0.8028971,3.659
7,Liguria,Maschi e femmine,94,17366,3648,210.05722,15542,0.7823645,3.383
7,Liguria,Maschi e femmine,95,13718,3117,227.22903,12160,0.7674272,3.150
7,Liguria,Maschi e femmine,96,10601,2539,239.48792,9332,0.7505525,2.930
7,Liguria,Maschi e femmine,97,8062,2117,262.54340,7004,0.7263125,2.695
7,Liguria,Maschi e femmine,98,5945,1717,288.79896,5087,0.6997477,2.476
7,Liguria,Maschi e femmine,99,4228,1338,316.35646,3560,0.6722551,2.278
7,Liguria,Maschi e femmine,100,2891,996,344.40345,2393,0.6453505,2.101
7,Liguria,Maschi e femmine,101,1895,702,370.27822,1544,0.6179788,1.942
7,Liguria,Maschi e femmine,102,1193,478,400.66914,954,0.5876822,1.790
7,Liguria,Maschi e femmine,103,715,309,431.75391,561,0.5568182,1.653
7,Liguria,Maschi e femmine,104,406,188,463.29247,312,0.5256221,1.529
7,Liguria,Maschi e femmine,105,218,108,495.03252,164,0.4943347,1.418
7,Liguria,Maschi e femmine,106,110,58,526.72173,81,0.4631947,1.318
7,Liguria,Maschi e femmine,107,52,29,558.11107,38,0.4324318,1.228
7,Liguria,Maschi e femmine,108,23,14,588.96985,16,0.4022563,1.148
7,Liguria,Maschi e femmine,109,9,6,619.08969,7,0.3728564,1.076
7,Liguria,Maschi e femmine,110,4,2,648.28733,2,0.3443946,1.011
7,Liguria,Maschi e femmine,111,1,1,676.41220,1,0.3170027,0.954
7,Liguria,Maschi e femmine,112,0,0,703.34767,0,0.2907820,0.902
7,Liguria,Maschi e femmine,113,0,0,729.00651,0,0.2658070,0.856
7,Liguria,Maschi e femmine,114,0,0,753.33183,0,0.2421248,0.815
7,Liguria,Maschi e femmine,115,0,0,776.29406,0,0.2197585,0.779
7,Liguria,Maschi e femmine,116,0,0,797.88716,0,0.1987109,0.746
7,Liguria,Maschi e femmine,117,0,0,818.12119,0,0.1789694,0.716
7,Liguria,Maschi e femmine,118,0,0,837.02701,0,0.1605043,0.690
7,Liguria,Maschi e femmine,119,0,0,854.64335,0,0.1432778,0.667
7,Liguria,Maschi,0,100000,256,2.56076,99759,0.9998076,81.553
7,Liguria,Maschi,1,99744,8,0.08196,99740,0.9999253,80.761
7,Liguria,Maschi,2,99736,7,0.06745,99732,0.9999287,79.767
7,Liguria,Maschi,3,99729,8,0.07525,99725,0.9999155,78.773
7,Liguria,Maschi,4,99722,9,0.09384,99717,0.9998895,77.779
7,Liguria,Maschi,5,99712,13,0.12711,99706,0.9998676,76.786
7,Liguria,Maschi,6,99699,14,0.13779,99693,0.9998741,75.796
7,Liguria,Maschi,7,99686,11,0.11402,99680,0.9999085,74.806
7,Liguria,Maschi,8,99674,7,0.06890,99671,0.9999434,73.814
7,Liguria,Maschi,9,99668,4,0.04439,99665,0.9999499,72.820
7,Liguria,Maschi,10,99663,6,0.05587,99660,0.9999264,71.823
7,Liguria,Maschi,11,99658,9,0.09135,99653,0.9998943,70.827
7,Liguria,Maschi,12,99648,12,0.12008,99642,0.9998746,69.833
7,Liguria,Maschi,13,99636,13,0.13072,99630,0.9998637,68.841
7,Liguria,Maschi,14,99623,14,0.14191,99616,0.9998480,67.850
7,Liguria,Maschi,15,99609,16,0.16214,99601,0.9997988,66.860
7,Liguria,Maschi,16,99593,24,0.24019,99581,0.9997103,65.871
7,Liguria,Maschi,17,99569,34,0.33914,99552,0.9996119,64.886
7,Liguria,Maschi,18,99535,44,0.43714,99514,0.9995370,63.908
7,Liguria,Maschi,19,99492,49,0.48891,99468,0.9995062,62.936
7,Liguria,Maschi,20,99443,50,0.49866,99419,0.9995155,61.967
7,Liguria,Maschi,21,99394,47,0.47038,99370,0.9995435,60.997
7,Liguria,Maschi,22,99347,44,0.44259,99325,0.9995720,60.026
7,Liguria,Maschi,23,99303,41,0.41339,99282,0.9995890,59.052
7,Liguria,Maschi,24,99262,41,0.40852,99242,0.9995996,58.076
7,Liguria,Maschi,25,99221,39,0.39220,99202,0.9996070,57.100
7,Liguria,Maschi,26,99182,39,0.39377,99163,0.9995941,56.122
7,Liguria,Maschi,27,99143,41,0.41812,99123,0.9995804,55.144
7,Liguria,Maschi,28,99102,42,0.42107,99081,0.9995928,54.167
7,Liguria,Maschi,29,99060,39,0.39328,99041,0.9996228,53.189
7,Liguria,Maschi,30,99021,36,0.36103,99003,0.9996526,52.210
7,Liguria,Maschi,31,98986,33,0.33373,98969,0.9996505,51.229
7,Liguria,Maschi,32,98952,36,0.36527,98934,0.9995987,50.246
7,Liguria,Maschi,33,98916,43,0.43736,98895,0.9995314,49.264
7,Liguria,Maschi,34,98873,49,0.49994,98848,0.9994884,48.285
7,Liguria,Maschi,35,98824,52,0.52330,98798,0.9994484,47.309
7,Liguria,Maschi,36,98772,57,0.57989,98743,0.9993961,46.334
7,Liguria,Maschi,37,98715,62,0.62793,98684,0.9993442,45.360
7,Liguria,Maschi,38,98653,67,0.68364,98619,0.9993114,44.388
7,Liguria,Maschi,39,98585,68,0.69347,98551,0.9993189,43.418
7,Liguria,Maschi,40,98517,66,0.66866,98484,0.9993085,42.448
7,Liguria,Maschi,41,98451,70,0.71438,98416,0.9992089,41.476
7,Liguria,Maschi,42,98381,85,0.86792,98338,0.9990106,40.506
7,Liguria,Maschi,43,98295,109,1.11097,98241,0.9987593,39.540
7,Liguria,Maschi,44,98186,135,1.37051,98119,0.9984884,38.584
7,Liguria,Maschi,45,98052,162,1.65297,97970,0.9982640,37.636
7,Liguria,Maschi,46,97889,178,1.81907,97800,0.9981142,36.698
7,Liguria,Maschi,47,97711,191,1.95262,97616,0.9980230,35.763
7,Liguria,Maschi,48,97521,195,2.00138,97423,0.9979762,34.832
7,Liguria,Maschi,49,97325,199,2.04622,97226,0.9979404,33.901
7,Liguria,Maschi,50,97126,201,2.07299,97026,0.9978175,32.970
7,Liguria,Maschi,51,96925,222,2.29230,96814,0.9975870,32.037
7,Liguria,Maschi,52,96703,245,2.53403,96580,0.9972805,31.110
7,Liguria,Maschi,53,96458,280,2.90537,96318,0.9968049,30.187
7,Liguria,Maschi,54,96177,335,3.48573,96010,0.9963489,29.274
7,Liguria,Maschi,55,95842,366,3.81711,95659,0.9960447,28.375
7,Liguria,Maschi,56,95476,391,4.09393,95281,0.9955884,27.481
7,Liguria,Maschi,57,95085,450,4.73061,94861,0.9950262,26.592
7,Liguria,Maschi,58,94636,494,5.21820,94389,0.9944793,25.716
7,Liguria,Maschi,59,94142,548,5.82485,93868,0.9939602,24.849
7,Liguria,Maschi,60,93593,586,6.25592,93301,0.9937320,23.991
7,Liguria,Maschi,61,93008,584,6.28009,92716,0.9935929,23.139
7,Liguria,Maschi,62,92424,604,6.53488,92122,0.9930244,22.282
7,Liguria,Maschi,63,91820,681,7.41926,91479,0.9920366,21.426
7,Liguria,Maschi,64,91139,776,8.51157,90751,0.9908746,20.582
7,Liguria,Maschi,65,90363,881,9.74460,89923,0.9897749,19.754
7,Liguria,Maschi,66,89482,958,10.71028,89003,0.9887719,18.944
7,Liguria,Maschi,67,88524,1040,11.75152,88004,0.9871206,18.144
7,Liguria,Maschi,68,87484,1227,14.02077,86870,0.9848921,17.353
7,Liguria,Maschi,69,86257,1398,16.21050,85558,0.9831147,16.593
7,Liguria,Maschi,70,84859,1491,17.57131,84113,0.9820006,15.858
7,Liguria,Maschi,71,83368,1537,18.43507,82599,0.9811949,15.133
7,Liguria,Maschi,72,81831,1570,19.18198,81046,0.9794538,14.408
7,Liguria,Maschi,73,80261,1761,21.93719,79381,0.9765009,13.680
7,Liguria,Maschi,74,78500,1970,25.09600,77515,0.9733474,12.975
7,Liguria,Maschi,75,76530,2162,28.24920,75449,0.9710101,12.296
7,Liguria,Maschi,76,74369,2213,29.75217,73262,0.9692625,11.639
7,Liguria,Maschi,77,72156,2291,31.75297,71010,0.9672110,10.981
7,Liguria,Maschi,78,69865,2366,33.85898,68682,0.9637188,10.325
7,Liguria,Maschi,79,67499,2618,38.78835,66190,0.9589403,9.669
7,Liguria,Maschi,80,64881,2817,43.42279,63472,0.9529715,9.039
7,Liguria,Maschi,81,62064,3153,50.79781,60487,0.9445656,8.427
7,Liguria,Maschi,82,58911,3553,60.31909,57134,0.9351220,7.851
7,Liguria,Maschi,83,55358,3860,69.72964,53427,0.9273892,7.323
7,Liguria,Maschi,84,51497,3899,75.70788,49548,0.9204983,6.834
7,Liguria,Maschi,85,47599,3980,83.60625,45609,0.9128854,6.353
7,Liguria,Maschi,86,43619,3967,90.94305,41636,0.9037160,5.887
7,Liguria,Maschi,87,39652,4051,102.15924,37627,0.8911701,5.426
7,Liguria,Maschi,88,35601,4139,116.25950,33532,0.8761694,4.986
7,Liguria,Maschi,89,31462,4166,132.39780,29380,0.8594220,4.576
7,Liguria,Maschi,90,27297,4095,150.00642,25250,0.8404180,4.198
7,Liguria,Maschi,91,23202,3964,170.84752,21220,0.8211337,3.851
7,Liguria,Maschi,92,19238,3627,188.53733,17425,0.7997624,3.542
7,Liguria,Maschi,93,15611,3351,214.65629,13936,0.7697765,3.248
7,Liguria,Maschi,94,12260,3066,250.04565,10727,0.7442063,2.999
7,Liguria,Maschi,95,9194,2422,263.45818,7983,0.7322638,2.833
7,Liguria,Maschi,96,6772,1852,273.54449,5846,0.7184646,2.667
7,Liguria,Maschi,97,4920,1439,292.53529,4200,0.6989800,2.483
7,Liguria,Maschi,98,3480,1089,313.01315,2936,0.6776619,2.303
7,Liguria,Maschi,99,2391,803,335.91179,1989,0.6522310,2.125
7,Liguria,Maschi,100,1588,581,365.62386,1298,0.6205904,1.947
7,Liguria,Maschi,101,1007,404,401.14067,805,0.5867176,1.781
7,Liguria,Maschi,102,603,262,433.55720,472,0.5544809,1.639
7,Liguria,Maschi,103,342,159,466.63665,262,0.5217201,1.511
7,Liguria,Maschi,104,182,91,500.10985,137,0.4886987,1.396
7,Liguria,Maschi,105,91,49,533.68921,67,0.4556900,1.293
7,Liguria,Maschi,106,42,24,567.08621,30,0.4229655,1.200
7,Liguria,Maschi,107,18,11,600.01431,13,0.3907881,1.117
7,Liguria,Maschi,108,7,5,632.20669,5,0.3594014,1.043
7,Liguria,Maschi,109,3,2,663.41542,2,0.3290273,0.978
7,Liguria,Maschi,110,1,1,693.42543,1,0.2998567,0.919
7,Liguria,Maschi,111,0,0,722.05576,0,0.2720480,0.867
7,Liguria,Maschi,112,0,0,749.16580,0,0.2457236,0.821
7,Liguria,Maschi,113,0,0,774.65067,0,0.2209733,0.780
7,Liguria,Maschi,114,0,0,798.44549,0,0.1978518,0.744
7,Liguria,Maschi,115,0,0,820.51877,0,0.1763840,0.713
7,Liguria,Maschi,116,0,0,840.87267,0,0.1565654,0.685
7,Liguria,Maschi,117,0,0,859.53432,0,0.1383693,0.660
7,Liguria,Maschi,118,0,0,876.55502,0,0.1217476,0.638
7,Liguria,Maschi,119,0,0,892.00248,0,0.1066373,0.619
7,Liguria,Femmine,0,100000,223,2.22847,99790,0.9996688,85.757
7,Liguria,Femmine,1,99777,40,0.39899,99757,0.9996976,84.947
7,Liguria,Femmine,2,99737,21,0.20587,99727,0.9998485,83.981
7,Liguria,Femmine,3,99717,10,0.09721,99712,0.9999275,82.998
7,Liguria,Femmine,4,99707,5,0.04788,99705,0.9999442,82.006
7,Liguria,Femmine,5,99702,6,0.06363,99699,0.9999261,81.010
7,Liguria,Femmine,6,99696,8,0.08418,99692,0.9999157,80.015
7,Liguria,Femmine,7,99688,8,0.08433,99683,0.9999235,79.022
7,Liguria,Femmine,8,99679,7,0.06869,99676,0.9999420,78.029
7,Liguria,Femmine,9,99672,5,0.04738,99670,0.9999586,77.034
7,Liguria,Femmine,10,99668,4,0.03548,99666,0.9999615,76.038
7,Liguria,Femmine,11,99664,4,0.04153,99662,0.9999476,75.040
7,Liguria,Femmine,12,99660,6,0.06318,99657,0.9999244,74.043
7,Liguria,Femmine,13,99654,9,0.08812,99649,0.9998998,73.048
7,Liguria,Femmine,14,99645,11,0.11220,99639,0.9998827,72.054
7,Liguria,Femmine,15,99634,12,0.12249,99628,0.9998766,71.062
7,Liguria,Femmine,16,99621,12,0.12425,99615,0.9998776,70.071
7,Liguria,Femmine,17,99609,12,0.12056,99603,0.9998765,69.080
7,Liguria,Femmine,18,99597,13,0.12636,99591,0.9998690,68.088
7,Liguria,Femmine,19,99585,14,0.13574,99578,0.9998649,67.096
7,Liguria,Femmine,20,99571,13,0.13446,99564,0.9998660,66.105
7,Liguria,Femmine,21,99558,13,0.13360,99551,0.9998679,65.114
7,Liguria,Femmine,22,99544,13,0.13057,99538,0.9998717,64.123
7,Liguria,Femmine,23,99531,13,0.12595,99525,0.9998824,63.131
7,Liguria,Femmine,24,99519,11,0.10918,99513,0.9999042,62.139
7,Liguria,Femmine,25,99508,8,0.08232,99504,0.9999227,61.146
7,Liguria,Femmine,26,99500,7,0.07227,99496,0.9999090,60.151
7,Liguria,Femmine,27,99493,11,0.10980,99487,0.9998562,59.155
7,Liguria,Femmine,28,99482,18,0.17783,99473,0.9997922,58.162
7,Liguria,Femmine,29,99464,24,0.23778,99452,0.9997601,57.172
7,Liguria,Femmine,30,99440,24,0.24206,99428,0.9997653,56.185
7,Liguria,Femmine,31,99416,23,0.22729,99405,0.9997737,55.199
7,Liguria,Femmine,32,99394,22,0.22536,99382,0.9997598,54.211
7,Liguria,Femmine,33,99371,25,0.25510,99359,0.9997308,53.223
7,Liguria,Femmine,34,99346,28,0.28340,99332,0.9997032,52.237
7,Liguria,Femmine,35,99318,31,0.31016,99302,0.9997031,51.252
7,Liguria,Femmine,36,99287,28,0.28369,99273,0.9997138,50.267
7,Liguria,Femmine,37,99259,29,0.28866,99244,0.9996915,49.281
7,Liguria,Femmine,38,99230,33,0.32841,99214,0.9996170,48.295
7,Liguria,Femmine,39,99197,43,0.43756,99176,0.9994956,47.311
7,Liguria,Femmine,40,99154,57,0.57133,99126,0.9993835,46.332
7,Liguria,Femmine,41,99097,66,0.66160,99065,0.9993364,45.358
7,Liguria,Femmine,42,99032,66,0.66559,98999,0.9993458,44.388
7,Liguria,Femmine,43,98966,64,0.64277,98934,0.9993811,43.417
7,Liguria,Femmine,44,98902,59,0.59501,98873,0.9993710,42.444
7,Liguria,Femmine,45,98843,66,0.66302,98811,0.9992405,41.469
7,Liguria,Femmine,46,98778,85,0.85595,98736,0.9990314,40.497
7,Liguria,Femmine,47,98693,107,1.08127,98640,0.9988057,39.531
7,Liguria,Femmine,48,98587,129,1.30751,98522,0.9986248,38.573
7,Liguria,Femmine,49,98458,142,1.44294,98387,0.9985344,37.623
7,Liguria,Femmine,50,98316,146,1.48835,98243,0.9985207,36.677
7,Liguria,Femmine,51,98169,144,1.47020,98097,0.9985293,35.730
7,Liguria,Femmine,52,98025,144,1.47124,97953,0.9985219,34.782
7,Liguria,Femmine,53,97881,145,1.48505,97808,0.9984422,33.833
7,Liguria,Femmine,54,97735,159,1.63071,97656,0.9982907,32.882
7,Liguria,Femmine,55,97576,174,1.78810,97489,0.9980205,31.935
7,Liguria,Femmine,56,97402,211,2.17130,97296,0.9976181,30.992
7,Liguria,Femmine,57,97190,252,2.59290,97064,0.9971621,30.058
7,Liguria,Femmine,58,96938,299,3.08355,96789,0.9967609,29.135
7,Liguria,Femmine,59,96639,328,3.39516,96475,0.9964133,28.223
7,Liguria,Femmine,60,96311,364,3.77887,96129,0.9962041,27.318
7,Liguria,Femmine,61,95947,366,3.81305,95764,0.9960754,26.420
7,Liguria,Femmine,62,95581,386,4.03659,95388,0.9958046,25.519
7,Liguria,Femmine,63,95196,415,4.35493,94988,0.9953377,24.620
7,Liguria,Femmine,64,94781,471,4.97102,94545,0.9946517,23.726
7,Liguria,Femmine,65,94310,540,5.72739,94040,0.9938113,22.842
7,Liguria,Femmine,66,93770,624,6.65260,93458,0.9930389,21.970
7,Liguria,Femmine,67,93146,677,7.27163,92807,0.9923292,21.114
7,Liguria,Femmine,68,92468,746,8.07288,92095,0.9917103,20.265
7,Liguria,Femmine,69,91722,780,8.50831,91332,0.9913182,19.426
7,Liguria,Femmine,70,90942,805,8.85685,90539,0.9910222,18.588
7,Liguria,Femmine,71,90136,820,9.09987,89726,0.9904519,17.750
7,Liguria,Femmine,72,89316,893,10.00047,88869,0.9894219,16.909
7,Liguria,Femmine,73,88423,987,11.16155,87929,0.9880439,16.074
7,Liguria,Femmine,74,87436,1116,12.75959,86878,0.9861966,15.250
7,Liguria,Femmine,75,86320,1283,14.86076,85679,0.9841191,14.441
7,Liguria,Femmine,76,85037,1439,16.91646,84318,0.9817546,13.651
7,Liguria,Femmine,77,83599,1638,19.59726,82780,0.9789707,12.877
7,Liguria,Femmine,78,81961,1843,22.48998,81039,0.9760526,12.125
7,Liguria,Femmine,79,80117,2038,25.43839,79098,0.9721650,11.392
7,Liguria,Femmine,80,78079,2365,30.29426,76897,0.9666704,10.676
7,Liguria,Femmine,81,75714,2761,36.45985,74334,0.9609425,9.994
7,Liguria,Femmine,82,72953,3046,41.75341,71430,0.9560228,9.354
7,Liguria,Femmine,83,69907,3237,46.29782,68289,0.9518010,8.739
7,Liguria,Femmine,84,66671,3346,50.19247,64998,0.9468548,8.139
7,Liguria,Femmine,85,63324,3562,56.25390,61543,0.9391830,7.543
7,Liguria,Femmine,86,59762,3924,65.65204,57800,0.9286820,6.963
7,Liguria,Femmine,87,55839,4321,77.38217,53678,0.9170086,6.417
7,Liguria,Femmine,88,51518,4589,89.07117,49223,0.9049853,5.913
7,Liguria,Femmine,89,46929,4765,101.53940,44546,0.8915277,5.443
7,Liguria,Femmine,90,42164,4899,116.18871,39714,0.8754226,5.001
7,Liguria,Femmine,91,37265,4996,134.06889,34767,0.8571849,4.593
7,Liguria,Femmine,92,32269,4934,152.91554,29802,0.8392253,4.227
7,Liguria,Femmine,93,27334,4648,170.05253,25010,0.8217903,3.899
7,Liguria,Femmine,94,22686,4266,188.03830,20553,0.8026879,3.596
7,Liguria,Femmine,95,18420,3845,208.73352,16498,0.7848468,3.313
7,Liguria,Femmine,96,14575,3254,223.26639,12948,0.7654249,3.055
7,Liguria,Femmine,97,11321,2820,249.13437,9911,0.7382511,2.789
7,Liguria,Femmine,98,8501,2368,278.54895,7317,0.7089224,2.549
7,Liguria,Femmine,99,6133,1892,308.44359,5187,0.6802210,2.340
7,Liguria,Femmine,100,4241,1426,336.17015,3528,0.6547497,2.161
7,Liguria,Femmine,101,2815,1011,358.92863,2310,0.6291716,2.002
7,Liguria,Femmine,102,1805,703,389.39073,1453,0.5987485,1.842
7,Liguria,Femmine,103,1102,464,420.67589,870,0.5676337,1.698
7,Liguria,Femmine,104,638,289,452.54580,494,0.5360625,1.568
7,Liguria,Femmine,105,350,169,484.74593,265,0.5042809,1.451
7,Liguria,Femmine,106,180,93,517.01567,134,0.4725376,1.346
7,Liguria,Femmine,107,87,48,549.09203,63,0.4410773,1.252
7,Liguria,Femmine,108,39,23,580.72480,28,0.4101298,1.168
7,Liguria,Femmine,109,16,10,611.68250,11,0.3799062,1.092
7,Liguria,Femmine,110,6,4,641.75457,4,0.3505945,1.025
7,Liguria,Femmine,111,2,2,670.76229,2,0.3223522,0.965
7,Liguria,Femmine,112,1,1,698.56121,0,0.2953061,0.911
7,Liguria,Femmine,113,0,0,725.03883,0,0.2695527,0.863
7,Liguria,Femmine,114,0,0,750.11702,0,0.2451580,0.820
7,Liguria,Femmine,115,0,0,773.75070,0,0.2221581,0.783
7,Liguria,Femmine,116,0,0,795.92443,0,0.2005637,0.749
7,Liguria,Femmine,117,0,0,816.64508,0,0.1803643,0.718
7,Liguria,Femmine,118,0,0,835.94613,0,0.1615273,0.692
7,Liguria,Femmine,119,0,0,853.87337,0,0.1440080,0.667
8,Emilia-Romagna,Maschi e femmine,0,100000,218,2.17911,99795,0.9997614,84.085
8,Emilia-Romagna,Maschi e femmine,1,99782,22,0.21948,99771,0.9998050,83.268
8,Emilia-Romagna,Maschi e femmine,2,99760,17,0.17061,99752,0.9998433,82.286
8,Emilia-Romagna,Maschi e femmine,3,99743,14,0.14277,99736,0.9998649,81.300
8,Emilia-Romagna,Maschi e femmine,4,99729,13,0.12746,99723,0.9998743,80.312
8,Emilia-Romagna,Maschi e femmine,5,99716,12,0.12400,99710,0.9998807,79.322
8,Emilia-Romagna,Maschi e femmine,6,99704,11,0.11453,99698,0.9998888,78.332
8,Emilia-Romagna,Maschi e femmine,7,99692,11,0.10777,99687,0.9998964,77.340
8,Emilia-Romagna,Maschi e femmine,8,99682,10,0.09947,99677,0.9999039,76.349
8,Emilia-Romagna,Maschi e femmine,9,99672,9,0.09280,99667,0.9999113,75.356
8,Emilia-Romagna,Maschi e femmine,10,99663,8,0.08466,99658,0.9999164,74.363
8,Emilia-Romagna,Maschi e femmine,11,99654,8,0.08254,99650,0.9999165,73.369
8,Emilia-Romagna,Maschi e femmine,12,99646,8,0.08438,99642,0.9999079,72.375
8,Emilia-Romagna,Maschi e femmine,13,99637,10,0.09982,99632,0.9998891,71.382
8,Emilia-Romagna,Maschi e femmine,14,99628,12,0.12193,99621,0.9998713,70.389
8,Emilia-Romagna,Maschi e femmine,15,99615,14,0.13553,99609,0.9998595,69.397
8,Emilia-Romagna,Maschi e femmine,16,99602,14,0.14551,99595,0.9998499,68.406
8,Emilia-Romagna,Maschi e femmine,17,99587,15,0.15460,99580,0.9998328,67.416
8,Emilia-Romagna,Maschi e femmine,18,99572,18,0.17984,99563,0.9998017,66.427
8,Emilia-Romagna,Maschi e femmine,19,99554,22,0.21672,99543,0.9997658,65.439
8,Emilia-Romagna,Maschi e femmine,20,99532,25,0.25165,99520,0.9997378,64.453
8,Emilia-Romagna,Maschi e femmine,21,99507,27,0.27267,99494,0.9997289,63.469
8,Emilia-Romagna,Maschi e femmine,22,99480,27,0.26956,99467,0.9997334,62.486
8,Emilia-Romagna,Maschi e femmine,23,99453,26,0.26355,99440,0.9997358,61.503
8,Emilia-Romagna,Maschi e femmine,24,99427,26,0.26477,99414,0.9997361,60.519
8,Emilia-Romagna,Maschi e femmine,25,99401,26,0.26297,99388,0.9997418,59.535
8,Emilia-Romagna,Maschi e femmine,26,99375,25,0.25349,99362,0.9997415,58.550
8,Emilia-Romagna,Maschi e femmine,27,99350,26,0.26356,99337,0.9997328,57.565
8,Emilia-Romagna,Maschi e femmine,28,99323,27,0.27093,99310,0.9997186,56.580
8,Emilia-Romagna,Maschi e femmine,29,99297,29,0.29191,99282,0.9996972,55.595
8,Emilia-Romagna,Maschi e femmine,30,99268,31,0.31368,99252,0.9996777,54.611
8,Emilia-Romagna,Maschi e femmine,31,99236,33,0.33093,99220,0.9996603,53.628
8,Emilia-Romagna,Maschi e femmine,32,99204,35,0.34853,99186,0.9996319,52.646
8,Emilia-Romagna,Maschi e femmine,33,99169,38,0.38761,99150,0.9995863,51.664
8,Emilia-Romagna,Maschi e femmine,34,99131,44,0.43974,99109,0.9995427,50.684
8,Emilia-Romagna,Maschi e femmine,35,99087,47,0.47488,99063,0.9995110,49.706
8,Emilia-Romagna,Maschi e femmine,36,99040,50,0.50310,99015,0.9994863,48.729
8,Emilia-Romagna,Maschi e femmine,37,98990,52,0.52436,98964,0.9994557,47.754
8,Emilia-Romagna,Maschi e femmine,38,98938,56,0.56433,98910,0.9993975,46.778
8,Emilia-Romagna,Maschi e femmine,39,98882,63,0.64066,98851,0.9993293,45.804
8,Emilia-Romagna,Maschi e femmine,40,98819,69,0.70075,98784,0.9992926,44.833
8,Emilia-Romagna,Maschi e femmine,41,98750,71,0.71403,98714,0.9992769,43.865
8,Emilia-Romagna,Maschi e femmine,42,98679,72,0.73219,98643,0.9992293,42.896
8,Emilia-Romagna,Maschi e femmine,43,98607,80,0.80924,98567,0.9991280,41.927
8,Emilia-Romagna,Maschi e femmine,44,98527,92,0.93476,98481,0.9989867,40.960
8,Emilia-Romagna,Maschi e femmine,45,98435,107,1.09198,98381,0.9988399,39.998
8,Emilia-Romagna,Maschi e femmine,46,98328,121,1.22830,98267,0.9987158,39.041
8,Emilia-Romagna,Maschi e femmine,47,98207,132,1.34007,98141,0.9986456,38.089
8,Emilia-Romagna,Maschi e femmine,48,98075,134,1.36868,98008,0.9986019,37.139
8,Emilia-Romagna,Maschi e femmine,49,97941,140,1.42764,97871,0.9985222,36.189
8,Emilia-Romagna,Maschi e femmine,50,97801,149,1.52793,97726,0.9983868,35.240
8,Emilia-Romagna,Maschi e femmine,51,97652,166,1.69857,97569,0.9982132,34.293
8,Emilia-Romagna,Maschi e femmine,52,97486,183,1.87525,97394,0.9979937,33.351
8,Emilia-Romagna,Maschi e femmine,53,97303,208,2.13753,97199,0.9977801,32.413
8,Emilia-Romagna,Maschi e femmine,54,97095,224,2.30236,96983,0.9975697,31.481
8,Emilia-Romagna,Maschi e femmine,55,96872,248,2.55861,96748,0.9973078,30.553
8,Emilia-Romagna,Maschi e femmine,56,96624,273,2.82615,96487,0.9970073,29.630
8,Emilia-Romagna,Maschi e femmine,57,96351,304,3.15979,96198,0.9967042,28.712
8,Emilia-Romagna,Maschi e femmine,58,96046,330,3.43220,95881,0.9963916,27.802
8,Emilia-Romagna,Maschi e femmine,59,95716,362,3.78519,95535,0.9960830,26.896
8,Emilia-Romagna,Maschi e femmine,60,95354,386,4.04927,95161,0.9957468,25.996
8,Emilia-Romagna,Maschi e femmine,61,94968,423,4.45795,94756,0.9952486,25.100
8,Emilia-Romagna,Maschi e femmine,62,94545,477,5.04611,94306,0.9947197,24.210
8,Emilia-Romagna,Maschi e femmine,63,94068,519,5.51564,93808,0.9942835,23.330
8,Emilia-Romagna,Maschi e femmine,64,93549,554,5.91845,93272,0.9937377,22.457
8,Emilia-Romagna,Maschi e femmine,65,92995,615,6.60825,92688,0.9930026,21.587
8,Emilia-Romagna,Maschi e femmine,66,92381,683,7.38919,92039,0.9921722,20.728
8,Emilia-Romagna,Maschi e femmine,67,91698,758,8.26965,91319,0.9912607,19.878
8,Emilia-Romagna,Maschi e femmine,68,90940,838,9.21285,90521,0.9903527,19.040
8,Emilia-Romagna,Maschi e femmine,69,90102,909,10.08588,89647,0.9895401,18.212
8,Emilia-Romagna,Maschi e femmine,70,89193,967,10.83767,88710,0.9885528,17.393
8,Emilia-Romagna,Maschi e femmine,71,88226,1064,12.06348,87694,0.9870345,16.578
8,Emilia-Romagna,Maschi e femmine,72,87162,1210,13.87846,86557,0.9849697,15.774
8,Emilia-Romagna,Maschi e femmine,73,85952,1392,16.19841,85256,0.9829386,14.989
8,Emilia-Romagna,Maschi e femmine,74,84560,1517,17.93864,83802,0.9809866,14.228
8,Emilia-Romagna,Maschi e femmine,75,83043,1670,20.10773,82208,0.9792108,13.478
8,Emilia-Romagna,Maschi e femmine,76,81373,1748,21.48461,80499,0.9774889,12.745
8,Emilia-Romagna,Maschi e femmine,77,79625,1876,23.56006,78687,0.9747713,12.013
8,Emilia-Romagna,Maschi e femmine,78,77749,2094,26.93759,76702,0.9709087,11.291
8,Emilia-Romagna,Maschi e femmine,79,75655,2368,31.30462,74471,0.9667079,10.590
8,Emilia-Romagna,Maschi e femmine,80,73286,2590,35.34383,71991,0.9617817,9.916
8,Emilia-Romagna,Maschi e femmine,81,70696,2913,41.19801,69240,0.9564287,9.261
8,Emilia-Romagna,Maschi e femmine,82,67784,3121,46.04655,66223,0.9508095,8.638
8,Emilia-Romagna,Maschi e femmine,83,64662,3394,52.48629,62966,0.9438541,8.030
8,Emilia-Romagna,Maschi e femmine,84,61269,3677,60.00828,59430,0.9367188,7.447
8,Emilia-Romagna,Maschi e femmine,85,57592,3845,66.76298,55669,0.9281269,6.891
8,Emilia-Romagna,Maschi e femmine,86,53747,4157,77.34876,51668,0.9163172,6.348
8,Emilia-Romagna,Maschi e femmine,87,49590,4490,90.54778,47345,0.9030646,5.838
8,Emilia-Romagna,Maschi e femmine,88,45099,4688,103.95895,42755,0.8894525,5.370
8,Emilia-Romagna,Maschi e femmine,89,40411,4764,117.90037,38029,0.8752723,4.935
8,Emilia-Romagna,Maschi e femmine,90,35647,4722,132.46761,33286,0.8595870,4.528
8,Emilia-Romagna,Maschi e femmine,91,30924,4625,149.57155,28612,0.8398683,4.143
8,Emilia-Romagna,Maschi e femmine,92,26299,4538,172.54904,24030,0.8169793,3.783
8,Emilia-Romagna,Maschi e femmine,93,21761,4258,195.67598,19632,0.7931185,3.468
8,Emilia-Romagna,Maschi e femmine,94,17503,3865,220.81301,15571,0.7715488,3.190
8,Emilia-Romagna,Maschi e femmine,95,13638,3249,238.25392,12013,0.7517789,2.953
8,Emilia-Romagna,Maschi e femmine,96,10389,2715,261.30581,9031,0.7283174,2.720
8,Emilia-Romagna,Maschi e femmine,97,7674,2193,285.72998,6578,0.7034930,2.505
8,Emilia-Romagna,Maschi e femmine,98,5481,1708,311.59523,4627,0.6774789,2.307
8,Emilia-Romagna,Maschi e femmine,99,3773,1277,338.39240,3135,0.6500925,2.125
8,Emilia-Romagna,Maschi e femmine,100,2497,917,367.31218,2038,0.6208614,1.956
8,Emilia-Romagna,Maschi e femmine,101,1580,628,397.83082,1265,0.5902817,1.801
8,Emilia-Romagna,Maschi e femmine,102,951,408,429.45942,747,0.5588386,1.660
8,Emilia-Romagna,Maschi e femmine,103,543,251,461.67175,417,0.5269442,1.533
8,Emilia-Romagna,Maschi e femmine,104,292,144,494.20283,220,0.4948558,1.418
8,Emilia-Romagna,Maschi e femmine,105,148,78,526.77598,109,0.4628359,1.316
8,Emilia-Romagna,Maschi e femmine,106,70,39,559.11603,50,0.4311424,1.224
8,Emilia-Romagna,Maschi e femmine,107,31,18,590.95307,22,0.4000228,1.141
8,Emilia-Romagna,Maschi e femmine,108,13,8,622.03868,9,0.3697020,1.068
8,Emilia-Romagna,Maschi e femmine,109,5,3,652.15019,3,0.3403800,1.002
8,Emilia-Romagna,Maschi e femmine,110,2,1,681.09421,1,0.3122273,0.944
8,Emilia-Romagna,Maschi e femmine,111,1,0,708.71468,0,0.2853797,0.892
8,Emilia-Romagna,Maschi e femmine,112,0,0,734.89447,0,0.2599388,0.846
8,Emilia-Romagna,Maschi e femmine,113,0,0,759.55060,0,0.2359747,0.805
8,Emilia-Romagna,Maschi e femmine,114,0,0,782.63510,0,0.2135267,0.769
8,Emilia-Romagna,Maschi e femmine,115,0,0,804.13130,0,0.1926064,0.737
8,Emilia-Romagna,Maschi e femmine,116,0,0,824.04930,0,0.1732024,0.708
8,Emilia-Romagna,Maschi e femmine,117,0,0,842.41729,0,0.1552864,0.683
8,Emilia-Romagna,Maschi e femmine,118,0,0,859.28536,0,0.1388117,0.661
8,Emilia-Romagna,Maschi e femmine,119,0,0,874.71136,0,0.1237236,0.641
8,Emilia-Romagna,Maschi,0,100000,252,2.52260,99763,0.9997506,82.354
8,Emilia-Romagna,Maschi,1,99748,20,0.20037,99738,0.9998156,81.561
8,Emilia-Romagna,Maschi,2,99728,17,0.16849,99719,0.9998405,80.577
8,Emilia-Romagna,Maschi,3,99711,15,0.15046,99703,0.9998547,79.591
8,Emilia-Romagna,Maschi,4,99696,14,0.14015,99689,0.9998609,78.603
8,Emilia-Romagna,Maschi,5,99682,14,0.13802,99675,0.9998668,77.614
8,Emilia-Romagna,Maschi,6,99668,13,0.12847,99662,0.9998752,76.624
8,Emilia-Romagna,Maschi,7,99655,12,0.12113,99649,0.9998848,75.634
8,Emilia-Romagna,Maschi,8,99643,11,0.10926,99638,0.9998998,74.643
8,Emilia-Romagna,Maschi,9,99632,9,0.09122,99628,0.9999192,73.651
8,Emilia-Romagna,Maschi,10,99623,7,0.07044,99620,0.9999339,72.658
8,Emilia-Romagna,Maschi,11,99616,6,0.06177,99613,0.9999347,71.663
8,Emilia-Romagna,Maschi,12,99610,7,0.06885,99607,0.9999145,70.667
8,Emilia-Romagna,Maschi,13,99603,10,0.10225,99598,0.9998748,69.672
8,Emilia-Romagna,Maschi,14,99593,15,0.14811,99586,0.9998379,68.679
8,Emilia-Romagna,Maschi,15,99578,18,0.17610,99570,0.9998137,67.689
8,Emilia-Romagna,Maschi,16,99561,20,0.19655,99551,0.9997989,66.701
8,Emilia-Romagna,Maschi,17,99541,20,0.20560,99531,0.9997789,65.714
8,Emilia-Romagna,Maschi,18,99521,24,0.23663,99509,0.9997405,64.728
8,Emilia-Romagna,Maschi,19,99497,28,0.28241,99483,0.9996937,63.743
8,Emilia-Romagna,Maschi,20,99469,33,0.33010,99453,0.9996506,62.761
8,Emilia-Romagna,Maschi,21,99436,37,0.36876,99418,0.9996250,61.781
8,Emilia-Romagna,Maschi,22,99400,38,0.38131,99381,0.9996103,60.804
8,Emilia-Romagna,Maschi,23,99362,40,0.39804,99342,0.9995908,59.827
8,Emilia-Romagna,Maschi,24,99322,42,0.42045,99301,0.9995823,58.850
8,Emilia-Romagna,Maschi,25,99280,41,0.41492,99260,0.9996017,57.875
8,Emilia-Romagna,Maschi,26,99239,38,0.38162,99220,0.9996196,56.899
8,Emilia-Romagna,Maschi,27,99201,38,0.37925,99183,0.9996289,55.920
8,Emilia-Romagna,Maschi,28,99164,36,0.36301,99146,0.9996343,54.941
8,Emilia-Romagna,Maschi,29,99128,37,0.36843,99110,0.9996193,53.961
8,Emilia-Romagna,Maschi,30,99091,39,0.39306,99072,0.9995960,52.981
8,Emilia-Romagna,Maschi,31,99052,41,0.41504,99032,0.9995764,52.001
8,Emilia-Romagna,Maschi,32,99011,43,0.43213,98990,0.9995401,51.023
8,Emilia-Romagna,Maschi,33,98968,48,0.48762,98944,0.9994770,50.045
8,Emilia-Romagna,Maschi,34,98920,55,0.55834,98893,0.9994206,49.069
8,Emilia-Romagna,Maschi,35,98865,59,0.60048,98835,0.9993750,48.096
8,Emilia-Romagna,Maschi,36,98806,64,0.64948,98773,0.9993412,47.125
8,Emilia-Romagna,Maschi,37,98741,66,0.66807,98708,0.9993223,46.155
8,Emilia-Romagna,Maschi,38,98675,68,0.68742,98642,0.9992755,45.185
8,Emilia-Romagna,Maschi,39,98608,75,0.76162,98570,0.9991977,44.216
8,Emilia-Romagna,Maschi,40,98532,83,0.84307,98491,0.9991435,43.249
8,Emilia-Romagna,Maschi,41,98449,86,0.86998,98407,0.9991099,42.286
8,Emilia-Romagna,Maschi,42,98364,90,0.91031,98319,0.9990322,41.322
8,Emilia-Romagna,Maschi,43,98274,101,1.02538,98224,0.9989160,40.359
8,Emilia-Romagna,Maschi,44,98173,112,1.14263,98117,0.9987770,39.400
8,Emilia-Romagna,Maschi,45,98061,128,1.30340,97997,0.9986116,38.445
8,Emilia-Romagna,Maschi,46,97933,144,1.47351,97861,0.9984344,37.494
8,Emilia-Romagna,Maschi,47,97789,162,1.65779,97708,0.9983033,36.549
8,Emilia-Romagna,Maschi,48,97627,169,1.73569,97542,0.9982234,35.608
8,Emilia-Romagna,Maschi,49,97458,177,1.81750,97369,0.9981459,34.670
8,Emilia-Romagna,Maschi,50,97280,184,1.89085,97189,0.9980301,33.732
8,Emilia-Romagna,Maschi,51,97097,199,2.04911,96997,0.9978463,32.795
8,Emilia-Romagna,Maschi,52,96898,219,2.25853,96788,0.9975158,31.861
8,Emilia-Romagna,Maschi,53,96679,262,2.71042,96548,0.9971397,30.932
8,Emilia-Romagna,Maschi,54,96417,290,3.01063,96272,0.9967968,30.015
8,Emilia-Romagna,Maschi,55,96126,326,3.39642,95963,0.9964763,29.104
8,Emilia-Romagna,Maschi,56,95800,350,3.65135,95625,0.9961749,28.201
8,Emilia-Romagna,Maschi,57,95450,382,3.99950,95259,0.9958533,27.303
8,Emilia-Romagna,Maschi,58,95068,408,4.29458,94864,0.9954873,26.410
8,Emilia-Romagna,Maschi,59,94660,448,4.73179,94436,0.9951200,25.522
8,Emilia-Romagna,Maschi,60,94212,474,5.02888,93975,0.9947617,24.641
8,Emilia-Romagna,Maschi,61,93738,511,5.44888,93483,0.9941678,23.763
8,Emilia-Romagna,Maschi,62,93228,580,6.21763,92938,0.9934332,22.891
8,Emilia-Romagna,Maschi,63,92648,641,6.91824,92327,0.9928110,22.031
8,Emilia-Romagna,Maschi,64,92007,687,7.46166,91664,0.9921498,21.181
8,Emilia-Romagna,Maschi,65,91320,753,8.24161,90944,0.9913158,20.336
8,Emilia-Romagna,Maschi,66,90568,827,9.13045,90154,0.9903513,19.501
8,Emilia-Romagna,Maschi,67,89741,913,10.17180,89285,0.9891429,18.676
8,Emilia-Romagna,Maschi,68,88828,1026,11.54941,88315,0.9879063,17.863
8,Emilia-Romagna,Maschi,69,87802,1110,12.64441,87247,0.9869780,17.066
8,Emilia-Romagna,Maschi,70,86692,1162,13.40449,86111,0.9860250,16.278
8,Emilia-Romagna,Maschi,71,85530,1245,14.55330,84908,0.9843412,15.492
8,Emilia-Romagna,Maschi,72,84285,1414,16.78063,83578,0.9817483,14.714
8,Emilia-Romagna,Maschi,73,82871,1637,19.74794,82053,0.9791562,13.956
8,Emilia-Romagna,Maschi,74,81234,1784,21.96172,80342,0.9765369,13.227
8,Emilia-Romagna,Maschi,75,79450,1986,24.99818,78457,0.9742604,12.513
8,Emilia-Romagna,Maschi,76,77464,2053,26.50002,76438,0.9723293,11.821
8,Emilia-Romagna,Maschi,77,75411,2177,28.87317,74323,0.9691320,11.129
8,Emilia-Romagna,Maschi,78,73234,2411,32.92206,72028,0.9646943,10.445
8,Emilia-Romagna,Maschi,79,70823,2675,37.77038,69485,0.9597840,9.784
8,Emilia-Romagna,Maschi,80,68148,2914,42.75763,66691,0.9535326,9.148
8,Emilia-Romagna,Maschi,81,65234,3284,50.34297,63592,0.9471428,8.535
8,Emilia-Romagna,Maschi,82,61950,3439,55.50467,60231,0.9410655,7.961
8,Emilia-Romagna,Maschi,83,58512,3661,62.56590,56681,0.9334171,7.399
8,Emilia-Romagna,Maschi,84,54851,3887,70.86790,52907,0.9259516,6.860
8,Emilia-Romagna,Maschi,85,50964,3948,77.47140,48989,0.9167915,6.345
8,Emilia-Romagna,Maschi,86,47015,4204,89.42733,44913,0.9032498,5.835
8,Emilia-Romagna,Maschi,87,42811,4486,104.79224,40568,0.8878030,5.359
8,Emilia-Romagna,Maschi,88,38325,4617,120.46856,36016,0.8730086,4.928
8,Emilia-Romagna,Maschi,89,33708,4531,134.40759,31442,0.8588791,4.535
8,Emilia-Romagna,Maschi,90,29177,4344,148.87675,27005,0.8437518,4.161
8,Emilia-Romagna,Maschi,91,24833,4095,164.90897,22786,0.8223476,3.802
8,Emilia-Romagna,Maschi,92,20738,4001,192.91231,18738,0.7954687,3.454
8,Emilia-Romagna,Maschi,93,16737,3664,218.92748,14905,0.7679279,3.160
8,Emilia-Romagna,Maschi,94,13073,3254,248.90099,11446,0.7431229,2.905
8,Emilia-Romagna,Maschi,95,9819,2627,267.49638,8506,0.7258278,2.702
8,Emilia-Romagna,Maschi,96,7193,2038,283.28589,6174,0.7050252,2.506
8,Emilia-Romagna,Maschi,97,5155,1605,311.28393,4353,0.6760848,2.299
8,Emilia-Romagna,Maschi,98,3550,1215,342.25548,2943,0.6461531,2.113
8,Emilia-Romagna,Maschi,99,2335,867,371.46998,1902,0.6175374,1.952
8,Emilia-Romagna,Maschi,100,1468,587,399.95203,1174,0.5914105,1.810
8,Emilia-Romagna,Maschi,101,881,373,422.98417,694,0.5648891,1.682
8,Emilia-Romagna,Maschi,102,508,232,456.12729,392,0.5320058,1.549
8,Emilia-Romagna,Maschi,103,276,135,489.81349,209,0.4987195,1.429
8,Emilia-Romagna,Maschi,104,141,74,523.75666,104,0.4653079,1.321
8,Emilia-Romagna,Maschi,105,67,37,557.65400,48,0.4320566,1.225
8,Emilia-Romagna,Maschi,106,30,18,591.20449,21,0.3992466,1.138
8,Emilia-Romagna,Maschi,107,12,8,624.11194,8,0.3671481,1.061
8,Emilia-Romagna,Maschi,108,5,3,656.10330,3,0.3360089,0.992
8,Emilia-Romagna,Maschi,109,2,1,686.92756,1,0.3060526,0.931
8,Emilia-Romagna,Maschi,110,0,0,716.37000,0,0.2774690,0.877
8,Emilia-Romagna,Maschi,111,0,0,744.25302,0,0.2504133,0.829
8,Emilia-Romagna,Maschi,112,0,0,770.44219,0,0.2250026,0.787
8,Emilia-Romagna,Maschi,113,0,0,794.84100,0,0.2013196,0.750
8,Emilia-Romagna,Maschi,114,0,0,817.39481,0,0.1794106,0.717
8,Emilia-Romagna,Maschi,115,0,0,838.08365,0,0.1592912,0.688
8,Emilia-Romagna,Maschi,116,0,0,856.92208,0,0.1409466,0.663
8,Emilia-Romagna,Maschi,117,0,0,873.94995,0,0.1243395,0.641
8,Emilia-Romagna,Maschi,118,0,0,889.23136,0,0.1094109,0.623
8,Emilia-Romagna,Maschi,119,0,0,902.84645,0,0.0960872,0.606
8,Emilia-Romagna,Femmine,0,100000,182,1.81697,99829,0.9997728,85.902
8,Emilia-Romagna,Femmine,1,99818,24,0.23964,99806,0.9997938,85.058
8,Emilia-Romagna,Femmine,2,99794,17,0.17283,99786,0.9998462,84.078
8,Emilia-Romagna,Femmine,3,99777,13,0.13467,99770,0.9998756,83.093
8,Emilia-Romagna,Femmine,4,99764,11,0.11408,99758,0.9998883,82.104
8,Emilia-Romagna,Femmine,5,99752,11,0.10923,99747,0.9998955,81.113
8,Emilia-Romagna,Femmine,6,99741,10,0.09984,99736,0.9999032,80.122
8,Emilia-Romagna,Femmine,7,99731,9,0.09370,99727,0.9999086,79.130
8,Emilia-Romagna,Femmine,8,99722,9,0.08915,99718,0.9999082,78.137
8,Emilia-Romagna,Femmine,9,99713,9,0.09446,99709,0.9999029,77.144
8,Emilia-Romagna,Femmine,10,99704,10,0.09965,99699,0.9998980,76.151
8,Emilia-Romagna,Femmine,11,99694,10,0.10443,99689,0.9998974,75.159
8,Emilia-Romagna,Femmine,12,99683,10,0.10075,99678,0.9999010,74.167
8,Emilia-Romagna,Femmine,13,99673,10,0.09726,99669,0.9999042,73.174
8,Emilia-Romagna,Femmine,14,99664,9,0.09432,99659,0.9999065,72.181
8,Emilia-Romagna,Femmine,15,99654,9,0.09276,99650,0.9999078,71.188
8,Emilia-Romagna,Femmine,16,99645,9,0.09170,99641,0.9999037,70.194
8,Emilia-Romagna,Femmine,17,99636,10,0.10086,99631,0.9998896,69.201
8,Emilia-Romagna,Femmine,18,99626,12,0.11999,99620,0.9998663,68.208
8,Emilia-Romagna,Femmine,19,99614,15,0.14750,99607,0.9998418,67.216
8,Emilia-Romagna,Femmine,20,99599,17,0.16900,99591,0.9998298,66.226
8,Emilia-Romagna,Femmine,21,99582,17,0.17145,99574,0.9998383,65.237
8,Emilia-Romagna,Femmine,22,99565,15,0.15187,99558,0.9998631,64.248
8,Emilia-Romagna,Femmine,23,99550,12,0.12195,99544,0.9998886,63.258
8,Emilia-Romagna,Femmine,24,99538,10,0.10092,99533,0.9998980,62.265
8,Emilia-Romagna,Femmine,25,99528,10,0.10309,99523,0.9998891,61.272
8,Emilia-Romagna,Femmine,26,99518,12,0.11870,99512,0.9998697,60.278
8,Emilia-Romagna,Femmine,27,99506,14,0.14189,99499,0.9998420,59.285
8,Emilia-Romagna,Femmine,28,99492,17,0.17411,99483,0.9998072,58.293
8,Emilia-Romagna,Femmine,29,99475,21,0.21147,99464,0.9997792,57.303
8,Emilia-Romagna,Femmine,30,99453,23,0.23024,99442,0.9997636,56.315
8,Emilia-Romagna,Femmine,31,99431,24,0.24254,99419,0.9997484,55.328
8,Emilia-Romagna,Femmine,32,99406,26,0.26068,99394,0.9997284,54.341
8,Emilia-Romagna,Femmine,33,99381,28,0.28255,99367,0.9997011,53.355
8,Emilia-Romagna,Femmine,34,99352,31,0.31518,99337,0.9996709,52.370
8,Emilia-Romagna,Femmine,35,99321,34,0.34301,99304,0.9996538,51.387
8,Emilia-Romagna,Femmine,36,99287,35,0.34943,99270,0.9996385,50.404
8,Emilia-Romagna,Femmine,37,99252,37,0.37355,99234,0.9995956,49.422
8,Emilia-Romagna,Femmine,38,99215,43,0.43519,99194,0.9995255,48.440
8,Emilia-Romagna,Femmine,39,99172,51,0.51378,99147,0.9994674,47.461
8,Emilia-Romagna,Femmine,40,99121,55,0.55151,99094,0.9994490,46.485
8,Emilia-Romagna,Femmine,41,99067,55,0.55056,99039,0.9994519,45.510
8,Emilia-Romagna,Femmine,42,99012,54,0.54555,98985,0.9994358,44.535
8,Emilia-Romagna,Femmine,43,98958,58,0.58284,98929,0.9993500,43.559
8,Emilia-Romagna,Femmine,44,98900,71,0.71711,98865,0.9992061,42.584
8,Emilia-Romagna,Femmine,45,98829,86,0.87072,98786,0.9990788,41.615
8,Emilia-Romagna,Femmine,46,98743,96,0.97180,98695,0.9990102,40.650
8,Emilia-Romagna,Femmine,47,98647,99,1.00790,98598,0.9990034,39.689
8,Emilia-Romagna,Femmine,48,98548,97,0.98524,98499,0.9989971,38.729
8,Emilia-Romagna,Femmine,49,98451,100,1.02066,98401,0.9989150,37.767
8,Emilia-Romagna,Femmine,50,98350,113,1.14937,98294,0.9987588,36.805
8,Emilia-Romagna,Femmine,51,98237,131,1.33319,98172,0.9985954,35.846
8,Emilia-Romagna,Femmine,52,98106,145,1.47602,98034,0.9984913,34.894
8,Emilia-Romagna,Femmine,53,97962,151,1.54139,97886,0.9984462,33.945
8,Emilia-Romagna,Femmine,54,97811,153,1.56632,97734,0.9983722,32.996
8,Emilia-Romagna,Femmine,55,97657,165,1.68931,97575,0.9981698,32.047
8,Emilia-Romagna,Femmine,56,97492,192,1.97139,97396,0.9978687,31.101
8,Emilia-Romagna,Femmine,57,97300,223,2.29148,97189,0.9975834,30.161
8,Emilia-Romagna,Femmine,58,97077,247,2.54200,96954,0.9973242,29.229
8,Emilia-Romagna,Femmine,59,96830,272,2.80984,96694,0.9970743,28.302
8,Emilia-Romagna,Femmine,60,96558,294,3.04190,96411,0.9967589,27.381
8,Emilia-Romagna,Femmine,61,96265,331,3.44099,96099,0.9963566,26.463
8,Emilia-Romagna,Femmine,62,95933,369,3.84644,95749,0.9960355,25.552
8,Emilia-Romagna,Femmine,63,95564,390,4.08309,95369,0.9957852,24.649
8,Emilia-Romagna,Femmine,64,95174,414,4.34700,94967,0.9953520,23.748
8,Emilia-Romagna,Femmine,65,94760,469,4.95036,94526,0.9947118,22.850
8,Emilia-Romagna,Femmine,66,94291,531,5.62780,94026,0.9940108,21.961
8,Emilia-Romagna,Femmine,67,93761,596,6.35259,93463,0.9933905,21.082
8,Emilia-Romagna,Femmine,68,93165,640,6.86806,92845,0.9928016,20.214
8,Emilia-Romagna,Femmine,69,92525,697,7.53099,92177,0.9920921,19.350
8,Emilia-Romagna,Femmine,70,91828,761,8.28771,91448,0.9910576,18.493
8,Emilia-Romagna,Femmine,71,91067,874,9.60257,90630,0.9896894,17.644
8,Emilia-Romagna,Femmine,72,90193,994,11.02550,89696,0.9881262,16.810
8,Emilia-Romagna,Femmine,73,89198,1136,12.73159,88631,0.9866189,15.992
8,Emilia-Romagna,Femmine,74,88063,1236,14.03902,87445,0.9852806,15.191
8,Emilia-Romagna,Femmine,75,86827,1338,15.40942,86158,0.9839435,14.401
8,Emilia-Romagna,Femmine,76,85489,1429,16.71368,84774,0.9823721,13.618
8,Emilia-Romagna,Femmine,77,84060,1560,18.55761,83280,0.9800514,12.841
8,Emilia-Romagna,Femmine,78,82500,1763,21.36581,81618,0.9766594,12.074
8,Emilia-Romagna,Femmine,79,80737,2047,25.35849,79713,0.9730323,11.327
8,Emilia-Romagna,Femmine,80,78690,2252,28.61868,77564,0.9692044,10.609
8,Emilia-Romagna,Femmine,81,76438,2525,33.03663,75175,0.9646419,9.907
8,Emilia-Romagna,Femmine,82,73913,2791,37.75883,72517,0.9592681,9.228
8,Emilia-Romagna,Femmine,83,71122,3117,43.82157,69563,0.9527369,8.570
8,Emilia-Romagna,Femmine,84,68005,3459,50.86235,66276,0.9456947,7.940
8,Emilia-Romagna,Femmine,85,64546,3739,57.93267,62676,0.9373743,7.339
8,Emilia-Romagna,Femmine,86,60807,4111,67.60731,58751,0.9267265,6.760
8,Emilia-Romagna,Femmine,87,56696,4499,79.35056,54446,0.9148902,6.214
8,Emilia-Romagna,Femmine,88,52197,4769,91.36539,49812,0.9018053,5.706
8,Emilia-Romagna,Femmine,89,47428,5014,105.71072,44921,0.8871954,5.229
8,Emilia-Romagna,Femmine,90,42414,5121,120.73711,39854,0.8707429,4.788
8,Emilia-Romagna,Femmine,91,37293,5182,138.94707,34702,0.8518070,4.377
8,Emilia-Romagna,Femmine,92,32112,5104,158.93092,29560,0.8310818,4.003
8,Emilia-Romagna,Femmine,93,27008,4883,180.79266,24567,0.8088721,3.665
8,Emilia-Romagna,Femmine,94,22125,4508,203.74394,19871,0.7883835,3.363
8,Emilia-Romagna,Femmine,95,17617,3902,221.50347,15666,0.7662941,3.096
8,Emilia-Romagna,Femmine,96,13715,3420,249.38022,12005,0.7406925,2.835
8,Emilia-Romagna,Femmine,97,10295,2806,272.53298,8892,0.7173021,2.611
8,Emilia-Romagna,Femmine,98,7489,2222,296.67099,6378,0.6923067,2.401
8,Emilia-Romagna,Femmine,99,5267,1703,323.36489,4416,0.6644612,2.203
8,Emilia-Romagna,Femmine,100,3564,1260,353.53073,2934,0.6329715,2.017
8,Emilia-Romagna,Femmine,101,2304,894,387.90772,1857,0.6000759,1.847
8,Emilia-Romagna,Femmine,102,1410,592,419.55573,1114,0.5685680,1.701
8,Emilia-Romagna,Femmine,103,819,370,451.89277,634,0.5365072,1.569
8,Emilia-Romagna,Femmine,104,449,217,484.65649,340,0.5041500,1.450
8,Emilia-Romagna,Femmine,105,231,120,517.57035,171,0.4717606,1.343
8,Emilia-Romagna,Femmine,106,112,61,550.35466,81,0.4396031,1.247
8,Emilia-Romagna,Femmine,107,50,29,582.73058,36,0.4079347,1.161
8,Emilia-Romagna,Femmine,108,21,13,614.43616,14,0.3769941,1.085
8,Emilia-Romagna,Femmine,109,8,5,645.23240,5,0.3469973,1.016
8,Emilia-Romagna,Femmine,110,3,2,674.90525,2,0.3181342,0.956
8,Emilia-Romagna,Femmine,111,1,1,703.27665,1,0.2905611,0.902
8,Emilia-Romagna,Femmine,112,0,0,730.20660,0,0.2644002,0.854
8,Emilia-Romagna,Femmine,113,0,0,755.59013,0,0.2397414,0.811
8,Emilia-Romagna,Femmine,114,0,0,779.35936,0,0.2166419,0.774
8,Emilia-Romagna,Femmine,115,0,0,801.48152,0,0.1951273,0.740
8,Emilia-Romagna,Femmine,116,0,0,821.95495,0,0.1751967,0.711
8,Emilia-Romagna,Femmine,117,0,0,840.80106,0,0.1568275,0.685
8,Emilia-Romagna,Femmine,118,0,0,858.06843,0,0.1399741,0.662
8,Emilia-Romagna,Femmine,119,0,0,873.81767,0,0.1245790,0.642
9,Toscana,Maschi e femmine,0,100000,214,2.13516,99799,0.9997630,84.073
9,Toscana,Maschi e femmine,1,99786,22,0.22166,99775,0.9998194,83.252
9,Toscana,Maschi e femmine,2,99764,14,0.13959,99757,0.9998862,82.270
9,Toscana,Maschi e femmine,3,99750,9,0.08804,99746,0.9999249,81.282
9,Toscana,Maschi e femmine,4,99742,6,0.06219,99739,0.9999359,80.289
9,Toscana,Maschi e femmine,5,99735,7,0.06606,99732,0.9999259,79.294
9,Toscana,Maschi e femmine,6,99729,8,0.08211,99725,0.9999086,78.299
9,Toscana,Maschi e femmine,7,99721,10,0.10059,99716,0.9998959,77.305
9,Toscana,Maschi e femmine,8,99711,11,0.10752,99705,0.9998933,76.313
9,Toscana,Maschi e femmine,9,99700,11,0.10594,99695,0.9999025,75.321
9,Toscana,Maschi e femmine,10,99689,9,0.08898,99685,0.9999171,74.329
9,Toscana,Maschi e femmine,11,99680,8,0.07687,99677,0.9999268,73.336
9,Toscana,Maschi e femmine,12,99673,7,0.06949,99669,0.9999237,72.341
9,Toscana,Maschi e femmine,13,99666,8,0.08310,99662,0.9999060,71.346
9,Toscana,Maschi e femmine,14,99658,10,0.10491,99652,0.9998804,70.352
9,Toscana,Maschi e femmine,15,99647,13,0.13435,99640,0.9998557,69.360
9,Toscana,Maschi e femmine,16,99634,15,0.15435,99626,0.9998360,68.369
9,Toscana,Maschi e femmine,17,99618,17,0.17368,99610,0.9998109,67.379
9,Toscana,Maschi e femmine,18,99601,20,0.20453,99591,0.9997789,66.391
9,Toscana,Maschi e femmine,19,99581,24,0.23763,99569,0.9997545,65.404
9,Toscana,Maschi e femmine,20,99557,25,0.25337,99544,0.9997504,64.420
9,Toscana,Maschi e femmine,21,99532,24,0.24587,99520,0.9997631,63.436
9,Toscana,Maschi e femmine,22,99507,23,0.22787,99496,0.9997831,62.452
9,Toscana,Maschi e femmine,23,99485,20,0.20595,99474,0.9997887,61.466
9,Toscana,Maschi e femmine,24,99464,22,0.21656,99453,0.9997793,60.478
9,Toscana,Maschi e femmine,25,99443,22,0.22481,99431,0.9997706,59.491
9,Toscana,Maschi e femmine,26,99420,23,0.23394,99409,0.9997568,58.504
9,Toscana,Maschi e femmine,27,99397,25,0.25239,99385,0.9997388,57.518
9,Toscana,Maschi e femmine,28,99372,27,0.27001,99359,0.9997164,56.532
9,Toscana,Maschi e femmine,29,99345,30,0.29714,99330,0.9996864,55.548
9,Toscana,Maschi e femmine,30,99316,33,0.33000,99299,0.9996682,54.564
9,Toscana,Maschi e femmine,31,99283,33,0.33368,99266,0.9996646,53.582
9,Toscana,Maschi e femmine,32,99250,33,0.33718,99233,0.9996491,52.600
9,Toscana,Maschi e femmine,33,99216,36,0.36472,99198,0.9996205,51.617
9,Toscana,Maschi e femmine,34,99180,39,0.39426,99161,0.9995828,50.636
9,Toscana,Maschi e femmine,35,99141,44,0.44018,99119,0.9995466,49.656
9,Toscana,Maschi e femmine,36,99097,46,0.46652,99074,0.9995223,48.677
9,Toscana,Maschi e femmine,37,99051,48,0.48893,99027,0.9994955,47.700
9,Toscana,Maschi e femmine,38,99003,51,0.52000,98977,0.9994582,46.723
9,Toscana,Maschi e femmine,39,98951,56,0.56355,98923,0.9994000,45.747
9,Toscana,Maschi e femmine,40,98895,63,0.63647,98864,0.9993224,44.772
9,Toscana,Maschi e femmine,41,98832,71,0.71884,98797,0.9992382,43.800
9,Toscana,Maschi e femmine,42,98761,79,0.80473,98722,0.9991495,42.832
9,Toscana,Maschi e femmine,43,98682,88,0.89640,98638,0.9990370,41.866
9,Toscana,Maschi e femmine,44,98593,102,1.02969,98543,0.9989171,40.903
9,Toscana,Maschi e femmine,45,98492,112,1.13607,98436,0.9988072,39.944
9,Toscana,Maschi e femmine,46,98380,123,1.24952,98319,0.9987131,38.989
9,Toscana,Maschi e femmine,47,98257,130,1.32436,98192,0.9986208,38.038
9,Toscana,Maschi e femmine,48,98127,141,1.43406,98057,0.9984971,37.087
9,Toscana,Maschi e femmine,49,97986,154,1.57185,97909,0.9983439,36.140
9,Toscana,Maschi e femmine,50,97832,170,1.74051,97747,0.9981924,35.196
9,Toscana,Maschi e femmine,51,97662,183,1.87483,97570,0.9980574,34.256
9,Toscana,Maschi e femmine,52,97479,196,2.01040,97381,0.9979353,33.320
9,Toscana,Maschi e femmine,53,97283,206,2.11904,97180,0.9977715,32.386
9,Toscana,Maschi e femmine,54,97077,227,2.33816,96963,0.9975305,31.454
9,Toscana,Maschi e femmine,55,96850,252,2.60106,96724,0.9972339,30.526
9,Toscana,Maschi e femmine,56,96598,283,2.93167,96456,0.9968652,29.605
9,Toscana,Maschi e femmine,57,96315,322,3.33847,96154,0.9964717,28.690
9,Toscana,Maschi e femmine,58,95993,357,3.71884,95815,0.9961858,27.785
9,Toscana,Maschi e femmine,59,95636,374,3.90986,95449,0.9959378,26.886
9,Toscana,Maschi e femmine,60,95262,402,4.21517,95061,0.9956079,25.990
9,Toscana,Maschi e femmine,61,94861,434,4.56986,94644,0.9952298,25.098
9,Toscana,Maschi e femmine,62,94427,469,4.97155,94192,0.9947773,24.211
9,Toscana,Maschi e femmine,63,93958,514,5.47518,93701,0.9943414,23.329
9,Toscana,Maschi e femmine,64,93443,546,5.84313,93170,0.9938825,22.455
9,Toscana,Maschi e femmine,65,92897,594,6.39355,92600,0.9932352,21.584
9,Toscana,Maschi e femmine,66,92303,659,7.13835,91974,0.9923541,20.720
9,Toscana,Maschi e femmine,67,91644,748,8.15705,91271,0.9913209,19.865
9,Toscana,Maschi e femmine,68,90897,837,9.20543,90479,0.9902429,19.024
9,Toscana,Maschi e femmine,69,90060,929,10.31383,89596,0.9892419,18.196
9,Toscana,Maschi e femmine,70,89131,999,11.20703,88632,0.9881005,17.381
9,Toscana,Maschi e femmine,71,88132,1110,12.59973,87577,0.9866148,16.572
9,Toscana,Maschi e femmine,72,87022,1234,14.18072,86405,0.9849914,15.777
9,Toscana,Maschi e femmine,73,85788,1360,15.84847,85108,0.9832224,14.997
9,Toscana,Maschi e femmine,74,84428,1496,17.72160,83680,0.9813375,14.230
9,Toscana,Maschi e femmine,75,82932,1627,19.62042,82119,0.9796713,13.478
9,Toscana,Maschi e femmine,76,81305,1712,21.05114,80449,0.9779161,12.738
9,Toscana,Maschi e femmine,77,79593,1842,23.13890,78673,0.9749350,12.001
9,Toscana,Maschi e femmine,78,77752,2102,27.03665,76701,0.9707877,11.273
9,Toscana,Maschi e femmine,79,75650,2379,31.44838,74460,0.9660348,10.573
9,Toscana,Maschi e femmine,80,73270,2679,36.56380,71931,0.9603821,9.900
9,Toscana,Maschi e femmine,81,70591,3020,42.78782,69081,0.9548770,9.257
9,Toscana,Maschi e femmine,82,67571,3214,47.56246,65964,0.9499159,8.648
9,Toscana,Maschi e femmine,83,64357,3394,52.73174,62660,0.9442717,8.055
9,Toscana,Maschi e femmine,84,60963,3590,58.89164,59168,0.9381336,7.475
9,Toscana,Maschi e femmine,85,57373,3731,65.02738,55508,0.9298372,6.912
9,Toscana,Maschi e femmine,86,53642,4058,75.65547,51613,0.9182502,6.358
9,Toscana,Maschi e femmine,87,49584,4380,88.34299,47394,0.9049895,5.837
9,Toscana,Maschi e femmine,88,45204,4625,102.32407,42891,0.8906822,5.355
9,Toscana,Maschi e femmine,89,40578,4752,117.10864,38202,0.8754127,4.908
9,Toscana,Maschi e femmine,90,35826,4767,133.05796,33443,0.8580187,4.493
9,Toscana,Maschi e femmine,91,31059,4730,152.27429,28694,0.8365042,4.105
9,Toscana,Maschi e femmine,92,26330,4653,176.73291,24003,0.8144777,3.753
9,Toscana,Maschi e femmine,93,21676,4253,196.19861,19550,0.7935265,3.451
9,Toscana,Maschi e femmine,94,17424,3820,219.25639,15513,0.7707320,3.172
9,Toscana,Maschi e femmine,95,13603,3293,242.09126,11957,0.7467551,2.922
9,Toscana,Maschi e femmine,96,10310,2763,267.96121,8929,0.7232562,2.696
9,Toscana,Maschi e femmine,97,7547,2179,288.74118,6458,0.7021056,2.500
9,Toscana,Maschi e femmine,98,5368,1668,310.76340,4534,0.6789913,2.311
9,Toscana,Maschi e femmine,99,3700,1243,335.87334,3079,0.6520919,2.128
9,Toscana,Maschi e femmine,100,2457,899,366.02941,2008,0.6204301,1.952
9,Toscana,Maschi e femmine,101,1558,625,400.92808,1246,0.5874889,1.790
9,Toscana,Maschi e femmine,102,933,403,431.84595,732,0.5567734,1.653
9,Toscana,Maschi e femmine,103,530,246,463.25757,407,0.5256838,1.530
9,Toscana,Maschi e femmine,104,285,141,494.91948,214,0.4944546,1.418
9,Toscana,Maschi e femmine,105,144,76,526.58355,106,0.4633193,1.318
9,Toscana,Maschi e femmine,106,68,38,558.00890,49,0.4325030,1.228
9,Toscana,Maschi e femmine,107,30,18,588.96356,21,0.4022176,1.147
9,Toscana,Maschi e femmine,108,12,8,619.23755,9,0.3726533,1.075
9,Toscana,Maschi e femmine,109,5,3,648.64396,3,0.3439787,1.010
9,Toscana,Maschi e femmine,110,2,1,677.01817,1,0.3163402,0.952
9,Toscana,Maschi e femmine,111,1,0,704.22327,0,0.2898588,0.901
9,Toscana,Maschi e femmine,112,0,0,730.14928,0,0.2646318,0.854
9,Toscana,Maschi e femmine,113,0,0,754.70811,0,0.2407364,0.813
9,Toscana,Maschi e femmine,114,0,0,777.83557,0,0.2182280,0.776
9,Toscana,Maschi e femmine,115,0,0,799.49072,0,0.1971415,0.743
9,Toscana,Maschi e femmine,116,0,0,819.65484,0,0.1774923,0.714
9,Toscana,Maschi e femmine,117,0,0,838.32679,0,0.1592789,0.688
9,Toscana,Maschi e femmine,118,0,0,855.53041,0,0.1424786,0.665
9,Toscana,Maschi e femmine,119,0,0,871.30241,0,0.1270559,0.645
9,Toscana,Maschi,0,100000,237,2.36612,99777,0.9997826,82.299
9,Toscana,Maschi,1,99763,15,0.15506,99756,0.9998724,81.493
9,Toscana,Maschi,2,99748,10,0.10019,99743,0.9999152,80.505
9,Toscana,Maschi,3,99738,7,0.06948,99734,0.9999358,79.513
9,Toscana,Maschi,4,99731,6,0.05884,99728,0.9999344,78.519
9,Toscana,Maschi,5,99725,7,0.07226,99722,0.9999173,77.523
9,Toscana,Maschi,6,99718,9,0.09321,99713,0.9998969,76.529
9,Toscana,Maschi,7,99709,11,0.11301,99703,0.9998847,75.536
9,Toscana,Maschi,8,99697,12,0.11753,99691,0.9998859,74.545
9,Toscana,Maschi,9,99686,11,0.11072,99680,0.9999010,73.553
9,Toscana,Maschi,10,99675,9,0.08734,99670,0.9999200,72.561
9,Toscana,Maschi,11,99666,7,0.07275,99662,0.9999314,71.568
9,Toscana,Maschi,12,99659,6,0.06437,99655,0.9999282,70.573
9,Toscana,Maschi,13,99652,8,0.07928,99648,0.9999071,69.577
9,Toscana,Maschi,14,99644,11,0.10650,99639,0.9998784,68.583
9,Toscana,Maschi,15,99634,14,0.13678,99627,0.9998514,67.590
9,Toscana,Maschi,16,99620,16,0.16043,99612,0.9998220,66.599
9,Toscana,Maschi,17,99604,19,0.19562,99594,0.9997688,65.610
9,Toscana,Maschi,18,99585,27,0.26677,99571,0.9996960,64.623
9,Toscana,Maschi,19,99558,34,0.34133,99541,0.9996378,63.640
9,Toscana,Maschi,20,99524,38,0.38301,99505,0.9996211,62.661
9,Toscana,Maschi,21,99486,37,0.37471,99467,0.9996453,61.685
9,Toscana,Maschi,22,99449,33,0.33472,99432,0.9996930,60.708
9,Toscana,Maschi,23,99415,28,0.27936,99402,0.9997189,59.728
9,Toscana,Maschi,24,99388,28,0.28275,99374,0.9997163,58.745
9,Toscana,Maschi,25,99360,28,0.28474,99345,0.9997113,57.761
9,Toscana,Maschi,26,99331,29,0.29258,99317,0.9996886,56.777
9,Toscana,Maschi,27,99302,33,0.33026,99286,0.9996458,55.794
9,Toscana,Maschi,28,99269,38,0.37814,99251,0.9995896,54.812
9,Toscana,Maschi,29,99232,44,0.44265,99210,0.9995223,53.833
9,Toscana,Maschi,30,99188,51,0.51272,99162,0.9994871,52.856
9,Toscana,Maschi,31,99137,51,0.51301,99112,0.9994964,51.883
9,Toscana,Maschi,32,99086,49,0.49424,99062,0.9995066,50.910
9,Toscana,Maschi,33,99037,49,0.49261,99013,0.9994963,49.935
9,Toscana,Maschi,34,98988,51,0.51475,98963,0.9994515,48.959
9,Toscana,Maschi,35,98937,58,0.58219,98909,0.9993976,47.984
9,Toscana,Maschi,36,98880,62,0.62269,98849,0.9993606,47.012
9,Toscana,Maschi,37,98818,65,0.65608,98786,0.9993182,46.040
9,Toscana,Maschi,38,98753,70,0.70750,98719,0.9992702,45.070
9,Toscana,Maschi,39,98684,74,0.75219,98646,0.9992014,44.102
9,Toscana,Maschi,40,98609,83,0.84506,98568,0.9991227,43.135
9,Toscana,Maschi,41,98526,90,0.90960,98481,0.9990458,42.171
9,Toscana,Maschi,42,98436,98,0.99877,98387,0.9989504,41.209
9,Toscana,Maschi,43,98338,108,1.10044,98284,0.9988260,40.249
9,Toscana,Maschi,44,98230,123,1.24755,98169,0.9987147,39.293
9,Toscana,Maschi,45,98107,130,1.32308,98042,0.9986109,38.342
9,Toscana,Maschi,46,97978,143,1.45517,97906,0.9984997,37.392
9,Toscana,Maschi,47,97835,151,1.54540,97759,0.9983493,36.446
9,Toscana,Maschi,48,97684,172,1.75617,97598,0.9981211,35.501
9,Toscana,Maschi,49,97512,195,2.00178,97415,0.9978885,34.563
9,Toscana,Maschi,50,97317,216,2.22153,97209,0.9977624,33.631
9,Toscana,Maschi,51,97101,219,2.25380,96991,0.9977180,32.705
9,Toscana,Maschi,52,96882,224,2.31036,96770,0.9976522,31.778
9,Toscana,Maschi,53,96658,231,2.38541,96543,0.9974576,30.850
9,Toscana,Maschi,54,96428,260,2.69968,96297,0.9970464,29.923
9,Toscana,Maschi,55,96167,309,3.20831,96013,0.9964986,29.002
9,Toscana,Maschi,56,95859,364,3.79535,95677,0.9959285,28.094
9,Toscana,Maschi,57,95495,415,4.34879,95287,0.9954028,27.199
9,Toscana,Maschi,58,95080,461,4.84675,94849,0.9950513,26.316
9,Toscana,Maschi,59,94619,478,5.05120,94380,0.9947397,25.442
9,Toscana,Maschi,60,94141,515,5.47053,93883,0.9943285,24.568
9,Toscana,Maschi,61,93626,550,5.87359,93351,0.9939799,23.701
9,Toscana,Maschi,62,93076,574,6.16749,92789,0.9935600,22.838
9,Toscana,Maschi,63,92502,621,6.71430,92191,0.9930501,21.976
9,Toscana,Maschi,64,91881,660,7.18708,91551,0.9924556,21.121
9,Toscana,Maschi,65,91220,721,7.90433,90860,0.9915997,20.271
9,Toscana,Maschi,66,90499,805,8.90022,90097,0.9904763,19.428
9,Toscana,Maschi,67,89694,911,10.15276,89239,0.9893276,18.598
9,Toscana,Maschi,68,88783,994,11.19744,88286,0.9880655,17.784
9,Toscana,Maschi,69,87789,1113,12.67982,87233,0.9868347,16.980
9,Toscana,Maschi,70,86676,1184,13.65705,86084,0.9853953,16.191
9,Toscana,Maschi,71,85492,1331,15.56544,84827,0.9834054,15.408
9,Toscana,Maschi,72,84162,1485,17.64003,83419,0.9812620,14.644
9,Toscana,Maschi,73,82677,1642,19.85558,81856,0.9789595,13.898
9,Toscana,Maschi,74,81035,1803,22.24948,80134,0.9764347,13.170
9,Toscana,Maschi,75,79232,1974,24.91103,78245,0.9743049,12.458
9,Toscana,Maschi,76,77259,2047,26.49921,76235,0.9722795,11.763
9,Toscana,Maschi,77,75211,2179,28.97505,74122,0.9690185,11.070
9,Toscana,Maschi,78,73032,2414,33.04788,71825,0.9643638,10.385
9,Toscana,Maschi,79,70618,2706,38.31304,69266,0.9591434,9.723
9,Toscana,Maschi,80,67913,2954,43.50153,66436,0.9531209,9.091
9,Toscana,Maschi,81,64959,3275,50.41018,63321,0.9468273,8.481
9,Toscana,Maschi,82,61684,3459,56.08181,59954,0.9407299,7.905
9,Toscana,Maschi,83,58225,3648,62.64783,56401,0.9335739,7.345
9,Toscana,Maschi,84,54577,3845,70.45697,52654,0.9255605,6.803
9,Toscana,Maschi,85,50732,3994,78.72390,48735,0.9157661,6.280
9,Toscana,Maschi,86,46738,4216,90.21473,44630,0.9030215,5.774
9,Toscana,Maschi,87,42521,4440,104.41288,40302,0.8875646,5.297
9,Toscana,Maschi,88,38082,4623,121.39316,35770,0.8714166,4.856
9,Toscana,Maschi,89,33459,4576,136.76698,31171,0.8555684,4.458
9,Toscana,Maschi,90,28883,4428,153.31068,26669,0.8388190,4.086
9,Toscana,Maschi,91,24455,4169,170.47634,22370,0.8182173,3.735
9,Toscana,Maschi,92,20286,3964,195.41269,18304,0.7961437,3.400
9,Toscana,Maschi,93,16322,3499,214.35068,14572,0.7705615,3.104
9,Toscana,Maschi,94,12823,3188,248.64283,11229,0.7366438,2.814
9,Toscana,Maschi,95,9635,2726,282.93854,8272,0.7031229,2.580
9,Toscana,Maschi,96,6909,2185,316.31560,5816,0.6784231,2.401
9,Toscana,Maschi,97,4723,1555,329.27234,3946,0.6678862,2.280
9,Toscana,Maschi,98,3168,1066,336.35027,2635,0.6584046,2.154
9,Toscana,Maschi,99,2103,735,349.49890,1735,0.6374123,1.992
9,Toscana,Maschi,100,1368,523,382.70879,1106,0.5939347,1.793
9,Toscana,Maschi,101,844,375,443.90242,657,0.5440055,1.595
9,Toscana,Maschi,102,469,224,477.73897,357,0.5105040,1.469
9,Toscana,Maschi,103,245,126,512.00779,182,0.4767107,1.356
9,Toscana,Maschi,104,120,65,546.40742,87,0.4429161,1.255
9,Toscana,Maschi,105,54,32,580.62144,39,0.4094165,1.164
9,Toscana,Maschi,106,23,14,614.33773,16,0.3765016,1.082
9,Toscana,Maschi,107,9,6,647.25165,6,0.3444474,1.010
9,Toscana,Maschi,108,3,2,679.08495,2,0.3135052,0.946
9,Toscana,Maschi,109,1,1,709.58436,1,0.2838999,0.889
9,Toscana,Maschi,110,0,0,738.53605,0,0.2558200,0.838
9,Toscana,Maschi,111,0,0,765.76608,0,0.2294172,0.794
9,Toscana,Maschi,112,0,0,791.14628,0,0.2048036,0.755
9,Toscana,Maschi,113,0,0,814.58837,0,0.1820552,0.721
9,Toscana,Maschi,114,0,0,836.04766,0,0.1612102,0.691
9,Toscana,Maschi,115,0,0,855.51522,0,0.1422752,0.665
9,Toscana,Maschi,116,0,0,873.01743,0,0.1252261,0.643
9,Toscana,Maschi,117,0,0,888.60623,0,0.1100155,0.623
9,Toscana,Maschi,118,0,0,902.35780,0,0.0965742,0.607
9,Toscana,Maschi,119,0,0,914.36399,0,0.0848184,0.593
9,Toscana,Femmine,0,100000,189,1.89161,99822,0.9997423,85.934
9,Toscana,Femmine,1,99811,29,0.29190,99796,0.9997635,85.096
9,Toscana,Femmine,2,99782,18,0.18114,99773,0.9998556,84.121
9,Toscana,Femmine,3,99764,11,0.10762,99758,0.9999133,83.136
9,Toscana,Femmine,4,99753,7,0.06572,99750,0.9999374,82.145
9,Toscana,Femmine,5,99746,6,0.05952,99743,0.9999350,81.150
9,Toscana,Femmine,6,99740,7,0.07041,99737,0.9999210,80.155
9,Toscana,Femmine,7,99733,9,0.08750,99729,0.9999078,79.160
9,Toscana,Femmine,8,99725,10,0.09697,99720,0.9999011,78.167
9,Toscana,Femmine,9,99715,10,0.10089,99710,0.9999042,77.175
9,Toscana,Femmine,10,99705,9,0.09070,99700,0.9999140,76.182
9,Toscana,Femmine,11,99696,8,0.08121,99692,0.9999219,75.189
9,Toscana,Femmine,12,99688,7,0.07490,99684,0.9999190,74.195
9,Toscana,Femmine,13,99680,9,0.08713,99676,0.9999048,73.201
9,Toscana,Femmine,14,99672,10,0.10323,99666,0.9998825,72.207
9,Toscana,Femmine,15,99661,13,0.13178,99655,0.9998601,71.215
9,Toscana,Femmine,16,99648,15,0.14794,99641,0.9998508,70.224
9,Toscana,Femmine,17,99633,15,0.15055,99626,0.9998553,69.234
9,Toscana,Femmine,18,99618,14,0.13890,99612,0.9998664,68.245
9,Toscana,Femmine,19,99605,13,0.12830,99598,0.9998775,67.254
9,Toscana,Femmine,20,99592,12,0.11671,99586,0.9998866,66.263
9,Toscana,Femmine,21,99580,11,0.11009,99575,0.9998873,65.270
9,Toscana,Femmine,22,99569,11,0.11530,99564,0.9998780,64.277
9,Toscana,Femmine,23,99558,13,0.12862,99551,0.9998623,63.285
9,Toscana,Femmine,24,99545,15,0.14684,99538,0.9998457,62.293
9,Toscana,Femmine,25,99530,16,0.16169,99522,0.9998331,61.302
9,Toscana,Femmine,26,99514,17,0.17219,99506,0.9998287,60.312
9,Toscana,Femmine,27,99497,17,0.17040,99489,0.9998367,59.322
9,Toscana,Femmine,28,99480,16,0.15619,99472,0.9998499,58.332
9,Toscana,Femmine,29,99465,14,0.14401,99457,0.9998591,57.341
9,Toscana,Femmine,30,99450,14,0.13778,99443,0.9998586,56.349
9,Toscana,Femmine,31,99437,14,0.14510,99429,0.9998414,55.357
9,Toscana,Femmine,32,99422,17,0.17206,99414,0.9997988,54.365
9,Toscana,Femmine,33,99405,23,0.23032,99394,0.9997510,53.374
9,Toscana,Femmine,34,99382,27,0.26765,99369,0.9997207,52.386
9,Toscana,Femmine,35,99356,29,0.29102,99341,0.9997032,51.400
9,Toscana,Femmine,36,99327,30,0.30254,99312,0.9996920,50.415
9,Toscana,Femmine,37,99297,31,0.31346,99281,0.9996816,49.430
9,Toscana,Femmine,38,99265,32,0.32324,99249,0.9996555,48.446
9,Toscana,Femmine,39,99233,36,0.36569,99215,0.9996083,47.461
9,Toscana,Femmine,40,99197,41,0.41776,99176,0.9995317,46.478
9,Toscana,Femmine,41,99156,51,0.51892,99130,0.9994398,45.497
9,Toscana,Femmine,42,99104,60,0.60144,99074,0.9993579,44.521
9,Toscana,Femmine,43,99045,68,0.68273,99011,0.9992578,43.547
9,Toscana,Femmine,44,98977,79,0.80165,98937,0.9991290,42.577
9,Toscana,Femmine,45,98898,93,0.94039,98851,0.9990126,41.611
9,Toscana,Femmine,46,98805,102,1.03442,98754,0.9989362,40.649
9,Toscana,Femmine,47,98702,108,1.09325,98648,0.9989046,39.691
9,Toscana,Femmine,48,98595,108,1.09749,98540,0.9988898,38.734
9,Toscana,Femmine,49,98486,111,1.12296,98431,0.9988192,37.776
9,Toscana,Femmine,50,98376,122,1.23873,98315,0.9986408,36.818
9,Toscana,Femmine,51,98254,145,1.47986,98181,0.9984112,35.863
9,Toscana,Femmine,52,98108,167,1.69799,98025,0.9982302,34.915
9,Toscana,Femmine,53,97942,180,1.84178,97852,0.9980981,33.974
9,Toscana,Femmine,54,97762,192,1.96209,97666,0.9980340,33.035
9,Toscana,Femmine,55,97570,192,1.97001,97474,0.9979973,32.099
9,Toscana,Femmine,56,97377,198,2.03549,97278,0.9978363,31.162
9,Toscana,Femmine,57,97179,223,2.29215,97068,0.9975774,30.224
9,Toscana,Femmine,58,96957,248,2.55326,96833,0.9973569,29.292
9,Toscana,Femmine,59,96709,264,2.73313,96577,0.9971715,28.366
9,Toscana,Femmine,60,96445,282,2.92405,96304,0.9969220,27.443
9,Toscana,Femmine,61,96163,311,3.23249,96007,0.9965102,26.522
9,Toscana,Femmine,62,95852,359,3.74785,95672,0.9960213,25.606
9,Toscana,Femmine,63,95493,402,4.21044,95292,0.9956576,24.700
9,Toscana,Femmine,64,95090,426,4.47497,94878,0.9953329,23.803
9,Toscana,Femmine,65,94665,460,4.86001,94435,0.9948927,22.907
9,Toscana,Femmine,66,94205,505,5.35587,93953,0.9942503,22.017
9,Toscana,Femmine,67,93700,576,6.14565,93412,0.9933259,21.133
9,Toscana,Femmine,68,93124,671,7.20584,92789,0.9924238,20.260
9,Toscana,Femmine,69,92453,735,7.94928,92086,0.9916418,19.404
9,Toscana,Femmine,70,91719,804,8.77035,91316,0.9907837,18.555
9,Toscana,Femmine,71,90914,879,9.66621,90475,0.9897791,17.715
9,Toscana,Femmine,72,90035,971,10.78099,89550,0.9886427,16.883
9,Toscana,Femmine,73,89065,1063,11.93980,88533,0.9873630,16.062
9,Toscana,Femmine,74,88001,1174,13.34254,87414,0.9860560,15.250
9,Toscana,Femmine,75,86827,1264,14.55361,86195,0.9847836,14.449
9,Toscana,Femmine,76,85563,1360,15.88906,84884,0.9832273,13.655
9,Toscana,Femmine,77,84204,1488,17.67068,83460,0.9804466,12.868
9,Toscana,Femmine,78,82716,1776,21.47003,81828,0.9766992,12.090
9,Toscana,Femmine,79,80940,2037,25.17175,79921,0.9722938,11.344
9,Toscana,Femmine,80,78903,2391,30.30615,77707,0.9668855,10.624
9,Toscana,Femmine,81,76511,2755,36.01053,75134,0.9619788,9.941
9,Toscana,Femmine,82,73756,2958,40.10694,72277,0.9578839,9.293
9,Toscana,Femmine,83,70798,3130,44.20929,69233,0.9533722,8.661
9,Toscana,Femmine,84,67668,3326,49.15816,66005,0.9485891,8.038
9,Toscana,Femmine,85,64342,3460,53.78011,62612,0.9412398,7.428
9,Toscana,Femmine,86,60881,3898,64.02331,58932,0.9302446,6.822
9,Toscana,Femmine,87,56984,4324,75.87962,54822,0.9182851,6.254
9,Toscana,Femmine,88,52660,4636,88.02938,50342,0.9048695,5.727
9,Toscana,Femmine,89,48024,4942,102.91703,45553,0.8894802,5.231
9,Toscana,Femmine,90,43082,5126,118.99470,40518,0.8711185,4.774
9,Toscana,Femmine,91,37955,5318,140.10363,35296,0.8485297,4.351
9,Toscana,Femmine,92,32637,5375,164.68900,29950,0.8261035,3.979
9,Toscana,Femmine,93,27262,5041,184.91940,24742,0.8074861,3.665
9,Toscana,Femmine,94,22221,4485,201.83143,19979,0.7903190,3.383
9,Toscana,Femmine,95,17736,3893,219.51545,15789,0.7699464,3.111
9,Toscana,Femmine,96,13843,3371,243.55576,12157,0.7450071,2.846
9,Toscana,Femmine,97,10471,2828,270.11259,9057,0.7173554,2.601
9,Toscana,Femmine,98,7643,2291,299.81435,6497,0.6876347,2.379
9,Toscana,Femmine,99,5351,1768,330.29059,4468,0.6580300,2.183
9,Toscana,Femmine,100,3584,1288,359.40954,2940,0.6306510,2.013
9,Toscana,Femmine,101,2296,884,384.86504,1854,0.6031347,1.863
9,Toscana,Femmine,102,1412,588,416.37368,1118,0.5717561,1.715
9,Toscana,Femmine,103,824,370,448.58276,639,0.5398127,1.582
9,Toscana,Femmine,104,454,219,481.23232,345,0.5075588,1.462
9,Toscana,Femmine,105,236,121,514.04805,175,0.4752567,1.354
9,Toscana,Femmine,106,115,63,546.75221,83,0.4431691,1.257
9,Toscana,Femmine,107,52,30,579.06762,37,0.4115518,1.171
9,Toscana,Femmine,108,22,13,610.73359,15,0.3806424,1.093
9,Toscana,Femmine,109,9,5,641.51200,6,0.3506565,1.025
9,Toscana,Femmine,110,3,2,671.18925,2,0.3217837,0.963
9,Toscana,Femmine,111,1,1,699.58737,1,0.2941802,0.909
9,Toscana,Femmine,112,0,0,726.56602,0,0.2679685,0.860
9,Toscana,Femmine,113,0,0,752.01962,0,0.2432393,0.817
9,Toscana,Femmine,114,0,0,775.87941,0,0.2200502,0.779
9,Toscana,Femmine,115,0,0,798.11148,0,0.1984280,0.745
9,Toscana,Femmine,116,0,0,818.71289,0,0.1783727,0.716
9,Toscana,Femmine,117,0,0,837.70371,0,0.1598628,0.689
9,Toscana,Femmine,118,0,0,855.13105,0,0.1428541,0.666
9,Toscana,Femmine,119,0,0,871.05414,0,0.1272901,0.645
10,Umbria,Maschi e femmine,0,100000,303,3.02642,99715,0.9997415,84.013
10,Umbria,Maschi e femmine,1,99697,16,0.15893,99689,0.9998614,83.266
10,Umbria,Maschi e femmine,2,99682,12,0.11835,99676,0.9998915,82.279
10,Umbria,Maschi e femmine,3,99670,10,0.09874,99665,0.9999036,81.289
10,Umbria,Maschi e femmine,4,99660,9,0.09413,99655,0.9998980,80.297
10,Umbria,Maschi e femmine,5,99650,11,0.10994,99645,0.9998862,79.305
10,Umbria,Maschi e femmine,6,99640,12,0.11759,99634,0.9998843,78.313
10,Umbria,Maschi e femmine,7,99628,11,0.11390,99622,0.9998950,77.322
10,Umbria,Maschi e femmine,8,99616,10,0.09602,99612,0.9999132,76.331
10,Umbria,Maschi e femmine,9,99607,8,0.07765,99603,0.9999274,75.338
10,Umbria,Maschi e femmine,10,99599,7,0.06758,99596,0.9999373,74.344
10,Umbria,Maschi e femmine,11,99592,6,0.05785,99590,0.9999358,73.349
10,Umbria,Maschi e femmine,12,99587,7,0.07055,99583,0.9999081,72.353
10,Umbria,Maschi e femmine,13,99580,11,0.11315,99574,0.9998489,71.358
10,Umbria,Maschi e femmine,14,99568,19,0.18898,99559,0.9997800,70.367
10,Umbria,Maschi e femmine,15,99550,25,0.25111,99537,0.9997375,69.380
10,Umbria,Maschi e femmine,16,99525,27,0.27392,99511,0.9997382,68.397
10,Umbria,Maschi e femmine,17,99497,25,0.24966,99485,0.9997613,67.416
10,Umbria,Maschi e femmine,18,99472,23,0.22769,99461,0.9997652,66.432
10,Umbria,Maschi e femmine,19,99450,24,0.24197,99438,0.9997192,65.447
10,Umbria,Maschi e femmine,20,99426,32,0.31960,99410,0.9996430,64.463
10,Umbria,Maschi e femmine,21,99394,39,0.39448,99374,0.9995925,63.484
10,Umbria,Maschi e femmine,22,99355,42,0.42049,99334,0.9996048,62.508
10,Umbria,Maschi e femmine,23,99313,37,0.37000,99295,0.9996712,61.534
10,Umbria,Maschi e femmine,24,99276,29,0.28756,99262,0.9997370,60.557
10,Umbria,Maschi e femmine,25,99248,24,0.23851,99236,0.9997500,59.574
10,Umbria,Maschi e femmine,26,99224,26,0.26158,99211,0.9997051,58.588
10,Umbria,Maschi e femmine,27,99198,33,0.32833,99182,0.9996458,57.604
10,Umbria,Maschi e femmine,28,99166,38,0.37999,99147,0.9996083,56.622
10,Umbria,Maschi e femmine,29,99128,40,0.40349,99108,0.9995987,55.644
10,Umbria,Maschi e femmine,30,99088,40,0.39914,99068,0.9996002,54.666
10,Umbria,Maschi e femmine,31,99048,40,0.40050,99028,0.9995990,53.688
10,Umbria,Maschi e femmine,32,99009,40,0.40144,98989,0.9995988,52.709
10,Umbria,Maschi e femmine,33,98969,40,0.40094,98949,0.9995952,51.730
10,Umbria,Maschi e femmine,34,98929,40,0.40872,98909,0.9995606,50.750
10,Umbria,Maschi e femmine,35,98889,46,0.47004,98866,0.9994929,49.771
10,Umbria,Maschi e femmine,36,98842,54,0.54426,98815,0.9994167,48.794
10,Umbria,Maschi e femmine,37,98788,61,0.62240,98758,0.9993432,47.820
10,Umbria,Maschi e femmine,38,98727,68,0.69121,98693,0.9992594,46.850
10,Umbria,Maschi e femmine,39,98659,78,0.79000,98620,0.9991837,45.882
10,Umbria,Maschi e femmine,40,98581,83,0.84268,98539,0.9991522,44.918
10,Umbria,Maschi e femmine,41,98498,84,0.85293,98456,0.9991407,43.955
10,Umbria,Maschi e femmine,42,98414,85,0.86577,98371,0.9991164,42.992
10,Umbria,Maschi e femmine,43,98329,89,0.90141,98284,0.9990411,42.029
10,Umbria,Maschi e femmine,44,98240,100,1.01647,98190,0.9989020,41.067
10,Umbria,Maschi e femmine,45,98140,116,1.17960,98082,0.9987443,40.108
10,Umbria,Maschi e femmine,46,98024,131,1.33188,97959,0.9986053,39.155
10,Umbria,Maschi e femmine,47,97894,143,1.45762,97822,0.9985049,38.206
10,Umbria,Maschi e femmine,48,97751,150,1.53272,97676,0.9984582,37.261
10,Umbria,Maschi e femmine,49,97601,151,1.55094,97525,0.9984640,36.318
10,Umbria,Maschi e femmine,50,97450,148,1.52102,97376,0.9984694,35.373
10,Umbria,Maschi e femmine,51,97302,150,1.54016,97227,0.9984008,34.427
10,Umbria,Maschi e femmine,52,97152,161,1.65827,97071,0.9982059,33.479
10,Umbria,Maschi e femmine,53,96991,187,1.93014,96897,0.9979205,32.534
10,Umbria,Maschi e femmine,54,96803,216,2.22912,96696,0.9976042,31.596
10,Umbria,Maschi e femmine,55,96588,248,2.56291,96464,0.9973263,30.665
10,Umbria,Maschi e femmine,56,96340,268,2.78486,96206,0.9970686,29.743
10,Umbria,Maschi e femmine,57,96072,296,3.07835,95924,0.9967508,28.824
10,Umbria,Maschi e femmine,58,95776,328,3.42065,95612,0.9963002,27.912
10,Umbria,Maschi e femmine,59,95448,380,3.97984,95258,0.9957867,27.006
10,Umbria,Maschi e femmine,60,95069,423,4.44766,94857,0.9953665,26.112
10,Umbria,Maschi e femmine,61,94646,456,4.82022,94418,0.9950084,25.226
10,Umbria,Maschi e femmine,62,94190,486,5.16382,93946,0.9946267,24.346
10,Umbria,Maschi e femmine,63,93703,523,5.58393,93442,0.9941101,23.470
10,Umbria,Maschi e femmine,64,93180,577,6.19762,92891,0.9934255,22.599
10,Umbria,Maschi e femmine,65,92602,644,6.95367,92280,0.9927743,21.736
10,Umbria,Maschi e femmine,66,91958,690,7.49957,91614,0.9922001,20.885
10,Umbria,Maschi e femmine,67,91269,740,8.10250,90899,0.9913376,20.039
10,Umbria,Maschi e femmine,68,90529,835,9.22688,90112,0.9903780,19.199
10,Umbria,Maschi e femmine,69,89694,899,10.02077,89245,0.9894174,18.373
10,Umbria,Maschi e femmine,70,88795,990,11.15005,88300,0.9882469,17.554
10,Umbria,Maschi e femmine,71,87805,1086,12.36290,87262,0.9868342,16.746
10,Umbria,Maschi e femmine,72,86720,1212,13.97873,86114,0.9852066,15.950
10,Umbria,Maschi e femmine,73,85507,1336,15.61969,84840,0.9836480,15.169
10,Umbria,Maschi e femmine,74,84172,1439,17.09596,83452,0.9820085,14.401
10,Umbria,Maschi e femmine,75,82733,1564,18.90266,81951,0.9802216,13.643
10,Umbria,Maschi e femmine,76,81169,1678,20.67097,80330,0.9783079,12.896
10,Umbria,Maschi e femmine,77,79491,1807,22.73483,78587,0.9754383,12.158
10,Umbria,Maschi e femmine,78,77684,2053,26.43104,76657,0.9722137,11.429
10,Umbria,Maschi e femmine,79,75631,2207,29.17827,74527,0.9694839,10.726
10,Umbria,Maschi e femmine,80,73424,2342,31.89410,72253,0.9654432,10.033
10,Umbria,Maschi e femmine,81,71082,2652,37.30728,69756,0.9598896,9.347
10,Umbria,Maschi e femmine,82,68430,2944,43.02205,66958,0.9534521,8.690
10,Umbria,Maschi e femmine,83,65486,3290,50.23217,63841,0.9461474,8.058
10,Umbria,Maschi e femmine,84,62197,3587,57.66456,60403,0.9390062,7.458
10,Umbria,Maschi e femmine,85,58610,3782,64.52687,56719,0.9300873,6.884
10,Umbria,Maschi e femmine,86,54828,4149,75.66997,52754,0.9177061,6.324
10,Umbria,Maschi e femmine,87,50679,4534,89.46008,48412,0.9035907,5.801
10,Umbria,Maschi e femmine,88,46146,4801,104.04136,43745,0.8889450,5.322
10,Umbria,Maschi e femmine,89,41345,4915,118.88307,38887,0.8732677,4.882
10,Umbria,Maschi e femmine,90,36429,4941,135.64061,33959,0.8552193,4.473
10,Umbria,Maschi e femmine,91,31488,4892,155.35512,29042,0.8337482,4.096
10,Umbria,Maschi e femmine,92,26596,4765,179.15267,24214,0.8112632,3.758
10,Umbria,Maschi e femmine,93,21831,4375,200.41279,19644,0.7902127,3.469
10,Umbria,Maschi e femmine,94,17456,3867,221.51145,15523,0.7721985,3.213
10,Umbria,Maschi e femmine,95,13589,3205,235.88137,11987,0.7542420,2.985
10,Umbria,Maschi e femmine,96,10384,2686,258.68362,9041,0.7300626,2.752
10,Umbria,Maschi e femmine,97,7698,2195,285.11825,6600,0.7041374,2.538
10,Umbria,Maschi e femmine,98,5503,1711,310.89219,4648,0.6799924,2.351
10,Umbria,Maschi e femmine,99,3792,1264,333.23540,3160,0.6576249,2.186
10,Umbria,Maschi e femmine,100,2528,900,356.08272,2078,0.6327426,2.029
10,Umbria,Maschi e femmine,101,1628,626,384.61167,1315,0.6041773,1.875
10,Umbria,Maschi e femmine,102,1002,415,414.04057,795,0.5748426,1.734
10,Umbria,Maschi e femmine,103,587,261,444.12939,457,0.5449492,1.606
10,Umbria,Maschi e femmine,104,326,155,474.69833,249,0.5146750,1.490
10,Umbria,Maschi e femmine,105,171,87,505.55463,128,0.4842078,1.385
10,Umbria,Maschi e femmine,106,85,45,536.49746,62,0.4537424,1.290
10,Umbria,Maschi e femmine,107,39,22,567.31492,28,0.4234799,1.203
10,Umbria,Maschi e femmine,108,17,10,597.79449,12,0.3936201,1.126
10,Umbria,Maschi e femmine,109,7,4,627.72574,5,0.3643590,1.056
10,Umbria,Maschi e femmine,110,3,2,656.90284,2,0.3358846,0.993
10,Umbria,Maschi e femmine,111,1,1,685.13722,1,0.3083668,0.936
10,Umbria,Maschi e femmine,112,0,0,712.26413,0,0.2819530,0.886
10,Umbria,Maschi e femmine,113,0,0,738.14477,0,0.2567652,0.840
10,Umbria,Maschi e femmine,114,0,0,762.67335,0,0.2328948,0.800
10,Umbria,Maschi e femmine,115,0,0,785.77909,0,0.2104019,0.764
10,Umbria,Maschi e femmine,116,0,0,807.42525,0,0.1893165,0.732
10,Umbria,Maschi e femmine,117,0,0,827.60262,0,0.1696430,0.703
10,Umbria,Maschi e femmine,118,0,0,846.33391,0,0.1513585,0.677
10,Umbria,Maschi e femmine,119,0,0,863.65862,0,0.1344241,0.655
10,Umbria,Maschi,0,100000,272,2.71897,99744,0.9997046,82.255
10,Umbria,Maschi,1,99728,27,0.26919,99715,0.9997838,81.478
10,Umbria,Maschi,2,99701,16,0.16314,99693,0.9998730,80.499
10,Umbria,Maschi,3,99685,9,0.09079,99680,0.9999317,79.512
10,Umbria,Maschi,4,99676,5,0.04576,99674,0.9999626,78.520
10,Umbria,Maschi,5,99671,3,0.02913,99670,0.9999742,77.523
10,Umbria,Maschi,6,99668,2,0.02239,99667,0.9999731,76.525
10,Umbria,Maschi,7,99666,3,0.03131,99665,0.9999614,75.527
10,Umbria,Maschi,8,99663,5,0.04587,99661,0.9999402,74.530
10,Umbria,Maschi,9,99659,7,0.07377,99655,0.9999153,73.533
10,Umbria,Maschi,10,99651,10,0.09558,99646,0.9999034,72.538
10,Umbria,Maschi,11,99642,10,0.09752,99637,0.9999047,71.545
10,Umbria,Maschi,12,99632,9,0.09307,99627,0.9998984,70.552
10,Umbria,Maschi,13,99623,11,0.11010,99617,0.9998624,69.559
10,Umbria,Maschi,14,99612,16,0.16511,99603,0.9998019,68.566
10,Umbria,Maschi,15,99595,23,0.23107,99584,0.9997460,67.577
10,Umbria,Maschi,16,99572,28,0.27700,99558,0.9997135,66.593
10,Umbria,Maschi,17,99545,29,0.29603,99530,0.9996898,65.611
10,Umbria,Maschi,18,99515,32,0.32442,99499,0.9996415,64.631
10,Umbria,Maschi,19,99483,39,0.39256,99463,0.9995401,63.651
10,Umbria,Maschi,20,99444,52,0.52727,99418,0.9994191,62.676
10,Umbria,Maschi,21,99391,63,0.63450,99360,0.9993548,61.709
10,Umbria,Maschi,22,99328,65,0.65593,99296,0.9993903,60.748
10,Umbria,Maschi,23,99263,56,0.56338,99235,0.9995007,59.787
10,Umbria,Maschi,24,99207,43,0.43515,99186,0.9995961,58.821
10,Umbria,Maschi,25,99164,37,0.37270,99146,0.9996113,57.846
10,Umbria,Maschi,26,99127,40,0.40480,99107,0.9995619,56.868
10,Umbria,Maschi,27,99087,47,0.47150,99064,0.9995211,55.890
10,Umbria,Maschi,28,99040,48,0.48639,99016,0.9995175,54.917
10,Umbria,Maschi,29,98992,47,0.47859,98968,0.9995214,53.943
10,Umbria,Maschi,30,98945,47,0.47852,98921,0.9994943,52.969
10,Umbria,Maschi,31,98897,53,0.53297,98871,0.9994401,51.994
10,Umbria,Maschi,32,98845,58,0.58676,98816,0.9993952,51.021
10,Umbria,Maschi,33,98787,62,0.62279,98756,0.9993790,50.051
10,Umbria,Maschi,34,98725,61,0.61911,98695,0.9993495,49.082
10,Umbria,Maschi,35,98664,67,0.68199,98630,0.9992737,48.112
10,Umbria,Maschi,36,98597,76,0.77063,98559,0.9991841,47.144
10,Umbria,Maschi,37,98521,85,0.86117,98478,0.9990956,46.180
10,Umbria,Maschi,38,98436,93,0.94774,98389,0.9989832,45.220
10,Umbria,Maschi,39,98343,107,1.08584,98289,0.9988785,44.262
10,Umbria,Maschi,40,98236,114,1.15721,98179,0.9988471,43.310
10,Umbria,Maschi,41,98122,113,1.14853,98066,0.9988581,42.359
10,Umbria,Maschi,42,98010,111,1.13529,97954,0.9988374,41.407
10,Umbria,Maschi,43,97898,116,1.18986,97840,0.9987119,40.454
10,Umbria,Maschi,44,97782,136,1.38647,97714,0.9984957,39.501
10,Umbria,Maschi,45,97646,158,1.62229,97567,0.9982981,38.556
10,Umbria,Maschi,46,97488,174,1.78166,97401,0.9982105,37.617
10,Umbria,Maschi,47,97314,175,1.79739,97227,0.9982473,36.684
10,Umbria,Maschi,48,97139,166,1.70786,97056,0.9983164,35.749
10,Umbria,Maschi,49,96973,161,1.65922,96893,0.9983177,34.809
10,Umbria,Maschi,50,96812,165,1.70535,96730,0.9981914,33.866
10,Umbria,Maschi,51,96647,185,1.91197,96555,0.9979325,32.923
10,Umbria,Maschi,52,96462,214,2.22325,96355,0.9975980,31.985
10,Umbria,Maschi,53,96248,248,2.58106,96124,0.9973206,31.055
10,Umbria,Maschi,54,96000,267,2.77806,95866,0.9971218,30.135
10,Umbria,Maschi,55,95733,285,2.97861,95590,0.9969630,29.217
10,Umbria,Maschi,56,95448,295,3.09558,95300,0.9967073,28.303
10,Umbria,Maschi,57,95152,332,3.49040,94986,0.9962403,27.389
10,Umbria,Maschi,58,94820,382,4.03002,94629,0.9954696,26.483
10,Umbria,Maschi,59,94438,475,5.03286,94200,0.9945723,25.589
10,Umbria,Maschi,60,93963,547,5.82455,93689,0.9939179,24.715
10,Umbria,Maschi,61,93415,592,6.34118,93119,0.9934758,23.857
10,Umbria,Maschi,62,92823,623,6.70844,92512,0.9932110,23.006
10,Umbria,Maschi,63,92200,633,6.87007,91884,0.9928615,22.158
10,Umbria,Maschi,64,91567,678,7.40884,91228,0.9920728,21.308
10,Umbria,Maschi,65,90889,768,8.44944,90505,0.9911447,20.464
10,Umbria,Maschi,66,90121,835,9.26464,89703,0.9902578,19.634
10,Umbria,Maschi,67,89286,913,10.22431,88829,0.9891143,18.813
10,Umbria,Maschi,68,88373,1021,11.55396,87862,0.9880824,18.002
10,Umbria,Maschi,69,87352,1073,12.28551,86815,0.9869158,17.206
10,Umbria,Maschi,70,86279,1199,13.89276,85679,0.9853210,16.414
10,Umbria,Maschi,71,85080,1317,15.47638,84422,0.9834338,15.638
10,Umbria,Maschi,72,83763,1480,17.67321,83023,0.9812502,14.876
10,Umbria,Maschi,73,82283,1633,19.84578,81466,0.9795293,14.135
10,Umbria,Maschi,74,80650,1702,21.10837,79799,0.9781469,13.411
10,Umbria,Maschi,75,78947,1785,22.61387,78055,0.9765969,12.689
10,Umbria,Maschi,76,77162,1868,24.21063,76228,0.9749549,11.971
10,Umbria,Maschi,77,75294,1950,25.90032,74319,0.9717120,11.256
10,Umbria,Maschi,78,73344,2255,30.73909,72217,0.9671389,10.542
10,Umbria,Maschi,79,71089,2492,35.05047,69844,0.9629686,9.861
10,Umbria,Maschi,80,68598,2681,39.08437,67257,0.9571563,9.201
10,Umbria,Maschi,81,65917,3082,46.75602,64376,0.9498717,8.554
10,Umbria,Maschi,82,62835,3372,53.66608,61149,0.9423834,7.949
10,Umbria,Maschi,83,59462,3674,61.79122,57625,0.9349002,7.372
10,Umbria,Maschi,84,55788,3829,68.62625,53874,0.9285512,6.825
10,Umbria,Maschi,85,51960,3870,74.47931,50025,0.9202403,6.291
10,Umbria,Maschi,86,48090,4110,85.46506,46035,0.9062086,5.757
10,Umbria,Maschi,87,43980,4525,102.89592,41717,0.8882287,5.248
10,Umbria,Maschi,88,39454,4800,121.66463,37054,0.8702133,4.792
10,Umbria,Maschi,89,34654,4818,139.03383,32245,0.8551291,4.387
10,Umbria,Maschi,90,29836,4525,151.65056,27574,0.8394388,4.015
10,Umbria,Maschi,91,25311,4330,171.06475,23146,0.8171063,3.643
10,Umbria,Maschi,92,20982,4137,197.16385,18913,0.7896788,3.291
10,Umbria,Maschi,93,16845,3819,226.70984,14935,0.7580294,2.977
10,Umbria,Maschi,94,13026,3409,261.70554,11321,0.7306319,2.703
10,Umbria,Maschi,95,9617,2690,279.74694,8272,0.7143194,2.484
10,Umbria,Maschi,96,6927,2036,293.91901,5909,0.6846675,2.254
10,Umbria,Maschi,97,4891,1691,345.65978,4045,0.6308757,1.985
10,Umbria,Maschi,98,3200,1296,404.98406,2552,0.5778058,1.769
10,Umbria,Maschi,99,1904,859,451.11800,1475,0.5403788,1.633
10,Umbria,Maschi,100,1045,497,475.11315,797,0.5295179,1.564
10,Umbria,Maschi,101,549,253,461.65924,422,0.5264319,1.528
10,Umbria,Maschi,102,295,146,495.68958,222,0.4928061,1.409
10,Umbria,Maschi,103,149,79,530.00601,109,0.4590311,1.302
10,Umbria,Maschi,104,70,40,564.29463,50,0.4254070,1.206
10,Umbria,Maschi,105,30,18,598.22904,21,0.3922377,1.120
10,Umbria,Maschi,106,12,8,631.49035,8,0.3598174,1.044
10,Umbria,Maschi,107,5,3,663.77027,3,0.3284243,0.976
10,Umbria,Maschi,108,2,1,694.79045,1,0.2983089,0.916
10,Umbria,Maschi,109,0,0,724.30065,0,0.2696929,0.863
10,Umbria,Maschi,110,0,0,752.09316,0,0.2427597,0.816
10,Umbria,Maschi,111,0,0,778.00282,0,0.2176536,0.775
10,Umbria,Maschi,112,0,0,801.91241,0,0.1944777,0.739
10,Umbria,Maschi,113,0,0,823.74625,0,0.1732978,0.708
10,Umbria,Maschi,114,0,0,843.47339,0,0.1541411,0.681
10,Umbria,Maschi,115,0,0,861.09921,0,0.1370024,0.658
10,Umbria,Maschi,116,0,0,876.66460,0,0.1218454,0.638
10,Umbria,Maschi,117,0,0,890.23571,0,0.1086104,0.622
10,Umbria,Maschi,118,0,0,901.90239,0,0.0972162,0.608
10,Umbria,Maschi,119,0,0,911.76932,0,0.0875672,0.596
10,Umbria,Femmine,0,100000,335,3.35097,99685,0.9997804,85.855
10,Umbria,Femmine,1,99665,4,0.04254,99663,0.9999432,85.142
10,Umbria,Femmine,2,99661,7,0.07107,99657,0.9999109,84.146
10,Umbria,Femmine,3,99654,11,0.10713,99648,0.9998738,83.152
10,Umbria,Femmine,4,99643,14,0.14519,99636,0.9998298,82.160
10,Umbria,Femmine,5,99628,19,0.19524,99619,0.9997933,81.172
10,Umbria,Femmine,6,99609,22,0.21809,99598,0.9997904,80.188
10,Umbria,Femmine,7,99587,20,0.20110,99577,0.9998250,79.205
10,Umbria,Femmine,8,99567,15,0.14899,99560,0.9998846,78.221
10,Umbria,Femmine,9,99552,8,0.08174,99548,0.9999401,77.233
10,Umbria,Femmine,10,99544,4,0.03801,99542,0.9999730,76.239
10,Umbria,Femmine,11,99540,2,0.01595,99540,0.9999686,75.242
10,Umbria,Femmine,12,99539,5,0.04678,99537,0.9999184,74.243
10,Umbria,Femmine,13,99534,12,0.11637,99528,0.9998347,73.247
10,Umbria,Femmine,14,99523,21,0.21419,99512,0.9997568,72.255
10,Umbria,Femmine,15,99501,27,0.27226,99488,0.9997285,71.271
10,Umbria,Femmine,16,99474,27,0.27067,99461,0.9997643,70.290
10,Umbria,Femmine,17,99447,20,0.20068,99437,0.9998369,69.309
10,Umbria,Femmine,18,99427,12,0.12556,99421,0.9998957,68.322
10,Umbria,Femmine,19,99415,8,0.08300,99411,0.9999083,67.331
10,Umbria,Femmine,20,99407,10,0.10048,99402,0.9998791,66.337
10,Umbria,Femmine,21,99397,14,0.14134,99390,0.9998432,65.343
10,Umbria,Femmine,22,99383,17,0.17229,99374,0.9998307,64.352
10,Umbria,Femmine,23,99365,17,0.16622,99357,0.9998508,63.363
10,Umbria,Femmine,24,99349,13,0.13210,99342,0.9998853,62.374
10,Umbria,Femmine,25,99336,10,0.09721,99331,0.9998960,61.382
10,Umbria,Femmine,26,99326,11,0.11081,99321,0.9998558,60.388
10,Umbria,Femmine,27,99315,18,0.17765,99306,0.9997772,59.395
10,Umbria,Femmine,28,99298,27,0.26804,99284,0.9997037,58.405
10,Umbria,Femmine,29,99271,32,0.32450,99255,0.9996799,57.421
10,Umbria,Femmine,30,99239,31,0.31566,99223,0.9997116,56.439
10,Umbria,Femmine,31,99207,26,0.26121,99194,0.9997661,55.457
10,Umbria,Femmine,32,99181,20,0.20663,99171,0.9998128,54.471
10,Umbria,Femmine,33,99161,17,0.16783,99153,0.9998222,53.482
10,Umbria,Femmine,34,99144,19,0.18773,99135,0.9997824,52.491
10,Umbria,Femmine,35,99126,25,0.24753,99113,0.9997229,51.501
10,Umbria,Femmine,36,99101,30,0.30671,99086,0.9996607,50.513
10,Umbria,Femmine,37,99071,37,0.37195,99052,0.9996029,49.529
10,Umbria,Femmine,38,99034,42,0.42227,99013,0.9995489,48.547
10,Umbria,Femmine,39,98992,48,0.48003,98968,0.9995033,47.567
10,Umbria,Femmine,40,98945,51,0.51334,98919,0.9994715,46.590
10,Umbria,Femmine,41,98894,54,0.54359,98867,0.9994363,45.614
10,Umbria,Femmine,42,98840,58,0.58388,98811,0.9994081,44.638
10,Umbria,Femmine,43,98782,59,0.59990,98753,0.9993851,43.664
10,Umbria,Femmine,44,98723,62,0.63000,98692,0.9993262,42.690
10,Umbria,Femmine,45,98661,71,0.71758,98625,0.9992098,41.716
10,Umbria,Femmine,46,98590,85,0.86288,98548,0.9990168,40.746
10,Umbria,Femmine,47,98505,109,1.10362,98451,0.9987731,39.781
10,Umbria,Femmine,48,98396,133,1.35034,98330,0.9986058,38.824
10,Umbria,Femmine,49,98263,141,1.43822,98193,0.9986163,37.876
10,Umbria,Femmine,50,98122,130,1.32919,98057,0.9987586,36.930
10,Umbria,Femmine,51,97992,113,1.15342,97935,0.9988877,35.978
10,Umbria,Femmine,52,97879,105,1.07117,97826,0.9988372,35.019
10,Umbria,Femmine,53,97774,123,1.25459,97712,0.9985428,34.056
10,Umbria,Femmine,54,97651,162,1.66009,97570,0.9981039,33.098
10,Umbria,Femmine,55,97489,208,2.13243,97385,0.9977023,32.153
10,Umbria,Femmine,56,97281,240,2.46332,97161,0.9974423,31.220
10,Umbria,Femmine,57,97042,257,2.65229,96913,0.9972784,30.296
10,Umbria,Femmine,58,96784,270,2.79119,96649,0.9971575,29.375
10,Umbria,Femmine,59,96514,279,2.89396,96374,0.9970375,28.456
10,Umbria,Femmine,60,96235,292,3.03132,96089,0.9968544,27.537
10,Umbria,Femmine,61,95943,313,3.26029,95787,0.9965778,26.620
10,Umbria,Femmine,62,95630,343,3.58456,95459,0.9960720,25.705
10,Umbria,Femmine,63,95287,407,4.27273,95084,0.9953814,24.796
10,Umbria,Femmine,64,94880,471,4.96591,94645,0.9947992,23.900
10,Umbria,Femmine,65,94409,513,5.43678,94152,0.9944243,23.017
10,Umbria,Femmine,66,93896,537,5.71547,93627,0.9941595,22.140
10,Umbria,Femmine,67,93359,557,5.96622,93081,0.9935710,21.264
10,Umbria,Femmine,68,92802,640,6.89446,92482,0.9926736,20.389
10,Umbria,Femmine,69,92162,715,7.76132,91805,0.9919069,19.527
10,Umbria,Femmine,70,91447,771,8.42752,91062,0.9911428,18.676
10,Umbria,Femmine,71,90676,842,9.29048,90255,0.9901783,17.830
10,Umbria,Femmine,72,89834,930,10.35781,89369,0.9890689,16.993
10,Umbria,Femmine,73,88903,1023,11.51049,88392,0.9876364,16.165
10,Umbria,Femmine,74,87880,1162,13.22656,87299,0.9857182,15.348
10,Umbria,Femmine,75,86718,1331,15.35121,86052,0.9836779,14.547
10,Umbria,Femmine,76,85387,1478,17.30807,84648,0.9814829,13.766
10,Umbria,Femmine,77,83909,1657,19.74741,83080,0.9789418,12.999
10,Umbria,Femmine,78,82252,1842,22.39537,81331,0.9769436,12.251
10,Umbria,Femmine,79,80410,1908,23.73254,79455,0.9754874,11.520
10,Umbria,Femmine,80,78501,1987,25.31160,77508,0.9729676,10.788
10,Umbria,Femmine,81,76514,2203,28.79780,75413,0.9688245,10.056
10,Umbria,Femmine,82,74311,2499,33.62360,73062,0.9631220,9.339
10,Umbria,Femmine,83,71812,2890,40.24556,70367,0.9557606,8.646
10,Umbria,Femmine,84,68922,3336,48.40075,67254,0.9477542,7.988
10,Umbria,Femmine,85,65586,3692,56.28641,63740,0.9381649,7.369
10,Umbria,Femmine,86,61895,4191,67.71474,59799,0.9269407,6.779
10,Umbria,Femmine,87,57703,4547,78.79203,55430,0.9156099,6.235
10,Umbria,Femmine,88,53157,4809,90.46694,50752,0.9031217,5.725
10,Umbria,Femmine,89,48348,5025,103.92740,45836,0.8865019,5.245
10,Umbria,Femmine,90,43323,5380,124.17873,40633,0.8663530,4.795
10,Umbria,Femmine,91,37943,5481,144.45764,35203,0.8451151,4.404
10,Umbria,Femmine,92,32462,5424,167.07273,29750,0.8254442,4.063
10,Umbria,Femmine,93,27039,4963,183.53977,24557,0.8102378,3.778
10,Umbria,Femmine,94,22076,4357,197.38345,19897,0.7962337,3.515
10,Umbria,Femmine,95,17719,3751,211.71892,15843,0.7754597,3.256
10,Umbria,Femmine,96,13967,3363,240.80518,12286,0.7521389,2.996
10,Umbria,Femmine,97,10604,2727,257.15514,9240,0.7358224,2.788
10,Umbria,Femmine,98,7877,2155,273.63115,6799,0.7171163,2.580
10,Umbria,Femmine,99,5722,1691,295.62180,4876,0.6916543,2.364
10,Umbria,Femmine,100,4030,1315,326.40966,3372,0.6564013,2.147
10,Umbria,Femmine,101,2715,1002,369.11728,2214,0.6189075,1.945
10,Umbria,Femmine,102,1713,685,400.07422,1370,0.5880226,1.790
10,Umbria,Femmine,103,1027,444,431.81851,806,0.5564840,1.650
10,Umbria,Femmine,104,584,271,464.10351,448,0.5245347,1.524
10,Umbria,Femmine,105,313,155,496.66684,235,0.4924270,1.410
10,Umbria,Femmine,106,157,83,529.24088,116,0.4604156,1.308
10,Umbria,Femmine,107,74,42,561.55655,53,0.4287500,1.217
10,Umbria,Femmine,108,33,19,593.35883,23,0.3976639,1.135
10,Umbria,Femmine,109,13,8,624.41276,9,0.3673708,1.062
10,Umbria,Femmine,110,5,3,654.50559,3,0.3380601,0.997
10,Umbria,Femmine,111,2,1,683.45781,1,0.3098899,0.939
10,Umbria,Femmine,112,1,0,711.12545,0,0.2829862,0.888
10,Umbria,Femmine,113,0,0,737.39756,0,0.2574442,0.842
10,Umbria,Femmine,114,0,0,762.19857,0,0.2333274,0.801
10,Umbria,Femmine,115,0,0,785.48672,0,0.2106693,0.764
10,Umbria,Femmine,116,0,0,807.25046,0,0.1894770,0.732
10,Umbria,Femmine,117,0,0,827.50094,0,0.1697368,0.703
10,Umbria,Femmine,118,0,0,846.27619,0,0.1514120,0.678
10,Umbria,Femmine,119,0,0,863.62653,0,0.1344540,0.655
11,Marche,Maschi e femmine,0,100000,207,2.06576,99806,0.9997836,84.262
11,Marche,Maschi e femmine,1,99793,19,0.18855,99784,0.9998309,83.435
11,Marche,Maschi e femmine,2,99775,15,0.14965,99767,0.9998614,82.451
11,Marche,Maschi e femmine,3,99760,13,0.12752,99753,0.9998777,81.463
11,Marche,Maschi e femmine,4,99747,12,0.11704,99741,0.9998814,80.473
11,Marche,Maschi e femmine,5,99735,12,0.12006,99729,0.9998787,79.483
11,Marche,Maschi e femmine,6,99723,12,0.12251,99717,0.9998804,78.492
11,Marche,Maschi e femmine,7,99711,12,0.11665,99705,0.9998935,77.502
11,Marche,Maschi e femmine,8,99699,10,0.09627,99695,0.9999155,76.511
11,Marche,Maschi e femmine,9,99690,7,0.07268,99686,0.9999381,75.518
11,Marche,Maschi e femmine,10,99683,5,0.05111,99680,0.9999492,74.523
11,Marche,Maschi e femmine,11,99678,5,0.05045,99675,0.9999419,73.527
11,Marche,Maschi e femmine,12,99672,7,0.06581,99669,0.9999164,72.531
11,Marche,Maschi e femmine,13,99666,10,0.10137,99661,0.9998807,71.536
11,Marche,Maschi e femmine,14,99656,14,0.13730,99649,0.9998408,70.543
11,Marche,Maschi e femmine,15,99642,18,0.18108,99633,0.9998058,69.552
11,Marche,Maschi e femmine,16,99624,21,0.20735,99614,0.9997844,68.565
11,Marche,Maschi e femmine,17,99603,22,0.22381,99592,0.9997742,67.579
11,Marche,Maschi e femmine,18,99581,23,0.22775,99570,0.9997710,66.594
11,Marche,Maschi e femmine,19,99558,23,0.23021,99547,0.9997717,65.609
11,Marche,Maschi e femmine,20,99536,23,0.22638,99524,0.9997735,64.624
11,Marche,Maschi e femmine,21,99513,23,0.22657,99502,0.9997759,63.639
11,Marche,Maschi e femmine,22,99490,22,0.22168,99479,0.9997730,62.653
11,Marche,Maschi e femmine,23,99468,23,0.23227,99457,0.9997526,61.667
11,Marche,Maschi e femmine,24,99445,26,0.26243,99432,0.9997094,60.681
11,Marche,Maschi e femmine,25,99419,32,0.31869,99403,0.9996573,59.697
11,Marche,Maschi e femmine,26,99388,36,0.36682,99369,0.9996215,58.716
11,Marche,Maschi e femmine,27,99351,39,0.39009,99332,0.9996124,57.737
11,Marche,Maschi e femmine,28,99312,38,0.38509,99293,0.9996162,56.759
11,Marche,Maschi e femmine,29,99274,38,0.38251,99255,0.9996026,55.781
11,Marche,Maschi e femmine,30,99236,41,0.41226,99216,0.9995661,54.802
11,Marche,Maschi e femmine,31,99195,45,0.45547,99173,0.9995429,53.824
11,Marche,Maschi e femmine,32,99150,45,0.45871,99127,0.9995505,52.849
11,Marche,Maschi e femmine,33,99105,44,0.44035,99083,0.9995752,51.873
11,Marche,Maschi e femmine,34,99061,41,0.40928,99041,0.9995928,50.895
11,Marche,Maschi e femmine,35,99020,40,0.40518,99000,0.9995737,49.916
11,Marche,Maschi e femmine,36,98980,44,0.44733,98958,0.9995310,48.936
11,Marche,Maschi e femmine,37,98936,49,0.49073,98912,0.9994886,47.958
11,Marche,Maschi e femmine,38,98887,53,0.53199,98861,0.9994382,46.981
11,Marche,Maschi e femmine,39,98835,58,0.59156,98806,0.9993621,46.006
11,Marche,Maschi e femmine,40,98776,68,0.68423,98743,0.9992521,45.033
11,Marche,Maschi e femmine,41,98709,80,0.81163,98669,0.9991005,44.063
11,Marche,Maschi e femmine,42,98629,97,0.98751,98580,0.9989534,43.099
11,Marche,Maschi e femmine,43,98531,109,1.10566,98477,0.9988689,42.141
11,Marche,Maschi e femmine,44,98422,114,1.15661,98365,0.9988187,41.187
11,Marche,Maschi e femmine,45,98308,119,1.20602,98249,0.9987821,40.234
11,Marche,Maschi e femmine,46,98190,121,1.22981,98130,0.9987729,39.282
11,Marche,Maschi e femmine,47,98069,120,1.22434,98009,0.9987249,38.330
11,Marche,Maschi e femmine,48,97949,130,1.32587,97884,0.9985921,37.376
11,Marche,Maschi e femmine,49,97819,146,1.49004,97746,0.9984590,36.425
11,Marche,Maschi e femmine,50,97673,155,1.59197,97596,0.9983384,35.479
11,Marche,Maschi e femmine,51,97518,169,1.73126,97434,0.9981838,34.534
11,Marche,Maschi e femmine,52,97349,185,1.90127,97257,0.9979995,33.593
11,Marche,Maschi e femmine,53,97164,204,2.09998,97062,0.9977748,32.656
11,Marche,Maschi e femmine,54,96960,228,2.35076,96846,0.9975659,31.724
11,Marche,Maschi e femmine,55,96732,244,2.51756,96610,0.9974091,30.798
11,Marche,Maschi e femmine,56,96489,257,2.66444,96360,0.9972758,29.874
11,Marche,Maschi e femmine,57,96231,268,2.78410,96097,0.9970918,28.953
11,Marche,Maschi e femmine,58,95964,291,3.03263,95818,0.9966845,28.032
11,Marche,Maschi e femmine,59,95673,344,3.59929,95500,0.9961142,27.116
11,Marche,Maschi e femmine,60,95328,398,4.17327,95129,0.9956533,26.212
11,Marche,Maschi e femmine,61,94930,429,4.52080,94716,0.9953007,25.320
11,Marche,Maschi e femmine,62,94501,461,4.87864,94271,0.9948723,24.432
11,Marche,Maschi e femmine,63,94040,506,5.37800,93787,0.9943146,23.550
11,Marche,Maschi e femmine,64,93534,561,5.99456,93254,0.9936447,22.674
11,Marche,Maschi e femmine,65,92974,625,6.71829,92661,0.9930389,21.808
11,Marche,Maschi e femmine,66,92349,665,7.20560,92016,0.9925116,20.952
11,Marche,Maschi e femmine,67,91684,713,7.77320,91327,0.9918854,20.101
11,Marche,Maschi e femmine,68,90971,769,8.45862,90586,0.9909879,19.254
11,Marche,Maschi e femmine,69,90201,863,9.57025,89770,0.9899066,18.414
11,Marche,Maschi e femmine,70,89338,949,10.62157,88864,0.9888299,17.587
11,Marche,Maschi e femmine,71,88389,1036,11.72460,87871,0.9878122,16.771
11,Marche,Maschi e femmine,72,87353,1106,12.65654,86800,0.9864316,15.964
11,Marche,Maschi e femmine,73,86247,1250,14.49192,85622,0.9846621,15.162
11,Marche,Maschi e femmine,74,84997,1377,16.19625,84309,0.9828283,14.378
11,Marche,Maschi e femmine,75,83621,1519,18.16321,82861,0.9807636,13.606
11,Marche,Maschi e femmine,76,82102,1669,20.32952,81267,0.9783735,12.848
11,Marche,Maschi e femmine,77,80433,1846,22.95045,79510,0.9751316,12.105
11,Marche,Maschi e femmine,78,78587,2109,26.83136,77533,0.9712812,11.377
11,Marche,Maschi e femmine,79,76478,2345,30.65827,75306,0.9674564,10.677
11,Marche,Maschi e femmine,80,74134,2557,34.48846,72855,0.9629743,9.999
11,Marche,Maschi e femmine,81,71577,2838,39.65353,70158,0.9581721,9.338
11,Marche,Maschi e femmine,82,68739,3031,44.09206,67223,0.9530017,8.703
11,Marche,Maschi e femmine,83,65708,3288,50.03858,64064,0.9454204,8.082
11,Marche,Maschi e femmine,84,62420,3705,59.35987,60567,0.9367990,7.481
11,Marche,Maschi e femmine,85,58715,3951,67.28445,56739,0.9280168,6.922
11,Marche,Maschi e femmine,86,54764,4218,77.02088,52655,0.9172222,6.385
11,Marche,Maschi e femmine,87,50546,4499,89.01520,48296,0.9046789,5.876
11,Marche,Maschi e femmine,88,46047,4708,102.24318,43693,0.8911994,5.401
11,Marche,Maschi e femmine,89,41339,4800,116.10487,38939,0.8751959,4.959
11,Marche,Maschi e femmine,90,36539,4920,134.64598,34079,0.8568690,4.545
11,Marche,Maschi e femmine,91,31619,4836,152.93618,29201,0.8393467,4.175
11,Marche,Maschi e femmine,92,26784,4547,169.76367,24510,0.8203093,3.838
11,Marche,Maschi e femmine,93,22237,4262,191.64756,20106,0.7977573,3.521
11,Marche,Maschi e femmine,94,17975,3871,215.34980,16040,0.7742762,3.237
11,Marche,Maschi e femmine,95,14104,3370,238.94499,12419,0.7501806,2.988
11,Marche,Maschi e femmine,96,10734,2835,264.10799,9317,0.7285743,2.769
11,Marche,Maschi e femmine,97,7899,2223,281.36966,6788,0.7115619,2.584
11,Marche,Maschi e femmine,98,5677,1693,298.27414,4830,0.6928253,2.400
11,Marche,Maschi e femmine,99,3983,1274,319.85859,3346,0.6676728,2.207
11,Marche,Maschi e femmine,100,2709,950,350.65958,2234,0.6325693,2.010
11,Marche,Maschi e femmine,101,1759,692,393.25858,1413,0.5950034,1.825
11,Marche,Maschi e femmine,102,1067,453,424.34259,841,0.5640976,1.684
11,Marche,Maschi e femmine,103,614,280,455.98355,474,0.5327622,1.556
11,Marche,Maschi e femmine,104,334,163,487.92508,253,0.5012459,1.441
11,Marche,Maschi e femmine,105,171,89,519.90144,127,0.4698001,1.338
11,Marche,Maschi e femmine,106,82,45,551.65061,60,0.4386704,1.245
11,Marche,Maschi e femmine,107,37,21,582.91762,26,0.4080900,1.162
11,Marche,Maschi e femmine,108,15,9,613.47013,11,0.3782693,1.088
11,Marche,Maschi e femmine,109,6,4,643.10177,4,0.3493934,1.022
11,Marche,Maschi e femmine,110,2,1,671.63453,1,0.3216193,0.963
11,Marche,Maschi e femmine,111,1,0,698.92560,0,0.2950713,0.911
11,Marche,Maschi e femmine,112,0,0,724.86766,0,0.2698427,0.864
11,Marche,Maschi e femmine,113,0,0,749.38329,0,0.2459992,0.822
11,Marche,Maschi e femmine,114,0,0,772.42521,0,0.2235802,0.785
11,Marche,Maschi e femmine,115,0,0,793.97270,0,0.2026013,0.752
11,Marche,Maschi e femmine,116,0,0,814.02769,0,0.1830589,0.722
11,Marche,Maschi e femmine,117,0,0,832.60724,0,0.1649348,0.696
11,Marche,Maschi e femmine,118,0,0,849.74883,0,0.1481940,0.673
11,Marche,Maschi e femmine,119,0,0,865.49765,0,0.1327932,0.653
11,Marche,Maschi,0,100000,237,2.37212,99777,0.9997846,82.371
11,Marche,Maschi,1,99763,15,0.15024,99755,0.9998670,81.566
11,Marche,Maschi,2,99748,12,0.11574,99742,0.9998927,80.578
11,Marche,Maschi,3,99736,10,0.09895,99731,0.9999032,79.587
11,Marche,Maschi,4,99726,9,0.09470,99722,0.9998999,78.595
11,Marche,Maschi,5,99717,11,0.10549,99712,0.9998895,77.602
11,Marche,Maschi,6,99706,12,0.11551,99701,0.9998854,76.610
11,Marche,Maschi,7,99695,11,0.11377,99689,0.9998951,75.619
11,Marche,Maschi,8,99684,10,0.09596,99679,0.9999153,74.628
11,Marche,Maschi,9,99674,7,0.07351,99670,0.9999376,73.635
11,Marche,Maschi,10,99667,5,0.05130,99664,0.9999501,72.640
11,Marche,Maschi,11,99662,5,0.04858,99659,0.9999445,71.644
11,Marche,Maschi,12,99657,6,0.06246,99654,0.9999152,70.647
11,Marche,Maschi,13,99650,11,0.10706,99645,0.9998644,69.652
11,Marche,Maschi,14,99640,16,0.16423,99632,0.9997996,68.659
11,Marche,Maschi,15,99623,24,0.23648,99612,0.9997457,67.670
11,Marche,Maschi,16,99600,27,0.27219,99586,0.9997253,66.686
11,Marche,Maschi,17,99573,28,0.27725,99559,0.9997270,65.704
11,Marche,Maschi,18,99545,27,0.26867,99532,0.9997276,64.722
11,Marche,Maschi,19,99518,27,0.27613,99505,0.9997163,63.740
11,Marche,Maschi,20,99491,29,0.29136,99476,0.9996973,62.757
11,Marche,Maschi,21,99462,31,0.31400,99446,0.9996831,61.775
11,Marche,Maschi,22,99431,32,0.31972,99415,0.9996674,60.794
11,Marche,Maschi,23,99399,34,0.34544,99382,0.9996275,59.814
11,Marche,Maschi,24,99365,40,0.39957,99345,0.9995547,58.834
11,Marche,Maschi,25,99325,49,0.49115,99301,0.9994729,57.857
11,Marche,Maschi,26,99276,56,0.56307,99248,0.9994264,56.886
11,Marche,Maschi,27,99220,58,0.58410,99191,0.9994321,55.917
11,Marche,Maschi,28,99162,55,0.55179,99135,0.9994655,54.950
11,Marche,Maschi,29,99108,51,0.51723,99082,0.9994704,53.980
11,Marche,Maschi,30,99056,54,0.54198,99029,0.9994343,53.008
11,Marche,Maschi,31,99003,58,0.58938,98973,0.9994088,52.036
11,Marche,Maschi,32,98944,59,0.59300,98915,0.9994186,51.066
11,Marche,Maschi,33,98886,56,0.56971,98857,0.9994544,50.096
11,Marche,Maschi,34,98829,52,0.52157,98803,0.9995006,49.125
11,Marche,Maschi,35,98778,47,0.47715,98754,0.9995057,48.150
11,Marche,Maschi,36,98731,50,0.51140,98705,0.9994679,47.173
11,Marche,Maschi,37,98680,55,0.55276,98653,0.9994091,46.197
11,Marche,Maschi,38,98626,62,0.62897,98595,0.9993187,45.222
11,Marche,Maschi,39,98564,72,0.73374,98527,0.9992056,44.250
11,Marche,Maschi,40,98491,84,0.85505,98449,0.9990637,43.282
11,Marche,Maschi,41,98407,100,1.01765,98357,0.9988429,42.319
11,Marche,Maschi,42,98307,127,1.29668,98243,0.9985976,41.361
11,Marche,Maschi,43,98179,148,1.50823,98105,0.9984513,40.415
11,Marche,Maschi,44,98031,156,1.58925,97953,0.9983932,39.475
11,Marche,Maschi,45,97875,159,1.62437,97796,0.9984137,38.537
11,Marche,Maschi,46,97716,151,1.54825,97641,0.9984917,37.599
11,Marche,Maschi,47,97565,143,1.46826,97494,0.9984514,36.656
11,Marche,Maschi,48,97422,159,1.62911,97343,0.9982568,35.709
11,Marche,Maschi,49,97263,181,1.85752,97173,0.9980694,34.767
11,Marche,Maschi,50,97083,195,2.00379,96985,0.9979098,33.831
11,Marche,Maschi,51,96888,211,2.17688,96783,0.9976834,32.898
11,Marche,Maschi,52,96677,238,2.45665,96558,0.9973843,31.968
11,Marche,Maschi,53,96440,268,2.77509,96306,0.9970685,31.046
11,Marche,Maschi,54,96172,297,3.08827,96023,0.9968858,30.131
11,Marche,Maschi,55,95875,301,3.14025,95724,0.9968988,29.223
11,Marche,Maschi,56,95574,293,3.06199,95428,0.9969218,28.313
11,Marche,Maschi,57,95281,295,3.09447,95134,0.9966679,27.398
11,Marche,Maschi,58,94986,339,3.57056,94817,0.9958974,26.482
11,Marche,Maschi,59,94647,439,4.63662,94428,0.9949831,25.575
11,Marche,Maschi,60,94208,509,5.39899,93954,0.9943593,24.692
11,Marche,Maschi,61,93700,551,5.88377,93424,0.9939591,23.823
11,Marche,Maschi,62,93148,577,6.19892,92860,0.9934729,22.961
11,Marche,Maschi,63,92571,635,6.85733,92254,0.9926648,22.101
11,Marche,Maschi,64,91936,719,7.81633,91577,0.9917238,21.250
11,Marche,Maschi,65,91218,797,8.73963,90819,0.9911416,20.414
11,Marche,Maschi,66,90420,812,8.97818,90015,0.9909144,19.590
11,Marche,Maschi,67,89609,824,9.19399,89197,0.9903593,18.762
11,Marche,Maschi,68,88785,896,10.09161,88337,0.9890123,17.932
11,Marche,Maschi,69,87889,1045,11.89284,87366,0.9872926,17.110
11,Marche,Maschi,70,86844,1175,13.53179,86256,0.9857682,16.310
11,Marche,Maschi,71,85668,1280,14.94137,85028,0.9844849,15.526
11,Marche,Maschi,72,84388,1358,16.09746,83709,0.9827370,14.754
11,Marche,Maschi,73,83030,1532,18.44766,82264,0.9801614,13.988
11,Marche,Maschi,74,81498,1732,21.25568,80632,0.9773521,13.241
11,Marche,Maschi,75,79766,1920,24.07027,78806,0.9749182,12.518
11,Marche,Maschi,76,77846,2033,26.11826,76829,0.9726130,11.814
11,Marche,Maschi,77,75813,2175,28.68972,74725,0.9686785,11.118
11,Marche,Maschi,78,73638,2506,34.03110,72385,0.9635707,10.431
11,Marche,Maschi,79,71132,2768,38.91198,69748,0.9586139,9.781
11,Marche,Maschi,80,68364,3005,43.96033,66861,0.9535081,9.157
11,Marche,Maschi,81,65359,3212,49.13978,63753,0.9490290,8.555
11,Marche,Maschi,82,62147,3287,52.89689,60503,0.9439523,7.971
11,Marche,Maschi,83,58859,3495,59.37458,57112,0.9358825,7.388
11,Marche,Maschi,84,55365,3829,69.15981,53450,0.9265049,6.823
11,Marche,Maschi,85,51536,4028,78.15251,49522,0.9162752,6.293
11,Marche,Maschi,86,47508,4265,89.76947,45376,0.9032421,5.784
11,Marche,Maschi,87,43243,4516,104.43556,40985,0.8875168,5.305
11,Marche,Maschi,88,38727,4704,121.46922,36375,0.8710192,4.866
11,Marche,Maschi,89,34023,4679,137.53107,31683,0.8525025,4.469
11,Marche,Maschi,90,29344,4667,159.05322,27010,0.8321970,4.102
11,Marche,Maschi,91,24677,4398,178.20764,22478,0.8162065,3.784
11,Marche,Maschi,92,20279,3865,190.59061,18347,0.7982805,3.496
11,Marche,Maschi,93,16414,3537,215.46894,14646,0.7735373,3.201
11,Marche,Maschi,94,12877,3097,240.47576,11329,0.7472877,2.943
11,Marche,Maschi,95,9781,2629,268.82320,8466,0.7162030,2.716
11,Marche,Maschi,96,7151,2176,304.27614,6063,0.6921747,2.531
11,Marche,Maschi,97,4975,1557,312.92663,4197,0.6862723,2.419
11,Marche,Maschi,98,3418,1076,314.89350,2880,0.6810830,2.293
11,Marche,Maschi,99,2342,761,324.78993,1962,0.6617615,2.118
11,Marche,Maschi,100,1581,566,358.15601,1298,0.6158065,1.896
11,Marche,Maschi,101,1015,431,424.76014,799,0.5631308,1.675
11,Marche,Maschi,102,584,267,457.91952,450,0.5302388,1.543
11,Marche,Maschi,103,316,156,491.60615,239,0.4969592,1.423
11,Marche,Maschi,104,161,85,525.53249,119,0.4635710,1.316
11,Marche,Maschi,105,76,43,559.39463,55,0.4303607,1.220
11,Marche,Maschi,106,34,20,592.89072,24,0.3976098,1.134
11,Marche,Maschi,107,14,9,625.72409,9,0.3655888,1.057
11,Marche,Maschi,108,5,3,657.62158,3,0.3345455,0.989
11,Marche,Maschi,109,2,1,688.33244,1,0.3047032,0.928
11,Marche,Maschi,110,1,0,717.64248,0,0.2762512,0.875
11,Marche,Maschi,111,0,0,745.37498,0,0.2493440,0.827
11,Marche,Maschi,112,0,0,771.39660,0,0.2240977,0.785
11,Marche,Maschi,113,0,0,795.61210,0,0.2005940,0.749
11,Marche,Maschi,114,0,0,817.96826,0,0.1788781,0.716
11,Marche,Maschi,115,0,0,838.44658,0,0.1589642,0.688
11,Marche,Maschi,116,0,0,857.06314,0,0.1408363,0.663
11,Marche,Maschi,117,0,0,873.85928,0,0.1244559,0.642
11,Marche,Maschi,118,0,0,888.90054,0,0.1097628,0.623
11,Marche,Maschi,119,0,0,902.26840,0,0.0966820,0.607
11,Marche,Femmine,0,100000,174,1.74275,99836,0.9997826,86.244
11,Marche,Femmine,1,99826,23,0.22894,99814,0.9997928,85.394
11,Marche,Femmine,2,99803,19,0.18541,99794,0.9998285,84.413
11,Marche,Femmine,3,99784,16,0.15765,99777,0.9998509,83.429
11,Marche,Femmine,4,99769,14,0.14061,99762,0.9998620,82.442
11,Marche,Femmine,5,99755,14,0.13543,99748,0.9998673,81.453
11,Marche,Femmine,6,99741,13,0.12990,99735,0.9998752,80.464
11,Marche,Femmine,7,99728,12,0.11968,99722,0.9998919,79.475
11,Marche,Femmine,8,99716,10,0.09659,99711,0.9999158,78.484
11,Marche,Femmine,9,99707,7,0.07181,99703,0.9999386,77.492
11,Marche,Femmine,10,99699,5,0.05092,99697,0.9999483,76.497
11,Marche,Femmine,11,99694,5,0.05241,99692,0.9999391,75.501
11,Marche,Femmine,12,99689,7,0.06935,99686,0.9999176,74.505
11,Marche,Femmine,13,99682,10,0.09538,99677,0.9998979,73.510
11,Marche,Femmine,14,99673,11,0.10889,99667,0.9998842,72.517
11,Marche,Femmine,15,99662,12,0.12266,99656,0.9998692,71.525
11,Marche,Femmine,16,99650,14,0.13898,99643,0.9998468,70.534
11,Marche,Femmine,17,99636,17,0.16747,99627,0.9998240,69.543
11,Marche,Femmine,18,99619,18,0.18461,99610,0.9998168,68.555
11,Marche,Femmine,19,99601,18,0.18180,99592,0.9998302,67.567
11,Marche,Femmine,20,99583,16,0.15789,99575,0.9998538,66.580
11,Marche,Femmine,21,99567,13,0.13444,99560,0.9998736,65.590
11,Marche,Femmine,22,99553,12,0.11839,99548,0.9998843,64.599
11,Marche,Femmine,23,99542,11,0.11306,99536,0.9998845,63.606
11,Marche,Femmine,24,99530,12,0.11802,99525,0.9998724,62.614
11,Marche,Femmine,25,99519,14,0.13712,99512,0.9998513,61.621
11,Marche,Femmine,26,99505,16,0.16028,99497,0.9998269,60.629
11,Marche,Femmine,27,99489,19,0.18601,99480,0.9998021,59.639
11,Marche,Femmine,28,99471,21,0.20980,99460,0.9997747,58.650
11,Marche,Femmine,29,99450,24,0.24089,99438,0.9997416,57.662
11,Marche,Femmine,30,99426,27,0.27593,99412,0.9997047,56.676
11,Marche,Femmine,31,99398,31,0.31478,99383,0.9996838,55.691
11,Marche,Femmine,32,99367,32,0.31766,99351,0.9996889,54.709
11,Marche,Femmine,33,99335,30,0.30451,99320,0.9997021,53.726
11,Marche,Femmine,34,99305,29,0.29139,99291,0.9996895,52.742
11,Marche,Femmine,35,99276,33,0.32963,99260,0.9996451,51.757
11,Marche,Femmine,36,99244,38,0.38010,99225,0.9995971,50.774
11,Marche,Femmine,37,99206,42,0.42564,99185,0.9995721,49.793
11,Marche,Femmine,38,99164,43,0.43024,99142,0.9995637,48.814
11,Marche,Femmine,39,99121,44,0.44242,99099,0.9995262,47.835
11,Marche,Femmine,40,99077,50,0.50511,99052,0.9994496,46.856
11,Marche,Femmine,41,99027,59,0.59570,98998,0.9993704,45.880
11,Marche,Femmine,42,98968,66,0.66361,98935,0.9993261,44.907
11,Marche,Femmine,43,98902,68,0.68422,98869,0.9993058,43.936
11,Marche,Femmine,44,98835,70,0.70409,98800,0.9992636,42.966
11,Marche,Femmine,45,98765,76,0.76881,98727,0.9991670,41.996
11,Marche,Femmine,46,98689,89,0.89727,98645,0.9990665,41.028
11,Marche,Femmine,47,98601,96,0.96977,98553,0.9990103,40.064
11,Marche,Femmine,48,98505,99,1.00956,98455,0.9989418,39.103
11,Marche,Femmine,49,98406,109,1.10699,98351,0.9988650,38.142
11,Marche,Femmine,50,98297,114,1.16304,98239,0.9987847,37.183
11,Marche,Femmine,51,98182,124,1.26754,98120,0.9987043,36.226
11,Marche,Femmine,52,98058,130,1.32392,97993,0.9986385,35.271
11,Marche,Femmine,53,97928,137,1.39905,97860,0.9985075,34.317
11,Marche,Femmine,54,97791,155,1.58614,97713,0.9982706,33.365
11,Marche,Femmine,55,97636,183,1.87288,97545,0.9979371,32.417
11,Marche,Femmine,56,97453,220,2.25329,97343,0.9976418,31.477
11,Marche,Femmine,57,97233,240,2.46334,97114,0.9975298,30.547
11,Marche,Femmine,58,96994,240,2.47716,96874,0.9974965,29.621
11,Marche,Femmine,59,96754,245,2.52987,96631,0.9972790,28.693
11,Marche,Femmine,60,96509,281,2.91254,96368,0.9969826,27.765
11,Marche,Femmine,61,96228,300,3.12257,96078,0.9966751,26.845
11,Marche,Femmine,62,95927,338,3.52791,95758,0.9963019,25.927
11,Marche,Femmine,63,95589,370,3.86884,95404,0.9959947,25.017
11,Marche,Femmine,64,95219,394,4.14226,95022,0.9955939,24.112
11,Marche,Femmine,65,94825,443,4.67109,94603,0.9949567,23.211
11,Marche,Femmine,66,94382,511,5.41721,94126,0.9941205,22.317
11,Marche,Femmine,67,93870,596,6.34437,93573,0.9934179,21.436
11,Marche,Femmine,68,93275,636,6.82143,92957,0.9929645,20.570
11,Marche,Femmine,69,92639,672,7.25096,92303,0.9925100,19.707
11,Marche,Femmine,70,91967,711,7.73078,91611,0.9918617,18.848
11,Marche,Femmine,71,91256,780,8.54892,90866,0.9910860,17.991
11,Marche,Femmine,72,90476,840,9.28220,90056,0.9900414,17.142
11,Marche,Femmine,73,89636,954,10.64135,89159,0.9890234,16.297
11,Marche,Femmine,74,88682,1003,11.31545,88180,0.9880824,15.467
11,Marche,Femmine,75,87679,1098,12.52660,87130,0.9863093,14.639
11,Marche,Femmine,76,86580,1287,14.86961,85937,0.9837761,13.818
11,Marche,Femmine,77,85293,1501,17.59863,84542,0.9811109,13.019
11,Marche,Femmine,78,83792,1693,20.20273,82945,0.9783268,12.243
11,Marche,Femmine,79,82099,1903,23.17389,81148,0.9754062,11.485
11,Marche,Femmine,80,80197,2089,26.04734,79152,0.9713340,10.746
11,Marche,Femmine,81,78108,2449,31.35474,76883,0.9661011,10.020
11,Marche,Femmine,82,75659,2763,36.52551,74277,0.9607119,9.328
11,Marche,Femmine,83,72895,3073,42.15552,71359,0.9534015,8.663
11,Marche,Femmine,84,69822,3577,51.23711,68033,0.9452488,8.022
11,Marche,Femmine,85,66245,3872,58.45501,64309,0.9374508,7.428
11,Marche,Femmine,86,62372,4173,66.89760,60286,0.9281781,6.859
11,Marche,Femmine,87,58200,4487,77.09933,55956,0.9177286,6.314
11,Marche,Femmine,88,53713,4720,87.87560,51353,0.9060015,5.800
11,Marche,Femmine,89,48993,4934,100.71135,46526,0.8911636,5.311
11,Marche,Femmine,90,44058,5193,117.87148,41462,0.8734501,4.850
11,Marche,Femmine,91,38865,5301,136.38804,36215,0.8541843,4.431
11,Marche,Femmine,92,33564,5261,156.73222,30934,0.8338227,4.051
11,Marche,Femmine,93,28304,5020,177.37782,25794,0.8119557,3.712
11,Marche,Femmine,94,23283,4680,201.01073,20943,0.7893112,3.404
11,Marche,Femmine,95,18603,4145,222.80169,16531,0.7679855,3.135
11,Marche,Femmine,96,14458,3526,243.86836,12695,0.7463343,2.890
11,Marche,Femmine,97,10932,2915,266.62283,9475,0.7231043,2.661
11,Marche,Femmine,98,8018,2332,290.90337,6851,0.6979687,2.446
11,Marche,Femmine,99,5685,1806,317.72443,4782,0.6702173,2.245
11,Marche,Femmine,100,3879,1348,347.45624,3205,0.6395756,2.057
11,Marche,Femmine,101,2531,963,380.29774,2050,0.6077481,1.886
11,Marche,Femmine,102,1569,646,411.54207,1246,0.5766205,1.737
11,Marche,Femmine,103,923,409,443.49552,718,0.5449182,1.603
11,Marche,Femmine,104,514,244,475.90157,391,0.5128924,1.481
11,Marche,Femmine,105,269,137,508.48923,201,0.4808025,1.372
11,Marche,Femmine,106,132,72,540.98383,97,0.4489088,1.274
11,Marche,Femmine,107,61,35,573.11094,43,0.4174647,1.187
11,Marche,Femmine,108,26,16,604.61223,18,0.3867061,1.108
11,Marche,Femmine,109,10,7,635.25134,7,0.3568471,1.038
11,Marche,Femmine,110,4,2,664.81605,2,0.3280763,0.976
11,Marche,Femmine,111,1,1,693.12913,1,0.3005494,0.921
11,Marche,Femmine,112,0,0,720.05051,0,0.2743888,0.872
11,Marche,Femmine,113,0,0,745.47442,0,0.2496853,0.828
11,Marche,Femmine,114,0,0,769.33146,0,0.2264972,0.790
11,Marche,Femmine,115,0,0,791.58674,0,0.2048519,0.755
11,Marche,Femmine,116,0,0,812.23608,0,0.1847506,0.725
11,Marche,Femmine,117,0,0,831.29808,0,0.1661729,0.698
11,Marche,Femmine,118,0,0,848.81825,0,0.1490758,0.674
11,Marche,Femmine,119,0,0,864.85415,0,0.1334044,0.653
12,Lazio,Maschi e femmine,0,100000,194,1.93797,99818,0.9998126,83.431
12,Lazio,Maschi e femmine,1,99806,15,0.14581,99799,0.9998665,82.592
12,Lazio,Maschi e femmine,2,99792,12,0.12124,99786,0.9998872,81.604
12,Lazio,Maschi e femmine,3,99780,10,0.10443,99774,0.9999019,80.614
12,Lazio,Maschi e femmine,4,99769,9,0.09174,99765,0.9999133,79.623
12,Lazio,Maschi e femmine,5,99760,8,0.08160,99756,0.9999234,78.630
12,Lazio,Maschi e femmine,6,99752,7,0.07156,99748,0.9999327,77.636
12,Lazio,Maschi e femmine,7,99745,6,0.06301,99742,0.9999376,76.642
12,Lazio,Maschi e femmine,8,99738,6,0.06180,99735,0.9999362,75.647
12,Lazio,Maschi e femmine,9,99732,7,0.06579,99729,0.9999317,74.651
12,Lazio,Maschi e femmine,10,99726,7,0.07080,99722,0.9999252,73.656
12,Lazio,Maschi e femmine,11,99719,8,0.07872,99715,0.9999160,72.661
12,Lazio,Maschi e femmine,12,99711,9,0.08930,99706,0.9999054,71.667
12,Lazio,Maschi e femmine,13,99702,10,0.09998,99697,0.9998963,70.673
12,Lazio,Maschi e femmine,14,99692,11,0.10740,99687,0.9998846,69.680
12,Lazio,Maschi e femmine,15,99681,12,0.12340,99675,0.9998672,68.688
12,Lazio,Maschi e femmine,16,99669,14,0.14216,99662,0.9998478,67.696
12,Lazio,Maschi e femmine,17,99655,16,0.16223,99647,0.9998243,66.706
12,Lazio,Maschi e femmine,18,99639,19,0.18914,99629,0.9997985,65.716
12,Lazio,Maschi e femmine,19,99620,21,0.21391,99609,0.9997769,64.729
12,Lazio,Maschi e femmine,20,99598,23,0.23230,99587,0.9997616,63.742
12,Lazio,Maschi e femmine,21,99575,24,0.24450,99563,0.9997476,62.757
12,Lazio,Maschi e femmine,22,99551,26,0.26020,99538,0.9997304,61.772
12,Lazio,Maschi e femmine,23,99525,28,0.27893,99511,0.9997081,60.788
12,Lazio,Maschi e femmine,24,99497,30,0.30483,99482,0.9996853,59.805
12,Lazio,Maschi e femmine,25,99467,32,0.32465,99451,0.9996731,58.823
12,Lazio,Maschi e femmine,26,99435,33,0.32917,99418,0.9996698,57.842
12,Lazio,Maschi e femmine,27,99402,33,0.33121,99385,0.9996660,56.861
12,Lazio,Maschi e femmine,28,99369,33,0.33681,99352,0.9996609,55.880
12,Lazio,Maschi e femmine,29,99336,34,0.34132,99319,0.9996536,54.898
12,Lazio,Maschi e femmine,30,99302,35,0.35147,99284,0.9996407,53.917
12,Lazio,Maschi e femmine,31,99267,36,0.36715,99248,0.9996210,52.936
12,Lazio,Maschi e femmine,32,99230,39,0.39083,99211,0.9995908,51.955
12,Lazio,Maschi e femmine,33,99191,42,0.42752,99170,0.9995561,50.975
12,Lazio,Maschi e femmine,34,99149,46,0.46022,99126,0.9995283,49.997
12,Lazio,Maschi e femmine,35,99103,48,0.48324,99080,0.9995028,49.020
12,Lazio,Maschi e femmine,36,99056,51,0.51109,99030,0.9994598,48.043
12,Lazio,Maschi e femmine,37,99005,56,0.56936,98977,0.9994085,47.067
12,Lazio,Maschi e femmine,38,98949,61,0.61358,98918,0.9993637,46.094
12,Lazio,Maschi e femmine,39,98888,65,0.65914,98855,0.9993110,45.122
12,Lazio,Maschi e femmine,40,98823,71,0.71885,98787,0.9992403,44.151
12,Lazio,Maschi e femmine,41,98752,79,0.80058,98712,0.9991521,43.183
12,Lazio,Maschi e femmine,42,98673,88,0.89522,98628,0.9990447,42.217
12,Lazio,Maschi e femmine,43,98584,100,1.01544,98534,0.9989128,41.254
12,Lazio,Maschi e femmine,44,98484,114,1.15905,98427,0.9987691,40.296
12,Lazio,Maschi e femmine,45,98370,128,1.30278,98306,0.9986436,39.342
12,Lazio,Maschi e femmine,46,98242,139,1.40999,98173,0.9985287,38.392
12,Lazio,Maschi e femmine,47,98103,150,1.53261,98028,0.9984178,37.446
12,Lazio,Maschi e femmine,48,97953,160,1.63193,97873,0.9983087,36.503
12,Lazio,Maschi e femmine,49,97793,171,1.75086,97707,0.9981539,35.562
12,Lazio,Maschi e femmine,50,97622,190,1.94145,97527,0.9979698,34.623
12,Lazio,Maschi e femmine,51,97432,206,2.11912,97329,0.9977843,33.689
12,Lazio,Maschi e femmine,52,97226,225,2.31249,97113,0.9975500,32.760
12,Lazio,Maschi e femmine,53,97001,251,2.58792,96876,0.9972792,31.835
12,Lazio,Maschi e femmine,54,96750,276,2.85401,96612,0.9970125,30.916
12,Lazio,Maschi e femmine,55,96474,301,3.12146,96323,0.9967810,30.003
12,Lazio,Maschi e femmine,56,96173,319,3.31691,96013,0.9965863,29.095
12,Lazio,Maschi e femmine,57,95854,337,3.51087,95685,0.9963065,28.191
12,Lazio,Maschi e femmine,58,95517,370,3.87680,95332,0.9959355,27.288
12,Lazio,Maschi e femmine,59,95147,405,4.25297,94945,0.9954979,26.392
12,Lazio,Maschi e femmine,60,94742,450,4.75231,94517,0.9949389,25.503
12,Lazio,Maschi e femmine,61,94292,506,5.37140,94039,0.9943283,24.622
12,Lazio,Maschi e femmine,62,93786,560,5.97355,93505,0.9937981,23.753
12,Lazio,Maschi e femmine,63,93225,600,6.43155,92926,0.9932475,22.892
12,Lazio,Maschi e femmine,64,92626,655,7.07550,92298,0.9926325,22.037
12,Lazio,Maschi e femmine,65,91970,705,7.66161,91618,0.9918961,21.191
12,Lazio,Maschi e femmine,66,91266,780,8.54951,90876,0.9909347,20.351
12,Lazio,Maschi e femmine,67,90485,867,9.58555,90052,0.9899052,19.522
12,Lazio,Maschi e femmine,68,89618,951,10.60893,89143,0.9889680,18.706
12,Lazio,Maschi e femmine,69,88667,1016,11.45964,88159,0.9880320,17.901
12,Lazio,Maschi e femmine,70,87651,1094,12.48227,87104,0.9869164,17.103
12,Lazio,Maschi e femmine,71,86557,1185,13.69246,85965,0.9854605,16.313
12,Lazio,Maschi e femmine,72,85372,1315,15.39831,84715,0.9836349,15.532
12,Lazio,Maschi e femmine,73,84057,1458,17.34693,83328,0.9817518,14.767
12,Lazio,Maschi e femmine,74,82599,1583,19.16542,81808,0.9796545,14.019
12,Lazio,Maschi e femmine,75,81016,1746,21.54855,80143,0.9774367,13.283
12,Lazio,Maschi e femmine,76,79270,1871,23.60047,78335,0.9752555,12.565
12,Lazio,Maschi e femmine,77,77400,2006,25.91609,76397,0.9719742,11.856
12,Lazio,Maschi e femmine,78,75394,2276,30.19173,74256,0.9679411,11.159
12,Lazio,Maschi e femmine,79,73117,2485,33.98410,71875,0.9638578,10.490
12,Lazio,Maschi e femmine,80,70633,2711,38.37630,69277,0.9586834,9.842
12,Lazio,Maschi e femmine,81,67922,3014,44.37423,66415,0.9530062,9.215
12,Lazio,Maschi e femmine,82,64908,3228,49.73510,63294,0.9477075,8.619
12,Lazio,Maschi e femmine,83,61680,3391,54.98385,59984,0.9413100,8.044
12,Lazio,Maschi e femmine,84,58288,3650,62.61187,56464,0.9341939,7.483
12,Lazio,Maschi e femmine,85,54639,3782,69.21360,52748,0.9258973,6.950
12,Lazio,Maschi e femmine,86,50857,4036,79.35538,48839,0.9150296,6.429
12,Lazio,Maschi e femmine,87,46821,4264,91.06946,44689,0.9030174,5.940
12,Lazio,Maschi e femmine,88,42557,4404,103.48827,40355,0.8900896,5.485
12,Lazio,Maschi e femmine,89,38153,4467,117.07378,35920,0.8751227,5.061
12,Lazio,Maschi e femmine,90,33686,4504,133.71559,31434,0.8580817,4.666
12,Lazio,Maschi e femmine,91,29182,4418,151.38710,26973,0.8408774,4.309
12,Lazio,Maschi e femmine,92,24764,4166,168.23812,22681,0.8242372,3.988
12,Lazio,Maschi e femmine,93,20598,3807,184.80956,18695,0.8059398,3.694
12,Lazio,Maschi e femmine,94,16791,3449,205.40803,15067,0.7853597,3.418
12,Lazio,Maschi e femmine,95,13342,3019,226.25922,11833,0.7667823,3.172
12,Lazio,Maschi e femmine,96,10323,2500,242.21099,9073,0.7496291,2.953
12,Lazio,Maschi e femmine,97,7823,2043,261.13896,6802,0.7302275,2.737
12,Lazio,Maschi e femmine,98,5780,1627,281.45753,4967,0.7086202,2.528
12,Lazio,Maschi e femmine,99,4153,1268,305.18876,3519,0.6827518,2.322
12,Lazio,Maschi e femmine,100,2886,966,334.60456,2403,0.6511639,2.123
12,Lazio,Maschi e femmine,101,1920,711,370.22412,1565,0.6178012,1.939
12,Lazio,Maschi e femmine,102,1209,485,401.21294,967,0.5868897,1.784
12,Lazio,Maschi e femmine,103,724,314,432.97935,567,0.5553341,1.645
12,Lazio,Maschi e femmine,104,411,191,465.27640,315,0.5233778,1.519
12,Lazio,Maschi e femmine,105,220,109,497.84026,165,0.4912744,1.406
12,Lazio,Maschi e femmine,106,110,58,530.40259,81,0.4592789,1.305
12,Lazio,Maschi e femmine,107,52,29,562.69404,37,0.4276410,1.214
12,Lazio,Maschi e femmine,108,23,13,594.46015,16,0.3965939,1.133
12,Lazio,Maschi e femmine,109,9,6,625.46545,6,0.3663510,1.060
12,Lazio,Maschi e femmine,110,3,2,655.49899,2,0.3371002,0.995
12,Lazio,Maschi e femmine,111,1,1,684.38255,1,0.3089982,0.937
12,Lazio,Maschi e femmine,112,0,0,711.97419,0,0.2821690,0.886
12,Lazio,Maschi e femmine,113,0,0,738.16530,0,0.2567056,0.840
12,Lazio,Maschi e femmine,114,0,0,762.88344,0,0.2326686,0.800
12,Lazio,Maschi e femmine,115,0,0,786.08971,0,0.2100888,0.763
12,Lazio,Maschi e femmine,116,0,0,807.77616,0,0.1889699,0.731
12,Lazio,Maschi e femmine,117,0,0,827.95794,0,0.1692944,0.702
12,Lazio,Maschi e femmine,118,0,0,846.67652,0,0.1510223,0.677
12,Lazio,Maschi e femmine,119,0,0,863.98643,0,0.1341011,0.655
12,Lazio,Maschi,0,100000,218,2.18135,99795,0.9997911,81.451
12,Lazio,Maschi,1,99782,16,0.15993,99774,0.9998469,80.628
12,Lazio,Maschi,2,99766,15,0.14627,99759,0.9998594,79.640
12,Lazio,Maschi,3,99751,13,0.13494,99745,0.9998708,78.652
12,Lazio,Maschi,4,99738,12,0.12356,99732,0.9998832,77.662
12,Lazio,Maschi,5,99726,11,0.11001,99720,0.9998967,76.672
12,Lazio,Maschi,6,99715,10,0.09667,99710,0.9999104,75.680
12,Lazio,Maschi,7,99705,8,0.08245,99701,0.9999222,74.688
12,Lazio,Maschi,8,99697,7,0.07317,99693,0.9999290,73.694
12,Lazio,Maschi,9,99689,7,0.06890,99686,0.9999320,72.699
12,Lazio,Maschi,10,99683,7,0.06714,99679,0.9999296,71.704
12,Lazio,Maschi,11,99676,7,0.07368,99672,0.9999178,70.709
12,Lazio,Maschi,12,99669,9,0.09081,99664,0.9998989,69.714
12,Lazio,Maschi,13,99659,11,0.11145,99654,0.9998803,68.720
12,Lazio,Maschi,14,99648,13,0.12791,99642,0.9998594,67.728
12,Lazio,Maschi,15,99636,15,0.15339,99628,0.9998328,66.737
12,Lazio,Maschi,16,99620,18,0.18096,99611,0.9998053,65.747
12,Lazio,Maschi,17,99602,21,0.20840,99592,0.9997689,64.759
12,Lazio,Maschi,18,99582,25,0.25383,99569,0.9997211,63.772
12,Lazio,Maschi,19,99556,30,0.30407,99541,0.9996757,62.788
12,Lazio,Maschi,20,99526,34,0.34449,99509,0.9996468,61.807
12,Lazio,Maschi,21,99492,36,0.36190,99474,0.9996382,60.828
12,Lazio,Maschi,22,99456,36,0.36163,99438,0.9996352,59.850
12,Lazio,Maschi,23,99420,37,0.36797,99401,0.9996181,58.871
12,Lazio,Maschi,24,99383,39,0.39582,99363,0.9995869,57.893
12,Lazio,Maschi,25,99344,43,0.43046,99322,0.9995611,56.916
12,Lazio,Maschi,26,99301,44,0.44728,99279,0.9995483,55.940
12,Lazio,Maschi,27,99257,45,0.45615,99234,0.9995396,54.965
12,Lazio,Maschi,28,99211,46,0.46465,99188,0.9995245,53.990
12,Lazio,Maschi,29,99165,48,0.48634,99141,0.9994967,53.014
12,Lazio,Maschi,30,99117,52,0.52023,99091,0.9994668,52.040
12,Lazio,Maschi,31,99065,54,0.54608,99038,0.9994492,51.067
12,Lazio,Maschi,32,99011,55,0.55559,98984,0.9994415,50.094
12,Lazio,Maschi,33,98956,56,0.56146,98929,0.9994321,49.122
12,Lazio,Maschi,34,98901,57,0.57428,98872,0.9994161,48.149
12,Lazio,Maschi,35,98844,59,0.59361,98815,0.9993836,47.177
12,Lazio,Maschi,36,98785,63,0.63922,98754,0.9993182,46.204
12,Lazio,Maschi,37,98722,72,0.72449,98686,0.9992476,45.234
12,Lazio,Maschi,38,98651,77,0.78035,98612,0.9991965,44.266
12,Lazio,Maschi,39,98574,81,0.82676,98533,0.9991453,43.300
12,Lazio,Maschi,40,98492,87,0.88265,98449,0.9990749,42.336
12,Lazio,Maschi,41,98405,95,0.96759,98358,0.9989822,41.373
12,Lazio,Maschi,42,98310,105,1.06800,98258,0.9988608,40.412
12,Lazio,Maschi,43,98205,119,1.21046,98146,0.9986873,39.455
12,Lazio,Maschi,44,98086,139,1.41509,98017,0.9984873,38.502
12,Lazio,Maschi,45,97947,158,1.61049,97868,0.9983141,37.556
12,Lazio,Maschi,46,97790,172,1.76140,97703,0.9981409,36.616
12,Lazio,Maschi,47,97617,191,1.95700,97522,0.9979723,35.679
12,Lazio,Maschi,48,97426,204,2.09856,97324,0.9978084,34.748
12,Lazio,Maschi,49,97222,222,2.28482,97111,0.9975810,33.820
12,Lazio,Maschi,50,97000,248,2.55358,96876,0.9973459,32.897
12,Lazio,Maschi,51,96752,267,2.75493,96619,0.9971242,31.980
12,Lazio,Maschi,52,96485,289,2.99703,96341,0.9968161,31.067
12,Lazio,Maschi,53,96196,324,3.37124,96034,0.9964664,30.159
12,Lazio,Maschi,54,95872,354,3.69646,95695,0.9961212,29.259
12,Lazio,Maschi,55,95518,388,4.06180,95324,0.9958157,28.366
12,Lazio,Maschi,56,95130,410,4.30735,94925,0.9956201,27.479
12,Lazio,Maschi,57,94720,422,4.45277,94509,0.9953010,26.596
12,Lazio,Maschi,58,94298,466,4.94642,94065,0.9948138,25.713
12,Lazio,Maschi,59,93832,509,5.42725,93577,0.9942859,24.838
12,Lazio,Maschi,60,93322,560,6.00256,93042,0.9936044,23.971
12,Lazio,Maschi,61,92762,630,6.79109,92447,0.9927819,23.113
12,Lazio,Maschi,62,92132,705,7.64796,91780,0.9920893,22.267
12,Lazio,Maschi,63,91428,747,8.17549,91054,0.9914109,21.435
12,Lazio,Maschi,64,90680,817,9.00612,90272,0.9906110,20.607
12,Lazio,Maschi,65,89864,878,9.77532,89424,0.9896740,19.790
12,Lazio,Maschi,66,88985,968,10.88220,88501,0.9885329,18.981
12,Lazio,Maschi,67,88017,1061,12.05841,87486,0.9873035,18.184
12,Lazio,Maschi,68,86955,1160,13.34235,86375,0.9862242,17.400
12,Lazio,Maschi,69,85795,1220,14.21514,85185,0.9852157,16.628
12,Lazio,Maschi,70,84576,1299,15.36167,83926,0.9839101,15.861
12,Lazio,Maschi,71,83276,1402,16.82956,82576,0.9819979,15.101
12,Lazio,Maschi,72,81875,1572,19.19463,81089,0.9795280,14.350
12,Lazio,Maschi,73,80303,1749,21.77429,79429,0.9770759,13.622
12,Lazio,Maschi,74,78555,1893,24.09942,77608,0.9745358,12.914
12,Lazio,Maschi,75,76662,2059,26.86259,75632,0.9718081,12.220
12,Lazio,Maschi,76,74602,2205,29.55796,73500,0.9690104,11.544
12,Lazio,Maschi,77,72397,2350,32.46483,71222,0.9648249,10.880
12,Lazio,Maschi,78,70047,2660,37.97623,68717,0.9599915,10.228
12,Lazio,Maschi,79,67387,2838,42.12104,65968,0.9557323,9.612
12,Lazio,Maschi,80,64548,3002,46.50872,63047,0.9504094,9.013
12,Lazio,Maschi,81,61546,3251,52.82284,59921,0.9436497,8.428
12,Lazio,Maschi,82,58295,3502,60.07452,56544,0.9373336,7.870
12,Lazio,Maschi,83,54793,3585,65.42392,53001,0.9301561,7.342
12,Lazio,Maschi,84,51208,3819,74.57324,49299,0.9215779,6.820
12,Lazio,Maschi,85,47390,3913,82.58120,45433,0.9109941,6.330
12,Lazio,Maschi,86,43476,4174,96.00898,41389,0.8976265,5.855
12,Lazio,Maschi,87,39302,4300,109.41396,37152,0.8843558,5.423
12,Lazio,Maschi,88,35002,4293,122.63980,32856,0.8712026,5.028
12,Lazio,Maschi,89,30709,4171,135.81572,28624,0.8576955,4.661
12,Lazio,Maschi,90,26538,3976,149.81306,24551,0.8412315,4.315
12,Lazio,Maschi,91,22563,3820,169.30195,20653,0.8220150,3.987
12,Lazio,Maschi,92,18743,3532,188.43782,16977,0.8037904,3.698
12,Lazio,Maschi,93,15211,3130,205.78592,13646,0.7841551,3.440
12,Lazio,Maschi,94,12081,2761,228.51021,10700,0.7614540,3.202
12,Lazio,Maschi,95,9320,2345,251.55422,8148,0.7444115,3.003
12,Lazio,Maschi,96,6976,1820,260.97859,6065,0.7335521,2.844
12,Lazio,Maschi,97,5155,1412,273.84869,4449,0.7203610,2.672
12,Lazio,Maschi,98,3743,1077,287.61298,3205,0.7045449,2.491
12,Lazio,Maschi,99,2667,817,306.46340,2258,0.6812367,2.294
12,Lazio,Maschi,100,1849,622,336.49843,1538,0.6466465,2.087
12,Lazio,Maschi,101,1227,465,378.75668,995,0.6091775,1.892
12,Lazio,Maschi,102,762,313,410.24453,606,0.5777916,1.741
12,Lazio,Maschi,103,450,199,442.49467,350,0.5457786,1.605
12,Lazio,Maschi,104,251,119,475.25579,191,0.5133868,1.482
12,Lazio,Maschi,105,132,67,508.25684,98,0.4808759,1.372
12,Lazio,Maschi,106,65,35,541.22356,47,0.4485058,1.272
12,Lazio,Maschi,107,30,17,573.88123,21,0.4165303,1.184
12,Lazio,Maschi,108,13,8,605.97164,9,0.3851867,1.104
12,Lazio,Maschi,109,5,3,637.25254,3,0.3546929,1.033
12,Lazio,Maschi,110,2,1,667.51123,1,0.3252389,0.970
12,Lazio,Maschi,111,1,0,696.56613,0,0.2969838,0.914
12,Lazio,Maschi,112,0,0,724.27310,0,0.2700538,0.864
12,Lazio,Maschi,113,0,0,750.52146,0,0.2445434,0.819
12,Lazio,Maschi,114,0,0,775.23842,0,0.2205142,0.780
12,Lazio,Maschi,115,0,0,798.38310,0,0.1979987,0.745
12,Lazio,Maschi,116,0,0,819.94714,0,0.1770013,0.714
12,Lazio,Maschi,117,0,0,839.94653,0,0.1575045,0.686
12,Lazio,Maschi,118,0,0,858.42114,0,0.1394698,0.661
12,Lazio,Maschi,119,0,0,875.42730,0,0.1228438,0.640
12,Lazio,Femmine,0,100000,168,1.68133,99842,0.9998352,85.510
12,Lazio,Femmine,1,99832,13,0.13091,99825,0.9998871,84.653
12,Lazio,Femmine,2,99819,9,0.09484,99814,0.9999165,83.664
12,Lazio,Femmine,3,99809,7,0.07225,99806,0.9999348,82.672
12,Lazio,Femmine,4,99802,6,0.05820,99799,0.9999451,81.678
12,Lazio,Femmine,5,99796,5,0.05165,99794,0.9999516,80.682
12,Lazio,Femmine,6,99791,4,0.04509,99789,0.9999562,79.687
12,Lazio,Femmine,7,99787,4,0.04253,99785,0.9999538,78.690
12,Lazio,Femmine,8,99782,5,0.04981,99780,0.9999438,77.693
12,Lazio,Femmine,9,99777,6,0.06251,99774,0.9999314,76.697
12,Lazio,Femmine,10,99771,7,0.07466,99767,0.9999207,75.702
12,Lazio,Femmine,11,99764,8,0.08404,99760,0.9999141,74.708
12,Lazio,Femmine,12,99755,9,0.08771,99751,0.9999122,73.714
12,Lazio,Femmine,13,99747,9,0.08790,99742,0.9999132,72.720
12,Lazio,Femmine,14,99738,9,0.08579,99734,0.9999112,71.727
12,Lazio,Femmine,15,99729,9,0.09180,99725,0.9999035,70.733
12,Lazio,Femmine,16,99720,10,0.10126,99715,0.9998926,69.739
12,Lazio,Femmine,17,99710,11,0.11356,99704,0.9998827,68.746
12,Lazio,Femmine,18,99699,12,0.12098,99693,0.9998800,67.754
12,Lazio,Femmine,19,99687,12,0.11894,99681,0.9998835,66.762
12,Lazio,Femmine,20,99675,11,0.11413,99669,0.9998825,65.770
12,Lazio,Femmine,21,99663,12,0.12087,99657,0.9998629,64.778
12,Lazio,Femmine,22,99651,15,0.15343,99644,0.9998307,63.785
12,Lazio,Femmine,23,99636,18,0.18521,99627,0.9998029,62.795
12,Lazio,Femmine,24,99618,21,0.20907,99607,0.9997888,61.807
12,Lazio,Femmine,25,99597,21,0.21331,99586,0.9997909,60.819
12,Lazio,Femmine,26,99576,20,0.20493,99565,0.9997976,59.832
12,Lazio,Femmine,27,99555,20,0.19981,99545,0.9997989,58.844
12,Lazio,Femmine,28,99535,20,0.20240,99525,0.9998044,57.856
12,Lazio,Femmine,29,99515,19,0.18889,99506,0.9998185,56.868
12,Lazio,Femmine,30,99496,17,0.17413,99488,0.9998233,55.878
12,Lazio,Femmine,31,99479,18,0.17918,99470,0.9998015,54.888
12,Lazio,Femmine,32,99461,22,0.21783,99450,0.9997476,53.898
12,Lazio,Femmine,33,99440,29,0.28691,99425,0.9996863,52.909
12,Lazio,Femmine,34,99411,34,0.34052,99394,0.9996460,51.924
12,Lazio,Femmine,35,99377,37,0.36744,99359,0.9996279,50.942
12,Lazio,Femmine,36,99341,37,0.37669,99322,0.9996083,49.960
12,Lazio,Femmine,37,99303,40,0.40668,99283,0.9995773,48.979
12,Lazio,Femmine,38,99263,44,0.43875,99241,0.9995389,47.999
12,Lazio,Femmine,39,99219,48,0.48348,99195,0.9994846,47.020
12,Lazio,Femmine,40,99171,54,0.54726,99144,0.9994135,46.042
12,Lazio,Femmine,41,99117,62,0.62568,99086,0.9993300,45.067
12,Lazio,Femmine,42,99055,71,0.71434,99020,0.9992372,44.095
12,Lazio,Femmine,43,98984,80,0.81136,98944,0.9991487,43.126
12,Lazio,Femmine,44,98904,88,0.89123,98860,0.9990638,42.161
12,Lazio,Femmine,45,98816,97,0.98111,98767,0.9989880,41.198
12,Lazio,Femmine,46,98719,103,1.04288,98667,0.9989338,40.238
12,Lazio,Femmine,47,98616,107,1.08961,98562,0.9988826,39.279
12,Lazio,Femmine,48,98508,113,1.14527,98452,0.9988301,38.322
12,Lazio,Femmine,49,98396,118,1.19455,98337,0.9987505,37.365
12,Lazio,Femmine,50,98278,128,1.30444,98214,0.9986187,36.409
12,Lazio,Femmine,51,98150,143,1.45832,98078,0.9984699,35.456
12,Lazio,Femmine,52,98007,157,1.60202,97928,0.9983110,34.507
12,Lazio,Femmine,53,97850,174,1.77613,97763,0.9981208,33.562
12,Lazio,Femmine,54,97676,194,1.98238,97579,0.9979337,32.620
12,Lazio,Femmine,55,97482,210,2.15033,97377,0.9977769,31.684
12,Lazio,Femmine,56,97273,223,2.29605,97161,0.9975811,30.751
12,Lazio,Femmine,57,97049,247,2.54194,96926,0.9973398,29.821
12,Lazio,Femmine,58,96803,269,2.77874,96668,0.9970857,28.896
12,Lazio,Femmine,59,96534,294,3.05022,96386,0.9967378,27.975
12,Lazio,Femmine,60,96239,334,3.47489,96072,0.9963006,27.059
12,Lazio,Femmine,61,95905,376,3.92478,95717,0.9959016,26.152
12,Lazio,Femmine,62,95528,408,4.27272,95324,0.9955310,25.253
12,Lazio,Femmine,63,95120,444,4.66621,94898,0.9951032,24.359
12,Lazio,Femmine,64,94676,486,5.12846,94434,0.9946670,23.471
12,Lazio,Femmine,65,94191,522,5.53862,93930,0.9941231,22.589
12,Lazio,Femmine,66,93669,582,6.21705,93378,0.9933304,21.712
12,Lazio,Femmine,67,93087,663,7.12489,92755,0.9924873,20.845
12,Lazio,Femmine,68,92424,730,7.90320,92058,0.9916766,19.991
12,Lazio,Femmine,69,91693,802,8.74704,91292,0.9907967,19.146
12,Lazio,Femmine,70,90891,878,9.66366,90452,0.9898505,18.311
12,Lazio,Femmine,71,90013,958,10.64003,89534,0.9888179,17.485
12,Lazio,Femmine,72,89055,1045,11.72993,88533,0.9875872,16.667
12,Lazio,Femmine,73,88010,1153,13.10369,87434,0.9862125,15.859
12,Lazio,Femmine,74,86857,1258,14.48042,86228,0.9844905,15.063
12,Lazio,Femmine,75,85599,1417,16.55371,84891,0.9826980,14.277
12,Lazio,Femmine,76,84182,1521,18.06288,83422,0.9810252,13.509
12,Lazio,Femmine,77,82662,1645,19.90347,81839,0.9784924,12.748
12,Lazio,Femmine,78,81017,1875,23.14436,80079,0.9750830,11.997
12,Lazio,Femmine,79,79142,2116,26.73168,78084,0.9710436,11.269
12,Lazio,Femmine,80,77026,2406,31.24218,75823,0.9658845,10.565
12,Lazio,Femmine,81,74619,2767,37.08149,73236,0.9610103,9.890
12,Lazio,Femmine,82,71852,2944,40.97146,70381,0.9564144,9.251
12,Lazio,Femmine,83,68909,3191,46.31144,67313,0.9504781,8.625
12,Lazio,Femmine,84,65717,3476,52.88818,63979,0.9443293,8.020
12,Lazio,Femmine,85,62242,3648,58.60856,60418,0.9375562,7.440
12,Lazio,Femmine,86,58594,3898,66.51774,56645,0.9282309,6.872
12,Lazio,Femmine,87,54696,4233,77.39462,52580,0.9166930,6.326
12,Lazio,Femmine,88,50463,4527,89.71545,48199,0.9034413,5.814
12,Lazio,Femmine,89,45936,4781,104.07648,43545,0.8870184,5.338
12,Lazio,Femmine,90,41155,5059,122.92123,38625,0.8692104,4.900
12,Lazio,Femmine,91,36096,5045,139.76076,33574,0.8529128,4.517
12,Lazio,Femmine,92,31051,4832,155.60386,28635,0.8367949,4.169
12,Lazio,Femmine,93,26220,4515,172.20699,23962,0.8187768,3.846
12,Lazio,Femmine,94,21704,4170,192.11517,19620,0.7988267,3.542
12,Lazio,Femmine,95,17535,3724,212.38555,15673,0.7788085,3.265
12,Lazio,Femmine,96,13811,3209,232.37206,12206,0.7579358,3.011
12,Lazio,Femmine,97,10601,2700,254.69024,9251,0.7351860,2.771
12,Lazio,Femmine,98,7901,2200,278.39732,6801,0.7106365,2.546
12,Lazio,Femmine,99,5702,1736,304.56049,4833,0.6834976,2.336
12,Lazio,Femmine,100,3965,1323,333.67418,3304,0.6533693,2.140
12,Lazio,Femmine,101,2642,967,366.07553,2158,0.6219607,1.961
12,Lazio,Femmine,102,1675,665,396.91197,1342,0.5911854,1.805
12,Lazio,Femmine,103,1010,433,428.55068,794,0.5597411,1.664
12,Lazio,Femmine,104,577,266,460.74761,444,0.5278682,1.536
12,Lazio,Femmine,105,311,154,493.24275,235,0.4958174,1.422
12,Lazio,Femmine,106,158,83,525.77052,116,0.4638415,1.319
12,Lazio,Femmine,107,75,42,558.06354,54,0.4321888,1.227
12,Lazio,Femmine,108,33,19,589.86805,23,0.4010919,1.144
12,Lazio,Femmine,109,14,8,620.94986,9,0.3707639,1.070
12,Lazio,Femmine,110,5,3,651.09661,3,0.3413940,1.004
12,Lazio,Femmine,111,2,1,680.12868,1,0.3131405,0.946
12,Lazio,Femmine,112,1,0,707.90161,0,0.2861298,0.893
12,Lazio,Femmine,113,0,0,734.30364,0,0.2604579,0.847
12,Lazio,Femmine,114,0,0,759.25808,0,0.2361892,0.805
12,Lazio,Femmine,115,0,0,782.72183,0,0.2133584,0.768
12,Lazio,Femmine,116,0,0,804.68185,0,0.1919740,0.736
12,Lazio,Femmine,117,0,0,825.14772,0,0.1720233,0.706
12,Lazio,Femmine,118,0,0,844.15585,0,0.1534712,0.680
12,Lazio,Femmine,119,0,0,861.75497,0,0.1362705,0.657
13,Abruzzo,Maschi e femmine,0,100000,269,2.69411,99746,0.9997347,83.534
13,Abruzzo,Maschi e femmine,1,99731,21,0.21196,99720,0.9998209,82.758
13,Abruzzo,Maschi e femmine,2,99709,15,0.14619,99702,0.9998720,81.775
13,Abruzzo,Maschi e femmine,3,99695,11,0.10983,99689,0.9998989,80.787
13,Abruzzo,Maschi e femmine,4,99684,9,0.09234,99679,0.9999074,79.796
13,Abruzzo,Maschi e femmine,5,99675,9,0.09295,99670,0.9999071,78.804
13,Abruzzo,Maschi e femmine,6,99665,9,0.09293,99661,0.9999064,77.811
13,Abruzzo,Maschi e femmine,7,99656,9,0.09424,99651,0.9999036,76.818
13,Abruzzo,Maschi e femmine,8,99647,10,0.09863,99642,0.9998983,75.825
13,Abruzzo,Maschi e femmine,9,99637,10,0.10470,99632,0.9998981,74.833
13,Abruzzo,Maschi e femmine,10,99627,10,0.09911,99622,0.9999086,73.840
13,Abruzzo,Maschi e femmine,11,99617,8,0.08378,99612,0.9999203,72.848
13,Abruzzo,Maschi e femmine,12,99608,8,0.07558,99605,0.9999181,71.854
13,Abruzzo,Maschi e femmine,13,99601,9,0.08832,99596,0.9998939,70.859
13,Abruzzo,Maschi e femmine,14,99592,12,0.12396,99586,0.9998550,69.865
13,Abruzzo,Maschi e femmine,15,99580,17,0.16603,99571,0.9998244,68.874
13,Abruzzo,Maschi e femmine,16,99563,18,0.18523,99554,0.9998109,67.885
13,Abruzzo,Maschi e femmine,17,99545,19,0.19289,99535,0.9997994,66.898
13,Abruzzo,Maschi e femmine,18,99525,21,0.20826,99515,0.9997716,65.911
13,Abruzzo,Maschi e femmine,19,99505,25,0.24860,99492,0.9997234,64.924
13,Abruzzo,Maschi e femmine,20,99480,30,0.30463,99465,0.9996773,63.940
13,Abruzzo,Maschi e femmine,21,99450,34,0.34075,99433,0.9996592,62.960
13,Abruzzo,Maschi e femmine,22,99416,34,0.34079,99399,0.9996715,61.981
13,Abruzzo,Maschi e femmine,23,99382,31,0.31613,99366,0.9996985,61.002
13,Abruzzo,Maschi e femmine,24,99351,29,0.28694,99336,0.9997204,60.021
13,Abruzzo,Maschi e femmine,25,99322,27,0.27225,99308,0.9997254,59.038
13,Abruzzo,Maschi e femmine,26,99295,28,0.27702,99281,0.9997135,58.054
13,Abruzzo,Maschi e femmine,27,99267,29,0.29591,99253,0.9996881,57.070
13,Abruzzo,Maschi e femmine,28,99238,33,0.32793,99222,0.9996532,56.087
13,Abruzzo,Maschi e femmine,29,99206,36,0.36573,99187,0.9996251,55.105
13,Abruzzo,Maschi e femmine,30,99169,38,0.38416,99150,0.9996138,54.125
13,Abruzzo,Maschi e femmine,31,99131,38,0.38817,99112,0.9996142,53.145
13,Abruzzo,Maschi e femmine,32,99093,38,0.38350,99074,0.9996167,52.166
13,Abruzzo,Maschi e femmine,33,99055,38,0.38303,99036,0.9996061,51.186
13,Abruzzo,Maschi e femmine,34,99017,40,0.40480,98997,0.9995764,50.205
13,Abruzzo,Maschi e femmine,35,98977,44,0.44246,98955,0.9995437,49.225
13,Abruzzo,Maschi e femmine,36,98933,47,0.47022,98910,0.9995107,48.247
13,Abruzzo,Maschi e femmine,37,98886,50,0.50844,98861,0.9994492,47.269
13,Abruzzo,Maschi e femmine,38,98836,59,0.59318,98807,0.9993319,46.293
13,Abruzzo,Maschi e femmine,39,98777,73,0.74311,98741,0.9991525,45.320
13,Abruzzo,Maschi e femmine,40,98704,94,0.95192,98657,0.9989696,44.354
13,Abruzzo,Maschi e femmine,41,98610,109,1.10901,98555,0.9988693,43.395
13,Abruzzo,Maschi e femmine,42,98501,114,1.15248,98444,0.9988643,42.443
13,Abruzzo,Maschi e femmine,43,98387,110,1.11891,98332,0.9988907,41.491
13,Abruzzo,Maschi e femmine,44,98277,108,1.09977,98223,0.9988746,40.537
13,Abruzzo,Maschi e femmine,45,98169,113,1.15112,98113,0.9987502,39.581
13,Abruzzo,Maschi e femmine,46,98056,132,1.34866,97990,0.9985359,38.626
13,Abruzzo,Maschi e femmine,47,97924,155,1.57972,97846,0.9983561,37.678
13,Abruzzo,Maschi e femmine,48,97769,167,1.70812,97686,0.9982408,36.737
13,Abruzzo,Maschi e femmine,49,97602,177,1.81036,97514,0.9981632,35.799
13,Abruzzo,Maschi e femmine,50,97425,182,1.86336,97335,0.9980672,34.863
13,Abruzzo,Maschi e femmine,51,97244,195,2.00239,97147,0.9978874,33.927
13,Abruzzo,Maschi e femmine,52,97049,216,2.22300,96941,0.9976221,32.994
13,Abruzzo,Maschi e femmine,53,96833,245,2.53306,96711,0.9973522,32.066
13,Abruzzo,Maschi e femmine,54,96588,267,2.76275,96455,0.9971378,31.147
13,Abruzzo,Maschi e femmine,55,96321,285,2.96191,96179,0.9969623,30.231
13,Abruzzo,Maschi e femmine,56,96036,299,3.11372,95886,0.9967097,29.320
13,Abruzzo,Maschi e femmine,57,95737,332,3.46741,95571,0.9963447,28.410
13,Abruzzo,Maschi e femmine,58,95405,367,3.84380,95222,0.9959590,27.507
13,Abruzzo,Maschi e femmine,59,95038,403,4.23887,94837,0.9956037,26.611
13,Abruzzo,Maschi e femmine,60,94635,431,4.55446,94420,0.9952291,25.722
13,Abruzzo,Maschi e femmine,61,94204,470,4.98834,93969,0.9948300,24.838
13,Abruzzo,Maschi e femmine,62,93734,502,5.35256,93484,0.9943950,23.960
13,Abruzzo,Maschi e femmine,63,93233,546,5.85884,92960,0.9938582,23.086
13,Abruzzo,Maschi e femmine,64,92687,596,6.42645,92389,0.9931899,22.219
13,Abruzzo,Maschi e femmine,65,92091,663,7.19620,91760,0.9923828,21.360
13,Abruzzo,Maschi e femmine,66,91428,735,8.04134,91061,0.9915213,20.511
13,Abruzzo,Maschi e femmine,67,90693,809,8.91966,90288,0.9907026,19.673
13,Abruzzo,Maschi e femmine,68,89884,870,9.67864,89449,0.9896290,18.845
13,Abruzzo,Maschi e femmine,69,89014,985,11.07019,88521,0.9883050,18.025
13,Abruzzo,Maschi e femmine,70,88029,1085,12.32674,87486,0.9869839,17.221
13,Abruzzo,Maschi e femmine,71,86944,1192,13.71397,86347,0.9853727,16.430
13,Abruzzo,Maschi e femmine,72,85751,1334,15.55342,85084,0.9838616,15.651
13,Abruzzo,Maschi e femmine,73,84417,1413,16.73254,83711,0.9828973,14.891
13,Abruzzo,Maschi e femmine,74,83005,1451,17.47924,82280,0.9815762,14.135
13,Abruzzo,Maschi e femmine,75,81554,1581,19.38514,80764,0.9798580,13.378
13,Abruzzo,Maschi e femmine,76,79973,1673,20.91375,79137,0.9780018,12.633
13,Abruzzo,Maschi e femmine,77,78301,1809,23.10580,77396,0.9749504,11.892
13,Abruzzo,Maschi e femmine,78,76491,2068,27.03942,75457,0.9708562,11.161
13,Abruzzo,Maschi e femmine,79,74423,2330,31.30666,73258,0.9664362,10.457
13,Abruzzo,Maschi e femmine,80,72093,2588,35.89394,70799,0.9603941,9.779
13,Abruzzo,Maschi e femmine,81,69505,3020,43.45606,67995,0.9530263,9.125
13,Abruzzo,Maschi e femmine,82,66485,3368,50.65110,64801,0.9466030,8.517
13,Abruzzo,Maschi e femmine,83,63118,3553,56.28943,61341,0.9404869,7.944
13,Abruzzo,Maschi e femmine,84,59565,3748,62.92910,57690,0.9338715,7.388
13,Abruzzo,Maschi e femmine,85,55816,3882,69.54273,53876,0.9261888,6.851
13,Abruzzo,Maschi e femmine,86,51935,4072,78.39870,49899,0.9162521,6.326
13,Abruzzo,Maschi e femmine,87,47863,4286,89.55224,45720,0.9026769,5.821
13,Abruzzo,Maschi e femmine,88,43577,4613,105.85840,41270,0.8876994,5.344
13,Abruzzo,Maschi e femmine,89,38964,4656,119.50546,36636,0.8724627,4.918
13,Abruzzo,Maschi e femmine,90,34307,4688,136.65937,31963,0.8528155,4.518
13,Abruzzo,Maschi e femmine,91,29619,4721,159.37566,27259,0.8317714,4.154
13,Abruzzo,Maschi e femmine,92,24898,4451,178.76009,22673,0.8132894,3.846
13,Abruzzo,Maschi e femmine,93,20448,4016,196.39180,18440,0.7930471,3.575
13,Abruzzo,Maschi e femmine,94,16432,3617,220.09490,14624,0.7735787,3.326
13,Abruzzo,Maschi e femmine,95,12815,3006,234.53312,11312,0.7586612,3.124
13,Abruzzo,Maschi e femmine,96,9810,2455,250.22958,8582,0.7437385,2.928
13,Abruzzo,Maschi e femmine,97,7355,1944,264.30657,6383,0.7291062,2.738
13,Abruzzo,Maschi e femmine,98,5411,1514,279.84757,4654,0.7112801,2.542
13,Abruzzo,Maschi e femmine,99,3897,1173,301.04005,3310,0.6865343,2.335
13,Abruzzo,Maschi e femmine,100,2724,902,331.24297,2273,0.6522987,2.125
13,Abruzzo,Maschi e femmine,101,1821,678,372.31166,1482,0.6158684,1.930
13,Abruzzo,Maschi e femmine,102,1143,461,402.96253,913,0.5853142,1.779
13,Abruzzo,Maschi e femmine,103,683,296,434.32147,534,0.5541818,1.642
13,Abruzzo,Maschi e femmine,104,386,180,466.14204,296,0.5227130,1.518
13,Abruzzo,Maschi e femmine,105,206,103,498.16340,155,0.4911575,1.407
13,Abruzzo,Maschi e femmine,106,103,55,530.12247,76,0.4597647,1.307
13,Abruzzo,Maschi e femmine,107,49,27,561.75745,35,0.4287765,1.218
13,Abruzzo,Maschi e femmine,108,21,13,592.82340,15,0.3984168,1.138
13,Abruzzo,Maschi e femmine,109,9,5,623.09658,6,0.3688880,1.066
13,Abruzzo,Maschi e femmine,110,3,2,652.37854,2,0.3403663,1.003
13,Abruzzo,Maschi e femmine,111,1,1,680.50453,1,0.3129962,0.946
13,Abruzzo,Maschi e femmine,112,0,0,707.34598,0,0.2868897,0.895
13,Abruzzo,Maschi e femmine,113,0,0,732.80700,0,0.2621284,0.850
13,Abruzzo,Maschi e femmine,114,0,0,756.82628,0,0.2387632,0.810
13,Abruzzo,Maschi e femmine,115,0,0,779.37425,0,0.2168164,0.774
13,Abruzzo,Maschi e femmine,116,0,0,800.44956,0,0.1962863,0.742
13,Abruzzo,Maschi e femmine,117,0,0,820.07100,0,0.1771521,0.714
13,Abruzzo,Maschi e femmine,118,0,0,838.28101,0,0.1593732,0.689
13,Abruzzo,Maschi e femmine,119,0,0,855.13194,0,0.1428992,0.666
13,Abruzzo,Maschi,0,100000,303,3.03097,99715,0.9997443,81.518
13,Abruzzo,Maschi,1,99697,15,0.15273,99689,0.9998719,80.764
13,Abruzzo,Maschi,2,99682,10,0.10356,99677,0.9998973,79.776
13,Abruzzo,Maschi,3,99671,10,0.10193,99666,0.9998898,78.784
13,Abruzzo,Maschi,4,99661,12,0.11843,99655,0.9998674,77.792
13,Abruzzo,Maschi,5,99649,15,0.14685,99642,0.9998564,76.801
13,Abruzzo,Maschi,6,99635,14,0.14033,99628,0.9998727,75.813
13,Abruzzo,Maschi,7,99621,11,0.11434,99615,0.9998979,74.823
13,Abruzzo,Maschi,8,99609,9,0.08980,99605,0.9999100,73.832
13,Abruzzo,Maschi,9,99600,9,0.09020,99596,0.9999057,72.838
13,Abruzzo,Maschi,10,99591,10,0.09834,99587,0.9998996,71.845
13,Abruzzo,Maschi,11,99582,10,0.10249,99577,0.9999020,70.852
13,Abruzzo,Maschi,12,99571,9,0.09354,99567,0.9999148,69.859
13,Abruzzo,Maschi,13,99562,8,0.07688,99558,0.9999201,68.866
13,Abruzzo,Maschi,14,99554,8,0.08299,99550,0.9998962,67.871
13,Abruzzo,Maschi,15,99546,12,0.12455,99540,0.9998514,66.876
13,Abruzzo,Maschi,16,99534,17,0.17261,99525,0.9997981,65.885
13,Abruzzo,Maschi,17,99517,23,0.23117,99505,0.9997352,64.896
13,Abruzzo,Maschi,18,99494,30,0.29847,99479,0.9996561,63.911
13,Abruzzo,Maschi,19,99464,39,0.38942,99445,0.9995634,62.930
13,Abruzzo,Maschi,20,99425,48,0.48371,99401,0.9994838,61.954
13,Abruzzo,Maschi,21,99377,55,0.54876,99350,0.9994543,60.984
13,Abruzzo,Maschi,22,99323,54,0.54270,99296,0.9994883,60.017
13,Abruzzo,Maschi,23,99269,48,0.48071,99245,0.9995631,59.049
13,Abruzzo,Maschi,24,99221,39,0.39300,99201,0.9996349,58.078
13,Abruzzo,Maschi,25,99182,33,0.33713,99165,0.9996663,57.100
13,Abruzzo,Maschi,26,99149,33,0.33022,99132,0.9996430,56.119
13,Abruzzo,Maschi,27,99116,38,0.38377,99097,0.9995787,55.138
13,Abruzzo,Maschi,28,99078,45,0.45890,99055,0.9995054,54.159
13,Abruzzo,Maschi,29,99032,53,0.53040,99006,0.9994683,53.183
13,Abruzzo,Maschi,30,98980,53,0.53298,98953,0.9994791,52.211
13,Abruzzo,Maschi,31,98927,50,0.50872,98902,0.9995022,51.239
13,Abruzzo,Maschi,32,98877,48,0.48693,98853,0.9995077,50.265
13,Abruzzo,Maschi,33,98829,49,0.49758,98804,0.9994722,49.289
13,Abruzzo,Maschi,34,98779,55,0.55809,98752,0.9994040,48.313
13,Abruzzo,Maschi,35,98724,63,0.63386,98693,0.9993484,47.340
13,Abruzzo,Maschi,36,98662,66,0.66928,98629,0.9993260,46.370
13,Abruzzo,Maschi,37,98596,67,0.67879,98562,0.9992911,45.400
13,Abruzzo,Maschi,38,98529,73,0.73901,98492,0.9991891,44.431
13,Abruzzo,Maschi,39,98456,87,0.88283,98412,0.9989842,43.463
13,Abruzzo,Maschi,40,98369,113,1.14896,98312,0.9987493,42.501
13,Abruzzo,Maschi,41,98256,133,1.35257,98189,0.9986324,41.550
13,Abruzzo,Maschi,42,98123,136,1.38259,98055,0.9986686,40.605
13,Abruzzo,Maschi,43,97987,125,1.28014,97925,0.9987542,39.661
13,Abruzzo,Maschi,44,97862,119,1.21148,97803,0.9987515,38.711
13,Abruzzo,Maschi,45,97743,126,1.28552,97681,0.9985399,37.757
13,Abruzzo,Maschi,46,97618,160,1.63484,97538,0.9981501,36.805
13,Abruzzo,Maschi,47,97458,201,2.06527,97358,0.9978168,35.865
13,Abruzzo,Maschi,48,97257,224,2.30141,97145,0.9976172,34.938
13,Abruzzo,Maschi,49,97033,239,2.46435,96913,0.9975336,34.017
13,Abruzzo,Maschi,50,96794,239,2.46839,96674,0.9975124,33.100
13,Abruzzo,Maschi,51,96555,242,2.50687,96434,0.9974151,32.181
13,Abruzzo,Maschi,52,96313,256,2.66313,96185,0.9971334,31.260
13,Abruzzo,Maschi,53,96056,295,3.07068,95909,0.9967350,30.342
13,Abruzzo,Maschi,54,95761,331,3.45985,95596,0.9963576,29.434
13,Abruzzo,Maschi,55,95430,365,3.82569,95248,0.9959833,28.535
13,Abruzzo,Maschi,56,95065,400,4.20854,94865,0.9954666,27.643
13,Abruzzo,Maschi,57,94665,460,4.85962,94435,0.9948840,26.757
13,Abruzzo,Maschi,58,94205,506,5.37373,93952,0.9944101,25.885
13,Abruzzo,Maschi,59,93699,544,5.80730,93427,0.9940598,25.023
13,Abruzzo,Maschi,60,93155,566,6.07387,92872,0.9937536,24.166
13,Abruzzo,Maschi,61,92589,594,6.42007,92292,0.9933902,23.310
13,Abruzzo,Maschi,62,91994,626,6.80073,91682,0.9928468,22.458
13,Abruzzo,Maschi,63,91369,686,7.50814,91026,0.9921624,21.608
13,Abruzzo,Maschi,64,90683,741,8.16960,90312,0.9913913,20.768
13,Abruzzo,Maschi,65,89942,814,9.05142,89535,0.9903557,19.935
13,Abruzzo,Maschi,66,89128,913,10.24257,88671,0.9891880,19.112
13,Abruzzo,Maschi,67,88215,1005,11.38736,87713,0.9881138,18.305
13,Abruzzo,Maschi,68,87210,1081,12.39069,86670,0.9865048,17.510
13,Abruzzo,Maschi,69,86130,1259,14.61355,85500,0.9848197,16.723
13,Abruzzo,Maschi,70,84871,1337,15.75538,84202,0.9836039,15.964
13,Abruzzo,Maschi,71,83534,1424,17.04700,82822,0.9819507,15.212
13,Abruzzo,Maschi,72,82110,1566,19.06889,81327,0.9803853,14.467
13,Abruzzo,Maschi,73,80544,1625,20.17118,79732,0.9792698,13.738
13,Abruzzo,Maschi,74,78919,1681,21.30069,78079,0.9770745,13.011
13,Abruzzo,Maschi,75,77238,1899,24.58567,76289,0.9743033,12.283
13,Abruzzo,Maschi,76,75339,2022,26.83566,74329,0.9719301,11.580
13,Abruzzo,Maschi,77,73318,2151,29.33808,72242,0.9686733,10.886
13,Abruzzo,Maschi,78,71167,2375,33.37547,69979,0.9643091,10.199
13,Abruzzo,Maschi,79,68791,2620,38.08621,67481,0.9593391,9.534
13,Abruzzo,Maschi,80,66171,2868,43.33761,64738,0.9526888,8.892
13,Abruzzo,Maschi,81,63304,3258,51.46476,61675,0.9440732,8.272
13,Abruzzo,Maschi,82,60046,3641,60.63091,58226,0.9356461,7.694
13,Abruzzo,Maschi,83,56405,3853,68.31712,54478,0.9278978,7.158
13,Abruzzo,Maschi,84,52552,4003,76.16487,50550,0.9195508,6.647
13,Abruzzo,Maschi,85,48549,4131,85.08671,46484,0.9100662,6.153
13,Abruzzo,Maschi,86,44418,4230,95.23172,42303,0.8987671,5.679
13,Abruzzo,Maschi,87,40188,4335,107.86566,38021,0.8826325,5.224
13,Abruzzo,Maschi,88,35853,4590,128.01827,33558,0.8651997,4.795
13,Abruzzo,Maschi,89,31263,4457,142.57796,29035,0.8495625,4.426
13,Abruzzo,Maschi,90,26806,4278,159.60397,24667,0.8284992,4.079
13,Abruzzo,Maschi,91,22528,4182,185.65706,20436,0.8069276,3.758
13,Abruzzo,Maschi,92,18345,3709,202.17833,16491,0.7912360,3.501
13,Abruzzo,Maschi,93,14636,3176,217.01851,13048,0.7688360,3.262
13,Abruzzo,Maschi,94,11460,2856,249.23012,10032,0.7442358,3.027
13,Abruzzo,Maschi,95,8604,2275,264.46725,7466,0.7336249,2.866
13,Abruzzo,Maschi,96,6328,1702,268.96900,5477,0.7237459,2.717
13,Abruzzo,Maschi,97,4626,1324,286.21957,3964,0.7052286,2.533
13,Abruzzo,Maschi,98,3302,1013,306.75235,2796,0.6835950,2.348
13,Abruzzo,Maschi,99,2289,756,330.32881,1911,0.6578673,2.166
13,Abruzzo,Maschi,100,1533,552,359.75916,1257,0.6274341,1.988
13,Abruzzo,Maschi,101,981,385,392.56885,789,0.5954340,1.824
13,Abruzzo,Maschi,102,596,253,424.31664,470,0.5638458,1.680
13,Abruzzo,Maschi,103,343,157,456.71684,265,0.5317403,1.550
13,Abruzzo,Maschi,104,186,91,489.50610,141,0.4993759,1.433
13,Abruzzo,Maschi,105,95,50,522.40298,70,0.4670204,1.328
13,Abruzzo,Maschi,106,45,25,555.12506,33,0.4349401,1.234
13,Abruzzo,Maschi,107,20,12,587.39179,14,0.4033928,1.150
13,Abruzzo,Maschi,108,8,5,618.94189,6,0.3726176,1.074
13,Abruzzo,Maschi,109,3,2,649.53248,2,0.3428325,1.007
13,Abruzzo,Maschi,110,1,1,678.95282,1,0.3142248,0.948
13,Abruzzo,Maschi,111,0,0,707.02552,0,0.2869501,0.895
13,Abruzzo,Maschi,112,0,0,733.61266,0,0.2611288,0.848
13,Abruzzo,Maschi,113,0,0,758.61128,0,0.2368490,0.807
13,Abruzzo,Maschi,114,0,0,781.95757,0,0.2141646,0.770
13,Abruzzo,Maschi,115,0,0,803.62041,0,0.1930998,0.737
13,Abruzzo,Maschi,116,0,0,823.60162,0,0.1736505,0.709
13,Abruzzo,Maschi,117,0,0,841.92751,0,0.1557902,0.684
13,Abruzzo,Maschi,118,0,0,858.64804,0,0.1394718,0.661
13,Abruzzo,Maschi,119,0,0,873.82926,0,0.1246335,0.642
13,Abruzzo,Femmine,0,100000,234,2.33895,99780,0.9997245,85.648
13,Abruzzo,Femmine,1,99766,27,0.27441,99752,0.9997672,84.848
13,Abruzzo,Femmine,2,99739,19,0.19114,99729,0.9998453,83.871
13,Abruzzo,Femmine,3,99720,12,0.11817,99714,0.9999085,82.887
13,Abruzzo,Femmine,4,99708,6,0.06483,99705,0.9999495,81.896
13,Abruzzo,Femmine,5,99701,4,0.03612,99700,0.9999605,80.902
13,Abruzzo,Femmine,6,99698,4,0.04295,99696,0.9999420,79.905
13,Abruzzo,Femmine,7,99694,7,0.07305,99690,0.9999095,78.908
13,Abruzzo,Femmine,8,99686,11,0.10794,99681,0.9998860,77.914
13,Abruzzo,Femmine,9,99675,12,0.11998,99670,0.9998900,76.922
13,Abruzzo,Femmine,10,99664,10,0.09992,99659,0.9999180,75.931
13,Abruzzo,Femmine,11,99654,6,0.06406,99650,0.9999397,74.939
13,Abruzzo,Femmine,12,99647,6,0.05664,99644,0.9999215,73.944
13,Abruzzo,Femmine,13,99642,10,0.10039,99637,0.9998662,72.948
13,Abruzzo,Femmine,14,99632,17,0.16714,99623,0.9998116,71.955
13,Abruzzo,Femmine,15,99615,21,0.20975,99604,0.9997959,70.967
13,Abruzzo,Femmine,16,99594,20,0.19854,99584,0.9998245,69.982
13,Abruzzo,Femmine,17,99574,15,0.15252,99567,0.9998672,68.995
13,Abruzzo,Femmine,18,99559,11,0.11315,99553,0.9998933,68.006
13,Abruzzo,Femmine,19,99548,10,0.10018,99543,0.9998919,67.014
13,Abruzzo,Femmine,20,99538,12,0.11596,99532,0.9998812,66.020
13,Abruzzo,Femmine,21,99526,12,0.12168,99520,0.9998750,65.028
13,Abruzzo,Femmine,22,99514,13,0.12824,99508,0.9998644,64.036
13,Abruzzo,Femmine,23,99501,14,0.14292,99494,0.9998409,63.044
13,Abruzzo,Femmine,24,99487,17,0.17535,99478,0.9998103,62.053
13,Abruzzo,Femmine,25,99470,20,0.20401,99460,0.9997875,61.064
13,Abruzzo,Femmine,26,99449,22,0.22107,99438,0.9997877,60.076
13,Abruzzo,Femmine,27,99427,20,0.20353,99417,0.9998031,59.089
13,Abruzzo,Femmine,28,99407,19,0.19025,99398,0.9998086,58.101
13,Abruzzo,Femmine,29,99388,19,0.19264,99379,0.9997898,57.112
13,Abruzzo,Femmine,30,99369,23,0.22779,99358,0.9997553,56.123
13,Abruzzo,Femmine,31,99347,26,0.26154,99334,0.9997318,55.136
13,Abruzzo,Femmine,32,99321,27,0.27489,99307,0.9997312,54.150
13,Abruzzo,Femmine,33,99293,26,0.26276,99280,0.9997467,53.165
13,Abruzzo,Femmine,34,99267,24,0.24391,99255,0.9997572,52.178
13,Abruzzo,Femmine,35,99243,24,0.24162,99231,0.9997485,51.191
13,Abruzzo,Femmine,36,99219,26,0.26144,99206,0.9997044,50.203
13,Abruzzo,Femmine,37,99193,33,0.32983,99177,0.9996149,49.216
13,Abruzzo,Femmine,38,99160,44,0.44035,99138,0.9994815,48.232
13,Abruzzo,Femmine,39,99117,59,0.59671,99087,0.9993289,47.253
13,Abruzzo,Femmine,40,99057,74,0.74552,99021,0.9992003,46.281
13,Abruzzo,Femmine,41,98984,85,0.85401,98941,0.9991172,45.315
13,Abruzzo,Femmine,42,98899,90,0.91167,98854,0.9990691,44.354
13,Abruzzo,Femmine,43,98809,94,0.95024,98762,0.9990334,43.394
13,Abruzzo,Femmine,44,98715,97,0.98294,98667,0.9990032,42.435
13,Abruzzo,Femmine,45,98618,100,1.01061,98568,0.9989699,41.476
13,Abruzzo,Femmine,46,98518,103,1.04959,98467,0.9989389,40.517
13,Abruzzo,Femmine,47,98415,106,1.07270,98362,0.9989190,39.559
13,Abruzzo,Femmine,48,98309,107,1.08928,98256,0.9988908,38.601
13,Abruzzo,Femmine,49,98202,111,1.12906,98147,0.9988186,37.643
13,Abruzzo,Femmine,50,98091,121,1.23389,98031,0.9986441,36.685
13,Abruzzo,Femmine,51,97970,145,1.47813,97898,0.9983780,35.730
13,Abruzzo,Femmine,52,97826,173,1.76605,97739,0.9981293,34.782
13,Abruzzo,Femmine,53,97653,193,1.97544,97556,0.9979920,33.842
13,Abruzzo,Femmine,54,97460,199,2.04064,97360,0.9979454,32.908
13,Abruzzo,Femmine,55,97261,201,2.06858,97160,0.9979738,31.975
13,Abruzzo,Femmine,56,97060,193,1.98369,96964,0.9979912,31.040
13,Abruzzo,Femmine,57,96867,197,2.03405,96769,0.9978464,30.101
13,Abruzzo,Femmine,58,96670,220,2.27333,96560,0.9975466,29.161
13,Abruzzo,Femmine,59,96450,254,2.63395,96323,0.9971810,28.226
13,Abruzzo,Femmine,60,96196,289,3.00457,96052,0.9967320,27.299
13,Abruzzo,Femmine,61,95907,339,3.53225,95738,0.9962922,26.380
13,Abruzzo,Femmine,62,95569,371,3.88403,95383,0.9959625,25.472
13,Abruzzo,Femmine,63,95197,399,4.19158,94998,0.9955695,24.569
13,Abruzzo,Femmine,64,94798,443,4.67036,94577,0.9949986,23.671
13,Abruzzo,Femmine,65,94356,503,5.33398,94104,0.9944133,22.779
13,Abruzzo,Femmine,66,93852,548,5.84081,93578,0.9938483,21.899
13,Abruzzo,Femmine,67,93304,603,6.46433,93003,0.9932716,21.025
13,Abruzzo,Femmine,68,92701,648,6.99418,92377,0.9927115,20.158
13,Abruzzo,Femmine,69,92053,698,7.58482,91704,0.9917214,19.297
13,Abruzzo,Femmine,70,91354,820,8.97767,90944,0.9902744,18.440
13,Abruzzo,Femmine,71,90534,949,10.48023,90060,0.9886814,17.603
13,Abruzzo,Femmine,72,89586,1090,12.16589,89041,0.9872000,16.784
13,Abruzzo,Femmine,73,88496,1190,13.44193,87901,0.9863561,15.984
13,Abruzzo,Femmine,74,87306,1209,13.84857,86702,0.9858339,15.195
13,Abruzzo,Femmine,75,86097,1247,14.48812,85473,0.9850601,14.402
13,Abruzzo,Femmine,76,84850,1307,15.39835,84196,0.9836233,13.606
13,Abruzzo,Femmine,77,83543,1451,17.37034,82818,0.9806920,12.811
13,Abruzzo,Femmine,78,82092,1747,21.27991,81218,0.9767699,12.029
13,Abruzzo,Femmine,79,80345,2027,25.22263,79332,0.9727617,11.279
13,Abruzzo,Femmine,80,78318,2295,29.30609,77171,0.9671631,10.558
13,Abruzzo,Femmine,81,76023,2773,36.47424,74637,0.9607641,9.862
13,Abruzzo,Femmine,82,73250,3084,42.10204,71708,0.9558909,9.216
13,Abruzzo,Femmine,83,70166,3242,46.20431,68545,0.9509177,8.599
13,Abruzzo,Femmine,84,66924,3487,52.09966,65181,0.9454316,7.992
13,Abruzzo,Femmine,85,63438,3627,57.17288,61624,0.9388281,7.404
13,Abruzzo,Femmine,86,59811,3912,65.41343,57855,0.9295242,6.822
13,Abruzzo,Femmine,87,55898,4242,75.89243,53777,0.9173535,6.265
13,Abruzzo,Femmine,88,51656,4647,89.95516,49333,0.9035201,5.738
13,Abruzzo,Femmine,89,47009,4872,103.64953,44573,0.8878791,5.256
13,Abruzzo,Femmine,90,42137,5123,121.57180,39576,0.8684594,4.806
13,Abruzzo,Femmine,91,37014,5289,142.88911,34370,0.8470146,4.402
13,Abruzzo,Femmine,92,31725,5227,164.76489,29112,0.8262140,4.052
13,Abruzzo,Femmine,93,26498,4891,184.58674,24052,0.8066033,3.753
13,Abruzzo,Femmine,94,21607,4412,204.20101,19401,0.7891818,3.489
13,Abruzzo,Femmine,95,17195,3768,219.13341,15311,0.7712526,3.256
13,Abruzzo,Femmine,96,13427,3237,241.05937,11808,0.7533550,3.030
13,Abruzzo,Femmine,97,10190,2588,254.00481,8896,0.7401031,2.834
13,Abruzzo,Femmine,98,7602,2036,267.79509,6584,0.7233931,2.628
13,Abruzzo,Femmine,99,5566,1607,288.64145,4763,0.6983771,2.406
13,Abruzzo,Femmine,100,3959,1267,319.87164,3326,0.6619995,2.180
13,Abruzzo,Femmine,101,2693,982,364.65552,2202,0.6234565,1.970
13,Abruzzo,Femmine,102,1711,676,395.25457,1373,0.5929201,1.814
13,Abruzzo,Femmine,103,1035,441,426.63405,814,0.5617350,1.673
13,Abruzzo,Femmine,104,593,272,458.55035,457,0.5301412,1.546
13,Abruzzo,Femmine,105,321,158,490.74430,242,0.4983883,1.431
13,Abruzzo,Femmine,106,164,86,522.95148,121,0.4667280,1.328
13,Abruzzo,Femmine,107,78,43,554.90601,56,0.4354073,1.236
13,Abruzzo,Femmine,108,35,20,586.35585,25,0.4046573,1.153
13,Abruzzo,Femmine,109,14,9,617.06873,10,0.3746892,1.080
13,Abruzzo,Femmine,110,6,4,646.83432,4,0.3456907,1.014
13,Abruzzo,Femmine,111,2,1,675.47507,1,0.3178181,0.955
13,Abruzzo,Femmine,112,1,0,702.84854,0,0.2911962,0.903
13,Abruzzo,Femmine,113,0,0,728.84494,0,0.2659194,0.857
13,Abruzzo,Femmine,114,0,0,753.38939,0,0.2420505,0.815
13,Abruzzo,Femmine,115,0,0,776.44042,0,0.2196229,0.779
13,Abruzzo,Femmine,116,0,0,797.98644,0,0.1986436,0.746
13,Abruzzo,Femmine,117,0,0,818.03827,0,0.1790990,0.717
13,Abruzzo,Femmine,118,0,0,836.63334,0,0.1609530,0.691
13,Abruzzo,Femmine,119,0,0,853.82121,0,0.1441575,0.668
14,Molise,Maschi e femmine,0,100000,229,2.29202,99784,0.9997390,82.463
14,Molise,Maschi e femmine,1,99771,25,0.25099,99758,0.9997882,81.651
14,Molise,Maschi e femmine,2,99746,17,0.17266,99737,0.9998503,80.671
14,Molise,Maschi e femmine,3,99729,13,0.12677,99722,0.9998853,79.685
14,Molise,Maschi e femmine,4,99716,10,0.10259,99711,0.9999025,78.695
14,Molise,Maschi e femmine,5,99706,9,0.09242,99701,0.9999037,77.703
14,Molise,Maschi e femmine,6,99696,10,0.10011,99691,0.9998890,76.710
14,Molise,Maschi e femmine,7,99686,12,0.12190,99680,0.9998549,75.718
14,Molise,Maschi e femmine,8,99674,17,0.16835,99666,0.9998136,74.727
14,Molise,Maschi e femmine,9,99658,20,0.20444,99647,0.9997868,73.740
14,Molise,Maschi e femmine,10,99637,22,0.22191,99626,0.9997842,72.755
14,Molise,Maschi e femmine,11,99615,21,0.20968,99605,0.9997997,71.771
14,Molise,Maschi e femmine,12,99594,19,0.19092,99585,0.9998145,70.786
14,Molise,Maschi e femmine,13,99575,18,0.18001,99566,0.9998233,69.799
14,Molise,Maschi e femmine,14,99557,17,0.17345,99549,0.9998283,68.812
14,Molise,Maschi e femmine,15,99540,17,0.16991,99531,0.9998343,67.823
14,Molise,Maschi e femmine,16,99523,16,0.16149,99515,0.9998408,66.835
14,Molise,Maschi e femmine,17,99507,16,0.15683,99499,0.9998458,65.846
14,Molise,Maschi e femmine,18,99491,15,0.15161,99484,0.9998366,64.856
14,Molise,Maschi e femmine,19,99476,17,0.17520,99468,0.9998013,63.866
14,Molise,Maschi e femmine,20,99459,22,0.22227,99448,0.9997443,62.877
14,Molise,Maschi e femmine,21,99437,29,0.28914,99422,0.9996910,61.891
14,Molise,Maschi e femmine,22,99408,33,0.32892,99392,0.9996456,60.908
14,Molise,Maschi e femmine,23,99375,38,0.37987,99356,0.9996142,59.928
14,Molise,Maschi e femmine,24,99338,39,0.39175,99318,0.9996137,58.951
14,Molise,Maschi e femmine,25,99299,38,0.38085,99280,0.9996252,57.974
14,Molise,Maschi e femmine,26,99261,37,0.36866,99243,0.9996299,56.996
14,Molise,Maschi e femmine,27,99224,37,0.37145,99206,0.9996190,56.016
14,Molise,Maschi e femmine,28,99187,39,0.39057,99168,0.9995947,55.037
14,Molise,Maschi e femmine,29,99149,42,0.42000,99128,0.9995731,54.058
14,Molise,Maschi e femmine,30,99107,43,0.43375,99085,0.9995491,53.081
14,Molise,Maschi e femmine,31,99064,46,0.46803,99041,0.9994844,52.104
14,Molise,Maschi e femmine,32,99018,56,0.56313,98990,0.9993762,51.128
14,Molise,Maschi e femmine,33,98962,68,0.68447,98928,0.9992819,50.156
14,Molise,Maschi e femmine,34,98894,74,0.75175,98857,0.9992933,49.190
14,Molise,Maschi e femmine,35,98820,65,0.66162,98787,0.9994173,48.227
14,Molise,Maschi e femmine,36,98754,50,0.50366,98730,0.9995190,47.259
14,Molise,Maschi e femmine,37,98705,45,0.45827,98682,0.9994318,46.282
14,Molise,Maschi e femmine,38,98659,67,0.67821,98626,0.9991328,45.303
14,Molise,Maschi e femmine,39,98593,104,1.05625,98540,0.9988007,44.334
14,Molise,Maschi e femmine,40,98488,132,1.34243,98422,0.9986413,43.380
14,Molise,Maschi e femmine,41,98356,135,1.37493,98289,0.9986751,42.438
14,Molise,Maschi e femmine,42,98221,125,1.27487,98158,0.9987184,41.495
14,Molise,Maschi e femmine,43,98096,126,1.28825,98033,0.9986432,40.548
14,Molise,Maschi e femmine,44,97969,140,1.42537,97900,0.9984960,39.599
14,Molise,Maschi e femmine,45,97830,155,1.58266,97752,0.9983617,38.655
14,Molise,Maschi e femmine,46,97675,165,1.69411,97592,0.9982683,37.716
14,Molise,Maschi e femmine,47,97509,173,1.76945,97423,0.9981388,36.779
14,Molise,Maschi e femmine,48,97337,190,1.95320,97242,0.9978653,35.843
14,Molise,Maschi e femmine,49,97147,225,2.31650,97034,0.9975470,34.912
14,Molise,Maschi e femmine,50,96922,251,2.58980,96796,0.9973505,33.992
14,Molise,Maschi e femmine,51,96671,262,2.70941,96540,0.9972031,33.079
14,Molise,Maschi e femmine,52,96409,278,2.88471,96270,0.9970279,32.168
14,Molise,Maschi e femmine,53,96131,294,3.05981,95984,0.9968013,31.259
14,Molise,Maschi e femmine,54,95837,320,3.33807,95677,0.9964742,30.354
14,Molise,Maschi e femmine,55,95517,355,3.71420,95339,0.9961568,29.454
14,Molise,Maschi e femmine,56,95162,378,3.97259,94973,0.9958099,28.562
14,Molise,Maschi e femmine,57,94784,418,4.40841,94575,0.9953570,27.673
14,Molise,Maschi e femmine,58,94366,460,4.87856,94136,0.9949613,26.794
14,Molise,Maschi e femmine,59,93906,488,5.19965,93661,0.9946131,25.923
14,Molise,Maschi e femmine,60,93417,521,5.57504,93157,0.9941457,25.056
14,Molise,Maschi e femmine,61,92897,570,6.13509,92612,0.9934685,24.193
14,Molise,Maschi e femmine,62,92327,640,6.93036,92007,0.9927295,23.340
14,Molise,Maschi e femmine,63,91687,698,7.61297,91338,0.9923041,22.499
14,Molise,Maschi e femmine,64,90989,708,7.77944,90635,0.9921033,21.668
14,Molise,Maschi e femmine,65,90281,724,8.01485,89919,0.9918113,20.834
14,Molise,Maschi e femmine,66,89557,749,8.36388,89183,0.9912453,19.998
14,Molise,Maschi e femmine,67,88808,812,9.14887,88402,0.9901242,19.162
14,Molise,Maschi e femmine,68,87996,934,10.60938,87529,0.9882391,18.335
14,Molise,Maschi e femmine,69,87062,1125,12.92469,86500,0.9861719,17.526
14,Molise,Maschi e femmine,70,85937,1267,14.74329,85303,0.9841889,16.749
14,Molise,Maschi e femmine,71,84670,1430,16.89480,83955,0.9822947,15.992
14,Molise,Maschi e femmine,72,83239,1542,18.52970,82468,0.9807894,15.258
14,Molise,Maschi e femmine,73,81697,1626,19.90445,80884,0.9797634,14.537
14,Molise,Maschi e femmine,74,80071,1648,20.57556,79247,0.9783726,13.822
14,Molise,Maschi e femmine,75,78423,1780,22.70137,77533,0.9766582,13.102
14,Molise,Maschi e femmine,76,76643,1839,23.99714,75723,0.9751968,12.395
14,Molise,Maschi e femmine,77,74804,1917,25.62907,73845,0.9732174,11.687
14,Molise,Maschi e femmine,78,72887,2038,27.96649,71868,0.9700918,10.981
14,Molise,Maschi e femmine,79,70848,2260,31.90586,69718,0.9654131,10.283
14,Molise,Maschi e femmine,80,68588,2562,37.35625,67307,0.9589820,9.605
14,Molise,Maschi e femmine,81,66026,2959,44.82188,64546,0.9519800,8.959
14,Molise,Maschi e femmine,82,63066,3240,51.36817,61446,0.9459415,8.355
14,Molise,Maschi e femmine,83,59827,3404,56.89453,58125,0.9392362,7.781
14,Molise,Maschi e femmine,84,56423,3660,64.86659,54593,0.9311749,7.220
14,Molise,Maschi e femmine,85,52763,3855,73.05816,50836,0.9218034,6.686
14,Molise,Maschi e femmine,86,48908,4096,83.73995,46860,0.9086970,6.174
14,Molise,Maschi e femmine,87,44813,4461,99.55719,42582,0.8923108,5.692
14,Molise,Maschi e femmine,88,40351,4710,116.72040,37996,0.8766777,5.266
14,Molise,Maschi e femmine,89,35641,4662,130.79661,33310,0.8632058,4.896
14,Molise,Maschi e femmine,90,30980,4452,143.69434,28754,0.8473232,4.558
14,Molise,Maschi e femmine,91,26528,4328,163.16653,24364,0.8317115,4.239
14,Molise,Maschi e femmine,92,22200,3872,174.40910,20264,0.8203259,3.968
14,Molise,Maschi e femmine,93,18328,3410,186.05128,16623,0.8063888,3.700
14,Molise,Maschi e femmine,94,14918,3027,202.89916,13404,0.7876378,3.432
14,Molise,Maschi e femmine,95,11891,2666,224.23414,10558,0.7666021,3.178
14,Molise,Maschi e femmine,96,9225,2262,245.21045,8094,0.7476984,2.952
14,Molise,Maschi e femmine,97,6963,1822,261.69648,6052,0.7306251,2.749
14,Molise,Maschi e femmine,98,5141,1438,279.77504,4421,0.7111869,2.546
14,Molise,Maschi e femmine,99,3702,1116,301.36196,3144,0.6868042,2.341
14,Molise,Maschi e femmine,100,2587,854,330.13414,2160,0.6537393,2.135
14,Molise,Maschi e femmine,101,1733,642,370.33504,1412,0.6178771,1.941
14,Molise,Maschi e femmine,102,1091,437,400.84383,872,0.5874643,1.789
14,Molise,Maschi e femmine,103,654,282,432.04953,512,0.5564854,1.652
14,Molise,Maschi e femmine,104,371,172,463.70146,285,0.5251866,1.528
14,Molise,Maschi e femmine,105,199,99,495.53295,150,0.4938240,1.416
14,Molise,Maschi e femmine,106,100,53,527.27372,74,0.4626538,1.316
14,Molise,Maschi e femmine,107,47,27,558.65335,34,0.4319267,1.227
14,Molise,Maschi e femmine,108,21,12,589.41708,15,0.4018761,1.147
14,Molise,Maschi e femmine,109,9,5,619.32978,6,0.3727154,1.076
14,Molise,Maschi e femmine,110,3,2,648.18143,2,0.3446319,1.012
14,Molise,Maschi e femmine,111,1,1,675.79515,1,0.3177816,0.956
14,Molise,Maschi e femmine,112,0,0,702.03061,0,0.2922875,0.906
14,Molise,Maschi e femmine,113,0,0,726.78114,0,0.2682414,0.861
14,Molise,Maschi e femmine,114,0,0,749.97658,0,0.2457023,0.822
14,Molise,Maschi e femmine,115,0,0,771.58074,0,0.2246988,0.787
14,Molise,Maschi e femmine,116,0,0,791.58905,0,0.2052320,0.756
14,Molise,Maschi e femmine,117,0,0,810.02109,0,0.1872804,0.729
14,Molise,Maschi e femmine,118,0,0,826.92400,0,0.1707986,0.705
14,Molise,Maschi e femmine,119,0,0,842.35967,0,0.1557271,0.684
14,Molise,Maschi,0,100000,164,1.64274,99845,0.9997161,80.043
14,Molise,Maschi,1,99836,37,0.37365,99817,0.9997022,79.174
14,Molise,Maschi,2,99798,22,0.22194,99787,0.9998212,78.204
14,Molise,Maschi,3,99776,14,0.13558,99770,0.9998858,77.221
14,Molise,Maschi,4,99763,9,0.09280,99758,0.9999146,76.231
14,Molise,Maschi,5,99753,8,0.07801,99750,0.9999117,75.238
14,Molise,Maschi,6,99746,10,0.09862,99741,0.9998775,74.244
14,Molise,Maschi,7,99736,15,0.14647,99729,0.9998083,73.252
14,Molise,Maschi,8,99721,24,0.23684,99709,0.9997272,72.262
14,Molise,Maschi,9,99698,31,0.30884,99682,0.9996739,71.279
14,Molise,Maschi,10,99667,34,0.34344,99650,0.9996673,70.301
14,Molise,Maschi,11,99633,32,0.32190,99617,0.9996945,69.325
14,Molise,Maschi,12,99601,29,0.28905,99586,0.9997206,68.347
14,Molise,Maschi,13,99572,27,0.26970,99558,0.9997297,67.367
14,Molise,Maschi,14,99545,27,0.27097,99531,0.9997419,66.385
14,Molise,Maschi,15,99518,24,0.24521,99506,0.9997829,65.403
14,Molise,Maschi,16,99494,19,0.18905,99484,0.9998449,64.419
14,Molise,Maschi,17,99475,12,0.12117,99469,0.9998931,63.431
14,Molise,Maschi,18,99463,9,0.09257,99458,0.9998744,62.438
14,Molise,Maschi,19,99453,16,0.15872,99446,0.9997646,61.444
14,Molise,Maschi,20,99438,31,0.31208,99422,0.9996018,60.454
14,Molise,Maschi,21,99407,48,0.48429,99383,0.9994633,59.472
14,Molise,Maschi,22,99358,59,0.58909,99329,0.9993679,58.501
14,Molise,Maschi,23,99300,67,0.67512,99266,0.9993212,57.535
14,Molise,Maschi,24,99233,68,0.68251,99199,0.9993488,56.574
14,Molise,Maschi,25,99165,61,0.61994,99134,0.9994175,55.612
14,Molise,Maschi,26,99104,54,0.54507,99077,0.9994730,54.646
14,Molise,Maschi,27,99050,50,0.50892,99025,0.9994755,53.676
14,Molise,Maschi,28,98999,53,0.54008,98973,0.9994040,52.703
14,Molise,Maschi,29,98946,64,0.65185,98914,0.9993152,51.731
14,Molise,Maschi,30,98881,71,0.71779,98846,0.9992705,50.764
14,Molise,Maschi,31,98810,73,0.74122,98774,0.9992635,49.801
14,Molise,Maschi,32,98737,72,0.73182,98701,0.9992559,48.837
14,Molise,Maschi,33,98665,75,0.75641,98628,0.9992331,47.873
14,Molise,Maschi,34,98590,77,0.77730,98552,0.9992441,46.908
14,Molise,Maschi,35,98514,72,0.73454,98477,0.9993008,45.944
14,Molise,Maschi,36,98441,65,0.66390,98409,0.9993301,44.978
14,Molise,Maschi,37,98376,66,0.67589,98343,0.9991899,44.007
14,Molise,Maschi,38,98309,93,0.94436,98263,0.9988321,43.037
14,Molise,Maschi,39,98217,137,1.39166,98148,0.9984342,42.077
14,Molise,Maschi,40,98080,171,1.74025,97995,0.9982346,41.135
14,Molise,Maschi,41,97909,175,1.79068,97822,0.9982865,40.206
14,Molise,Maschi,42,97734,160,1.63617,97654,0.9983822,39.277
14,Molise,Maschi,43,97574,156,1.59939,97496,0.9983583,38.341
14,Molise,Maschi,44,97418,164,1.68407,97336,0.9982305,37.401
14,Molise,Maschi,45,97254,180,1.85500,97164,0.9980191,36.463
14,Molise,Maschi,46,97073,205,2.10704,96971,0.9977527,35.530
14,Molise,Maschi,47,96869,231,2.38784,96753,0.9974006,34.604
14,Molise,Maschi,48,96638,272,2.81142,96502,0.9968700,33.686
14,Molise,Maschi,49,96366,332,3.44944,96200,0.9963246,32.779
14,Molise,Maschi,50,96033,375,3.90215,95846,0.9959756,31.891
14,Molise,Maschi,51,95659,397,4.14704,95460,0.9957077,31.014
14,Molise,Maschi,52,95262,423,4.43820,95051,0.9955283,30.141
14,Molise,Maschi,53,94839,427,4.50540,94626,0.9954524,29.273
14,Molise,Maschi,54,94412,433,4.58999,94195,0.9952528,28.404
14,Molise,Maschi,55,93979,461,4.90504,93748,0.9949963,27.532
14,Molise,Maschi,56,93518,477,5.10285,93279,0.9945900,26.666
14,Molise,Maschi,57,93040,532,5.71875,92774,0.9939540,25.800
14,Molise,Maschi,58,92508,590,6.37523,92213,0.9934837,24.945
14,Molise,Maschi,59,91919,612,6.65831,91613,0.9931466,24.102
14,Molise,Maschi,60,91307,644,7.04984,90985,0.9925827,23.260
14,Molise,Maschi,61,90663,706,7.78738,90310,0.9917202,22.422
14,Molise,Maschi,62,89957,789,8.77602,89562,0.9906924,21.594
14,Molise,Maschi,63,89167,878,9.84390,88729,0.9898687,20.781
14,Molise,Maschi,64,88290,920,10.42147,87830,0.9892753,19.982
14,Molise,Maschi,65,87370,964,11.03112,86888,0.9887031,19.188
14,Molise,Maschi,66,86406,999,11.56556,85906,0.9880456,18.396
14,Molise,Maschi,67,85406,1055,12.34778,84879,0.9866961,17.605
14,Molise,Maschi,68,84352,1204,14.27198,83750,0.9840810,16.819
14,Molise,Maschi,69,83148,1463,17.58984,82417,0.9811241,16.055
14,Molise,Maschi,70,81685,1649,20.18508,80861,0.9783103,15.334
14,Molise,Maschi,71,80037,1859,23.22535,79107,0.9762222,14.640
14,Molise,Maschi,72,78178,1903,24.34329,77226,0.9758411,13.976
14,Molise,Maschi,73,76275,1828,23.96981,75360,0.9760344,13.312
14,Molise,Maschi,74,74446,1784,23.96131,73554,0.9741292,12.627
14,Molise,Maschi,75,72662,2022,27.82722,71651,0.9710185,11.924
14,Molise,Maschi,76,70640,2131,30.16879,69575,0.9684237,11.251
14,Molise,Maschi,77,68509,2263,33.02751,67378,0.9661829,10.586
14,Molise,Maschi,78,66247,2294,34.63367,65099,0.9637317,9.930
14,Molise,Maschi,79,63952,2428,37.96158,62738,0.9587129,9.269
14,Molise,Maschi,80,61525,2753,44.74378,60148,0.9496948,8.615
14,Molise,Maschi,81,58772,3299,56.12703,57122,0.9396118,7.995
14,Molise,Maschi,82,55473,3600,64.90272,53673,0.9315434,7.440
14,Molise,Maschi,83,51873,3748,72.25712,49999,0.9220621,6.922
14,Molise,Maschi,84,48125,4045,84.06121,46102,0.9114939,6.422
14,Molise,Maschi,85,44079,4115,93.35899,42022,0.9021310,5.966
14,Molise,Maschi,86,39964,4110,102.84345,37909,0.8891098,5.529
14,Molise,Maschi,87,35854,4297,119.85941,33705,0.8722450,5.105
14,Molise,Maschi,88,31556,4315,136.72587,29399,0.8569727,4.732
14,Molise,Maschi,89,27242,4095,150.32669,25194,0.8424738,4.403
14,Molise,Maschi,90,23147,3842,165.99943,21226,0.8239556,4.093
14,Molise,Maschi,91,19304,3631,188.08861,17489,0.8046001,3.808
14,Molise,Maschi,92,15673,3204,204.40484,14072,0.7869333,3.575
14,Molise,Maschi,93,12470,2793,223.95399,11073,0.7709003,3.365
14,Molise,Maschi,94,9677,2281,235.73028,8536,0.7550554,3.191
14,Molise,Maschi,95,7396,1901,257.00100,6446,0.7310954,3.021
14,Molise,Maschi,96,5495,1566,284.92564,4712,0.7199089,2.893
14,Molise,Maschi,97,3929,1074,273.33018,3392,0.7335293,2.847
14,Molise,Maschi,98,2855,734,257.03106,2488,0.7425844,2.730
14,Molise,Maschi,99,2121,547,257.93326,1848,0.7268050,2.501
14,Molise,Maschi,100,1574,462,293.76153,1343,0.6717056,2.197
14,Molise,Maschi,101,1112,419,377.19121,902,0.6108622,1.903
14,Molise,Maschi,102,692,283,408.31953,551,0.5798402,1.752
14,Molise,Maschi,103,410,180,440.17106,320,0.5482279,1.616
14,Molise,Maschi,104,229,108,472.49469,175,0.5162730,1.493
14,Molise,Maschi,105,121,61,505.02030,90,0.4842341,1.383
14,Molise,Maschi,106,60,32,537.47514,44,0.4523696,1.284
14,Molise,Maschi,107,28,16,569.58664,20,0.4209312,1.196
14,Molise,Maschi,108,12,7,601.09922,8,0.3901539,1.117
14,Molise,Maschi,109,5,3,631.77368,3,0.3602529,1.046
14,Molise,Maschi,110,2,1,661.40065,1,0.3314152,0.983
14,Molise,Maschi,111,1,0,689.80204,0,0.3037972,0.927
14,Molise,Maschi,112,0,0,716.83725,0,0.2775219,0.878
14,Molise,Maschi,113,0,0,742.39905,0,0.2526810,0.833
14,Molise,Maschi,114,0,0,766.41795,0,0.2293333,0.794
14,Molise,Maschi,115,0,0,788.85613,0,0.2075087,0.759
14,Molise,Maschi,116,0,0,809.70796,0,0.1872091,0.729
14,Molise,Maschi,117,0,0,828.99188,0,0.1684148,0.701
14,Molise,Maschi,118,0,0,846.74985,0,0.1510854,0.677
14,Molise,Maschi,119,0,0,863.03994,0,0.1351659,0.656
14,Molise,Femmine,0,100000,298,2.97787,99720,0.9997631,84.999
14,Molise,Femmine,1,99702,12,0.12143,99696,0.9998790,84.251
14,Molise,Femmine,2,99690,12,0.12061,99684,0.9998810,83.261
14,Molise,Femmine,3,99678,12,0.11747,99672,0.9998848,82.271
14,Molise,Femmine,4,99666,11,0.11294,99661,0.9998897,81.281
14,Molise,Femmine,5,99655,11,0.10763,99650,0.9998953,80.290
14,Molise,Femmine,6,99644,10,0.10168,99639,0.9999012,79.299
14,Molise,Femmine,7,99634,10,0.09594,99629,0.9999040,78.307
14,Molise,Femmine,8,99625,10,0.09603,99620,0.9999049,77.314
14,Molise,Femmine,9,99615,9,0.09422,99610,0.9999061,76.321
14,Molise,Femmine,10,99606,9,0.09364,99601,0.9999076,75.329
14,Molise,Femmine,11,99596,9,0.09126,99592,0.9999107,74.336
14,Molise,Femmine,12,99587,9,0.08738,99583,0.9999136,73.342
14,Molise,Femmine,13,99579,9,0.08541,99574,0.9999220,72.349
14,Molise,Femmine,14,99570,7,0.07060,99567,0.9999194,71.355
14,Molise,Femmine,15,99563,9,0.09050,99559,0.9998885,70.360
14,Molise,Femmine,16,99554,13,0.13243,99547,0.9998366,69.366
14,Molise,Femmine,17,99541,19,0.19442,99531,0.9997959,68.375
14,Molise,Femmine,18,99522,21,0.21387,99511,0.9997968,67.388
14,Molise,Femmine,19,99500,19,0.19257,99491,0.9998399,66.403
14,Molise,Femmine,20,99481,13,0.12756,99475,0.9998945,65.415
14,Molise,Femmine,21,99468,8,0.08343,99464,0.9999309,64.424
14,Molise,Femmine,22,99460,5,0.05479,99457,0.9999381,63.429
14,Molise,Femmine,23,99455,7,0.06895,99451,0.9999227,62.433
14,Molise,Femmine,24,99448,9,0.08574,99444,0.9998924,61.437
14,Molise,Femmine,25,99439,13,0.12936,99433,0.9998437,60.442
14,Molise,Femmine,26,99426,18,0.18319,99417,0.9997949,59.450
14,Molise,Femmine,27,99408,23,0.22696,99397,0.9997698,58.461
14,Molise,Femmine,28,99386,23,0.23347,99374,0.9997950,57.474
14,Molise,Femmine,29,99362,18,0.17649,99354,0.9998440,56.487
14,Molise,Femmine,30,99345,13,0.13557,99338,0.9998415,55.497
14,Molise,Femmine,31,99331,18,0.18140,99322,0.9997162,54.504
14,Molise,Femmine,32,99313,38,0.38623,99294,0.9995024,53.514
14,Molise,Femmine,33,99275,60,0.60904,99245,0.9993330,52.535
14,Molise,Femmine,34,99215,72,0.72497,99179,0.9993449,51.566
14,Molise,Femmine,35,99143,58,0.58518,99114,0.9995395,50.603
14,Molise,Femmine,36,99085,33,0.33574,99068,0.9997170,49.633
14,Molise,Femmine,37,99051,23,0.23029,99040,0.9996851,48.649
14,Molise,Femmine,38,99029,40,0.39953,99009,0.9994476,47.660
14,Molise,Femmine,39,98989,70,0.70529,98954,0.9991842,46.679
14,Molise,Femmine,40,98919,92,0.92647,98873,0.9990665,45.712
14,Molise,Femmine,41,98828,93,0.94057,98781,0.9990808,44.754
14,Molise,Femmine,42,98735,89,0.89771,98690,0.9990693,43.795
14,Molise,Femmine,43,98646,95,0.96366,98598,0.9989404,42.834
14,Molise,Femmine,44,98551,114,1.15565,98494,0.9987728,41.875
14,Molise,Femmine,45,98437,128,1.29888,98373,0.9987185,40.923
14,Molise,Femmine,46,98309,124,1.26413,98247,0.9988048,39.976
14,Molise,Femmine,47,98185,111,1.12619,98130,0.9989060,39.026
14,Molise,Femmine,48,98074,104,1.06182,98022,0.9988980,38.069
14,Molise,Femmine,49,97970,112,1.14218,97914,0.9988125,37.109
14,Molise,Femmine,50,97858,121,1.23290,97798,0.9987700,36.151
14,Molise,Femmine,51,97738,120,1.22714,97678,0.9987425,35.195
14,Molise,Femmine,52,97618,126,1.28785,97555,0.9985670,34.237
14,Molise,Femmine,53,97492,154,1.57838,97415,0.9981817,33.281
14,Molise,Femmine,54,97338,200,2.05862,97238,0.9977208,32.333
14,Molise,Femmine,55,97138,243,2.50017,97016,0.9973386,31.398
14,Molise,Femmine,56,96895,274,2.82303,96758,0.9970492,30.476
14,Molise,Femmine,57,96621,297,3.07899,96473,0.9967785,29.561
14,Molise,Femmine,58,96324,324,3.36440,96162,0.9964539,28.650
14,Molise,Femmine,59,96000,358,3.72834,95821,0.9960902,27.745
14,Molise,Femmine,60,95642,391,4.09185,95446,0.9957152,26.847
14,Molise,Femmine,61,95250,427,4.47862,95037,0.9952181,25.956
14,Molise,Femmine,62,94824,482,5.08654,94583,0.9947604,25.070
14,Molise,Femmine,63,94342,509,5.39339,94087,0.9947212,24.196
14,Molise,Femmine,64,93833,485,5.16367,93590,0.9948953,23.324
14,Molise,Femmine,65,93348,471,5.04543,93113,0.9948618,22.443
14,Molise,Femmine,66,92877,486,5.23143,92634,0.9943658,21.554
14,Molise,Femmine,67,92391,558,6.03905,92112,0.9934456,20.665
14,Molise,Femmine,68,91833,650,7.07295,91509,0.9922373,19.787
14,Molise,Femmine,69,91184,771,8.45728,90798,0.9909818,18.925
14,Molise,Femmine,70,90413,867,9.58399,89979,0.9897303,18.082
14,Molise,Femmine,71,89546,982,10.96213,89055,0.9879519,17.252
14,Molise,Femmine,72,88565,1164,13.14619,87982,0.9853489,16.438
14,Molise,Femmine,73,87400,1414,16.17616,86693,0.9831708,15.650
14,Molise,Femmine,74,85986,1504,17.49307,85234,0.9822195,14.899
14,Molise,Femmine,75,84482,1527,18.07310,83719,0.9817227,14.155
14,Molise,Femmine,76,82955,1533,18.48533,82189,0.9812064,13.407
14,Molise,Femmine,77,81422,1556,19.10771,80644,0.9793765,12.650
14,Molise,Femmine,78,79866,1771,22.16887,78981,0.9755890,11.887
14,Molise,Femmine,79,78096,2085,26.70395,77053,0.9711320,11.145
14,Molise,Femmine,80,76010,2363,31.09147,74829,0.9667861,10.437
14,Molise,Femmine,81,73647,2607,35.40434,72343,0.9621636,9.756
14,Molise,Femmine,82,71039,2867,40.35773,69606,0.9574983,9.095
14,Molise,Femmine,83,68173,3050,44.73575,66648,0.9526131,8.457
14,Molise,Femmine,84,65123,3267,50.16214,63489,0.9459840,7.829
14,Molise,Femmine,85,61856,3592,58.07329,60060,0.9360689,7.216
14,Molise,Femmine,86,58264,4087,70.15012,56220,0.9223885,6.631
14,Molise,Femmine,87,54177,4639,85.63568,51857,0.9058265,6.093
14,Molise,Femmine,88,49537,5128,103.51095,46973,0.8894640,5.617
14,Molise,Femmine,89,44410,5257,118.37213,41781,0.8761563,5.208
14,Molise,Femmine,90,39153,5092,130.04997,36607,0.8613281,4.840
14,Molise,Femmine,91,34061,5061,148.58278,31530,0.8472065,4.489
14,Molise,Femmine,92,29000,4574,157.73912,26713,0.8383565,4.185
14,Molise,Femmine,93,24426,4061,166.27909,22395,0.8243531,3.875
14,Molise,Femmine,94,20364,3806,186.88311,18461,0.8031060,3.548
14,Molise,Femmine,95,16558,3464,209.20582,14826,0.7824110,3.248
14,Molise,Femmine,96,13094,2988,228.18999,11600,0.7592736,2.975
14,Molise,Femmine,97,10106,2597,256.96920,8808,0.7293467,2.707
14,Molise,Femmine,98,7509,2171,289.06992,6424,0.6979764,2.470
14,Molise,Femmine,99,5339,1710,320.24445,4484,0.6687986,2.271
14,Molise,Femmine,100,3629,1260,347.32033,2999,0.6449232,2.106
14,Molise,Femmine,101,2369,869,366.96095,1934,0.6213067,1.961
14,Molise,Femmine,102,1499,596,397.22670,1202,0.5911267,1.807
14,Molise,Femmine,103,904,387,428.19493,710,0.5603735,1.669
14,Molise,Femmine,104,517,238,459.61852,398,0.5292897,1.544
14,Molise,Femmine,105,279,137,491.23605,211,0.4981264,1.431
14,Molise,Femmine,106,142,74,522.78226,105,0.4671354,1.330
14,Molise,Femmine,107,68,38,553.99183,49,0.4365628,1.240
14,Molise,Femmine,108,30,18,584.61462,21,0.4066377,1.159
14,Molise,Femmine,109,13,8,614.42154,9,0.3775682,1.087
14,Molise,Femmine,110,5,3,643.20650,3,0.3495381,1.023
14,Molise,Femmine,111,2,1,670.79709,1,0.3226992,0.966
14,Molise,Femmine,112,1,0,697.05666,0,0.2971714,0.915
14,Molise,Femmine,113,0,0,721.88157,0,0.2730436,0.870
14,Molise,Femmine,114,0,0,745.20333,0,0.2503734,0.830
14,Molise,Femmine,115,0,0,766.98683,0,0.2291883,0.794
14,Molise,Femmine,116,0,0,787.22660,0,0.2094904,0.763
14,Molise,Femmine,117,0,0,805.93933,0,0.1912607,0.735
14,Molise,Femmine,118,0,0,823.16780,0,0.1744583,0.710
14,Molise,Femmine,119,0,0,838.96652,0,0.1590305,0.688
15,Campania,Maschi e femmine,0,100000,285,2.84619,99732,0.9997261,81.839
15,Campania,Maschi e femmine,1,99715,21,0.21109,99705,0.9998130,81.071
15,Campania,Maschi e femmine,2,99694,16,0.16286,99686,0.9998557,80.088
15,Campania,Maschi e femmine,3,99678,13,0.12572,99672,0.9998876,79.101
15,Campania,Maschi e femmine,4,99666,10,0.09917,99661,0.9999075,78.111
15,Campania,Maschi e femmine,5,99656,9,0.08584,99651,0.9999188,77.118
15,Campania,Maschi e femmine,6,99647,8,0.07662,99643,0.9999258,76.125
15,Campania,Maschi e femmine,7,99639,7,0.07187,99636,0.9999308,75.131
15,Campania,Maschi e femmine,8,99632,7,0.06658,99629,0.9999305,74.136
15,Campania,Maschi e femmine,9,99626,7,0.07234,99622,0.9999232,73.141
15,Campania,Maschi e femmine,10,99618,8,0.08122,99614,0.9999127,72.146
15,Campania,Maschi e femmine,11,99610,9,0.09329,99606,0.9999037,71.152
15,Campania,Maschi e femmine,12,99601,10,0.09922,99596,0.9998962,70.159
15,Campania,Maschi e femmine,13,99591,11,0.10837,99586,0.9998826,69.165
15,Campania,Maschi e femmine,14,99580,13,0.12647,99574,0.9998603,68.173
15,Campania,Maschi e femmine,15,99568,15,0.15283,99560,0.9998299,67.181
15,Campania,Maschi e femmine,16,99553,19,0.18739,99543,0.9998000,66.192
15,Campania,Maschi e femmine,17,99534,21,0.21267,99523,0.9997736,65.204
15,Campania,Maschi e femmine,18,99513,24,0.24021,99501,0.9997505,64.218
15,Campania,Maschi e femmine,19,99489,26,0.25886,99476,0.9997348,63.233
15,Campania,Maschi e femmine,20,99463,27,0.27156,99450,0.9997256,62.249
15,Campania,Maschi e femmine,21,99436,28,0.27722,99422,0.9997139,61.266
15,Campania,Maschi e femmine,22,99409,29,0.29502,99394,0.9997021,60.283
15,Campania,Maschi e femmine,23,99379,30,0.30080,99364,0.9996950,59.301
15,Campania,Maschi e femmine,24,99349,31,0.30923,99334,0.9996891,58.318
15,Campania,Maschi e femmine,25,99319,31,0.31259,99303,0.9996823,57.336
15,Campania,Maschi e femmine,26,99288,32,0.32277,99272,0.9996676,56.354
15,Campania,Maschi e femmine,27,99256,34,0.34203,99239,0.9996445,55.372
15,Campania,Maschi e femmine,28,99222,37,0.36904,99203,0.9996252,54.391
15,Campania,Maschi e femmine,29,99185,38,0.38059,99166,0.9996158,53.411
15,Campania,Maschi e femmine,30,99147,38,0.38788,99128,0.9996130,52.431
15,Campania,Maschi e femmine,31,99109,38,0.38608,99090,0.9996010,51.451
15,Campania,Maschi e femmine,32,99070,41,0.41197,99050,0.9995686,50.471
15,Campania,Maschi e femmine,33,99030,45,0.45074,99007,0.9995279,49.491
15,Campania,Maschi e femmine,34,98985,49,0.49338,98961,0.9994838,48.513
15,Campania,Maschi e femmine,35,98936,53,0.53907,98910,0.9994233,47.537
15,Campania,Maschi e femmine,36,98883,61,0.61442,98852,0.9993567,46.562
15,Campania,Maschi e femmine,37,98822,66,0.67230,98789,0.9993002,45.591
15,Campania,Maschi e femmine,38,98756,72,0.72731,98720,0.9992421,44.621
15,Campania,Maschi e femmine,39,98684,78,0.78850,98645,0.9991882,43.653
15,Campania,Maschi e femmine,40,98606,82,0.83514,98565,0.9991292,42.687
15,Campania,Maschi e femmine,41,98524,89,0.90651,98479,0.9989994,41.722
15,Campania,Maschi e femmine,42,98434,108,1.09471,98380,0.9988134,40.760
15,Campania,Maschi e femmine,43,98327,126,1.27861,98264,0.9986337,39.804
15,Campania,Maschi e femmine,44,98201,143,1.45410,98130,0.9984659,38.854
15,Campania,Maschi e femmine,45,98058,158,1.61422,97979,0.9983034,37.910
15,Campania,Maschi e femmine,46,97900,174,1.77915,97813,0.9981526,36.971
15,Campania,Maschi e femmine,47,97726,187,1.91581,97632,0.9980094,36.036
15,Campania,Maschi e femmine,48,97538,201,2.06546,97438,0.9978366,35.104
15,Campania,Maschi e femmine,49,97337,220,2.26163,97227,0.9976599,34.175
15,Campania,Maschi e femmine,50,97117,235,2.41880,96999,0.9974883,33.252
15,Campania,Maschi e femmine,51,96882,252,2.60483,96756,0.9972537,32.331
15,Campania,Maschi e femmine,52,96630,279,2.88821,96490,0.9969763,31.414
15,Campania,Maschi e femmine,53,96350,304,3.15948,96198,0.9967161,30.504
15,Campania,Maschi e femmine,54,96046,327,3.40868,95882,0.9963841,29.599
15,Campania,Maschi e femmine,55,95719,366,3.82379,95536,0.9960234,28.698
15,Campania,Maschi e femmine,56,95353,394,4.12998,95156,0.9956803,27.807
15,Campania,Maschi e femmine,57,94959,428,4.51028,94745,0.9952044,26.920
15,Campania,Maschi e femmine,58,94531,480,5.08231,94290,0.9946326,26.040
15,Campania,Maschi e femmine,59,94050,532,5.65391,93784,0.9941633,25.170
15,Campania,Maschi e femmine,60,93518,563,6.02053,93237,0.9937561,24.310
15,Campania,Maschi e femmine,61,92955,601,6.46853,92655,0.9932829,23.455
15,Campania,Maschi e femmine,62,92354,643,6.96728,92032,0.9927914,22.604
15,Campania,Maschi e femmine,63,91711,683,7.45168,91369,0.9920691,21.759
15,Campania,Maschi e femmine,64,91027,766,8.41380,90644,0.9911918,20.919
15,Campania,Maschi e femmine,65,90261,831,9.20588,89846,0.9903250,20.092
15,Campania,Maschi e femmine,66,89430,908,10.14852,88977,0.9893594,19.274
15,Campania,Maschi e femmine,67,88523,986,11.13778,88030,0.9884310,18.467
15,Campania,Maschi e femmine,68,87537,1051,12.00514,87011,0.9875695,17.669
15,Campania,Maschi e femmine,69,86486,1112,12.86108,85930,0.9863892,16.878
15,Campania,Maschi e femmine,70,85374,1227,14.37023,84760,0.9847082,16.091
15,Campania,Maschi e femmine,71,84147,1365,16.22689,83464,0.9827031,15.318
15,Campania,Maschi e femmine,72,82781,1522,18.38462,82020,0.9805215,14.563
15,Campania,Maschi e femmine,73,81259,1673,20.59289,80423,0.9784399,13.826
15,Campania,Maschi e femmine,74,79586,1794,22.54759,78689,0.9762371,13.106
15,Campania,Maschi e femmine,75,77792,1945,25.00621,76819,0.9738281,12.397
15,Campania,Maschi e femmine,76,75846,2076,27.36751,74808,0.9711717,11.702
15,Campania,Maschi e femmine,77,73771,2237,30.33029,72652,0.9667687,11.017
15,Campania,Maschi e femmine,78,71533,2591,36.22302,70238,0.9608245,10.346
15,Campania,Maschi e femmine,79,68942,2912,42.23898,67486,0.9552918,9.716
15,Campania,Maschi e femmine,80,66030,3122,47.28627,64469,0.9497911,9.123
15,Campania,Maschi e femmine,81,62908,3352,53.27661,61232,0.9442215,8.551
15,Campania,Maschi e femmine,82,59556,3479,58.42110,57816,0.9391311,8.004
15,Campania,Maschi e femmine,83,56077,3559,63.46864,54297,0.9325138,7.469
15,Campania,Maschi e femmine,84,52518,3770,71.77602,50633,0.9243793,6.942
15,Campania,Maschi e femmine,85,48748,3888,79.76275,46804,0.9149286,6.440
15,Campania,Maschi e femmine,86,44860,4075,90.84009,42822,0.9037620,5.955
15,Campania,Maschi e femmine,87,40785,4167,102.17523,38701,0.8901886,5.500
15,Campania,Maschi e femmine,88,36618,4332,118.31657,34451,0.8746376,5.069
15,Campania,Maschi e femmine,89,32285,4305,133.35384,30132,0.8589012,4.682
15,Campania,Maschi e femmine,90,27980,4198,150.03555,25881,0.8408492,4.325
15,Campania,Maschi e femmine,91,23782,4040,169.87508,21762,0.8206584,4.001
15,Campania,Maschi e femmine,92,19742,3766,190.74528,17859,0.8016733,3.717
15,Campania,Maschi e femmine,93,15976,3318,207.69511,14317,0.7858300,3.475
15,Campania,Maschi e femmine,94,12658,2814,222.34214,11251,0.7703651,3.255
15,Campania,Maschi e femmine,95,9844,2353,239.01265,8667,0.7499323,3.043
15,Campania,Maschi e femmine,96,7491,1982,264.59491,6500,0.7314367,2.841
15,Campania,Maschi e femmine,97,5509,1509,273.95954,4754,0.7222294,2.684
15,Campania,Maschi e femmine,98,4000,1132,283.01981,3434,0.7096312,2.508
15,Campania,Maschi e femmine,99,2868,862,300.61871,2437,0.6859763,2.300
15,Campania,Maschi e femmine,100,2006,668,333.19073,1671,0.6459313,2.074
15,Campania,Maschi e femmine,101,1337,515,385.37899,1080,0.6026711,1.861
15,Campania,Maschi e femmine,102,822,343,416.77162,651,0.5714160,1.714
15,Campania,Maschi e femmine,103,479,215,448.83744,372,0.5396220,1.581
15,Campania,Maschi e femmine,104,264,127,481.31671,201,0.5075430,1.462
15,Campania,Maschi e femmine,105,137,70,513.93494,102,0.4754412,1.355
15,Campania,Maschi e femmine,106,67,36,546.41566,48,0.4435775,1.259
15,Campania,Maschi e femmine,107,30,17,578.48413,21,0.4122051,1.173
15,Campania,Maschi e femmine,108,13,8,609.88366,9,0.3815580,1.096
15,Campania,Maschi e femmine,109,5,3,640.38003,3,0.3518473,1.027
15,Campania,Maschi e femmine,110,2,1,669.76628,1,0.3232566,0.966
15,Campania,Maschi e femmine,111,1,0,697.87128,0,0.2959356,0.912
15,Campania,Maschi e femmine,112,0,0,724.56267,0,0.2699994,0.864
15,Campania,Maschi e femmine,113,0,0,749.74340,0,0.2455306,0.821
15,Campania,Maschi e femmine,114,0,0,773.35385,0,0.2225785,0.783
15,Campania,Maschi e femmine,115,0,0,795.36886,0,0.2011615,0.750
15,Campania,Maschi e femmine,116,0,0,815.79411,0,0.1812716,0.720
15,Campania,Maschi e femmine,117,0,0,834.65759,0,0.1628800,0.693
15,Campania,Maschi e femmine,118,0,0,852.01261,0,0.1459363,0.670
15,Campania,Maschi e femmine,119,0,0,867.92340,0,0.1303795,0.650
15,Campania,Maschi,0,100000,317,3.16567,99702,0.9996833,79.754
15,Campania,Maschi,1,99683,26,0.25873,99671,0.9997757,79.005
15,Campania,Maschi,2,99658,19,0.18996,99648,0.9998391,78.026
15,Campania,Maschi,3,99639,13,0.13179,99632,0.9998903,77.040
15,Campania,Maschi,4,99626,9,0.08755,99621,0.9999259,76.050
15,Campania,Maschi,5,99617,6,0.06073,99614,0.9999454,75.057
15,Campania,Maschi,6,99611,5,0.04842,99608,0.9999498,74.062
15,Campania,Maschi,7,99606,5,0.05191,99603,0.9999429,73.065
15,Campania,Maschi,8,99601,6,0.06234,99598,0.9999253,72.069
15,Campania,Maschi,9,99595,9,0.08708,99590,0.9999022,71.073
15,Campania,Maschi,10,99586,11,0.10851,99581,0.9998821,70.080
15,Campania,Maschi,11,99575,13,0.12734,99569,0.9998700,69.087
15,Campania,Maschi,12,99562,13,0.13273,99556,0.9998625,68.096
15,Campania,Maschi,13,99549,14,0.14221,99542,0.9998438,67.105
15,Campania,Maschi,14,99535,17,0.17009,99527,0.9998074,66.114
15,Campania,Maschi,15,99518,21,0.21515,99507,0.9997553,65.125
15,Campania,Maschi,16,99497,27,0.27417,99483,0.9997048,64.139
15,Campania,Maschi,17,99469,31,0.31629,99454,0.9996670,63.157
15,Campania,Maschi,18,99438,35,0.34973,99421,0.9996425,62.177
15,Campania,Maschi,19,99403,36,0.36518,99385,0.9996303,61.198
15,Campania,Maschi,20,99367,37,0.37413,99348,0.9996205,60.220
15,Campania,Maschi,21,99330,38,0.38479,99311,0.9995905,59.243
15,Campania,Maschi,22,99292,43,0.43416,99270,0.9995521,58.265
15,Campania,Maschi,23,99248,46,0.46170,99225,0.9995327,57.290
15,Campania,Maschi,24,99203,47,0.47288,99179,0.9995370,56.317
15,Campania,Maschi,25,99156,45,0.45313,99133,0.9995517,55.343
15,Campania,Maschi,26,99111,44,0.44350,99089,0.9995539,54.368
15,Campania,Maschi,27,99067,44,0.44867,99045,0.9995266,53.392
15,Campania,Maschi,28,99022,49,0.49811,98998,0.9994892,52.416
15,Campania,Maschi,29,98973,52,0.52351,98947,0.9994720,51.441
15,Campania,Maschi,30,98921,53,0.53255,98895,0.9994738,50.468
15,Campania,Maschi,31,98869,51,0.51994,98843,0.9994689,49.495
15,Campania,Maschi,32,98817,54,0.54230,98790,0.9994317,48.520
15,Campania,Maschi,33,98764,59,0.59437,98734,0.9993709,47.546
15,Campania,Maschi,34,98705,66,0.66390,98672,0.9993117,46.574
15,Campania,Maschi,35,98639,70,0.71272,98604,0.9992333,45.605
15,Campania,Maschi,36,98569,81,0.82076,98529,0.9991408,44.637
15,Campania,Maschi,37,98488,88,0.89764,98444,0.9990673,43.673
15,Campania,Maschi,38,98400,95,0.96774,98352,0.9989953,42.712
15,Campania,Maschi,39,98304,102,1.04164,98253,0.9989304,41.753
15,Campania,Maschi,40,98202,108,1.09766,98148,0.9988624,40.796
15,Campania,Maschi,41,98094,116,1.17767,98037,0.9986815,39.840
15,Campania,Maschi,42,97979,143,1.45952,97907,0.9984286,38.887
15,Campania,Maschi,43,97836,165,1.68342,97753,0.9982144,37.943
15,Campania,Maschi,44,97671,184,1.88794,97579,0.9980488,37.006
15,Campania,Maschi,45,97487,196,2.01465,97388,0.9978944,36.075
15,Campania,Maschi,46,97290,214,2.19674,97183,0.9977139,35.147
15,Campania,Maschi,47,97077,231,2.37566,96961,0.9975030,34.223
15,Campania,Maschi,48,96846,254,2.61856,96719,0.9972226,33.303
15,Campania,Maschi,49,96592,284,2.93668,96450,0.9969636,32.389
15,Campania,Maschi,50,96309,302,3.13633,96158,0.9967267,31.483
15,Campania,Maschi,51,96007,327,3.41061,95843,0.9963719,30.581
15,Campania,Maschi,52,95679,368,3.84638,95495,0.9960248,29.684
15,Campania,Maschi,53,95311,391,4.10454,95116,0.9958182,28.797
15,Campania,Maschi,54,94920,404,4.25936,94718,0.9954590,27.913
15,Campania,Maschi,55,94516,456,4.82385,94288,0.9949646,27.030
15,Campania,Maschi,56,94060,494,5.24803,93813,0.9944140,26.159
15,Campania,Maschi,57,93566,554,5.92578,93289,0.9936868,25.294
15,Campania,Maschi,58,93012,623,6.70295,92700,0.9930277,24.442
15,Campania,Maschi,59,92388,669,7.24339,92054,0.9926399,23.604
15,Campania,Maschi,60,91719,686,7.47757,91376,0.9922829,22.772
15,Campania,Maschi,61,91033,724,7.95836,90671,0.9917367,21.940
15,Campania,Maschi,62,90309,774,8.57075,89922,0.9910871,21.112
15,Campania,Maschi,63,89535,829,9.25798,89120,0.9901143,20.290
15,Campania,Maschi,64,88706,933,10.51920,88239,0.9889811,19.475
15,Campania,Maschi,65,87773,1011,11.52395,87267,0.9878084,18.677
15,Campania,Maschi,66,86761,1116,12.86709,86203,0.9864365,17.889
15,Campania,Maschi,67,85645,1222,14.26905,85034,0.9852835,17.116
15,Campania,Maschi,68,84423,1281,15.17039,83782,0.9842429,16.356
15,Campania,Maschi,69,83142,1360,16.35280,82462,0.9826697,15.600
15,Campania,Maschi,70,81782,1499,18.32408,81033,0.9804754,14.851
15,Campania,Maschi,71,80284,1666,20.74756,79451,0.9780453,14.119
15,Campania,Maschi,72,78618,1823,23.18735,77707,0.9753997,13.408
15,Campania,Maschi,73,76795,2000,26.04679,75795,0.9729381,12.714
15,Campania,Maschi,74,74795,2102,28.10422,73744,0.9703385,12.041
15,Campania,Maschi,75,72693,2273,31.26379,71556,0.9670875,11.375
15,Campania,Maschi,76,70420,2438,34.61441,69201,0.9634263,10.725
15,Campania,Maschi,77,67983,2624,38.60332,66670,0.9580815,10.092
15,Campania,Maschi,78,65358,2965,45.36671,63876,0.9512640,9.477
15,Campania,Maschi,79,62393,3261,52.26536,60763,0.9452646,8.904
15,Campania,Maschi,80,59132,3391,57.34170,57437,0.9394781,8.367
15,Campania,Maschi,81,55741,3562,63.89555,53961,0.9334214,7.846
15,Campania,Maschi,82,52180,3624,69.44487,50368,0.9282114,7.347
15,Campania,Maschi,83,48556,3608,74.30732,46752,0.9209720,6.858
15,Campania,Maschi,84,44948,3781,84.12756,43057,0.9126935,6.369
15,Campania,Maschi,85,41167,3737,90.77748,39298,0.9040721,5.908
15,Campania,Maschi,86,37430,3803,101.59248,35528,0.8918573,5.448
15,Campania,Maschi,87,33627,3882,115.43365,31686,0.8759538,5.007
15,Campania,Maschi,88,29745,3979,133.78263,27756,0.8568500,4.595
15,Campania,Maschi,89,25766,3967,153.96406,23782,0.8364453,4.228
15,Campania,Maschi,90,21799,3812,174.89062,19893,0.8158618,3.906
15,Campania,Maschi,91,17987,3514,195.34579,16230,0.7947940,3.628
15,Campania,Maschi,92,14473,3147,217.45991,12899,0.7760940,3.388
15,Campania,Maschi,93,11326,2629,232.14336,10011,0.7615695,3.190
15,Campania,Maschi,94,8696,2145,246.61837,7624,0.7432402,3.004
15,Campania,Maschi,95,6552,1770,270.22112,5667,0.7228200,2.823
15,Campania,Maschi,96,4781,1371,286.71561,4096,0.7109707,2.684
15,Campania,Maschi,97,3410,997,292.27307,2912,0.7057074,2.561
15,Campania,Maschi,98,2414,717,297.14606,2055,0.6970880,2.413
15,Campania,Maschi,99,1696,528,311.11570,1433,0.6754410,2.221
15,Campania,Maschi,100,1169,402,344.07350,968,0.6335696,1.999
15,Campania,Maschi,101,767,307,400.51484,613,0.5873814,1.785
15,Campania,Maschi,102,460,199,432.80888,360,0.5552678,1.643
15,Campania,Maschi,103,261,121,465.75385,200,0.5226412,1.515
15,Campania,Maschi,104,139,69,499.08080,105,0.4897650,1.400
15,Campania,Maschi,105,70,37,532.50259,51,0.4569118,1.297
15,Campania,Maschi,106,33,18,565.73133,23,0.4243526,1.204
15,Campania,Maschi,107,14,8,598.48132,10,0.3923495,1.121
15,Campania,Maschi,108,6,4,630.48669,4,0.3611453,1.048
15,Campania,Maschi,109,2,1,661.50060,1,0.3309610,0.982
15,Campania,Maschi,110,1,0,691.30913,0,0.3019864,0.923
15,Campania,Maschi,111,0,0,719.73249,0,0.2743790,0.872
15,Campania,Maschi,112,0,0,746.63124,0,0.2482603,0.826
15,Campania,Maschi,113,0,0,771.90163,0,0.2237191,0.785
15,Campania,Maschi,114,0,0,795.47984,0,0.2008092,0.749
15,Campania,Maschi,115,0,0,817.33533,0,0.1795547,0.717
15,Campania,Maschi,116,0,0,837.47111,0,0.1599503,0.689
15,Campania,Maschi,117,0,0,855.91505,0,0.1419687,0.665
15,Campania,Maschi,118,0,0,872.71908,0,0.1255610,0.643
15,Campania,Maschi,119,0,0,887.95139,0,0.1106640,0.624
15,Campania,Femmine,0,100000,251,2.50936,99764,0.9997712,84.026
15,Campania,Femmine,1,99749,16,0.16087,99741,0.9998524,83.237
15,Campania,Femmine,2,99733,13,0.13430,99726,0.9998732,82.250
15,Campania,Femmine,3,99720,12,0.11933,99714,0.9998846,81.261
15,Campania,Femmine,4,99708,11,0.11141,99702,0.9998881,80.271
15,Campania,Femmine,5,99697,11,0.11232,99691,0.9998907,79.279
15,Campania,Femmine,6,99685,11,0.10634,99680,0.9999004,78.288
15,Campania,Femmine,7,99675,9,0.09291,99670,0.9999180,77.297
15,Campania,Femmine,8,99666,7,0.07105,99662,0.9999361,76.304
15,Campania,Femmine,9,99658,6,0.05681,99656,0.9999454,75.309
15,Campania,Femmine,10,99653,5,0.05244,99650,0.9999451,74.313
15,Campania,Femmine,11,99648,6,0.05739,99645,0.9999394,73.317
15,Campania,Femmine,12,99642,6,0.06389,99639,0.9999317,72.321
15,Campania,Femmine,13,99636,7,0.07269,99632,0.9999234,71.326
15,Campania,Femmine,14,99628,8,0.08049,99624,0.9999162,70.331
15,Campania,Femmine,15,99620,9,0.08715,99616,0.9999084,69.337
15,Campania,Femmine,16,99612,10,0.09596,99607,0.9999003,68.343
15,Campania,Femmine,17,99602,10,0.10351,99597,0.9998858,67.349
15,Campania,Femmine,18,99592,12,0.12486,99585,0.9998641,66.356
15,Campania,Femmine,19,99579,15,0.14691,99572,0.9998448,65.364
15,Campania,Femmine,20,99565,16,0.16358,99556,0.9998362,64.374
15,Campania,Femmine,21,99548,16,0.16400,99540,0.9998437,63.384
15,Campania,Femmine,22,99532,15,0.14862,99525,0.9998599,62.395
15,Campania,Femmine,23,99517,13,0.13153,99511,0.9998657,61.404
15,Campania,Femmine,24,99504,14,0.13714,99497,0.9998490,60.412
15,Campania,Femmine,25,99490,16,0.16483,99482,0.9998196,59.420
15,Campania,Femmine,26,99474,19,0.19588,99464,0.9997871,58.430
15,Campania,Femmine,27,99455,23,0.22998,99443,0.9997683,57.441
15,Campania,Femmine,28,99432,23,0.23345,99420,0.9997680,56.454
15,Campania,Femmine,29,99409,23,0.23049,99397,0.9997668,55.467
15,Campania,Femmine,30,99386,23,0.23599,99374,0.9997592,54.480
15,Campania,Femmine,31,99362,24,0.24559,99350,0.9997396,53.493
15,Campania,Femmine,32,99338,27,0.27522,99324,0.9997124,52.506
15,Campania,Femmine,33,99310,30,0.30006,99296,0.9996927,51.520
15,Campania,Femmine,34,99281,31,0.31455,99265,0.9996642,50.535
15,Campania,Femmine,35,99249,35,0.35703,99232,0.9996224,49.551
15,Campania,Femmine,36,99214,40,0.39819,99194,0.9995828,48.569
15,Campania,Femmine,37,99174,43,0.43626,99153,0.9995441,47.588
15,Campania,Femmine,38,99131,47,0.47559,99108,0.9995004,46.608
15,Campania,Femmine,39,99084,52,0.52360,99058,0.9994579,45.630
15,Campania,Femmine,40,99032,56,0.56058,99004,0.9994082,44.654
15,Campania,Femmine,41,98977,62,0.62306,98946,0.9993317,43.679
15,Campania,Femmine,42,98915,71,0.71363,98880,0.9992152,42.706
15,Campania,Femmine,43,98844,85,0.85607,98802,0.9990712,41.736
15,Campania,Femmine,44,98760,99,1.00164,98710,0.9989007,40.771
15,Campania,Femmine,45,98661,118,1.19696,98602,0.9987294,39.811
15,Campania,Femmine,46,98543,132,1.34438,98477,0.9986091,38.859
15,Campania,Femmine,47,98410,141,1.43746,98340,0.9985359,37.910
15,Campania,Femmine,48,98269,146,1.49071,98196,0.9984742,36.964
15,Campania,Femmine,49,98122,153,1.56103,98046,0.9983819,36.019
15,Campania,Femmine,50,97969,164,1.67518,97887,0.9982769,35.074
15,Campania,Femmine,51,97805,173,1.77104,97718,0.9981653,34.132
15,Campania,Femmine,52,97632,185,1.89853,97539,0.9979583,33.192
15,Campania,Femmine,53,97446,213,2.18523,97340,0.9976409,32.254
15,Campania,Femmine,54,97234,246,2.53333,97110,0.9973352,31.323
15,Campania,Femmine,55,96987,271,2.79666,96852,0.9971097,30.402
15,Campania,Femmine,56,96716,289,2.98413,96572,0.9969763,29.486
15,Campania,Femmine,57,96427,295,3.06332,96280,0.9967533,28.572
15,Campania,Femmine,58,96132,330,3.43074,95967,0.9962655,27.659
15,Campania,Femmine,59,95802,387,4.03936,95609,0.9957083,26.752
15,Campania,Femmine,60,95415,434,4.54508,95198,0.9952458,25.859
15,Campania,Femmine,61,94981,472,4.96437,94746,0.9948416,24.974
15,Campania,Femmine,62,94510,506,5.35342,94257,0.9945037,24.096
15,Campania,Femmine,63,94004,530,5.63992,93739,0.9940258,23.223
15,Campania,Femmine,64,93474,590,6.31036,93179,0.9933956,22.352
15,Campania,Femmine,65,92884,641,6.90026,92564,0.9928217,21.491
15,Campania,Femmine,66,92243,688,7.45820,91899,0.9922434,20.637
15,Campania,Femmine,67,91555,738,8.05717,91186,0.9915178,19.788
15,Campania,Femmine,68,90817,809,8.91069,90413,0.9908109,18.945
15,Campania,Femmine,69,90008,852,9.47010,89582,0.9899881,18.111
15,Campania,Femmine,70,89156,941,10.55883,88685,0.9887713,17.279
15,Campania,Femmine,71,88214,1050,11.90565,87689,0.9871349,16.458
15,Campania,Femmine,72,87164,1206,13.83604,86561,0.9853478,15.651
15,Campania,Femmine,73,85958,1331,15.47974,85293,0.9835704,14.863
15,Campania,Femmine,74,84628,1472,17.39446,83892,0.9816760,14.089
15,Campania,Femmine,75,83155,1602,19.27004,82354,0.9799666,13.329
15,Campania,Femmine,76,81553,1697,20.81177,80704,0.9781260,12.582
15,Campania,Femmine,77,79856,1833,22.95875,78939,0.9744449,11.838
15,Campania,Femmine,78,78022,2201,28.21251,76922,0.9691239,11.105
15,Campania,Femmine,79,75821,2549,33.61704,74547,0.9638329,10.413
15,Campania,Femmine,80,73272,2843,38.80593,71851,0.9584044,9.757
15,Campania,Femmine,81,70429,3134,44.49789,68862,0.9530602,9.131
15,Campania,Femmine,82,67295,3331,49.49550,65630,0.9478830,8.533
15,Campania,Femmine,83,63964,3510,54.87502,62209,0.9415672,7.951
15,Campania,Femmine,84,60454,3760,62.19712,58574,0.9333445,7.384
15,Campania,Femmine,85,56694,4048,71.40957,54670,0.9230802,6.841
15,Campania,Femmine,86,52646,4362,82.85377,50465,0.9125074,6.328
15,Campania,Femmine,87,48284,4469,92.55043,46049,0.9003880,5.855
15,Campania,Femmine,88,43815,4705,107.39384,41462,0.8869943,5.401
15,Campania,Femmine,89,39110,4665,119.29277,36777,0.8739112,4.991
15,Campania,Femmine,90,34444,4609,133.80546,32140,0.8568037,4.599
15,Campania,Femmine,91,29835,4596,154.03773,27537,0.8363739,4.232
15,Campania,Femmine,92,25240,4416,174.96028,23032,0.8164491,3.912
15,Campania,Femmine,93,20824,4039,193.96328,18804,0.7991703,3.635
15,Campania,Femmine,94,16785,3514,209.34846,15028,0.7845408,3.390
15,Campania,Femmine,95,13271,2962,223.18790,11790,0.7633527,3.155
15,Campania,Femmine,96,10309,2618,253.97384,9000,0.7410912,2.917
15,Campania,Femmine,97,7691,2042,265.52384,6670,0.7297321,2.740
15,Campania,Femmine,98,5649,1563,276.72711,4867,0.7151583,2.550
15,Campania,Femmine,99,4086,1210,296.06085,3481,0.6905094,2.335
15,Campania,Femmine,100,2876,945,328.56847,2403,0.6511230,2.106
15,Campania,Femmine,101,1931,732,379.12363,1565,0.6089044,1.892
15,Campania,Femmine,102,1199,492,410.37801,953,0.5777608,1.742
15,Campania,Femmine,103,707,313,442.35589,551,0.5460283,1.607
15,Campania,Femmine,104,394,187,474.80190,301,0.5139572,1.485
15,Campania,Femmine,105,207,105,507.44596,155,0.4818063,1.375
15,Campania,Femmine,106,102,55,540.01404,74,0.4498353,1.277
15,Campania,Femmine,107,47,27,572.23208,33,0.4182975,1.189
15,Campania,Femmine,108,20,12,603.84178,14,0.3874287,1.110
15,Campania,Femmine,109,8,5,634.60656,5,0.3574435,1.040
15,Campania,Femmine,110,3,2,664.31367,2,0.3285308,0.977
15,Campania,Femmine,111,1,1,692.78516,1,0.3008471,0.922
15,Campania,Femmine,112,0,0,719.88003,0,0.2745156,0.872
15,Campania,Femmine,113,0,0,745.49140,0,0.2496280,0.828
15,Campania,Femmine,114,0,0,769.54871,0,0.2262434,0.789
15,Campania,Femmine,115,0,0,792.01585,0,0.2043906,0.755
15,Campania,Femmine,116,0,0,812.88735,0,0.1840716,0.724
15,Campania,Femmine,117,0,0,832.18062,0,0.1652673,0.697
15,Campania,Femmine,118,0,0,849.93999,0,0.1479355,0.673
15,Campania,Femmine,119,0,0,866.22190,0,0.1320225,0.652
16,Puglia,Maschi e femmine,0,100000,255,2.54827,99760,0.9997669,83.268
16,Puglia,Maschi e femmine,1,99745,16,0.16489,99737,0.9998556,82.479
16,Puglia,Maschi e femmine,2,99729,12,0.12401,99723,0.9998862,81.493
16,Puglia,Maschi e femmine,3,99716,10,0.10352,99711,0.9999006,80.503
16,Puglia,Maschi e femmine,4,99706,9,0.09525,99701,0.9999028,79.511
16,Puglia,Maschi e femmine,5,99697,10,0.09909,99692,0.9999011,78.519
16,Puglia,Maschi e femmine,6,99687,10,0.09862,99682,0.9999027,77.526
16,Puglia,Maschi e femmine,7,99677,10,0.09606,99672,0.9999049,76.534
16,Puglia,Maschi e femmine,8,99667,9,0.09418,99663,0.9999072,75.541
16,Puglia,Maschi e femmine,9,99658,9,0.09151,99653,0.9999061,74.548
16,Puglia,Maschi e femmine,10,99649,10,0.09625,99644,0.9998996,73.555
16,Puglia,Maschi e femmine,11,99639,10,0.10452,99634,0.9998894,72.562
16,Puglia,Maschi e femmine,12,99629,12,0.11667,99623,0.9998773,71.570
16,Puglia,Maschi e femmine,13,99617,13,0.12873,99611,0.9998655,70.578
16,Puglia,Maschi e femmine,14,99604,14,0.14018,99597,0.9998483,69.587
16,Puglia,Maschi e femmine,15,99590,16,0.16314,99582,0.9998141,68.597
16,Puglia,Maschi e femmine,16,99574,21,0.20860,99564,0.9997677,67.608
16,Puglia,Maschi e femmine,17,99553,25,0.25606,99541,0.9997256,66.622
16,Puglia,Maschi e femmine,18,99528,29,0.29269,99513,0.9997002,65.639
16,Puglia,Maschi e femmine,19,99499,31,0.30693,99483,0.9996866,64.658
16,Puglia,Maschi e femmine,20,99468,32,0.31989,99452,0.9996783,63.677
16,Puglia,Maschi e femmine,21,99436,32,0.32342,99420,0.9996742,62.698
16,Puglia,Maschi e femmine,22,99404,33,0.32812,99388,0.9996722,61.718
16,Puglia,Maschi e femmine,23,99372,33,0.32748,99355,0.9996771,60.738
16,Puglia,Maschi e femmine,24,99339,32,0.31824,99323,0.9996847,59.758
16,Puglia,Maschi e femmine,25,99307,31,0.31243,99292,0.9996733,58.776
16,Puglia,Maschi e femmine,26,99276,34,0.34103,99259,0.9996336,57.795
16,Puglia,Maschi e femmine,27,99243,39,0.39185,99223,0.9995863,56.814
16,Puglia,Maschi e femmine,28,99204,43,0.43554,99182,0.9995461,55.836
16,Puglia,Maschi e femmine,29,99160,47,0.47230,99137,0.9995255,54.860
16,Puglia,Maschi e femmine,30,99114,47,0.47679,99090,0.9995308,53.886
16,Puglia,Maschi e femmine,31,99066,46,0.46169,99043,0.9995318,52.912
16,Puglia,Maschi e femmine,32,99021,47,0.47474,98997,0.9995042,51.936
16,Puglia,Maschi e femmine,33,98974,51,0.51683,98948,0.9994690,50.960
16,Puglia,Maschi e femmine,34,98922,54,0.54514,98895,0.9994501,49.986
16,Puglia,Maschi e femmine,35,98869,55,0.55474,98841,0.9994402,49.013
16,Puglia,Maschi e femmine,36,98814,56,0.56479,98786,0.9994189,48.040
16,Puglia,Maschi e femmine,37,98758,59,0.59750,98728,0.9993615,47.067
16,Puglia,Maschi e femmine,38,98699,67,0.67947,98665,0.9992691,46.095
16,Puglia,Maschi e femmine,39,98632,77,0.78231,98593,0.9991780,45.126
16,Puglia,Maschi e femmine,40,98555,85,0.86179,98512,0.9991132,44.161
16,Puglia,Maschi e femmine,41,98470,90,0.91191,98425,0.9990413,43.199
16,Puglia,Maschi e femmine,42,98380,99,1.00555,98330,0.9989527,42.237
16,Puglia,Maschi e femmine,43,98281,107,1.08904,98227,0.9988485,41.280
16,Puglia,Maschi e femmine,44,98174,119,1.21407,98114,0.9987026,40.324
16,Puglia,Maschi e femmine,45,98055,135,1.38086,97987,0.9985654,39.372
16,Puglia,Maschi e femmine,46,97919,146,1.48845,97846,0.9984596,38.426
16,Puglia,Maschi e femmine,47,97774,156,1.59233,97696,0.9983637,37.483
16,Puglia,Maschi e femmine,48,97618,164,1.68032,97536,0.9982949,36.542
16,Puglia,Maschi e femmine,49,97454,169,1.72999,97370,0.9981981,35.602
16,Puglia,Maschi e femmine,50,97285,182,1.87404,97194,0.9980263,34.663
16,Puglia,Maschi e femmine,51,97103,201,2.07364,97002,0.9978142,33.727
16,Puglia,Maschi e femmine,52,96902,223,2.29828,96790,0.9975999,32.796
16,Puglia,Maschi e femmine,53,96679,242,2.50220,96558,0.9973716,31.871
16,Puglia,Maschi e femmine,54,96437,266,2.75492,96304,0.9970925,30.949
16,Puglia,Maschi e femmine,55,96171,294,3.06049,96024,0.9967847,30.034
16,Puglia,Maschi e femmine,56,95877,323,3.37059,95715,0.9964424,29.124
16,Puglia,Maschi e femmine,57,95554,358,3.74519,95375,0.9961119,28.221
16,Puglia,Maschi e femmine,58,95196,384,4.03161,95004,0.9958823,27.325
16,Puglia,Maschi e femmine,59,94812,399,4.20417,94613,0.9956634,26.434
16,Puglia,Maschi e femmine,60,94414,422,4.46955,94203,0.9953088,25.543
16,Puglia,Maschi e femmine,61,93992,462,4.91386,93761,0.9948574,24.656
16,Puglia,Maschi e femmine,62,93530,502,5.37241,93278,0.9942236,23.775
16,Puglia,Maschi e femmine,63,93027,575,6.18255,92740,0.9933525,22.901
16,Puglia,Maschi e femmine,64,92452,658,7.11531,92123,0.9925597,22.040
16,Puglia,Maschi e femmine,65,91794,713,7.76770,91438,0.9918712,21.194
16,Puglia,Maschi e femmine,66,91081,774,8.49266,90694,0.9911774,20.356
16,Puglia,Maschi e femmine,67,90308,827,9.15546,89894,0.9905346,19.527
16,Puglia,Maschi e femmine,68,89481,875,9.77827,89043,0.9898069,18.702
16,Puglia,Maschi e femmine,69,88606,940,10.61195,88136,0.9887106,17.882
16,Puglia,Maschi e femmine,70,87666,1050,11.97403,87141,0.9874683,17.069
16,Puglia,Maschi e femmine,71,86616,1134,13.09621,86049,0.9861552,16.269
16,Puglia,Maschi e femmine,72,85482,1248,14.60337,84857,0.9845739,15.479
16,Puglia,Maschi e femmine,73,84233,1370,16.26094,83548,0.9827953,14.701
16,Puglia,Maschi e femmine,74,82864,1505,18.16413,82111,0.9806917,13.935
16,Puglia,Maschi e femmine,75,81358,1666,20.47367,80526,0.9783286,13.184
16,Puglia,Maschi e femmine,76,79693,1824,22.89412,78780,0.9759792,12.449
16,Puglia,Maschi e femmine,77,77868,1960,25.17394,76888,0.9732072,11.729
16,Puglia,Maschi e femmine,78,75908,2160,28.45349,74828,0.9693405,11.019
16,Puglia,Maschi e femmine,79,73748,2429,32.93003,72534,0.9645570,10.327
16,Puglia,Maschi e femmine,80,71320,2713,38.04162,69963,0.9584108,9.662
16,Puglia,Maschi e femmine,81,68606,3106,45.27702,67053,0.9514635,9.024
16,Puglia,Maschi e femmine,82,65500,3403,51.95064,63799,0.9445662,8.428
16,Puglia,Maschi e femmine,83,62097,3670,59.10785,60262,0.9375850,7.863
16,Puglia,Maschi e femmine,84,58427,3852,65.92981,56501,0.9305758,7.325
16,Puglia,Maschi e femmine,85,54575,3993,73.16532,52578,0.9227179,6.807
16,Puglia,Maschi e femmine,86,50582,4134,81.72377,48515,0.9131392,6.305
16,Puglia,Maschi e femmine,87,46448,4294,92.45493,44301,0.9012470,5.821
16,Puglia,Maschi e femmine,88,42154,4455,105.69263,39926,0.8869323,5.363
16,Puglia,Maschi e femmine,89,37698,4573,121.31433,35412,0.8719099,4.938
16,Puglia,Maschi e femmine,90,33125,4498,135.80129,30876,0.8537192,4.551
16,Puglia,Maschi e femmine,91,28627,4535,158.40713,26359,0.8328585,4.187
16,Puglia,Maschi e femmine,92,24092,4277,177.51982,21954,0.8167015,3.882
16,Puglia,Maschi e femmine,93,19815,3771,190.32442,17930,0.8021247,3.611
16,Puglia,Maschi e femmine,94,16044,3324,207.20102,14382,0.7855452,3.343
16,Puglia,Maschi e femmine,95,12720,2844,223.60447,11297,0.7656998,3.086
16,Puglia,Maschi e femmine,96,9875,2450,248.07642,8650,0.7411735,2.830
16,Puglia,Maschi e femmine,97,7426,2028,273.12334,6412,0.7151665,2.599
16,Puglia,Maschi e femmine,98,5397,1624,300.94384,4585,0.6875079,2.388
16,Puglia,Maschi e femmine,99,3773,1241,329.01188,3152,0.6598994,2.201
16,Puglia,Maschi e femmine,100,2532,903,356.62660,2080,0.6337610,2.035
16,Puglia,Maschi e femmine,101,1629,621,381.17970,1318,0.6071227,1.886
16,Puglia,Maschi e femmine,102,1008,415,411.78048,800,0.5766560,1.740
16,Puglia,Maschi e femmine,103,593,263,443.00247,462,0.5456930,1.607
16,Puglia,Maschi e femmine,104,330,157,474.60240,252,0.5144705,1.488
16,Puglia,Maschi e femmine,105,174,88,506.32718,130,0.4832290,1.381
16,Puglia,Maschi e femmine,106,86,46,537.92625,63,0.4522044,1.285
16,Puglia,Maschi e femmine,107,40,23,569.15451,28,0.4216216,1.198
16,Puglia,Maschi e femmine,108,17,10,599.78707,12,0.3916853,1.121
16,Puglia,Maschi e femmine,109,7,4,629.62238,5,0.3625770,1.052
16,Puglia,Maschi e femmine,110,3,2,658.48411,2,0.3344530,0.990
16,Puglia,Maschi e femmine,111,1,1,686.22795,1,0.3074396,0.935
16,Puglia,Maschi e femmine,112,0,0,712.74199,0,0.2816346,0.885
16,Puglia,Maschi e femmine,113,0,0,737.94168,0,0.2571104,0.841
16,Puglia,Maschi e femmine,114,0,0,761.77070,0,0.2339144,0.802
16,Puglia,Maschi e femmine,115,0,0,784.19815,0,0.2120713,0.767
16,Puglia,Maschi e femmine,116,0,0,805.21550,0,0.1915868,0.735
16,Puglia,Maschi e femmine,117,0,0,824.82983,0,0.1724514,0.707
16,Puglia,Maschi e femmine,118,0,0,843.06951,0,0.1546378,0.682
16,Puglia,Maschi e femmine,119,0,0,859.97183,0,0.1381097,0.660
16,Puglia,Maschi,0,100000,262,2.61580,99754,0.9997339,81.260
16,Puglia,Maschi,1,99738,22,0.22278,99727,0.9998160,80.472
16,Puglia,Maschi,2,99716,14,0.14516,99709,0.9998745,79.490
16,Puglia,Maschi,3,99702,11,0.10579,99696,0.9999017,78.502
16,Puglia,Maschi,4,99691,9,0.09088,99687,0.9999049,77.510
16,Puglia,Maschi,5,99682,10,0.09935,99677,0.9998955,76.517
16,Puglia,Maschi,6,99672,11,0.10958,99667,0.9998871,75.524
16,Puglia,Maschi,7,99661,12,0.11617,99656,0.9998827,74.533
16,Puglia,Maschi,8,99650,12,0.11834,99644,0.9998854,73.541
16,Puglia,Maschi,9,99638,11,0.11094,99632,0.9998918,72.550
16,Puglia,Maschi,10,99627,11,0.10554,99622,0.9998938,71.558
16,Puglia,Maschi,11,99616,11,0.10689,99611,0.9998857,70.565
16,Puglia,Maschi,12,99606,12,0.12167,99600,0.9998654,69.573
16,Puglia,Maschi,13,99594,15,0.14761,99586,0.9998399,68.581
16,Puglia,Maschi,14,99579,17,0.17259,99570,0.9998060,67.591
16,Puglia,Maschi,15,99562,21,0.21544,99551,0.9997516,66.603
16,Puglia,Maschi,16,99540,28,0.28130,99526,0.9996808,65.617
16,Puglia,Maschi,17,99512,36,0.35715,99494,0.9996178,64.635
16,Puglia,Maschi,18,99477,41,0.40725,99456,0.9995836,63.658
16,Puglia,Maschi,19,99436,42,0.42546,99415,0.9995636,62.684
16,Puglia,Maschi,20,99394,44,0.44744,99372,0.9995471,61.711
16,Puglia,Maschi,21,99349,46,0.45828,99327,0.9995422,60.738
16,Puglia,Maschi,22,99304,45,0.45733,99281,0.9995517,59.766
16,Puglia,Maschi,23,99258,44,0.43936,99237,0.9995809,58.793
16,Puglia,Maschi,24,99215,40,0.39879,99195,0.9996125,57.818
16,Puglia,Maschi,25,99175,37,0.37618,99157,0.9995906,56.841
16,Puglia,Maschi,26,99138,44,0.44257,99116,0.9995005,55.862
16,Puglia,Maschi,27,99094,55,0.55642,99067,0.9993966,54.887
16,Puglia,Maschi,28,99039,64,0.65041,99007,0.9993196,53.917
16,Puglia,Maschi,29,98975,70,0.71043,98939,0.9992964,52.952
16,Puglia,Maschi,30,98904,69,0.69674,98870,0.9993334,51.989
16,Puglia,Maschi,31,98835,63,0.63645,98804,0.9993614,51.025
16,Puglia,Maschi,32,98772,63,0.64084,98741,0.9993274,50.057
16,Puglia,Maschi,33,98709,70,0.70433,98674,0.9992690,49.089
16,Puglia,Maschi,34,98640,75,0.75771,98602,0.9992373,48.123
16,Puglia,Maschi,35,98565,76,0.76768,98527,0.9992420,47.159
16,Puglia,Maschi,36,98489,74,0.74837,98452,0.9992562,46.195
16,Puglia,Maschi,37,98415,73,0.73930,98379,0.9992221,45.229
16,Puglia,Maschi,38,98343,80,0.81649,98303,0.9991204,44.263
16,Puglia,Maschi,39,98262,93,0.94281,98216,0.9990164,43.298
16,Puglia,Maschi,40,98170,101,1.02453,98120,0.9989529,42.339
16,Puglia,Maschi,41,98069,105,1.06966,98017,0.9988575,41.382
16,Puglia,Maschi,42,97964,119,1.21545,97905,0.9987211,40.425
16,Puglia,Maschi,43,97845,131,1.34243,97780,0.9985665,39.474
16,Puglia,Maschi,44,97714,149,1.52462,97639,0.9983773,38.526
16,Puglia,Maschi,45,97565,168,1.72084,97481,0.9982493,37.584
16,Puglia,Maschi,46,97397,173,1.78057,97310,0.9981533,36.648
16,Puglia,Maschi,47,97224,186,1.91293,97131,0.9980080,35.713
16,Puglia,Maschi,48,97038,201,2.07115,96937,0.9978790,34.780
16,Puglia,Maschi,49,96837,210,2.17102,96732,0.9977482,33.851
16,Puglia,Maschi,50,96626,225,2.33266,96514,0.9975461,32.924
16,Puglia,Maschi,51,96401,248,2.57536,96277,0.9972955,32.000
16,Puglia,Maschi,52,96153,272,2.83391,96017,0.9970180,31.081
16,Puglia,Maschi,53,95880,300,3.13057,95730,0.9966942,30.168
16,Puglia,Maschi,54,95580,333,3.48164,95414,0.9962749,29.261
16,Puglia,Maschi,55,95247,378,3.96951,95058,0.9958387,28.362
16,Puglia,Maschi,56,94869,413,4.35381,94663,0.9953429,27.473
16,Puglia,Maschi,57,94456,469,4.96178,94222,0.9948155,26.591
16,Puglia,Maschi,58,93988,508,5.40826,93733,0.9944385,25.721
16,Puglia,Maschi,59,93479,534,5.71562,93212,0.9940950,24.858
16,Puglia,Maschi,60,92945,567,6.09546,92662,0.9936775,23.998
16,Puglia,Maschi,61,92378,605,6.55086,92076,0.9933025,23.142
16,Puglia,Maschi,62,91773,628,6.84513,91459,0.9926488,22.291
16,Puglia,Maschi,63,91145,716,7.86079,90787,0.9915480,21.442
16,Puglia,Maschi,64,90429,818,9.04798,90019,0.9904501,20.608
16,Puglia,Maschi,65,89610,901,10.05648,89160,0.9894165,19.791
16,Puglia,Maschi,66,88709,986,11.11587,88216,0.9884971,18.987
16,Puglia,Maschi,67,87723,1043,11.89426,87201,0.9877393,18.195
16,Puglia,Maschi,68,86680,1095,12.63160,86132,0.9869228,17.408
16,Puglia,Maschi,69,85585,1158,13.52859,85006,0.9856538,16.624
16,Puglia,Maschi,70,84427,1281,15.17509,83786,0.9840568,15.845
16,Puglia,Maschi,71,83146,1390,16.72310,82451,0.9824443,15.082
16,Puglia,Maschi,72,81755,1504,18.40240,81003,0.9805360,14.330
16,Puglia,Maschi,73,80251,1649,20.54557,79426,0.9783530,13.589
16,Puglia,Maschi,74,78602,1790,22.77162,77707,0.9759448,12.864
16,Puglia,Maschi,75,76812,1949,25.36862,75838,0.9729660,12.152
16,Puglia,Maschi,76,74864,2152,28.74273,73788,0.9696486,11.455
16,Puglia,Maschi,77,72712,2327,32.00758,71548,0.9658572,10.779
16,Puglia,Maschi,78,70384,2558,36.34857,69105,0.9608121,10.119
16,Puglia,Maschi,79,67826,2858,42.13435,66397,0.9550411,9.482
16,Puglia,Maschi,80,64968,3112,47.90777,63412,0.9480968,8.877
16,Puglia,Maschi,81,61856,3470,56.09974,60121,0.9403055,8.299
16,Puglia,Maschi,82,58386,3708,63.50288,56532,0.9331667,7.762
16,Puglia,Maschi,83,54678,3849,70.38949,52754,0.9262844,7.254
16,Puglia,Maschi,84,50829,3929,77.29355,48865,0.9189738,6.766
16,Puglia,Maschi,85,46900,3990,85.07143,44906,0.9110182,6.291
16,Puglia,Maschi,86,42911,4002,93.25573,40910,0.9017165,5.829
16,Puglia,Maschi,87,38909,4040,103.82832,36889,0.8894455,5.377
16,Puglia,Maschi,88,34869,4117,118.05988,32811,0.8734194,4.942
16,Puglia,Maschi,89,30752,4190,136.24193,28658,0.8557723,4.537
16,Puglia,Maschi,90,26563,4077,153.47306,24524,0.8347805,4.174
16,Puglia,Maschi,91,22486,4027,179.09563,20472,0.8123355,3.840
16,Puglia,Maschi,92,18459,3657,198.10275,16630,0.7971339,3.569
16,Puglia,Maschi,93,14802,3091,208.80613,13257,0.7839603,3.327
16,Puglia,Maschi,94,11711,2637,225.18223,10393,0.7679050,3.073
16,Puglia,Maschi,95,9074,2187,241.01669,7981,0.7442461,2.820
16,Puglia,Maschi,96,6887,1895,275.17088,5940,0.7121727,2.557
16,Puglia,Maschi,97,4992,1524,305.28843,4230,0.6816007,2.338
16,Puglia,Maschi,98,3468,1170,337.27169,2883,0.6511510,2.146
16,Puglia,Maschi,99,2298,842,366.31805,1877,0.6229832,1.984
16,Puglia,Maschi,100,1456,574,393.90018,1170,0.5978136,1.842
16,Puglia,Maschi,101,883,367,415.85773,699,0.5720253,1.714
16,Puglia,Maschi,102,516,231,448.71799,400,0.5394001,1.578
16,Puglia,Maschi,103,284,137,482.15305,216,0.5063395,1.456
16,Puglia,Maschi,104,147,76,515.88213,109,0.4731168,1.346
16,Puglia,Maschi,105,71,39,549.60731,52,0.4400134,1.247
16,Puglia,Maschi,106,32,19,583.03169,23,0.4073073,1.159
16,Puglia,Maschi,107,13,8,615.86239,9,0.3752661,1.080
16,Puglia,Maschi,108,5,3,647.82866,3,0.3441359,1.010
16,Puglia,Maschi,109,2,1,678.68091,1,0.3141395,0.947
16,Puglia,Maschi,110,1,0,708.20475,0,0.2854666,0.892
16,Puglia,Maschi,111,0,0,736.22202,0,0.2582730,0.843
16,Puglia,Maschi,112,0,0,762.59685,0,0.2326770,0.799
16,Puglia,Maschi,113,0,0,787.23060,0,0.2087632,0.761
16,Puglia,Maschi,114,0,0,810.06587,0,0.1865800,0.728
16,Puglia,Maschi,115,0,0,831.07952,0,0.1661454,0.698
16,Puglia,Maschi,116,0,0,850.28261,0,0.1474478,0.672
16,Puglia,Maschi,117,0,0,867.71135,0,0.1304526,0.649
16,Puglia,Maschi,118,0,0,883.42614,0,0.1151041,0.630
16,Puglia,Maschi,119,0,0,897.50344,0,0.1013317,0.612
16,Puglia,Femmine,0,100000,248,2.47704,99767,0.9998016,85.375
16,Puglia,Femmine,1,99752,10,0.10382,99747,0.9998972,84.585
16,Puglia,Femmine,2,99742,10,0.10170,99737,0.9998986,83.594
16,Puglia,Femmine,3,99732,10,0.10112,99727,0.9998995,82.602
16,Puglia,Femmine,4,99722,10,0.09987,99717,0.9999007,81.611
16,Puglia,Femmine,5,99712,10,0.09883,99707,0.9999071,80.619
16,Puglia,Femmine,6,99702,9,0.08707,99698,0.9999190,79.627
16,Puglia,Femmine,7,99693,7,0.07484,99689,0.9999282,78.634
16,Puglia,Femmine,8,99686,7,0.06870,99682,0.9999301,77.640
16,Puglia,Femmine,9,99679,7,0.07102,99675,0.9999213,76.645
16,Puglia,Femmine,10,99672,9,0.08646,99668,0.9999058,75.650
16,Puglia,Femmine,11,99663,10,0.10203,99658,0.9998933,74.657
16,Puglia,Femmine,12,99653,11,0.11139,99647,0.9998899,73.664
16,Puglia,Femmine,13,99642,11,0.10884,99637,0.9998926,72.672
16,Puglia,Femmine,14,99631,11,0.10600,99626,0.9998930,71.680
16,Puglia,Femmine,15,99621,11,0.10800,99615,0.9998800,70.688
16,Puglia,Femmine,16,99610,13,0.13197,99603,0.9998593,69.695
16,Puglia,Femmine,17,99597,15,0.14951,99589,0.9998393,68.705
16,Puglia,Femmine,18,99582,17,0.17197,99573,0.9998230,67.715
16,Puglia,Femmine,19,99565,18,0.18206,99556,0.9998162,66.726
16,Puglia,Femmine,20,99546,18,0.18555,99537,0.9998165,65.738
16,Puglia,Femmine,21,99528,18,0.18143,99519,0.9998132,64.751
16,Puglia,Femmine,22,99510,19,0.19210,99500,0.9997991,63.762
16,Puglia,Femmine,23,99491,21,0.20974,99480,0.9997784,62.774
16,Puglia,Femmine,24,99470,23,0.23348,99458,0.9997606,61.787
16,Puglia,Femmine,25,99447,24,0.24536,99435,0.9997602,60.802
16,Puglia,Femmine,26,99422,23,0.23423,99411,0.9997735,59.817
16,Puglia,Femmine,27,99399,22,0.21880,99388,0.9997858,58.830
16,Puglia,Femmine,28,99377,21,0.20967,99367,0.9997841,57.843
16,Puglia,Femmine,29,99356,22,0.22211,99345,0.9997661,56.855
16,Puglia,Femmine,30,99334,24,0.24579,99322,0.9997380,55.868
16,Puglia,Femmine,31,99310,28,0.27823,99296,0.9997107,54.881
16,Puglia,Femmine,32,99282,30,0.30044,99267,0.9996897,53.896
16,Puglia,Femmine,33,99253,32,0.32014,99237,0.9996788,52.913
16,Puglia,Femmine,34,99221,32,0.32225,99205,0.9996731,51.929
16,Puglia,Femmine,35,99189,33,0.33156,99172,0.9996480,50.946
16,Puglia,Femmine,36,99156,37,0.37246,99137,0.9995893,49.963
16,Puglia,Femmine,37,99119,45,0.44899,99097,0.9995075,48.981
16,Puglia,Femmine,38,99074,53,0.53601,99048,0.9994249,48.003
16,Puglia,Femmine,39,99021,61,0.61431,98991,0.9993471,47.028
16,Puglia,Femmine,40,98961,68,0.69150,98926,0.9992808,46.057
16,Puglia,Femmine,41,98892,74,0.74690,98855,0.9992335,45.088
16,Puglia,Femmine,42,98818,78,0.78607,98779,0.9991949,44.122
16,Puglia,Femmine,43,98741,81,0.82420,98700,0.9991431,43.156
16,Puglia,Femmine,44,98659,88,0.88969,98615,0.9990422,42.191
16,Puglia,Femmine,45,98571,101,1.02597,98521,0.9988952,41.228
16,Puglia,Femmine,46,98470,117,1.18371,98412,0.9987791,40.270
16,Puglia,Femmine,47,98354,124,1.25810,98292,0.9987344,39.317
16,Puglia,Femmine,48,98230,125,1.27316,98167,0.9987280,38.366
16,Puglia,Femmine,49,98105,125,1.27092,98043,0.9986660,37.414
16,Puglia,Femmine,50,97980,137,1.39710,97912,0.9985253,36.461
16,Puglia,Femmine,51,97843,152,1.55239,97767,0.9983527,35.512
16,Puglia,Femmine,52,97691,170,1.74239,97606,0.9982034,34.566
16,Puglia,Femmine,53,97521,180,1.85084,97431,0.9980733,33.626
16,Puglia,Femmine,54,97341,195,2.00266,97243,0.9979382,32.687
16,Puglia,Femmine,55,97146,206,2.12108,97043,0.9977614,31.752
16,Puglia,Femmine,56,96940,228,2.35647,96826,0.9975753,30.818
16,Puglia,Femmine,57,96711,241,2.49316,96591,0.9974442,29.890
16,Puglia,Femmine,58,96470,253,2.61860,96344,0.9973621,28.963
16,Puglia,Femmine,59,96218,256,2.65735,96090,0.9972660,28.038
16,Puglia,Femmine,60,95962,270,2.81088,95827,0.9969702,27.111
16,Puglia,Femmine,61,95692,311,3.24939,95537,0.9964360,26.186
16,Puglia,Femmine,62,95381,370,3.87969,95196,0.9958173,25.270
16,Puglia,Femmine,63,95011,426,4.48693,94798,0.9951724,24.367
16,Puglia,Femmine,64,94585,489,5.16972,94340,0.9946788,23.474
16,Puglia,Femmine,65,94096,515,5.47342,93838,0.9943258,22.593
16,Puglia,Femmine,66,93581,550,5.87615,93306,0.9938436,21.715
16,Puglia,Femmine,67,93031,599,6.43833,92731,0.9933000,20.840
16,Puglia,Femmine,68,92432,644,6.96336,92110,0.9926441,19.972
16,Puglia,Femmine,69,91788,711,7.75118,91433,0.9916998,19.109
16,Puglia,Femmine,70,91077,806,8.85343,90674,0.9907827,18.254
16,Puglia,Femmine,71,90271,865,9.58448,89838,0.9897350,17.413
16,Puglia,Femmine,72,89405,979,10.95208,88916,0.9884394,16.576
16,Puglia,Femmine,73,88426,1077,12.17585,87888,0.9870122,15.754
16,Puglia,Femmine,74,87350,1206,13.80975,86746,0.9851569,14.942
16,Puglia,Femmine,75,86143,1369,15.89089,85459,0.9833228,14.145
16,Puglia,Femmine,76,84774,1482,17.47615,84034,0.9818074,13.365
16,Puglia,Femmine,77,83293,1576,18.92188,82505,0.9798837,12.594
16,Puglia,Femmine,78,81717,1743,21.33371,80845,0.9769682,11.827
16,Puglia,Femmine,79,79973,1981,24.76685,78983,0.9729198,11.074
16,Puglia,Femmine,80,77993,2297,29.45227,76844,0.9673021,10.343
16,Puglia,Femmine,81,75696,2728,36.04196,74332,0.9608844,9.641
16,Puglia,Femmine,82,72967,3087,42.30419,71424,0.9539834,8.983
16,Puglia,Femmine,83,69881,3487,49.89292,68137,0.9467184,8.358
16,Puglia,Femmine,84,66394,3774,56.84818,64507,0.9397482,7.770
16,Puglia,Femmine,85,62620,3999,63.86057,60620,0.9317630,7.209
16,Puglia,Femmine,86,58621,4274,72.91207,56484,0.9217761,6.666
16,Puglia,Femmine,87,54347,4563,83.95353,52065,0.9099731,6.151
16,Puglia,Femmine,88,49784,4812,96.65687,47378,0.8966825,5.669
16,Puglia,Femmine,89,44972,4978,110.69088,42483,0.8832253,5.222
16,Puglia,Femmine,90,39994,4944,123.61582,37522,0.8665532,4.810
16,Puglia,Femmine,91,35050,5071,144.66454,32515,0.8462394,4.418
16,Puglia,Femmine,92,29980,4929,164.39513,27515,0.8289601,4.081
16,Puglia,Femmine,93,25051,4484,178.99203,22809,0.8130827,3.785
16,Puglia,Femmine,94,20567,4043,196.57042,18546,0.7958111,3.501
16,Puglia,Femmine,95,16524,3531,213.67124,14759,0.7776951,3.236
16,Puglia,Femmine,96,12994,3031,233.28452,11478,0.7565995,2.979
16,Puglia,Femmine,97,9962,2556,256.59430,8684,0.7319078,2.733
16,Puglia,Femmine,98,7406,2100,283.55878,6356,0.7043581,2.504
16,Puglia,Femmine,99,5306,1658,312.50727,4477,0.6757122,2.297
16,Puglia,Femmine,100,3648,1245,341.42320,3025,0.6479723,2.114
16,Puglia,Femmine,101,2402,884,368.12992,1960,0.6199346,1.951
16,Puglia,Femmine,102,1518,606,398.95465,1215,0.5891816,1.796
16,Puglia,Femmine,103,912,393,430.55681,716,0.5577842,1.656
16,Puglia,Femmine,104,520,240,462.69018,399,0.5259846,1.529
16,Puglia,Femmine,105,279,138,495.09305,210,0.4940347,1.416
16,Puglia,Femmine,106,141,74,527.49856,104,0.4621882,1.314
16,Puglia,Femmine,107,67,37,559.63855,48,0.4306941,1.223
16,Puglia,Femmine,108,29,17,591.25901,21,0.3997850,1.141
16,Puglia,Femmine,109,12,7,622.12602,8,0.3696736,1.068
16,Puglia,Femmine,110,5,3,652.02791,3,0.3405483,1.003
16,Puglia,Femmine,111,2,1,680.78624,1,0.3125663,0.945
16,Puglia,Femmine,112,1,0,708.25803,0,0.2858528,0.893
16,Puglia,Femmine,113,0,0,734.33329,0,0.2605023,0.847
16,Puglia,Femmine,114,0,0,758.93728,0,0.2365774,0.806
16,Puglia,Femmine,115,0,0,782.02895,0,0.2141111,0.770
16,Puglia,Femmine,116,0,0,803.59739,0,0.1931101,0.737
16,Puglia,Femmine,117,0,0,823.65425,0,0.1735599,0.709
16,Puglia,Femmine,118,0,0,842.23794,0,0.1554236,0.683
16,Puglia,Femmine,119,0,0,859.39909,0,0.1386523,0.660
17,Basilicata,Maschi e femmine,0,100000,301,3.00731,99717,0.9997514,83.235
17,Basilicata,Maschi e femmine,1,99699,14,0.14128,99692,0.9998664,82.485
17,Basilicata,Maschi e femmine,2,99685,13,0.12599,99679,0.9998857,81.496
17,Basilicata,Maschi e femmine,3,99673,10,0.10265,99668,0.9999087,80.506
17,Basilicata,Maschi e femmine,4,99662,8,0.07995,99658,0.9999303,79.515
17,Basilicata,Maschi e femmine,5,99654,6,0.05938,99651,0.9999415,78.521
17,Basilicata,Maschi e femmine,6,99649,6,0.05771,99646,0.9999368,77.525
17,Basilicata,Maschi e femmine,7,99643,7,0.06860,99639,0.9999262,76.530
17,Basilicata,Maschi e femmine,8,99636,8,0.07904,99632,0.9999207,75.535
17,Basilicata,Maschi e femmine,9,99628,8,0.07954,99624,0.9999246,74.541
17,Basilicata,Maschi e femmine,10,99620,7,0.07125,99617,0.9999273,73.547
17,Basilicata,Maschi e femmine,11,99613,7,0.07409,99609,0.9999222,72.552
17,Basilicata,Maschi e femmine,12,99606,8,0.08150,99602,0.9999052,71.557
17,Basilicata,Maschi e femmine,13,99598,11,0.10820,99592,0.9998759,70.563
17,Basilicata,Maschi e femmine,14,99587,14,0.13999,99580,0.9998398,69.571
17,Basilicata,Maschi e femmine,15,99573,18,0.18033,99564,0.9998006,68.581
17,Basilicata,Maschi e femmine,16,99555,22,0.21841,99544,0.9997624,67.593
17,Basilicata,Maschi e femmine,17,99533,26,0.25681,99520,0.9997249,66.607
17,Basilicata,Maschi e femmine,18,99508,29,0.29332,99493,0.9996962,65.624
17,Basilicata,Maschi e femmine,19,99478,31,0.31433,99463,0.9996806,64.644
17,Basilicata,Maschi e femmine,20,99447,32,0.32450,99431,0.9996703,63.664
17,Basilicata,Maschi e femmine,21,99415,33,0.33482,99398,0.9996517,62.684
17,Basilicata,Maschi e femmine,22,99382,36,0.36178,99364,0.9996073,61.705
17,Basilicata,Maschi e femmine,23,99346,42,0.42354,99325,0.9995359,60.727
17,Basilicata,Maschi e femmine,24,99304,50,0.50467,99278,0.9994811,59.753
17,Basilicata,Maschi e femmine,25,99253,53,0.53307,99227,0.9994722,58.783
17,Basilicata,Maschi e femmine,26,99200,52,0.52254,99175,0.9994942,57.814
17,Basilicata,Maschi e femmine,27,99149,48,0.48897,99124,0.9995280,56.844
17,Basilicata,Maschi e femmine,28,99100,45,0.45499,99078,0.9995612,55.871
17,Basilicata,Maschi e femmine,29,99055,42,0.42264,99034,0.9995823,54.896
17,Basilicata,Maschi e femmine,30,99013,41,0.41275,98993,0.9995770,53.919
17,Basilicata,Maschi e femmine,31,98972,43,0.43316,98951,0.9995294,52.942
17,Basilicata,Maschi e femmine,32,98929,50,0.50806,98904,0.9994469,51.964
17,Basilicata,Maschi e femmine,33,98879,59,0.59824,98850,0.9993571,50.990
17,Basilicata,Maschi e femmine,34,98820,68,0.68754,98786,0.9993056,50.021
17,Basilicata,Maschi e femmine,35,98752,69,0.70120,98717,0.9993179,49.055
17,Basilicata,Maschi e femmine,36,98683,65,0.66299,98650,0.9993678,48.089
17,Basilicata,Maschi e femmine,37,98617,59,0.60138,98588,0.9994107,47.120
17,Basilicata,Maschi e femmine,38,98558,57,0.57727,98530,0.9994096,46.148
17,Basilicata,Maschi e femmine,39,98501,59,0.60361,98472,0.9993249,45.175
17,Basilicata,Maschi e femmine,40,98442,73,0.74657,98405,0.9991643,44.202
17,Basilicata,Maschi e femmine,41,98368,91,0.92487,98323,0.9989666,43.234
17,Basilicata,Maschi e femmine,42,98277,112,1.14206,98221,0.9987578,42.274
17,Basilicata,Maschi e femmine,43,98165,132,1.34247,98099,0.9985806,41.322
17,Basilicata,Maschi e femmine,44,98033,147,1.49643,97960,0.9984587,40.377
17,Basilicata,Maschi e femmine,45,97887,155,1.58618,97809,0.9983941,39.436
17,Basilicata,Maschi e femmine,46,97731,159,1.62563,97652,0.9983897,38.498
17,Basilicata,Maschi e femmine,47,97572,156,1.59490,97495,0.9983872,37.560
17,Basilicata,Maschi e femmine,48,97417,159,1.63075,97337,0.9983032,36.619
17,Basilicata,Maschi e femmine,49,97258,171,1.76288,97172,0.9980800,35.678
17,Basilicata,Maschi e femmine,50,97087,202,2.07741,96986,0.9977937,34.740
17,Basilicata,Maschi e femmine,51,96885,226,2.33537,96772,0.9975882,33.812
17,Basilicata,Maschi e femmine,52,96659,241,2.48843,96538,0.9974462,32.890
17,Basilicata,Maschi e femmine,53,96418,253,2.61938,96292,0.9973147,31.970
17,Basilicata,Maschi e femmine,54,96165,265,2.75149,96033,0.9972075,31.053
17,Basilicata,Maschi e femmine,55,95901,272,2.83369,95765,0.9969937,30.137
17,Basilicata,Maschi e femmine,56,95629,304,3.17938,95477,0.9966397,29.222
17,Basilicata,Maschi e femmine,57,95325,338,3.54174,95156,0.9962172,28.313
17,Basilicata,Maschi e femmine,58,94987,382,4.02466,94796,0.9956942,27.412
17,Basilicata,Maschi e femmine,59,94605,434,4.58810,94388,0.9950493,26.521
17,Basilicata,Maschi e femmine,60,94171,501,5.31497,93921,0.9944113,25.641
17,Basilicata,Maschi e femmine,61,93671,549,5.86384,93396,0.9939172,24.775
17,Basilicata,Maschi e femmine,62,93121,587,6.30310,92828,0.9935162,23.918
17,Basilicata,Maschi e femmine,63,92534,617,6.66565,92226,0.9930557,23.067
17,Basilicata,Maschi e femmine,64,91918,664,7.22487,91586,0.9925977,22.218
17,Basilicata,Maschi e femmine,65,91253,692,7.58102,90908,0.9921074,21.376
17,Basilicata,Maschi e femmine,66,90562,743,8.20652,90190,0.9915856,20.536
17,Basilicata,Maschi e femmine,67,89818,775,8.62392,89431,0.9910811,19.702
17,Basilicata,Maschi e femmine,68,89044,821,9.21638,88634,0.9902842,18.869
17,Basilicata,Maschi e femmine,69,88223,902,10.21981,87772,0.9890911,18.039
17,Basilicata,Maschi e femmine,70,87322,1013,11.60508,86815,0.9875658,17.221
17,Basilicata,Maschi e femmine,71,86308,1146,13.27309,85735,0.9858616,16.417
17,Basilicata,Maschi e femmine,72,85163,1279,15.01534,84523,0.9842911,15.631
17,Basilicata,Maschi e femmine,73,83884,1377,16.41312,83196,0.9830797,14.862
17,Basilicata,Maschi e femmine,74,82507,1439,17.43602,81788,0.9820212,14.101
17,Basilicata,Maschi e femmine,75,81069,1502,18.53127,80317,0.9804089,13.343
17,Basilicata,Maschi e femmine,76,79566,1645,20.67100,78744,0.9781532,12.585
17,Basilicata,Maschi e femmine,77,77922,1796,23.04750,77024,0.9752289,11.840
17,Basilicata,Maschi e femmine,78,76126,2020,26.53545,75116,0.9713571,11.108
17,Basilicata,Maschi e femmine,79,74106,2283,30.80772,72964,0.9667946,10.397
17,Basilicata,Maschi e femmine,80,71823,2563,35.67929,70541,0.9605739,9.712
17,Basilicata,Maschi e femmine,81,69260,3000,43.31158,67760,0.9520222,9.052
17,Basilicata,Maschi e femmine,82,66260,3502,52.85529,64509,0.9430590,8.440
17,Basilicata,Maschi e femmine,83,62758,3844,61.25479,60836,0.9353695,7.883
17,Basilicata,Maschi e femmine,84,58914,4019,68.22656,56904,0.9284194,7.364
17,Basilicata,Maschi e femmine,85,54894,4127,75.18016,52831,0.9214756,6.867
17,Basilicata,Maschi e femmine,86,50767,4170,82.14049,48682,0.9131014,6.385
17,Basilicata,Maschi e femmine,87,46597,4291,92.08259,44452,0.9015471,5.911
17,Basilicata,Maschi e femmine,88,42306,4462,105.46925,40075,0.8886219,5.460
17,Basilicata,Maschi e femmine,89,37844,4465,117.98359,35612,0.8740028,5.045
17,Basilicata,Maschi e femmine,90,33379,4509,135.08269,31125,0.8554300,4.653
17,Basilicata,Maschi e femmine,91,28870,4490,155.53895,26625,0.8386480,4.301
17,Basilicata,Maschi e femmine,92,24380,4102,168.23580,22329,0.8262758,4.001
17,Basilicata,Maschi e femmine,93,20278,3657,180.32268,18450,0.8095346,3.710
17,Basilicata,Maschi e femmine,94,16622,3372,202.83948,14936,0.7862490,3.416
17,Basilicata,Maschi e femmine,95,13250,3014,227.43892,11743,0.7567862,3.158
17,Basilicata,Maschi e femmine,96,10237,2699,263.63281,8887,0.7347018,2.940
17,Basilicata,Maschi e femmine,97,7538,2017,267.55990,6529,0.7333657,2.814
17,Basilicata,Maschi e femmine,98,5521,1465,265.37047,4788,0.7309659,2.659
17,Basilicata,Maschi e femmine,99,4056,1111,274.02113,3500,0.7121097,2.439
17,Basilicata,Maschi e femmine,100,2945,904,306.99427,2493,0.6647472,2.171
17,Basilicata,Maschi e femmine,101,2041,767,376.02957,1657,0.6121697,1.911
17,Basilicata,Maschi e femmine,102,1273,518,406.74269,1014,0.5815691,1.761
17,Basilicata,Maschi e femmine,103,755,331,438.13259,590,0.5504216,1.626
17,Basilicata,Maschi e femmine,104,424,199,469.94933,325,0.5189721,1.504
17,Basilicata,Maschi e femmine,105,225,113,501.92887,169,0.4874729,1.395
17,Basilicata,Maschi e femmine,106,112,60,533.80557,82,0.4561754,1.296
17,Basilicata,Maschi e femmine,107,52,30,565.31566,37,0.4253230,1.208
17,Basilicata,Maschi e femmine,108,23,14,596.21296,16,0.3951405,1.130
17,Basilicata,Maschi e femmine,109,9,6,626.27313,6,0.3658306,1.059
17,Basilicata,Maschi e femmine,110,3,2,655.29793,2,0.3375692,0.997
17,Basilicata,Maschi e femmine,111,1,1,683.12347,1,0.3105001,0.941
17,Basilicata,Maschi e femmine,112,0,0,709.62269,0,0.2847337,0.891
17,Basilicata,Maschi e femmine,113,0,0,734.70174,0,0.2603500,0.847
17,Basilicata,Maschi e femmine,114,0,0,758.30185,0,0.2373974,0.808
17,Basilicata,Maschi e femmine,115,0,0,780.39630,0,0.2158961,0.773
17,Basilicata,Maschi e femmine,116,0,0,800.98687,0,0.1958414,0.742
17,Basilicata,Maschi e femmine,117,0,0,820.09560,0,0.1772098,0.714
17,Basilicata,Maschi e femmine,118,0,0,837.76818,0,0.1599577,0.689
17,Basilicata,Maschi e femmine,119,0,0,854.06011,0,0.1440319,0.668
17,Basilicata,Maschi,0,100000,332,3.31519,99688,0.9996976,81.118
17,Basilicata,Maschi,1,99668,21,0.21243,99658,0.9998198,80.386
17,Basilicata,Maschi,2,99647,15,0.14788,99640,0.9998765,79.403
17,Basilicata,Maschi,3,99633,10,0.09919,99628,0.9999175,78.414
17,Basilicata,Maschi,4,99623,7,0.06572,99619,0.9999429,77.422
17,Basilicata,Maschi,5,99616,5,0.04845,99614,0.9999534,76.427
17,Basilicata,Maschi,6,99611,4,0.04474,99609,0.9999536,75.431
17,Basilicata,Maschi,7,99607,5,0.04807,99604,0.9999522,74.434
17,Basilicata,Maschi,8,99602,5,0.04746,99600,0.9999525,73.438
17,Basilicata,Maschi,9,99597,5,0.04760,99595,0.9999543,72.441
17,Basilicata,Maschi,10,99593,4,0.04383,99590,0.9999561,71.445
17,Basilicata,Maschi,11,99588,4,0.04399,99586,0.9999555,70.448
17,Basilicata,Maschi,12,99584,4,0.04494,99582,0.9999418,69.451
17,Basilicata,Maschi,13,99579,7,0.07140,99576,0.9999015,68.454
17,Basilicata,Maschi,14,99572,13,0.12563,99566,0.9998353,67.459
17,Basilicata,Maschi,15,99560,20,0.20387,99550,0.9997548,66.467
17,Basilicata,Maschi,16,99539,29,0.28644,99525,0.9996770,65.481
17,Basilicata,Maschi,17,99511,36,0.35958,99493,0.9996000,64.499
17,Basilicata,Maschi,18,99475,44,0.44048,99453,0.9995380,63.522
17,Basilicata,Maschi,19,99431,48,0.48350,99407,0.9995129,62.550
17,Basilicata,Maschi,20,99383,49,0.49080,99359,0.9995112,61.580
17,Basilicata,Maschi,21,99335,48,0.48680,99310,0.9995012,60.610
17,Basilicata,Maschi,22,99286,51,0.51079,99261,0.9994425,59.639
17,Basilicata,Maschi,23,99235,60,0.60424,99205,0.9993323,58.669
17,Basilicata,Maschi,24,99175,73,0.73111,99139,0.9992589,57.705
17,Basilicata,Maschi,25,99103,74,0.75119,99066,0.9992680,56.747
17,Basilicata,Maschi,26,99029,71,0.71279,98993,0.9993103,55.789
17,Basilicata,Maschi,27,98958,66,0.66657,98925,0.9993344,54.828
17,Basilicata,Maschi,28,98892,66,0.66457,98859,0.9993313,53.864
17,Basilicata,Maschi,29,98826,66,0.67281,98793,0.9993342,52.900
17,Basilicata,Maschi,30,98760,65,0.65882,98727,0.9993718,51.935
17,Basilicata,Maschi,31,98695,59,0.59763,98665,0.9994003,50.969
17,Basilicata,Maschi,32,98636,59,0.60173,98606,0.9993696,49.999
17,Basilicata,Maschi,33,98576,65,0.65912,98544,0.9992715,49.029
17,Basilicata,Maschi,34,98511,79,0.79787,98472,0.9991643,48.061
17,Basilicata,Maschi,35,98433,86,0.87350,98390,0.9991369,47.099
17,Basilicata,Maschi,36,98347,84,0.85264,98305,0.9992074,46.140
17,Basilicata,Maschi,37,98263,72,0.73245,98227,0.9993172,45.179
17,Basilicata,Maschi,38,98191,62,0.63308,98160,0.9993741,44.212
17,Basilicata,Maschi,39,98129,61,0.61872,98098,0.9993007,43.239
17,Basilicata,Maschi,40,98068,76,0.77989,98030,0.9990637,42.266
17,Basilicata,Maschi,41,97992,107,1.09287,97938,0.9987217,41.298
17,Basilicata,Maschi,42,97885,143,1.46394,97813,0.9983834,40.343
17,Basilicata,Maschi,43,97741,173,1.76955,97655,0.9981285,39.401
17,Basilicata,Maschi,44,97568,193,1.97358,97472,0.9979740,38.470
17,Basilicata,Maschi,45,97376,202,2.07857,97275,0.9979180,37.545
17,Basilicata,Maschi,46,97173,203,2.08548,97072,0.9979730,36.623
17,Basilicata,Maschi,47,96971,191,1.96837,96875,0.9981101,35.698
17,Basilicata,Maschi,48,96780,175,1.81136,96692,0.9982270,34.767
17,Basilicata,Maschi,49,96604,168,1.73462,96521,0.9980935,33.830
17,Basilicata,Maschi,50,96437,200,2.07865,96337,0.9977182,32.888
17,Basilicata,Maschi,51,96236,239,2.48534,96117,0.9973225,31.955
17,Basilicata,Maschi,52,95997,276,2.87024,95859,0.9969077,31.033
17,Basilicata,Maschi,53,95722,317,3.31506,95563,0.9965138,30.121
17,Basilicata,Maschi,54,95404,349,3.65795,95230,0.9962715,29.220
17,Basilicata,Maschi,55,95055,361,3.79928,94875,0.9959438,28.325
17,Basilicata,Maschi,56,94694,409,4.31413,94490,0.9954351,27.431
17,Basilicata,Maschi,57,94286,454,4.81671,94059,0.9948341,26.548
17,Basilicata,Maschi,58,93832,518,5.51674,93573,0.9940804,25.674
17,Basilicata,Maschi,59,93314,590,6.32470,93019,0.9933019,24.814
17,Basilicata,Maschi,60,92724,656,7.07395,92396,0.9926717,23.969
17,Basilicata,Maschi,61,92068,698,7.58455,91719,0.9922442,23.136
17,Basilicata,Maschi,62,91370,724,7.92843,91007,0.9918696,22.309
17,Basilicata,Maschi,63,90645,755,8.33404,90267,0.9910585,21.483
17,Basilicata,Maschi,64,89890,859,9.55405,89460,0.9901291,20.659
17,Basilicata,Maschi,65,89031,907,10.19087,88577,0.9893234,19.854
17,Basilicata,Maschi,66,88124,984,11.16730,87632,0.9884576,19.053
17,Basilicata,Maschi,67,87139,1039,11.92180,86620,0.9876340,18.263
17,Basilicata,Maschi,68,86101,1103,12.81546,85549,0.9868853,17.477
17,Basilicata,Maschi,69,84997,1140,13.41781,84427,0.9858210,16.697
17,Basilicata,Maschi,70,83857,1254,14.95056,83230,0.9839482,15.918
17,Basilicata,Maschi,71,82603,1418,17.16966,81894,0.9818105,15.152
17,Basilicata,Maschi,72,81185,1561,19.22715,80404,0.9798624,14.408
17,Basilicata,Maschi,73,79624,1677,21.06586,78785,0.9781751,13.680
17,Basilicata,Maschi,74,77946,1762,22.60029,77066,0.9770015,12.964
17,Basilicata,Maschi,75,76185,1783,23.40587,75293,0.9752449,12.252
17,Basilicata,Maschi,76,74402,1945,26.13662,73429,0.9722130,11.534
17,Basilicata,Maschi,77,72457,2136,29.48164,71389,0.9688126,10.830
17,Basilicata,Maschi,78,70321,2317,32.94502,69163,0.9645843,10.144
17,Basilicata,Maschi,79,68004,2582,37.97053,66713,0.9591453,9.472
17,Basilicata,Maschi,80,65422,2869,43.85275,63988,0.9511722,8.826
17,Basilicata,Maschi,81,62553,3380,54.03103,60863,0.9406967,8.208
17,Basilicata,Maschi,82,59173,3839,64.87671,57254,0.9306974,7.648
17,Basilicata,Maschi,83,55334,4097,74.03554,53286,0.9224956,7.144
17,Basilicata,Maschi,84,51238,4163,81.25064,49156,0.9139853,6.676
17,Basilicata,Maschi,85,47075,4293,91.20001,44928,0.9043714,6.222
17,Basilicata,Maschi,86,42781,4300,100.50155,40632,0.8935125,5.796
17,Basilicata,Maschi,87,38482,4354,113.14233,36305,0.8812198,5.388
17,Basilicata,Maschi,88,34128,4271,125.13723,31992,0.8705887,5.011
17,Basilicata,Maschi,89,29857,4010,134.29681,27852,0.8587143,4.656
17,Basilicata,Maschi,90,25847,3861,149.35873,23917,0.8405329,4.301
17,Basilicata,Maschi,91,21987,3767,171.35024,20103,0.8221849,3.969
17,Basilicata,Maschi,92,18219,3382,185.61685,16529,0.8060431,3.686
17,Basilicata,Maschi,93,14838,3030,204.19780,13323,0.7851119,3.412
17,Basilicata,Maschi,94,11808,2696,228.32144,10460,0.7643678,3.159
17,Basilicata,Maschi,95,9112,2233,245.10597,7995,0.7387351,2.946
17,Basilicata,Maschi,96,6878,1944,282.67052,5906,0.7148952,2.741
17,Basilicata,Maschi,97,4934,1423,288.49829,4222,0.7113766,2.623
17,Basilicata,Maschi,98,3511,1014,288.79932,3004,0.7074357,2.484
17,Basilicata,Maschi,99,2497,744,297.85816,2125,0.6888137,2.290
17,Basilicata,Maschi,100,1753,579,330.16835,1464,0.6438664,2.050
17,Basilicata,Maschi,101,1174,464,394.89756,942,0.5931440,1.814
17,Basilicata,Maschi,102,711,303,426.61866,559,0.5615941,1.671
17,Basilicata,Maschi,103,407,187,458.96332,314,0.5295552,1.542
17,Basilicata,Maschi,104,220,108,491.66607,166,0.4972873,1.426
17,Basilicata,Maschi,105,112,59,524.44379,83,0.4650595,1.322
17,Basilicata,Maschi,106,53,30,557.01297,38,0.4331388,1.229
17,Basilicata,Maschi,107,24,14,589.09254,17,0.4017834,1.146
17,Basilicata,Maschi,108,10,6,620.42129,7,0.3712321,1.071
17,Basilicata,Maschi,109,4,2,650.75702,2,0.3417021,1.005
17,Basilicata,Maschi,110,1,1,679.89016,1,0.3133797,0.946
17,Basilicata,Maschi,111,0,0,707.64497,0,0.2864189,0.894
17,Basilicata,Maschi,112,0,0,733.88552,0,0.2609386,0.848
17,Basilicata,Maschi,113,0,0,758.51115,0,0.2370248,0.807
17,Basilicata,Maschi,114,0,0,781.46051,0,0.2147294,0.771
17,Basilicata,Maschi,115,0,0,802.70501,0,0.1940744,0.739
17,Basilicata,Maschi,116,0,0,822.24906,0,0.1750536,0.711
17,Basilicata,Maschi,117,0,0,840.12143,0,0.1576382,0.686
17,Basilicata,Maschi,118,0,0,856.37449,0,0.1417791,0.665
17,Basilicata,Maschi,119,0,0,871.07649,0,0.1274124,0.646
17,Basilicata,Femmine,0,100000,268,2.68269,99748,0.9998082,85.456
17,Basilicata,Femmine,1,99732,7,0.06627,99728,0.9999154,84.685
17,Basilicata,Femmine,2,99725,10,0.10292,99720,0.9998954,83.690
17,Basilicata,Femmine,3,99715,11,0.10630,99710,0.9998994,82.699
17,Basilicata,Femmine,4,99704,9,0.09495,99700,0.9999171,81.707
17,Basilicata,Femmine,5,99695,7,0.07090,99691,0.9999289,80.715
17,Basilicata,Femmine,6,99688,7,0.07138,99684,0.9999192,79.721
17,Basilicata,Femmine,7,99681,9,0.09024,99676,0.9998987,78.727
17,Basilicata,Femmine,8,99672,11,0.11234,99666,0.9998872,77.734
17,Basilicata,Femmine,9,99660,11,0.11323,99655,0.9998933,76.742
17,Basilicata,Femmine,10,99649,10,0.10016,99644,0.9998970,75.751
17,Basilicata,Femmine,11,99639,11,0.10584,99634,0.9998871,74.758
17,Basilicata,Femmine,12,99629,12,0.12004,99623,0.9998665,73.766
17,Basilicata,Femmine,13,99617,15,0.14702,99609,0.9998489,72.775
17,Basilicata,Femmine,14,99602,15,0.15514,99594,0.9998447,71.786
17,Basilicata,Femmine,15,99587,15,0.15550,99579,0.9998489,70.797
17,Basilicata,Femmine,16,99571,15,0.14667,99564,0.9998524,69.808
17,Basilicata,Femmine,17,99556,15,0.14844,99549,0.9998567,68.818
17,Basilicata,Femmine,18,99542,14,0.13819,99535,0.9998629,67.828
17,Basilicata,Femmine,19,99528,14,0.13607,99521,0.9998573,66.837
17,Basilicata,Femmine,20,99514,15,0.14931,99507,0.9998380,65.846
17,Basilicata,Femmine,21,99500,17,0.17478,99491,0.9998102,64.856
17,Basilicata,Femmine,22,99482,20,0.20491,99472,0.9997809,63.867
17,Basilicata,Femmine,23,99462,23,0.23336,99450,0.9997501,62.880
17,Basilicata,Femmine,24,99439,26,0.26646,99425,0.9997149,61.895
17,Basilicata,Femmine,25,99412,30,0.30372,99397,0.9996868,60.911
17,Basilicata,Femmine,26,99382,32,0.32258,99366,0.9996875,59.930
17,Basilicata,Femmine,27,99350,30,0.30238,99335,0.9997314,58.949
17,Basilicata,Femmine,28,99320,23,0.23487,99308,0.9998025,57.966
17,Basilicata,Femmine,29,99296,16,0.16003,99288,0.9998427,56.980
17,Basilicata,Femmine,30,99281,15,0.15457,99273,0.9997924,55.989
17,Basilicata,Femmine,31,99265,26,0.26066,99252,0.9996648,54.998
17,Basilicata,Femmine,32,99239,41,0.40985,99219,0.9995279,54.012
17,Basilicata,Femmine,33,99199,53,0.53441,99172,0.9994469,53.034
17,Basilicata,Femmine,34,99146,57,0.57189,99117,0.9994537,52.062
17,Basilicata,Femmine,35,99089,52,0.52066,99063,0.9995075,51.091
17,Basilicata,Femmine,36,99037,46,0.46435,99014,0.9995358,50.118
17,Basilicata,Femmine,37,98991,46,0.46415,98968,0.9995085,49.141
17,Basilicata,Femmine,38,98945,51,0.51884,98920,0.9994467,48.163
17,Basilicata,Femmine,39,98894,58,0.58780,98865,0.9993503,47.188
17,Basilicata,Femmine,40,98836,70,0.71168,98801,0.9992696,46.216
17,Basilicata,Femmine,41,98766,74,0.74906,98729,0.9992228,45.248
17,Basilicata,Femmine,42,98692,79,0.80537,98652,0.9991493,44.282
17,Basilicata,Femmine,43,98612,88,0.89607,98568,0.9990529,43.317
17,Basilicata,Femmine,44,98524,98,0.99817,98475,0.9989647,42.355
17,Basilicata,Femmine,45,98425,106,1.07251,98373,0.9988906,41.397
17,Basilicata,Femmine,46,98320,113,1.14637,98263,0.9988238,40.441
17,Basilicata,Femmine,47,98207,118,1.20599,98148,0.9986757,39.487
17,Basilicata,Femmine,48,98089,142,1.44278,98018,0.9983826,38.534
17,Basilicata,Femmine,49,97947,176,1.79228,97859,0.9980659,37.589
17,Basilicata,Femmine,50,97772,203,2.07612,97670,0.9978723,36.656
17,Basilicata,Femmine,51,97569,213,2.17934,97462,0.9978646,35.731
17,Basilicata,Femmine,52,97356,204,2.09139,97254,0.9980058,34.808
17,Basilicata,Femmine,53,97152,184,1.89677,97060,0.9981458,33.880
17,Basilicata,Femmine,54,96968,176,1.81146,96880,0.9981771,32.943
17,Basilicata,Femmine,55,96792,178,1.83426,96704,0.9980793,32.002
17,Basilicata,Femmine,56,96615,194,2.00736,96518,0.9978824,31.060
17,Basilicata,Femmine,57,96421,215,2.22814,96314,0.9976402,30.121
17,Basilicata,Femmine,58,96206,240,2.49168,96086,0.9973495,29.187
17,Basilicata,Femmine,59,95966,270,2.80977,95832,0.9968356,28.259
17,Basilicata,Femmine,60,95697,337,3.52011,95528,0.9961834,27.337
17,Basilicata,Femmine,61,95360,392,4.11420,95164,0.9956154,26.432
17,Basilicata,Femmine,62,94968,442,4.65605,94747,0.9951821,25.539
17,Basilicata,Femmine,63,94525,471,4.98060,94290,0.9950686,24.656
17,Basilicata,Femmine,64,94055,459,4.88190,93825,0.9950748,23.777
17,Basilicata,Femmine,65,93595,465,4.96877,93363,0.9948862,22.891
17,Basilicata,Femmine,66,93130,490,5.25959,92886,0.9946893,22.003
17,Basilicata,Femmine,67,92641,497,5.36203,92392,0.9944789,21.117
17,Basilicata,Femmine,68,92144,523,5.68108,91882,0.9936116,20.228
17,Basilicata,Femmine,69,91620,650,7.09974,91295,0.9922712,19.341
17,Basilicata,Femmine,70,90970,761,8.36235,90590,0.9910596,18.476
17,Basilicata,Femmine,71,90209,859,9.52329,89780,0.9897445,17.627
17,Basilicata,Femmine,72,89350,982,10.99466,88859,0.9885003,16.792
17,Basilicata,Femmine,73,88368,1061,12.01033,87837,0.9876985,15.973
17,Basilicata,Femmine,74,87306,1100,12.59631,86757,0.9867024,15.161
17,Basilicata,Femmine,75,86207,1208,14.00792,85603,0.9851767,14.348
17,Basilicata,Femmine,76,84999,1330,15.65035,84334,0.9835782,13.545
17,Basilicata,Femmine,77,83669,1440,17.20548,82949,0.9810187,12.752
17,Basilicata,Femmine,78,82229,1709,20.78816,81375,0.9773907,11.967
17,Basilicata,Femmine,79,80520,1970,24.46917,79535,0.9735141,11.210
17,Basilicata,Femmine,80,78550,2243,28.55314,77428,0.9686965,10.479
17,Basilicata,Femmine,81,76307,2605,34.13474,75004,0.9616139,9.772
17,Basilicata,Femmine,82,73702,3154,42.78770,72125,0.9532913,9.100
17,Basilicata,Femmine,83,70549,3584,50.80498,68756,0.9457693,8.484
17,Basilicata,Femmine,84,66964,3873,57.83984,65028,0.9397758,7.911
17,Basilicata,Femmine,85,63091,3959,62.75492,61111,0.9345338,7.366
17,Basilicata,Femmine,86,59132,4042,68.35901,57111,0.9275431,6.826
17,Basilicata,Femmine,87,55090,4234,76.85548,52973,0.9159766,6.290
17,Basilicata,Femmine,88,50856,4668,91.78805,48522,0.9009630,5.773
17,Basilicata,Femmine,89,46188,4943,107.01855,43716,0.8841391,5.305
17,Basilicata,Femmine,90,41245,5187,125.76290,38651,0.8650265,4.881
17,Basilicata,Femmine,91,36058,5247,145.50917,33434,0.8489392,4.512
17,Basilicata,Femmine,92,30811,4855,157.55773,28384,0.8384804,4.195
17,Basilicata,Femmine,93,25956,4315,166.22240,23799,0.8236510,3.886
17,Basilicata,Femmine,94,21642,4079,188.49438,19602,0.7983254,3.561
17,Basilicata,Femmine,95,17563,3827,217.91628,15649,0.7663616,3.272
17,Basilicata,Femmine,96,13735,3485,253.74130,11993,0.7448157,3.044
17,Basilicata,Femmine,97,10250,2635,257.11787,8932,0.7441256,2.909
17,Basilicata,Femmine,98,7615,1936,254.20066,6647,0.7419610,2.742
17,Basilicata,Femmine,99,5679,1495,263.18554,4932,0.7224900,2.507
17,Basilicata,Femmine,100,4184,1243,296.95105,3563,0.6736304,2.223
17,Basilicata,Femmine,101,2942,1083,368.21382,2400,0.6199188,1.951
17,Basilicata,Femmine,102,1859,741,398.86501,1488,0.5893460,1.797
17,Basilicata,Femmine,103,1117,481,430.26527,877,0.5581558,1.658
17,Basilicata,Femmine,104,637,294,462.16766,489,0.5265910,1.532
17,Basilicata,Femmine,105,342,169,494.31015,258,0.4949036,1.419
17,Basilicata,Femmine,106,173,91,526.42609,128,0.4633471,1.318
17,Basilicata,Femmine,107,82,46,558.24800,59,0.4321694,1.227
17,Basilicata,Femmine,108,36,21,589.52300,26,0.4016021,1.146
17,Basilicata,Femmine,109,15,9,620.01868,10,0.3718566,1.073
17,Basilicata,Femmine,110,6,4,649.52524,4,0.3431197,1.008
17,Basilicata,Femmine,111,2,1,677.86630,1,0.3155467,0.951
17,Basilicata,Femmine,112,1,0,704.90114,0,0.2892609,0.900
17,Basilicata,Femmine,113,0,0,730.52209,0,0.2643547,0.854
17,Basilicata,Femmine,114,0,0,754.65673,0,0.2408890,0.813
17,Basilicata,Femmine,115,0,0,777.26628,0,0.2188946,0.777
17,Basilicata,Femmine,116,0,0,798.34194,0,0.1983763,0.745
17,Basilicata,Femmine,117,0,0,817.89735,0,0.1793182,0.717
17,Basilicata,Femmine,118,0,0,835.97268,0,0.1616815,0.692
17,Basilicata,Femmine,119,0,0,852.62017,0,0.1454159,0.669
18,Calabria,Maschi e femmine,0,100000,307,3.06593,99711,0.9997293,82.567
18,Calabria,Maschi e femmine,1,99693,18,0.17854,99685,0.9998346,81.819
18,Calabria,Maschi e femmine,2,99676,15,0.15226,99668,0.9998606,80.834
18,Calabria,Maschi e femmine,3,99660,13,0.12663,99654,0.9998848,79.846
18,Calabria,Maschi e femmine,4,99648,10,0.10382,99643,0.9999062,78.856
18,Calabria,Maschi e femmine,5,99637,8,0.08383,99633,0.9999230,77.864
18,Calabria,Maschi e femmine,6,99629,7,0.07010,99626,0.9999342,76.871
18,Calabria,Maschi e femmine,7,99622,6,0.06148,99619,0.9999391,75.876
18,Calabria,Maschi e femmine,8,99616,6,0.06029,99613,0.9999361,74.881
18,Calabria,Maschi e femmine,9,99610,7,0.06742,99607,0.9999259,73.885
18,Calabria,Maschi e femmine,10,99603,8,0.08078,99599,0.9999138,72.890
18,Calabria,Maschi e femmine,11,99595,9,0.09167,99591,0.9999072,71.896
18,Calabria,Maschi e femmine,12,99586,9,0.09386,99581,0.9999096,70.903
18,Calabria,Maschi e femmine,13,99577,9,0.08694,99572,0.9999118,69.909
18,Calabria,Maschi e femmine,14,99568,9,0.08945,99564,0.9998997,68.915
18,Calabria,Maschi e femmine,15,99559,11,0.11120,99554,0.9998689,67.921
18,Calabria,Maschi e femmine,16,99548,15,0.15108,99541,0.9998271,66.929
18,Calabria,Maschi e femmine,17,99533,19,0.19463,99523,0.9997879,65.939
18,Calabria,Maschi e femmine,18,99514,23,0.22953,99502,0.9997574,64.952
18,Calabria,Maschi e femmine,19,99491,25,0.25564,99478,0.9997208,63.966
18,Calabria,Maschi e femmine,20,99465,30,0.30280,99450,0.9996803,62.983
18,Calabria,Maschi e femmine,21,99435,33,0.33668,99419,0.9996543,62.002
18,Calabria,Maschi e femmine,22,99402,35,0.35472,99384,0.9996431,61.022
18,Calabria,Maschi e femmine,23,99367,36,0.35909,99349,0.9996451,60.044
18,Calabria,Maschi e femmine,24,99331,35,0.35078,99313,0.9996481,59.065
18,Calabria,Maschi e femmine,25,99296,35,0.35310,99279,0.9996337,58.086
18,Calabria,Maschi e femmine,26,99261,38,0.37957,99242,0.9995996,57.106
18,Calabria,Maschi e femmine,27,99223,42,0.42122,99202,0.9995641,56.128
18,Calabria,Maschi e femmine,28,99182,45,0.45067,99159,0.9995418,55.151
18,Calabria,Maschi e femmine,29,99137,46,0.46580,99114,0.9995249,54.176
18,Calabria,Maschi e femmine,30,99091,48,0.48431,99067,0.9995049,53.201
18,Calabria,Maschi e femmine,31,99043,50,0.50587,99018,0.9994799,52.226
18,Calabria,Maschi e femmine,32,98993,53,0.53442,98966,0.9994434,51.252
18,Calabria,Maschi e femmine,33,98940,57,0.57880,98911,0.9994069,50.279
18,Calabria,Maschi e femmine,34,98882,60,0.60735,98852,0.9993808,49.308
18,Calabria,Maschi e femmine,35,98822,62,0.63108,98791,0.9993371,48.338
18,Calabria,Maschi e femmine,36,98760,69,0.69468,98726,0.9992676,47.368
18,Calabria,Maschi e femmine,37,98691,76,0.77008,98653,0.9991996,46.401
18,Calabria,Maschi e femmine,38,98615,82,0.83072,98574,0.9991584,45.436
18,Calabria,Maschi e femmine,39,98533,84,0.85251,98491,0.9991492,44.473
18,Calabria,Maschi e femmine,40,98449,84,0.84911,98408,0.9991147,43.511
18,Calabria,Maschi e femmine,41,98366,91,0.92154,98321,0.9990071,42.548
18,Calabria,Maschi e femmine,42,98275,105,1.06423,98223,0.9988567,41.586
18,Calabria,Maschi e femmine,43,98171,120,1.22252,98111,0.9987105,40.630
18,Calabria,Maschi e femmine,44,98051,133,1.35656,97984,0.9985633,39.679
18,Calabria,Maschi e femmine,45,97918,149,1.51704,97843,0.9983765,38.732
18,Calabria,Maschi e femmine,46,97769,169,1.73006,97684,0.9981654,37.791
18,Calabria,Maschi e femmine,47,97600,189,1.93922,97505,0.9979508,36.855
18,Calabria,Maschi e femmine,48,97411,210,2.15947,97305,0.9977564,35.926
18,Calabria,Maschi e femmine,49,97200,226,2.32797,97087,0.9976415,35.002
18,Calabria,Maschi e femmine,50,96974,232,2.38912,96858,0.9975646,34.083
18,Calabria,Maschi e femmine,51,96742,240,2.48180,96622,0.9974259,33.163
18,Calabria,Maschi e femmine,52,96502,257,2.66661,96374,0.9971985,32.245
18,Calabria,Maschi e femmine,53,96245,283,2.93679,96104,0.9969216,31.330
18,Calabria,Maschi e femmine,54,95962,309,3.22042,95808,0.9966782,30.420
18,Calabria,Maschi e femmine,55,95653,327,3.42345,95489,0.9964988,29.517
18,Calabria,Maschi e femmine,56,95326,341,3.57925,95155,0.9962708,28.617
18,Calabria,Maschi e femmine,57,94985,369,3.87975,94800,0.9959124,27.718
18,Calabria,Maschi e femmine,58,94616,406,4.29620,94413,0.9953439,26.824
18,Calabria,Maschi e femmine,59,94210,473,5.01758,93973,0.9947415,25.937
18,Calabria,Maschi e femmine,60,93737,516,5.50059,93479,0.9942693,25.066
18,Calabria,Maschi e femmine,61,93221,556,5.96217,92943,0.9938684,24.201
18,Calabria,Maschi e femmine,62,92665,584,6.30215,92373,0.9934743,23.344
18,Calabria,Maschi e femmine,63,92081,622,6.75065,91771,0.9929291,22.488
18,Calabria,Maschi e femmine,64,91460,676,7.39338,91122,0.9922326,21.638
18,Calabria,Maschi e femmine,65,90784,739,8.14422,90414,0.9914670,20.795
18,Calabria,Maschi e femmine,66,90044,804,8.92489,89642,0.9904719,19.962
18,Calabria,Maschi e femmine,67,89241,905,10.13670,88788,0.9893347,19.137
18,Calabria,Maschi e femmine,68,88336,989,11.19937,87841,0.9883875,18.328
18,Calabria,Maschi e femmine,69,87347,1051,12.03023,86821,0.9874201,17.530
18,Calabria,Maschi e femmine,70,86296,1134,13.13627,85729,0.9862157,16.737
18,Calabria,Maschi e femmine,71,85162,1230,14.44087,84547,0.9848786,15.954
18,Calabria,Maschi e femmine,72,83932,1327,15.81196,83269,0.9828298,15.180
18,Calabria,Maschi e femmine,73,82605,1532,18.55034,81839,0.9800828,14.416
18,Calabria,Maschi e femmine,74,81073,1728,21.30985,80209,0.9776450,13.679
18,Calabria,Maschi e femmine,75,79345,1858,23.42291,78416,0.9759162,12.966
18,Calabria,Maschi e femmine,76,77487,1919,24.76049,76528,0.9742564,12.265
18,Calabria,Maschi e femmine,77,75568,2022,26.75166,74557,0.9717821,11.564
18,Calabria,Maschi e femmine,78,73547,2186,29.72446,72454,0.9669925,10.868
18,Calabria,Maschi e femmine,79,71361,2597,36.39104,70062,0.9609646,10.185
18,Calabria,Maschi e femmine,80,68764,2873,41.77968,67327,0.9549129,9.551
18,Calabria,Maschi e femmine,81,65891,3198,48.53881,64292,0.9495398,8.946
18,Calabria,Maschi e femmine,82,62692,3290,52.47960,61047,0.9450940,8.376
18,Calabria,Maschi e femmine,83,59402,3414,57.46680,57696,0.9394340,7.813
18,Calabria,Maschi e femmine,84,55989,3575,63.85413,54201,0.9317974,7.259
18,Calabria,Maschi e femmine,85,52414,3818,72.84761,50504,0.9224651,6.720
18,Calabria,Maschi e femmine,86,48595,4014,82.59057,46589,0.9103004,6.208
18,Calabria,Maschi e femmine,87,44582,4344,97.44861,42410,0.8955328,5.722
18,Calabria,Maschi e femmine,88,40237,4516,112.24352,37979,0.8805484,5.286
18,Calabria,Maschi e femmine,89,35721,4557,127.57109,33443,0.8665671,4.891
18,Calabria,Maschi e femmine,90,31164,4368,140.15175,28980,0.8524407,4.533
18,Calabria,Maschi e femmine,91,26796,4185,156.17417,24704,0.8354958,4.191
18,Calabria,Maschi e femmine,92,22611,3943,174.37591,20640,0.8167794,3.874
18,Calabria,Maschi e femmine,93,18669,3620,193.93336,16858,0.7966127,3.586
18,Calabria,Maschi e femmine,94,15048,3237,215.11576,13430,0.7761158,3.329
18,Calabria,Maschi e femmine,95,11811,2776,235.05586,10423,0.7597624,3.104
18,Calabria,Maschi e femmine,96,9035,2232,247.01156,7919,0.7449705,2.904
18,Calabria,Maschi e femmine,97,6803,1807,265.67773,5899,0.7252908,2.693
18,Calabria,Maschi e femmine,98,4996,1434,287.00829,4279,0.7026854,2.486
18,Calabria,Maschi e femmine,99,3562,1110,311.76952,3007,0.6762987,2.286
18,Calabria,Maschi e femmine,100,2451,836,341.03829,2033,0.6458064,2.095
18,Calabria,Maschi e femmine,101,1615,604,374.15729,1313,0.6139865,1.920
18,Calabria,Maschi e femmine,102,1011,409,404.95799,806,0.5832898,1.769
18,Calabria,Maschi e femmine,103,602,263,436.46053,470,0.5520227,1.632
18,Calabria,Maschi e femmine,104,339,159,468.41375,260,0.5204318,1.509
18,Calabria,Maschi e femmine,105,180,90,500.55141,135,0.4887720,1.399
18,Calabria,Maschi e femmine,106,90,48,532.60469,66,0.4572978,1.300
18,Calabria,Maschi e femmine,107,42,24,564.30593,30,0.4262565,1.211
18,Calabria,Maschi e femmine,108,18,11,595.40451,13,0.3958771,1.131
18,Calabria,Maschi e femmine,109,7,5,625.67123,5,0.3663668,1.060
18,Calabria,Maschi e femmine,110,3,2,654.90322,2,0.3379057,0.997
18,Calabria,Maschi e femmine,111,1,1,682.93230,1,0.3106411,0.941
18,Calabria,Maschi e femmine,112,0,0,709.62795,0,0.2846864,0.891
18,Calabria,Maschi e femmine,113,0,0,734.89400,0,0.2601235,0.846
18,Calabria,Maschi e femmine,114,0,0,758.67075,0,0.2370014,0.807
18,Calabria,Maschi e femmine,115,0,0,780.93202,0,0.2153393,0.772
18,Calabria,Maschi e femmine,116,0,0,801.68156,0,0.1951305,0.741
18,Calabria,Maschi e femmine,117,0,0,820.94461,0,0.1763482,0.713
18,Calabria,Maschi e femmine,118,0,0,838.77093,0,0.1589452,0.688
18,Calabria,Maschi e femmine,119,0,0,855.22046,0,0.1428638,0.666
18,Calabria,Maschi,0,100000,329,3.29025,99690,0.9996821,80.361
18,Calabria,Maschi,1,99671,25,0.24639,99659,0.9997707,79.624
18,Calabria,Maschi,2,99646,21,0.21220,99636,0.9998091,78.644
18,Calabria,Maschi,3,99625,17,0.16965,99617,0.9998524,77.660
18,Calabria,Maschi,4,99608,13,0.12554,99602,0.9998976,76.673
18,Calabria,Maschi,5,99596,8,0.07927,99592,0.9999372,75.683
18,Calabria,Maschi,6,99588,5,0.04636,99586,0.9999645,74.689
18,Calabria,Maschi,7,99583,2,0.02468,99582,0.9999765,73.692
18,Calabria,Maschi,8,99581,2,0.02233,99580,0.9999747,72.694
18,Calabria,Maschi,9,99579,3,0.02834,99577,0.9999606,71.696
18,Calabria,Maschi,10,99576,5,0.05039,99573,0.9999380,70.698
18,Calabria,Maschi,11,99571,7,0.07371,99567,0.9999139,69.701
18,Calabria,Maschi,12,99563,10,0.09854,99559,0.9998943,68.706
18,Calabria,Maschi,13,99554,11,0.11287,99548,0.9998765,67.713
18,Calabria,Maschi,14,99542,13,0.13422,99536,0.9998517,66.721
18,Calabria,Maschi,15,99529,16,0.16230,99521,0.9998194,65.730
18,Calabria,Maschi,16,99513,20,0.19897,99503,0.9997828,64.740
18,Calabria,Maschi,17,99493,23,0.23549,99481,0.9997447,63.753
18,Calabria,Maschi,18,99470,27,0.27503,99456,0.9997039,62.768
18,Calabria,Maschi,19,99442,32,0.31727,99427,0.9996463,61.785
18,Calabria,Maschi,20,99411,39,0.39023,99391,0.9995881,60.805
18,Calabria,Maschi,21,99372,43,0.43364,99350,0.9995629,59.828
18,Calabria,Maschi,22,99329,44,0.44049,99307,0.9995673,58.854
18,Calabria,Maschi,23,99285,42,0.42485,99264,0.9995800,57.880
18,Calabria,Maschi,24,99243,41,0.41520,99222,0.9995735,56.904
18,Calabria,Maschi,25,99202,43,0.43777,99180,0.9995286,55.927
18,Calabria,Maschi,26,99158,50,0.50507,99133,0.9994517,54.952
18,Calabria,Maschi,27,99108,59,0.59148,99079,0.9993809,53.979
18,Calabria,Maschi,28,99050,64,0.64683,99018,0.9993474,53.011
18,Calabria,Maschi,29,98986,65,0.65838,98953,0.9993328,52.045
18,Calabria,Maschi,30,98920,67,0.67595,98887,0.9993170,51.079
18,Calabria,Maschi,31,98854,68,0.68996,98819,0.9993039,50.113
18,Calabria,Maschi,32,98785,69,0.70218,98751,0.9992816,49.147
18,Calabria,Maschi,33,98716,73,0.73464,98680,0.9992517,48.181
18,Calabria,Maschi,34,98643,75,0.76204,98606,0.9992167,47.216
18,Calabria,Maschi,35,98568,79,0.80450,98529,0.9991289,46.252
18,Calabria,Maschi,36,98489,92,0.93778,98443,0.9989943,45.289
18,Calabria,Maschi,37,98397,106,1.07371,98344,0.9988959,44.331
18,Calabria,Maschi,38,98291,112,1.13453,98235,0.9988891,43.378
18,Calabria,Maschi,39,98179,107,1.08717,98126,0.9989408,42.427
18,Calabria,Maschi,40,98073,101,1.03111,98022,0.9989200,41.472
18,Calabria,Maschi,41,97972,111,1.12885,97916,0.9987523,40.515
18,Calabria,Maschi,42,97861,134,1.36671,97794,0.9985214,39.560
18,Calabria,Maschi,43,97727,155,1.59060,97650,0.9983439,38.613
18,Calabria,Maschi,44,97572,168,1.72163,97488,0.9982446,37.674
18,Calabria,Maschi,45,97404,174,1.78929,97317,0.9981121,36.738
18,Calabria,Maschi,46,97230,193,1.98673,97133,0.9978593,35.803
18,Calabria,Maschi,47,97036,223,2.29494,96925,0.9974862,34.873
18,Calabria,Maschi,48,96814,265,2.73307,96681,0.9970767,33.952
18,Calabria,Maschi,49,96549,301,3.11397,96399,0.9967754,33.044
18,Calabria,Maschi,50,96248,321,3.33565,96088,0.9965914,32.146
18,Calabria,Maschi,51,95927,334,3.48179,95760,0.9964259,31.252
18,Calabria,Maschi,52,95593,351,3.66682,95418,0.9961400,30.359
18,Calabria,Maschi,53,95243,386,4.05380,95050,0.9957581,29.469
18,Calabria,Maschi,54,94857,420,4.43073,94647,0.9954585,28.587
18,Calabria,Maschi,55,94436,439,4.65285,94217,0.9952619,27.712
18,Calabria,Maschi,56,93997,453,4.82376,93770,0.9950576,26.839
18,Calabria,Maschi,57,93544,473,5.06166,93307,0.9947397,25.967
18,Calabria,Maschi,58,93070,508,5.46002,92816,0.9941539,25.096
18,Calabria,Maschi,59,92562,577,6.23440,92273,0.9934365,24.231
18,Calabria,Maschi,60,91985,634,6.89459,91668,0.9927510,23.380
18,Calabria,Maschi,61,91351,695,7.60581,91003,0.9921138,22.539
18,Calabria,Maschi,62,90656,741,8.16868,90286,0.9914898,21.708
18,Calabria,Maschi,63,89915,796,8.85457,89517,0.9906162,20.883
18,Calabria,Maschi,64,89119,884,9.91769,88677,0.9895438,20.065
18,Calabria,Maschi,65,88235,971,11.00014,87750,0.9883739,19.261
18,Calabria,Maschi,66,87265,1070,12.25912,86730,0.9870431,18.470
18,Calabria,Maschi,67,86195,1178,13.66331,85606,0.9858932,17.693
18,Calabria,Maschi,68,85017,1238,14.55641,84399,0.9850229,16.931
18,Calabria,Maschi,69,83780,1291,15.40402,83134,0.9836911,16.173
18,Calabria,Maschi,70,82489,1421,17.22788,81779,0.9817612,15.419
18,Calabria,Maschi,71,81068,1562,19.26734,80287,0.9796110,14.680
18,Calabria,Maschi,72,79506,1712,21.53279,78650,0.9765441,13.959
18,Calabria,Maschi,73,77794,1978,25.42139,76805,0.9729893,13.255
18,Calabria,Maschi,74,75816,2171,28.64143,74731,0.9698922,12.588
18,Calabria,Maschi,75,73645,2328,31.61747,72481,0.9676129,11.944
18,Calabria,Maschi,76,71317,2366,33.18184,70133,0.9660499,11.318
18,Calabria,Maschi,77,68950,2396,34.74476,67752,0.9638067,10.689
18,Calabria,Maschi,78,66554,2509,37.69402,65300,0.9585254,10.056
18,Calabria,Maschi,79,64046,2908,45.40337,62592,0.9518711,9.430
18,Calabria,Maschi,80,61138,3117,50.98410,59579,0.9451228,8.855
18,Calabria,Maschi,81,58021,3422,58.97951,56310,0.9392192,8.304
18,Calabria,Maschi,82,54599,3423,62.69489,52887,0.9356127,7.793
18,Calabria,Maschi,83,51176,3387,66.19282,49482,0.9299422,7.280
18,Calabria,Maschi,84,47788,3546,74.19684,46015,0.9206749,6.761
18,Calabria,Maschi,85,44242,3755,84.86438,42365,0.9101259,6.263
18,Calabria,Maschi,86,40488,3860,95.34835,38558,0.8972436,5.797
18,Calabria,Maschi,87,36627,4064,110.94514,34596,0.8815570,5.356
18,Calabria,Maschi,88,32564,4132,126.87662,30498,0.8677841,4.962
18,Calabria,Maschi,89,28432,3933,138.33112,26466,0.8567142,4.610
18,Calabria,Maschi,90,24499,3651,149.03591,22674,0.8442455,4.270
18,Calabria,Maschi,91,20848,3412,163.64981,19142,0.8256684,3.930
18,Calabria,Maschi,92,17436,3262,187.10349,15805,0.8007641,3.601
18,Calabria,Maschi,93,14174,3035,214.16078,12656,0.7742378,3.315
18,Calabria,Maschi,94,11138,2679,240.52525,9799,0.7522615,3.082
18,Calabria,Maschi,95,8459,2176,257.23614,7371,0.7398066,2.899
18,Calabria,Maschi,96,6283,1660,264.17485,5453,0.7273240,2.730
18,Calabria,Maschi,97,4623,1314,284.22921,3966,0.7057692,2.531
18,Calabria,Maschi,98,3309,1020,308.20397,2799,0.6813109,2.338
18,Calabria,Maschi,99,2289,764,333.84541,1907,0.6546469,2.156
18,Calabria,Maschi,100,1525,553,362.62793,1249,0.6264147,1.986
18,Calabria,Maschi,101,972,380,390.77672,782,0.5971629,1.832
18,Calabria,Maschi,102,592,250,422.63335,467,0.5654541,1.687
18,Calabria,Maschi,103,342,156,455.17835,264,0.5331932,1.555
18,Calabria,Maschi,104,186,91,488.15028,141,0.5006371,1.437
18,Calabria,Maschi,105,95,50,521.26906,70,0.4680526,1.331
18,Calabria,Maschi,106,46,25,554.25292,33,0.4357057,1.236
18,Calabria,Maschi,107,20,12,586.82134,14,0.4038545,1.151
18,Calabria,Maschi,108,8,5,618.71232,6,0.3727390,1.074
18,Calabria,Maschi,109,3,2,649.68168,2,0.3425781,1.007
18,Calabria,Maschi,110,1,1,679.51682,1,0.3135611,0.946
18,Calabria,Maschi,111,0,0,708.03800,0,0.2858454,0.893
18,Calabria,Maschi,112,0,0,735.10462,0,0.2595539,0.845
18,Calabria,Maschi,113,0,0,760.61081,0,0.2347770,0.803
18,Calabria,Maschi,114,0,0,784.48971,0,0.2115711,0.766
18,Calabria,Maschi,115,0,0,806.70711,0,0.1899634,0.733
18,Calabria,Maschi,116,0,0,827.26183,0,0.1699520,0.703
18,Calabria,Maschi,117,0,0,846.17727,0,0.1515132,0.678
18,Calabria,Maschi,118,0,0,863.50072,0,0.1346022,0.655
18,Calabria,Maschi,119,0,0,879.29573,0,0.1191594,0.635
18,Calabria,Femmine,0,100000,283,2.82937,99734,0.9997791,84.883
18,Calabria,Femmine,1,99717,11,0.10700,99712,0.9999020,84.123
18,Calabria,Femmine,2,99706,9,0.08907,99702,0.9999148,83.132
18,Calabria,Femmine,3,99698,8,0.08127,99693,0.9999189,82.139
18,Calabria,Femmine,4,99689,8,0.08093,99685,0.9999152,81.146
18,Calabria,Femmine,5,99681,9,0.08863,99677,0.9999081,80.152
18,Calabria,Femmine,6,99673,9,0.09511,99668,0.9999023,79.159
18,Calabria,Femmine,7,99663,10,0.10027,99658,0.9998997,78.167
18,Calabria,Femmine,8,99653,10,0.10031,99648,0.9998955,77.174
18,Calabria,Femmine,9,99643,11,0.10862,99638,0.9998893,76.182
18,Calabria,Femmine,10,99632,11,0.11283,99627,0.9998883,75.190
18,Calabria,Femmine,11,99621,11,0.11061,99615,0.9999002,74.199
18,Calabria,Femmine,12,99610,9,0.08891,99606,0.9999257,73.207
18,Calabria,Femmine,13,99601,6,0.05960,99598,0.9999491,72.213
18,Calabria,Femmine,14,99595,4,0.04224,99593,0.9999502,71.218
18,Calabria,Femmine,15,99591,6,0.05732,99588,0.9999210,70.221
18,Calabria,Femmine,16,99585,10,0.10060,99580,0.9998739,69.225
18,Calabria,Femmine,17,99575,15,0.15156,99568,0.9998334,68.232
18,Calabria,Femmine,18,99560,18,0.18157,99551,0.9998139,67.242
18,Calabria,Femmine,19,99542,19,0.19069,99533,0.9997993,66.254
18,Calabria,Femmine,20,99523,21,0.21068,99513,0.9997774,65.266
18,Calabria,Femmine,21,99502,23,0.23453,99490,0.9997506,64.280
18,Calabria,Femmine,22,99479,26,0.26437,99466,0.9997229,63.295
18,Calabria,Femmine,23,99452,29,0.28983,99438,0.9997136,62.312
18,Calabria,Femmine,24,99424,28,0.28294,99410,0.9997266,61.330
18,Calabria,Femmine,25,99396,26,0.26395,99382,0.9997443,60.347
18,Calabria,Femmine,26,99369,25,0.24746,99357,0.9997552,59.363
18,Calabria,Femmine,27,99345,24,0.24206,99333,0.9997568,58.377
18,Calabria,Femmine,28,99321,24,0.24433,99309,0.9997462,57.391
18,Calabria,Femmine,29,99296,26,0.26330,99283,0.9997269,56.405
18,Calabria,Femmine,30,99270,28,0.28289,99256,0.9997023,55.420
18,Calabria,Femmine,31,99242,31,0.31245,99227,0.9996647,54.435
18,Calabria,Femmine,32,99211,36,0.35822,99193,0.9996133,53.452
18,Calabria,Femmine,33,99176,41,0.41516,99155,0.9995699,52.471
18,Calabria,Femmine,34,99134,44,0.44499,99112,0.9995530,51.493
18,Calabria,Femmine,35,99090,45,0.44911,99068,0.9995556,50.516
18,Calabria,Femmine,36,99046,44,0.43971,99024,0.9995542,49.538
18,Calabria,Femmine,37,99002,45,0.45182,98980,0.9995179,48.560
18,Calabria,Femmine,38,98958,51,0.51247,98932,0.9994404,47.581
18,Calabria,Femmine,39,98907,60,0.60684,98877,0.9993673,46.605
18,Calabria,Femmine,40,98847,65,0.65864,98814,0.9993184,45.633
18,Calabria,Femmine,41,98782,70,0.70467,98747,0.9992737,44.663
18,Calabria,Femmine,42,98712,74,0.74797,98675,0.9992071,43.694
18,Calabria,Femmine,43,98638,83,0.83792,98597,0.9990934,42.727
18,Calabria,Femmine,44,98556,96,0.97539,98508,0.9988959,41.762
18,Calabria,Femmine,45,98459,121,1.23297,98399,0.9986524,40.802
18,Calabria,Femmine,46,98338,144,1.46240,98266,0.9984846,39.852
18,Calabria,Femmine,47,98194,154,1.56850,98117,0.9984346,38.910
18,Calabria,Femmine,48,98040,153,1.56223,97964,0.9984635,37.970
18,Calabria,Femmine,49,97887,148,1.51073,97813,0.9985412,37.029
18,Calabria,Femmine,50,97739,137,1.40672,97670,0.9985737,36.084
18,Calabria,Femmine,51,97602,141,1.44597,97531,0.9984608,35.134
18,Calabria,Femmine,52,97461,159,1.63265,97381,0.9982914,34.184
18,Calabria,Femmine,53,97301,174,1.78459,97215,0.9981203,33.239
18,Calabria,Femmine,54,97128,192,1.97494,97032,0.9979319,32.298
18,Calabria,Femmine,55,96936,210,2.16144,96831,0.9977669,31.361
18,Calabria,Femmine,56,96726,223,2.30494,96615,0.9975115,30.428
18,Calabria,Femmine,57,96504,258,2.67253,96375,0.9971089,29.497
18,Calabria,Femmine,58,96246,299,3.11027,96096,0.9965551,28.574
18,Calabria,Femmine,59,95946,363,3.78064,95765,0.9960663,27.662
18,Calabria,Femmine,60,95584,391,4.08728,95388,0.9958061,26.765
18,Calabria,Femmine,61,95193,409,4.30087,94988,0.9956386,25.873
18,Calabria,Femmine,62,94783,419,4.42224,94574,0.9954691,24.983
18,Calabria,Femmine,63,94364,438,4.64013,94145,0.9952437,24.091
18,Calabria,Femmine,64,93926,458,4.87293,93698,0.9949100,23.201
18,Calabria,Femmine,65,93469,496,5.30804,93221,0.9945293,22.312
18,Calabria,Femmine,66,92973,524,5.63420,92711,0.9938444,21.429
18,Calabria,Femmine,67,92449,618,6.67996,92140,0.9926964,20.547
18,Calabria,Femmine,68,91831,728,7.93140,91467,0.9916520,19.682
18,Calabria,Femmine,69,91103,799,8.76791,90703,0.9910125,18.836
18,Calabria,Femmine,70,90304,832,9.20907,89888,0.9904724,17.998
18,Calabria,Femmine,71,89472,881,9.84907,89032,0.9898641,17.160
18,Calabria,Femmine,72,88591,924,10.42568,88129,0.9887114,16.326
18,Calabria,Femmine,73,87668,1066,12.16069,87135,0.9866340,15.493
18,Calabria,Femmine,74,86602,1263,14.58624,85970,0.9847017,14.677
18,Calabria,Femmine,75,85338,1367,16.02090,84655,0.9833569,13.887
18,Calabria,Femmine,76,83971,1451,17.27541,83246,0.9814936,13.105
18,Calabria,Femmine,77,82520,1631,19.75901,81705,0.9787067,12.327
18,Calabria,Femmine,78,80890,1849,22.85856,79965,0.9742288,11.565
18,Calabria,Femmine,79,79041,2273,28.75191,77905,0.9686069,10.824
18,Calabria,Femmine,80,76768,2619,34.11254,75459,0.9629932,10.130
18,Calabria,Femmine,81,74150,2966,40.00325,72666,0.9578965,9.470
18,Calabria,Femmine,82,71183,3153,44.29117,69607,0.9526273,8.844
18,Calabria,Femmine,83,68031,3442,50.59707,66310,0.9468412,8.230
18,Calabria,Femmine,84,64588,3608,55.85696,62785,0.9403099,7.642
18,Calabria,Femmine,85,60981,3888,63.75005,59037,0.9317020,7.065
18,Calabria,Femmine,86,57093,4177,73.15568,55005,0.9198422,6.512
18,Calabria,Femmine,87,52917,4641,87.71260,50596,0.9054873,5.986
18,Calabria,Femmine,88,48275,4922,101.96660,45814,0.8894074,5.514
18,Calabria,Femmine,89,43353,5211,120.19797,40747,0.8732583,5.083
18,Calabria,Femmine,90,38142,5118,134.17936,35583,0.8579090,4.709
18,Calabria,Femmine,91,33024,4994,151.22870,30527,0.8419353,4.361
18,Calabria,Femmine,92,28030,4656,166.11874,25702,0.8270114,4.049
18,Calabria,Femmine,93,23373,4236,181.22705,21256,0.8103820,3.757
18,Calabria,Femmine,94,19138,3825,199.86612,17225,0.7901258,3.477
18,Calabria,Femmine,95,15313,3405,222.38216,13610,0.7709604,3.221
18,Calabria,Femmine,96,11907,2829,237.60084,10493,0.7544951,2.999
18,Calabria,Femmine,97,9078,2323,255.87217,7917,0.7354307,2.778
18,Calabria,Femmine,98,6755,1866,276.25697,5822,0.7133231,2.562
18,Calabria,Femmine,99,4889,1472,301.07424,4153,0.6865877,2.348
18,Calabria,Femmine,100,3417,1131,331.06519,2851,0.6546074,2.145
18,Calabria,Femmine,101,2286,838,366.81076,1867,0.6213110,1.959
18,Calabria,Femmine,102,1447,575,397.44836,1160,0.5907453,1.804
18,Calabria,Femmine,103,872,374,428.84847,685,0.5595489,1.664
18,Calabria,Femmine,104,498,230,460.76547,383,0.5279635,1.537
18,Calabria,Femmine,105,269,132,492.93846,202,0.4962400,1.424
18,Calabria,Femmine,106,136,72,525.10164,100,0.4646313,1.322
18,Calabria,Femmine,107,65,36,556.98814,47,0.4333850,1.230
18,Calabria,Femmine,108,29,17,588.34536,20,0.4027326,1.149
18,Calabria,Femmine,109,12,7,618.94085,8,0.3728854,1.076
18,Calabria,Femmine,110,4,3,648.56455,3,0.3440307,1.010
18,Calabria,Femmine,111,2,1,677.03951,1,0.3163242,0.952
18,Calabria,Femmine,112,1,0,704.22426,0,0.2898898,0.901
18,Calabria,Femmine,113,0,0,730.01019,0,0.2648209,0.855
18,Calabria,Femmine,114,0,0,754.32382,0,0.2411792,0.814
18,Calabria,Femmine,115,0,0,777.12521,0,0.2189966,0.778
18,Calabria,Femmine,116,0,0,798.40438,0,0.1982788,0.745
18,Calabria,Femmine,117,0,0,818.17380,0,0.1790109,0.717
18,Calabria,Femmine,118,0,0,836.47248,0,0.1611553,0.691
18,Calabria,Femmine,119,0,0,853.35153,0,0.1446625,0.668
19,Sicilia,Maschi e femmine,0,100000,332,3.32373,99687,0.9996924,82.382
19,Sicilia,Maschi e femmine,1,99668,22,0.22184,99657,0.9998109,81.655
19,Sicilia,Maschi e femmine,2,99646,16,0.15642,99638,0.9998628,80.674
19,Sicilia,Maschi e femmine,3,99630,12,0.11790,99624,0.9998922,79.686
19,Sicilia,Maschi e femmine,4,99618,10,0.09763,99613,0.9999029,78.695
19,Sicilia,Maschi e femmine,5,99608,10,0.09651,99604,0.9999036,77.703
19,Sicilia,Maschi e femmine,6,99599,10,0.09637,99594,0.9999055,76.710
19,Sicilia,Maschi e femmine,7,99589,9,0.09259,99585,0.9999132,75.718
19,Sicilia,Maschi e femmine,8,99580,8,0.08094,99576,0.9999233,74.725
19,Sicilia,Maschi e femmine,9,99572,7,0.07244,99568,0.9999267,73.731
19,Sicilia,Maschi e femmine,10,99565,7,0.07407,99561,0.9999172,72.736
19,Sicilia,Maschi e femmine,11,99557,9,0.09148,99553,0.9998975,71.741
19,Sicilia,Maschi e femmine,12,99548,11,0.11355,99543,0.9998787,70.748
19,Sicilia,Maschi e femmine,13,99537,13,0.12915,99531,0.9998674,69.756
19,Sicilia,Maschi e femmine,14,99524,14,0.13613,99517,0.9998566,68.765
19,Sicilia,Maschi e femmine,15,99511,15,0.15059,99503,0.9998387,67.774
19,Sicilia,Maschi e femmine,16,99496,17,0.17197,99487,0.9998068,66.784
19,Sicilia,Maschi e femmine,17,99478,21,0.21436,99468,0.9997725,65.796
19,Sicilia,Maschi e femmine,18,99457,24,0.24060,99445,0.9997494,64.810
19,Sicilia,Maschi e femmine,19,99433,26,0.26068,99420,0.9997196,63.825
19,Sicilia,Maschi e femmine,20,99407,30,0.30008,99392,0.9996808,62.842
19,Sicilia,Maschi e femmine,21,99377,34,0.33839,99361,0.9996522,61.860
19,Sicilia,Maschi e femmine,22,99344,35,0.35731,99326,0.9996444,60.881
19,Sicilia,Maschi e femmine,23,99308,35,0.35390,99291,0.9996584,59.903
19,Sicilia,Maschi e femmine,24,99273,33,0.32930,99257,0.9996820,58.924
19,Sicilia,Maschi e femmine,25,99241,30,0.30664,99225,0.9996864,57.943
19,Sicilia,Maschi e femmine,26,99210,32,0.32053,99194,0.9996692,56.961
19,Sicilia,Maschi e femmine,27,99178,34,0.34113,99161,0.9996389,55.979
19,Sicilia,Maschi e femmine,28,99144,38,0.38107,99126,0.9996045,54.998
19,Sicilia,Maschi e femmine,29,99107,41,0.40989,99086,0.9995701,54.018
19,Sicilia,Maschi e femmine,30,99066,45,0.44995,99044,0.9995388,53.040
19,Sicilia,Maschi e femmine,31,99021,47,0.47237,98998,0.9995222,52.064
19,Sicilia,Maschi e femmine,32,98975,48,0.48321,98951,0.9995100,51.088
19,Sicilia,Maschi e femmine,33,98927,49,0.49672,98902,0.9994998,50.113
19,Sicilia,Maschi e femmine,34,98878,50,0.50366,98853,0.9994899,49.138
19,Sicilia,Maschi e femmine,35,98828,51,0.51654,98802,0.9994390,48.162
19,Sicilia,Maschi e femmine,36,98777,60,0.60543,98747,0.9993586,47.187
19,Sicilia,Maschi e femmine,37,98717,67,0.67742,98684,0.9992875,46.215
19,Sicilia,Maschi e femmine,38,98650,74,0.74753,98613,0.9992242,45.246
19,Sicilia,Maschi e femmine,39,98576,79,0.80409,98537,0.9991813,44.279
19,Sicilia,Maschi e femmine,40,98497,82,0.83326,98456,0.9991301,43.315
19,Sicilia,Maschi e femmine,41,98415,89,0.90656,98371,0.9990218,42.350
19,Sicilia,Maschi e femmine,42,98326,103,1.04982,98274,0.9988537,41.388
19,Sicilia,Maschi e femmine,43,98223,122,1.24295,98162,0.9986740,40.431
19,Sicilia,Maschi e femmine,44,98101,138,1.40905,98031,0.9985344,39.481
19,Sicilia,Maschi e femmine,45,97962,149,1.52219,97888,0.9984095,38.536
19,Sicilia,Maschi e femmine,46,97813,162,1.65885,97732,0.9982516,37.594
19,Sicilia,Maschi e femmine,47,97651,180,1.83819,97561,0.9980668,36.656
19,Sicilia,Maschi e femmine,48,97471,198,2.02833,97373,0.9978701,35.722
19,Sicilia,Maschi e femmine,49,97274,217,2.23161,97165,0.9976993,34.794
19,Sicilia,Maschi e femmine,50,97057,230,2.36998,96942,0.9975908,33.871
19,Sicilia,Maschi e femmine,51,96827,237,2.44856,96708,0.9975133,32.950
19,Sicilia,Maschi e femmine,52,96590,244,2.52498,96468,0.9973472,32.029
19,Sicilia,Maschi e femmine,53,96346,268,2.78091,96212,0.9970656,31.109
19,Sicilia,Maschi e femmine,54,96078,297,3.08830,95929,0.9967495,30.195
19,Sicilia,Maschi e femmine,55,95781,327,3.41316,95618,0.9964430,29.287
19,Sicilia,Maschi e femmine,56,95454,353,3.70142,95277,0.9961235,28.385
19,Sicilia,Maschi e femmine,57,95101,385,4.05214,94908,0.9957843,27.489
19,Sicilia,Maschi e femmine,58,94715,415,4.37992,94508,0.9954355,26.599
19,Sicilia,Maschi e femmine,59,94301,448,4.74983,94077,0.9950636,25.713
19,Sicilia,Maschi e femmine,60,93853,481,5.12387,93612,0.9946472,24.834
19,Sicilia,Maschi e femmine,61,93372,521,5.58287,93111,0.9941252,23.959
19,Sicilia,Maschi e femmine,62,92851,573,6.16832,92564,0.9934871,23.091
19,Sicilia,Maschi e femmine,63,92278,633,6.85962,91961,0.9927609,22.231
19,Sicilia,Maschi e femmine,64,91645,698,7.62116,91296,0.9920878,21.381
19,Sicilia,Maschi e femmine,65,90946,746,8.20541,90573,0.9914434,20.541
19,Sicilia,Maschi e femmine,66,90200,804,8.91075,89798,0.9904585,19.707
19,Sicilia,Maschi e femmine,67,89396,910,10.17791,88941,0.9892222,18.880
19,Sicilia,Maschi e femmine,68,88487,1007,11.38378,87983,0.9880262,18.069
19,Sicilia,Maschi e femmine,69,87479,1100,12.57063,86929,0.9868698,17.271
19,Sicilia,Maschi e femmine,70,86380,1183,13.69683,85788,0.9857059,16.485
19,Sicilia,Maschi e femmine,71,85196,1269,14.89971,84562,0.9844768,15.707
19,Sicilia,Maschi e femmine,72,83927,1356,16.15614,83249,0.9827565,14.937
19,Sicilia,Maschi e femmine,73,82571,1515,18.34875,81814,0.9804188,14.174
19,Sicilia,Maschi e femmine,74,81056,1689,20.83665,80212,0.9778157,13.429
19,Sicilia,Maschi e femmine,75,79367,1870,23.56057,78432,0.9753278,12.705
19,Sicilia,Maschi e femmine,76,77497,2000,25.81073,76497,0.9727129,11.999
19,Sicilia,Maschi e femmine,77,75497,2175,28.80264,74410,0.9694844,11.304
19,Sicilia,Maschi e femmine,78,73322,2367,32.27939,72139,0.9657202,10.624
19,Sicilia,Maschi e femmine,79,70956,2579,36.34693,69666,0.9612983,9.962
19,Sicilia,Maschi e femmine,80,68377,2813,41.14522,66970,0.9554006,9.319
19,Sicilia,Maschi e femmine,81,65563,3160,48.20175,63983,0.9485719,8.697
19,Sicilia,Maschi e femmine,82,62403,3421,54.81789,60693,0.9412288,8.112
19,Sicilia,Maschi e femmine,83,58982,3713,62.95387,57126,0.9331014,7.554
19,Sicilia,Maschi e femmine,84,55269,3930,71.10832,53304,0.9254064,7.028
19,Sicilia,Maschi e femmine,85,51339,4022,78.34578,49328,0.9167454,6.527
19,Sicilia,Maschi e femmine,86,47317,4191,88.58061,45221,0.9056099,6.040
19,Sicilia,Maschi e femmine,87,43125,4345,100.76431,40953,0.8929168,5.578
19,Sicilia,Maschi e femmine,88,38780,4425,114.11008,36567,0.8786064,5.147
19,Sicilia,Maschi e femmine,89,34355,4453,129.61534,32128,0.8626279,4.746
19,Sicilia,Maschi e femmine,90,29902,4374,146.28404,27715,0.8444544,4.378
19,Sicilia,Maschi e femmine,91,25528,4248,166.39410,23404,0.8255861,4.042
19,Sicilia,Maschi e femmine,92,21280,3916,184.03455,19322,0.8077698,3.749
19,Sicilia,Maschi e femmine,93,17364,3512,202.27432,15608,0.7922464,3.482
19,Sicilia,Maschi e femmine,94,13851,2973,214.62214,12365,0.7765026,3.238
19,Sicilia,Maschi e femmine,95,10879,2554,234.79806,9602,0.7564218,2.987
19,Sicilia,Maschi e femmine,96,8324,2123,255.05239,7263,0.7335620,2.750
19,Sicilia,Maschi e femmine,97,6201,1747,281.72174,5328,0.7060456,2.520
19,Sicilia,Maschi e femmine,98,4454,1385,310.98498,3762,0.6773598,2.312
19,Sicilia,Maschi e femmine,99,3069,1042,339.55602,2548,0.6494025,2.130
19,Sicilia,Maschi e femmine,100,2027,745,367.31583,1655,0.6225941,1.969
19,Sicilia,Maschi e femmine,101,1282,504,393.35393,1030,0.5946888,1.821
19,Sicilia,Maschi e femmine,102,778,331,425.02171,613,0.5631870,1.678
19,Sicilia,Maschi e femmine,103,447,205,457.32027,345,0.5311893,1.548
19,Sicilia,Maschi e femmine,104,243,119,489.98420,183,0.4989543,1.432
19,Sicilia,Maschi e femmine,105,124,65,522.73431,91,0.4667476,1.327
19,Sicilia,Maschi e femmine,106,59,33,555.29062,43,0.4348328,1.234
19,Sicilia,Maschi e femmine,107,26,15,587.37620,19,0.4034644,1.150
19,Sicilia,Maschi e femmine,108,11,7,618.73359,7,0.3728764,1.075
19,Sicilia,Maschi e femmine,109,4,3,649.12937,3,0.3432787,1.008
19,Sicilia,Maschi e femmine,110,1,1,678.35856,1,0.3148528,0.949
19,Sicilia,Maschi e femmine,111,0,0,706.25329,0,0.2877453,0.896
19,Sicilia,Maschi e femmine,112,0,0,732.68537,0,0.2620673,0.850
19,Sicilia,Maschi e femmine,113,0,0,757.56249,0,0.2378973,0.808
19,Sicilia,Maschi e femmine,114,0,0,780.83001,0,0.2152802,0.772
19,Sicilia,Maschi e femmine,115,0,0,802.46767,0,0.1942304,0.739
19,Sicilia,Maschi e femmine,116,0,0,822.48557,0,0.1747361,0.710
19,Sicilia,Maschi e femmine,117,0,0,840.91530,0,0.1567655,0.685
19,Sicilia,Maschi e femmine,118,0,0,857.81305,0,0.1402659,0.662
19,Sicilia,Maschi e femmine,119,0,0,873.24483,0,0.1251750,0.643
19,Sicilia,Maschi,0,100000,371,3.71010,99651,0.9996363,80.466
19,Sicilia,Maschi,1,99629,29,0.28805,99615,0.9997513,79.764
19,Sicilia,Maschi,2,99600,21,0.20926,99590,0.9998174,78.787
19,Sicilia,Maschi,3,99579,16,0.15591,99572,0.9998618,77.803
19,Sicilia,Maschi,4,99564,12,0.12045,99558,0.9998886,76.816
19,Sicilia,Maschi,5,99552,10,0.10231,99547,0.9999044,75.825
19,Sicilia,Maschi,6,99542,9,0.08891,99537,0.9999142,74.832
19,Sicilia,Maschi,7,99533,8,0.08270,99529,0.9999214,73.839
19,Sicilia,Maschi,8,99525,7,0.07444,99521,0.9999278,72.845
19,Sicilia,Maschi,9,99517,7,0.06987,99514,0.9999295,71.850
19,Sicilia,Maschi,10,99510,7,0.07106,99507,0.9999211,70.855
19,Sicilia,Maschi,11,99503,9,0.08670,99499,0.9999005,69.860
19,Sicilia,Maschi,12,99495,11,0.11226,99489,0.9998724,68.866
19,Sicilia,Maschi,13,99483,14,0.14300,99476,0.9998429,67.874
19,Sicilia,Maschi,14,99469,17,0.17126,99461,0.9998082,66.884
19,Sicilia,Maschi,15,99452,21,0.21238,99442,0.9997692,65.895
19,Sicilia,Maschi,16,99431,25,0.24927,99419,0.9997170,64.909
19,Sicilia,Maschi,17,99406,31,0.31673,99391,0.9996674,63.925
19,Sicilia,Maschi,18,99375,35,0.34840,99357,0.9996422,62.945
19,Sicilia,Maschi,19,99340,36,0.36712,99322,0.9996057,61.967
19,Sicilia,Maschi,20,99304,42,0.42145,99283,0.9995572,60.990
19,Sicilia,Maschi,21,99262,46,0.46416,99239,0.9995280,60.015
19,Sicilia,Maschi,22,99216,48,0.47983,99192,0.9995186,59.043
19,Sicilia,Maschi,23,99168,48,0.48295,99144,0.9995280,58.071
19,Sicilia,Maschi,24,99120,46,0.46096,99097,0.9995493,57.099
19,Sicilia,Maschi,25,99075,44,0.44049,99053,0.9995380,56.125
19,Sicilia,Maschi,26,99031,48,0.48355,99007,0.9994999,55.149
19,Sicilia,Maschi,27,98983,51,0.51675,98957,0.9994539,54.176
19,Sicilia,Maschi,28,98932,57,0.57553,98903,0.9994247,53.203
19,Sicilia,Maschi,29,98875,57,0.57499,98847,0.9994154,52.234
19,Sicilia,Maschi,30,98818,59,0.59419,98789,0.9994099,51.264
19,Sicilia,Maschi,31,98759,58,0.58605,98730,0.9994097,50.294
19,Sicilia,Maschi,32,98702,59,0.59461,98672,0.9993836,49.323
19,Sicilia,Maschi,33,98643,63,0.63817,98611,0.9993404,48.352
19,Sicilia,Maschi,34,98580,67,0.68106,98546,0.9993131,47.382
19,Sicilia,Maschi,35,98513,68,0.69280,98479,0.9992520,46.414
19,Sicilia,Maschi,36,98444,79,0.80331,98405,0.9991623,45.446
19,Sicilia,Maschi,37,98365,86,0.87221,98323,0.9991017,44.482
19,Sicilia,Maschi,38,98280,91,0.92432,98234,0.9990413,43.521
19,Sicilia,Maschi,39,98189,98,0.99309,98140,0.9989857,42.561
19,Sicilia,Maschi,40,98091,102,1.03550,98040,0.9989123,41.602
19,Sicilia,Maschi,41,97990,112,1.13994,97934,0.9987669,40.645
19,Sicilia,Maschi,42,97878,130,1.32644,97813,0.9985605,39.691
19,Sicilia,Maschi,43,97748,152,1.55281,97672,0.9983488,38.743
19,Sicilia,Maschi,44,97596,171,1.74978,97511,0.9981741,37.802
19,Sicilia,Maschi,45,97426,185,1.90219,97333,0.9980042,36.868
19,Sicilia,Maschi,46,97240,203,2.08952,97139,0.9977901,35.937
19,Sicilia,Maschi,47,97037,226,2.33054,96924,0.9975518,35.011
19,Sicilia,Maschi,48,96811,248,2.56617,96687,0.9973338,34.092
19,Sicilia,Maschi,49,96562,267,2.76659,96429,0.9971500,33.178
19,Sicilia,Maschi,50,96295,282,2.93363,96154,0.9970393,32.269
19,Sicilia,Maschi,51,96013,287,2.98782,95869,0.9969698,31.362
19,Sicilia,Maschi,52,95726,294,3.07278,95579,0.9967606,30.455
19,Sicilia,Maschi,53,95432,325,3.40663,95269,0.9964002,29.547
19,Sicilia,Maschi,54,95107,361,3.79358,94926,0.9959510,28.647
19,Sicilia,Maschi,55,94746,408,4.30539,94542,0.9954809,27.754
19,Sicilia,Maschi,56,94338,447,4.73379,94115,0.9950479,26.872
19,Sicilia,Maschi,57,93891,486,5.17150,93649,0.9946541,25.997
19,Sicilia,Maschi,58,93406,516,5.52116,93148,0.9942973,25.130
19,Sicilia,Maschi,59,92890,547,5.88523,92617,0.9938792,24.266
19,Sicilia,Maschi,60,92344,587,6.35779,92050,0.9933278,23.407
19,Sicilia,Maschi,61,91756,641,6.98855,91436,0.9926467,22.554
19,Sicilia,Maschi,62,91115,703,7.72052,90763,0.9918045,21.709
19,Sicilia,Maschi,63,90412,784,8.67408,90020,0.9908949,20.874
19,Sicilia,Maschi,64,89627,855,9.54000,89200,0.9901330,20.052
19,Sicilia,Maschi,65,88772,905,10.19709,88320,0.9893734,19.240
19,Sicilia,Maschi,66,87867,972,11.06047,87381,0.9880958,18.433
19,Sicilia,Maschi,67,86895,1109,12.75740,86341,0.9863294,17.634
19,Sicilia,Maschi,68,85787,1252,14.59569,85161,0.9846272,16.855
19,Sicilia,Maschi,69,84535,1366,16.16142,83852,0.9832040,16.098
19,Sicilia,Maschi,70,83168,1451,17.44096,82443,0.9819096,15.354
19,Sicilia,Maschi,71,81718,1532,18.75137,80952,0.9806558,14.618
19,Sicilia,Maschi,72,80186,1600,19.94843,79386,0.9787425,13.887
19,Sicilia,Maschi,73,78586,1776,22.59318,77698,0.9758730,13.160
19,Sicilia,Maschi,74,76811,1974,25.69619,75824,0.9726016,12.452
19,Sicilia,Maschi,75,74837,2181,29.14545,73746,0.9695339,11.768
19,Sicilia,Maschi,76,72656,2312,31.82641,71499,0.9662716,11.106
19,Sicilia,Maschi,77,70343,2511,35.69298,69088,0.9622361,10.455
19,Sicilia,Maschi,78,67833,2707,39.91148,66479,0.9578662,9.823
19,Sicilia,Maschi,79,65125,2895,44.44846,63678,0.9532493,9.211
19,Sicilia,Maschi,80,62230,3059,49.16009,60701,0.9468341,8.616
19,Sicilia,Maschi,81,59171,3395,57.37873,57474,0.9390037,8.035
19,Sicilia,Maschi,82,55776,3616,64.83415,53968,0.9309612,7.494
19,Sicilia,Maschi,83,52160,3836,73.53491,50242,0.9216050,6.979
19,Sicilia,Maschi,84,48324,4042,83.64078,46303,0.9126438,6.493
19,Sicilia,Maschi,85,44282,4048,91.41079,42258,0.9040439,6.040
19,Sicilia,Maschi,86,40235,4062,100.95881,38204,0.8938835,5.598
19,Sicilia,Maschi,87,36172,4046,111.85333,34149,0.8820726,5.170
19,Sicilia,Maschi,88,32126,4008,124.76649,30122,0.8665499,4.758
19,Sicilia,Maschi,89,28118,4031,143.37159,26103,0.8472541,4.365
19,Sicilia,Maschi,90,24087,3943,163.68916,22115,0.8256436,4.012
19,Sicilia,Maschi,91,20144,3769,187.11150,18259,0.8028974,3.700
19,Sicilia,Maschi,92,16375,3429,209.39340,14660,0.7829909,3.436
19,Sicilia,Maschi,93,12946,2934,226.64179,11479,0.7679594,3.214
19,Sicilia,Maschi,94,10012,2393,239.02164,8815,0.7558366,3.009
19,Sicilia,Maschi,95,7619,1912,250.92027,6663,0.7433931,2.797
19,Sicilia,Maschi,96,5707,1508,264.19837,4953,0.7200861,2.567
19,Sicilia,Maschi,97,4199,1265,301.27238,3567,0.6804167,2.309
19,Sicilia,Maschi,98,2934,1015,345.78929,2427,0.6391687,2.089
19,Sicilia,Maschi,99,1920,737,383.82384,1551,0.6064042,1.929
19,Sicilia,Maschi,100,1183,484,409.45480,941,0.5898969,1.820
19,Sicilia,Maschi,101,698,287,411.20088,555,0.5766762,1.735
19,Sicilia,Maschi,102,411,183,443.91294,320,0.5441821,1.597
19,Sicilia,Maschi,103,229,109,477.22625,174,0.5112259,1.473
19,Sicilia,Maschi,104,120,61,510.86360,89,0.4780779,1.362
19,Sicilia,Maschi,105,58,32,544.53030,43,0.4450171,1.261
19,Sicilia,Maschi,106,27,15,577.93205,19,0.4123193,1.172
19,Sicilia,Maschi,107,11,7,610.77799,8,0.3802507,1.092
19,Sicilia,Maschi,108,4,3,642.79861,3,0.3490567,1.020
19,Sicilia,Maschi,109,2,1,673.74488,1,0.3189595,0.957
19,Sicilia,Maschi,110,1,0,703.40224,0,0.2901494,0.901
19,Sicilia,Maschi,111,0,0,731.59174,0,0.2627827,0.851
19,Sicilia,Maschi,112,0,0,758.17606,0,0.2369793,0.807
19,Sicilia,Maschi,113,0,0,783.05469,0,0.2128249,0.768
19,Sicilia,Maschi,114,0,0,806.16797,0,0.1903701,0.733
19,Sicilia,Maschi,115,0,0,827.49020,0,0.1696350,0.703
19,Sicilia,Maschi,116,0,0,847.02972,0,0.1506100,0.676
19,Sicilia,Maschi,117,0,0,864.81996,0,0.1332630,0.653
19,Sicilia,Maschi,118,0,0,880.91852,0,0.1175406,0.633
19,Sicilia,Maschi,119,0,0,895.39917,0,0.1033745,0.615
19,Sicilia,Femmine,0,100000,292,2.91642,99726,0.9997514,84.394
19,Sicilia,Femmine,1,99708,15,0.15205,99701,0.9998736,83.640
19,Sicilia,Femmine,2,99693,10,0.10073,99688,0.9999107,82.652
19,Sicilia,Femmine,3,99683,8,0.07783,99679,0.9999243,81.660
19,Sicilia,Femmine,4,99675,7,0.07359,99672,0.9999180,80.667
19,Sicilia,Femmine,5,99668,9,0.09040,99664,0.9999027,79.673
19,Sicilia,Femmine,6,99659,10,0.10423,99654,0.9998964,78.680
19,Sicilia,Femmine,7,99649,10,0.10301,99644,0.9999046,77.688
19,Sicilia,Femmine,8,99638,9,0.08780,99634,0.9999185,76.696
19,Sicilia,Femmine,9,99630,7,0.07514,99626,0.9999238,75.703
19,Sicilia,Femmine,10,99622,8,0.07724,99618,0.9999131,74.708
19,Sicilia,Femmine,11,99614,10,0.09651,99610,0.9998943,73.714
19,Sicilia,Femmine,12,99605,11,0.11490,99599,0.9998853,72.721
19,Sicilia,Femmine,13,99593,11,0.11454,99588,0.9998932,71.729
19,Sicilia,Femmine,14,99582,10,0.09910,99577,0.9999077,70.737
19,Sicilia,Femmine,15,99572,9,0.08548,99568,0.9999120,69.744
19,Sicilia,Femmine,16,99564,9,0.09052,99559,0.9999015,68.750
19,Sicilia,Femmine,17,99555,11,0.10652,99549,0.9998832,67.757
19,Sicilia,Femmine,18,99544,13,0.12708,99538,0.9998622,66.764
19,Sicilia,Femmine,19,99531,15,0.14861,99524,0.9998395,65.772
19,Sicilia,Femmine,20,99517,17,0.17232,99508,0.9998108,64.782
19,Sicilia,Femmine,21,99499,21,0.20604,99489,0.9997828,63.793
19,Sicilia,Femmine,22,99479,23,0.22840,99468,0.9997767,62.806
19,Sicilia,Femmine,23,99456,22,0.21817,99445,0.9997955,61.820
19,Sicilia,Femmine,24,99434,19,0.19087,99425,0.9998216,60.834
19,Sicilia,Femmine,25,99416,16,0.16593,99407,0.9998424,59.845
19,Sicilia,Femmine,26,99399,15,0.14921,99392,0.9998471,58.855
19,Sicilia,Femmine,27,99384,16,0.15664,99376,0.9998333,57.864
19,Sicilia,Femmine,28,99369,18,0.17686,99360,0.9997933,56.873
19,Sicilia,Femmine,29,99351,24,0.23657,99339,0.9997324,55.883
19,Sicilia,Femmine,30,99328,30,0.29858,99313,0.9996742,54.896
19,Sicilia,Femmine,31,99298,35,0.35310,99280,0.9996403,53.912
19,Sicilia,Femmine,32,99263,36,0.36637,99245,0.9996426,52.931
19,Sicilia,Femmine,33,99226,35,0.34838,99209,0.9996670,51.950
19,Sicilia,Femmine,34,99192,32,0.31768,99176,0.9996752,50.968
19,Sicilia,Femmine,35,99160,33,0.33183,99144,0.9996350,49.984
19,Sicilia,Femmine,36,99127,39,0.39815,99108,0.9995642,49.000
19,Sicilia,Femmine,37,99088,47,0.47345,99065,0.9994820,48.020
19,Sicilia,Femmine,38,99041,56,0.56249,99013,0.9994156,47.042
19,Sicilia,Femmine,39,98985,60,0.60633,98955,0.9993860,46.068
19,Sicilia,Femmine,40,98925,62,0.62174,98895,0.9993578,45.096
19,Sicilia,Femmine,41,98864,66,0.66257,98831,0.9992883,44.124
19,Sicilia,Femmine,42,98798,75,0.76079,98761,0.9991599,43.153
19,Sicilia,Femmine,43,98723,91,0.91939,98678,0.9990136,42.185
19,Sicilia,Femmine,44,98632,104,1.05348,98580,0.9989103,41.224
19,Sicilia,Femmine,45,98529,111,1.12592,98473,0.9988320,40.267
19,Sicilia,Femmine,46,98418,119,1.21014,98358,0.9987321,39.311
19,Sicilia,Femmine,47,98298,130,1.32568,98233,0.9986027,38.358
19,Sicilia,Femmine,48,98168,144,1.46907,98096,0.9984276,37.409
19,Sicilia,Femmine,49,98024,164,1.67593,97942,0.9982695,36.463
19,Sicilia,Femmine,50,97860,175,1.78517,97772,0.9981626,35.523
19,Sicilia,Femmine,51,97685,185,1.88968,97593,0.9980763,34.586
19,Sicilia,Femmine,52,97500,191,1.95788,97405,0.9979542,33.651
19,Sicilia,Femmine,53,97309,208,2.13392,97206,0.9977531,32.716
19,Sicilia,Femmine,54,97102,229,2.36004,96987,0.9975734,31.784
19,Sicilia,Femmine,55,96873,242,2.49336,96752,0.9974338,30.858
19,Sicilia,Femmine,56,96631,255,2.63924,96504,0.9972291,29.934
19,Sicilia,Femmine,57,96376,280,2.90297,96236,0.9969432,29.012
19,Sicilia,Femmine,58,96096,309,3.21098,95942,0.9966000,28.095
19,Sicilia,Femmine,59,95788,344,3.58956,95616,0.9962725,27.184
19,Sicilia,Femmine,60,95444,369,3.86594,95259,0.9959905,26.280
19,Sicilia,Femmine,61,95075,395,4.15368,94877,0.9956262,25.380
19,Sicilia,Femmine,62,94680,435,4.59488,94463,0.9951898,24.484
19,Sicilia,Femmine,63,94245,474,5.02658,94008,0.9946426,23.595
19,Sicilia,Femmine,64,93771,534,5.68998,93504,0.9940513,22.711
19,Sicilia,Femmine,65,93238,579,6.20883,92948,0.9935141,21.839
19,Sicilia,Femmine,66,92659,627,6.76471,92345,0.9928116,20.972
19,Sicilia,Femmine,67,92032,701,7.61506,91682,0.9920880,20.111
19,Sicilia,Femmine,68,91331,750,8.21112,90956,0.9913722,19.262
19,Sicilia,Femmine,69,90581,820,9.04785,90171,0.9904531,18.417
19,Sicilia,Femmine,70,89762,902,10.05050,89311,0.9893891,17.581
19,Sicilia,Femmine,71,88860,993,11.17703,88363,0.9881559,16.754
19,Sicilia,Femmine,72,87866,1100,12.51866,87316,0.9865913,15.938
19,Sicilia,Femmine,73,86766,1242,14.30997,86146,0.9847250,15.134
19,Sicilia,Femmine,74,85525,1390,16.25413,84830,0.9827074,14.346
19,Sicilia,Femmine,75,84135,1544,18.34822,83363,0.9807046,13.575
19,Sicilia,Femmine,76,82591,1673,20.26026,81754,0.9786188,12.819
19,Sicilia,Femmine,77,80918,1823,22.52537,80006,0.9760415,12.074
19,Sicilia,Femmine,78,79095,2011,25.42472,78089,0.9727210,11.341
19,Sicilia,Femmine,79,77084,2249,29.18173,75959,0.9683624,10.623
19,Sicilia,Femmine,80,74834,2557,34.16731,73556,0.9627977,9.928
19,Sicilia,Femmine,81,72278,2916,40.34455,70820,0.9566897,9.261
19,Sicilia,Femmine,82,69362,3218,46.40065,67752,0.9497737,8.630
19,Sicilia,Femmine,83,66143,3587,54.23814,64349,0.9424685,8.025
19,Sicilia,Femmine,84,62556,3817,61.01370,60647,0.9355643,7.457
19,Sicilia,Femmine,85,58739,3999,68.08002,56739,0.9266083,6.909
19,Sicilia,Femmine,86,54740,4329,79.09136,52575,0.9145019,6.377
19,Sicilia,Femmine,87,50411,4661,92.45503,48080,0.9009616,5.882
19,Sicilia,Femmine,88,45750,4863,106.29238,43318,0.8873517,5.430
19,Sicilia,Femmine,89,40887,4897,119.76011,38439,0.8734849,5.016
19,Sicilia,Femmine,90,35990,4830,134.18915,33576,0.8573004,4.631
19,Sicilia,Femmine,91,31161,4753,152.52911,28784,0.8404559,4.271
19,Sicilia,Femmine,92,26408,4432,167.82171,24192,0.8232598,3.950
19,Sicilia,Femmine,93,21976,4120,187.45733,19916,0.8066966,3.645
19,Sicilia,Femmine,94,17856,3580,200.49812,16066,0.7882387,3.371
19,Sicilia,Femmine,95,14276,3224,225.84910,12664,0.7635647,3.091
19,Sicilia,Femmine,96,11052,2764,250.10985,9670,0.7407447,2.847
19,Sicilia,Femmine,97,8288,2250,271.45111,7163,0.7191771,2.630
19,Sicilia,Femmine,98,6038,1773,293.68648,5151,0.6956938,2.423
19,Sicilia,Femmine,99,4265,1362,319.34163,3584,0.6683003,2.223
19,Sicilia,Femmine,100,2903,1016,349.85571,2395,0.6357099,2.031
19,Sicilia,Femmine,101,1887,729,386.49203,1523,0.6015055,1.854
19,Sicilia,Femmine,102,1158,484,418.05812,916,0.5700753,1.707
19,Sicilia,Femmine,103,674,303,450.31591,522,0.5380893,1.575
19,Sicilia,Femmine,104,370,179,483.00411,281,0.5058029,1.456
19,Sicilia,Femmine,105,191,99,515.84720,142,0.4734793,1.348
19,Sicilia,Femmine,106,93,51,548.56643,67,0.4413820,1.252
19,Sicilia,Femmine,107,42,24,580.88381,30,0.4097675,1.166
19,Sicilia,Femmine,108,18,11,612.53813,12,0.3788739,1.089
19,Sicilia,Femmine,109,7,4,643.29092,5,0.3489167,1.021
19,Sicilia,Femmine,110,2,2,672.92854,2,0.3200856,0.960
19,Sicilia,Femmine,111,1,1,701.27319,1,0.2925367,0.905
19,Sicilia,Femmine,112,0,0,728.18491,0,0.2663921,0.857
19,Sicilia,Femmine,113,0,0,753.55870,0,0.2417420,0.815
19,Sicilia,Femmine,114,0,0,777.32648,0,0.2186434,0.777
19,Sicilia,Femmine,115,0,0,799.45516,0,0.1971225,0.743
19,Sicilia,Femmine,116,0,0,819.94270,0,0.1771785,0.714
19,Sicilia,Femmine,117,0,0,838.81006,0,0.1587891,0.688
19,Sicilia,Femmine,118,0,0,856.10531,0,0.1419093,0.665
19,Sicilia,Femmine,119,0,0,871.88857,0,0.1264819,0.644
20,Sardegna,Maschi e femmine,0,100000,223,2.22545,99791,0.9997533,82.969
20,Sardegna,Maschi e femmine,1,99777,23,0.23037,99766,0.9998152,82.153
20,Sardegna,Maschi e femmine,2,99754,14,0.13916,99748,0.9998871,81.172
20,Sardegna,Maschi e femmine,3,99741,9,0.08670,99736,0.9999252,80.183
20,Sardegna,Maschi e femmine,4,99732,6,0.06281,99729,0.9999350,79.190
20,Sardegna,Maschi e femmine,5,99726,7,0.06726,99722,0.9999232,78.195
20,Sardegna,Maschi e femmine,6,99719,9,0.08640,99715,0.9999073,77.200
20,Sardegna,Maschi e femmine,7,99710,10,0.09895,99705,0.9998943,76.207
20,Sardegna,Maschi e femmine,8,99700,11,0.11248,99695,0.9998880,75.214
20,Sardegna,Maschi e femmine,9,99689,11,0.11145,99684,0.9998923,74.223
20,Sardegna,Maschi e femmine,10,99678,10,0.10386,99673,0.9999013,73.231
20,Sardegna,Maschi e femmine,11,99668,9,0.09345,99663,0.9999073,72.238
20,Sardegna,Maschi e femmine,12,99658,9,0.09199,99654,0.9998988,71.245
20,Sardegna,Maschi e femmine,13,99649,11,0.11044,99644,0.9998666,70.252
20,Sardegna,Maschi e femmine,14,99638,16,0.15633,99631,0.9998175,69.259
20,Sardegna,Maschi e femmine,15,99623,21,0.20870,99612,0.9997619,68.270
20,Sardegna,Maschi e femmine,16,99602,27,0.26742,99589,0.9997104,67.284
20,Sardegna,Maschi e femmine,17,99575,31,0.31178,99560,0.9996776,66.302
20,Sardegna,Maschi e femmine,18,99544,33,0.33298,99528,0.9996693,65.323
20,Sardegna,Maschi e femmine,19,99511,33,0.32847,99495,0.9996732,64.344
20,Sardegna,Maschi e femmine,20,99478,32,0.32510,99462,0.9996783,63.365
20,Sardegna,Maschi e femmine,21,99446,32,0.31832,99430,0.9996827,62.386
20,Sardegna,Maschi e femmine,22,99414,31,0.31636,99399,0.9996740,61.405
20,Sardegna,Maschi e femmine,23,99383,33,0.33566,99366,0.9996430,60.425
20,Sardegna,Maschi e femmine,24,99350,38,0.37838,99331,0.9995852,59.445
20,Sardegna,Maschi e femmine,25,99312,45,0.45115,99290,0.9995153,58.467
20,Sardegna,Maschi e femmine,26,99267,51,0.51817,99242,0.9994631,57.493
20,Sardegna,Maschi e femmine,27,99216,55,0.55570,99188,0.9994506,56.523
20,Sardegna,Maschi e femmine,28,99161,54,0.54305,99134,0.9994754,55.554
20,Sardegna,Maschi e femmine,29,99107,50,0.50611,99082,0.9995135,54.584
20,Sardegna,Maschi e femmine,30,99057,46,0.46697,99034,0.9995254,53.611
20,Sardegna,Maschi e femmine,31,99010,48,0.48222,98987,0.9994876,52.636
20,Sardegna,Maschi e femmine,32,98963,54,0.54263,98936,0.9994210,51.661
20,Sardegna,Maschi e femmine,33,98909,61,0.61542,98879,0.9993545,50.689
20,Sardegna,Maschi e femmine,34,98848,67,0.67555,98815,0.9993001,49.720
20,Sardegna,Maschi e femmine,35,98781,72,0.72420,98746,0.9992684,48.753
20,Sardegna,Maschi e femmine,36,98710,73,0.73907,98673,0.9992537,47.788
20,Sardegna,Maschi e femmine,37,98637,74,0.75362,98600,0.9991969,46.823
20,Sardegna,Maschi e femmine,38,98562,84,0.85270,98520,0.9991145,45.858
20,Sardegna,Maschi e femmine,39,98478,90,0.91839,98433,0.9990436,44.897
20,Sardegna,Maschi e femmine,40,98388,98,0.99448,98339,0.9989715,43.938
20,Sardegna,Maschi e femmine,41,98290,104,1.06251,98238,0.9989261,42.981
20,Sardegna,Maschi e femmine,42,98186,107,1.08523,98132,0.9989029,42.026
20,Sardegna,Maschi e femmine,43,98079,109,1.10897,98025,0.9988405,41.071
20,Sardegna,Maschi e femmine,44,97970,119,1.21012,97911,0.9986993,40.116
20,Sardegna,Maschi e femmine,45,97852,136,1.39130,97784,0.9985130,39.164
20,Sardegna,Maschi e femmine,46,97716,155,1.58289,97638,0.9983361,38.218
20,Sardegna,Maschi e femmine,47,97561,170,1.74504,97476,0.9981872,37.278
20,Sardegna,Maschi e femmine,48,97391,183,1.88066,97299,0.9980312,36.342
20,Sardegna,Maschi e femmine,49,97208,200,2.05719,97108,0.9978137,35.410
20,Sardegna,Maschi e femmine,50,97008,225,2.31559,96895,0.9974966,34.482
20,Sardegna,Maschi e femmine,51,96783,261,2.69170,96653,0.9971187,33.560
20,Sardegna,Maschi e femmine,52,96523,296,3.07136,96374,0.9968288,32.650
20,Sardegna,Maschi e femmine,53,96226,315,3.27126,96069,0.9966849,31.749
20,Sardegna,Maschi e femmine,54,95911,322,3.35902,95750,0.9965574,30.851
20,Sardegna,Maschi e femmine,55,95589,337,3.52653,95421,0.9962612,29.954
20,Sardegna,Maschi e femmine,56,95252,376,3.95190,95064,0.9957333,29.058
20,Sardegna,Maschi e femmine,57,94876,435,4.58274,94658,0.9951782,28.171
20,Sardegna,Maschi e femmine,58,94441,478,5.06191,94202,0.9948000,27.298
20,Sardegna,Maschi e femmine,59,93963,502,5.33875,93712,0.9945630,26.435
20,Sardegna,Maschi e femmine,60,93461,517,5.53571,93202,0.9943099,25.574
20,Sardegna,Maschi e femmine,61,92944,543,5.84542,92672,0.9938943,24.714
20,Sardegna,Maschi e femmine,62,92400,588,6.36751,92106,0.9931692,23.856
20,Sardegna,Maschi e femmine,63,91812,670,7.29702,91477,0.9924133,23.006
20,Sardegna,Maschi e femmine,64,91142,718,7.87854,90783,0.9916955,22.171
20,Sardegna,Maschi e femmine,65,90424,790,8.73377,90029,0.9908744,21.343
20,Sardegna,Maschi e femmine,66,89634,853,9.52079,89208,0.9898656,20.527
20,Sardegna,Maschi e femmine,67,88781,955,10.75383,88304,0.9888400,19.719
20,Sardegna,Maschi e femmine,68,87826,1016,11.57063,87318,0.9878826,18.928
20,Sardegna,Maschi e femmine,69,86810,1100,12.67057,86260,0.9870285,18.144
20,Sardegna,Maschi e femmine,70,85710,1138,13.27634,85141,0.9860776,17.370
20,Sardegna,Maschi e femmine,71,84572,1233,14.57724,83956,0.9848999,16.597
20,Sardegna,Maschi e femmine,72,83339,1303,15.63071,82688,0.9834659,15.836
20,Sardegna,Maschi e femmine,73,82037,1432,17.45179,81321,0.9817045,15.079
20,Sardegna,Maschi e femmine,74,80605,1544,19.15412,79833,0.9800032,14.338
20,Sardegna,Maschi e femmine,75,79061,1649,20.85596,78237,0.9781739,13.608
20,Sardegna,Maschi e femmine,76,77412,1766,22.81691,76529,0.9757204,12.887
20,Sardegna,Maschi e femmine,77,75646,1950,25.77648,74671,0.9730835,12.177
20,Sardegna,Maschi e femmine,78,73696,2070,28.08660,72661,0.9700493,11.486
20,Sardegna,Maschi e femmine,79,71626,2283,31.86866,70485,0.9662073,10.803
20,Sardegna,Maschi e femmine,80,69343,2481,35.78002,68103,0.9618898,10.142
20,Sardegna,Maschi e femmine,81,66862,2710,40.52685,65507,0.9565469,9.500
20,Sardegna,Maschi e femmine,82,64153,2983,46.50299,62661,0.9507114,8.880
20,Sardegna,Maschi e femmine,83,61169,3194,52.21002,59573,0.9450503,8.289
20,Sardegna,Maschi e femmine,84,57976,3353,57.84031,56299,0.9381910,7.718
20,Sardegna,Maschi e femmine,85,54622,3606,66.02127,52819,0.9299867,7.161
20,Sardegna,Maschi e femmine,86,51016,3790,74.28744,49121,0.9206805,6.632
20,Sardegna,Maschi e femmine,87,47226,4003,84.75532,45225,0.9079718,6.124
20,Sardegna,Maschi e femmine,88,43224,4321,99.97448,41063,0.8942532,5.645
20,Sardegna,Maschi e femmine,89,38902,4363,112.16035,36721,0.8817142,5.216
20,Sardegna,Maschi e femmine,90,34539,4324,125.18497,32377,0.8665083,4.812
20,Sardegna,Maschi e femmine,91,30215,4320,142.98720,28055,0.8482705,4.429
20,Sardegna,Maschi e femmine,92,25895,4193,161.93048,23798,0.8288701,4.085
20,Sardegna,Maschi e femmine,93,21702,3952,182.10690,19726,0.8098523,3.777
20,Sardegna,Maschi e femmine,94,17750,3550,199.97882,15975,0.7922895,3.507
20,Sardegna,Maschi e femmine,95,14200,3087,217.37494,12657,0.7758443,3.259
20,Sardegna,Maschi e femmine,96,11113,2587,232.81992,9820,0.7575153,3.025
20,Sardegna,Maschi e femmine,97,8526,2175,255.08241,7439,0.7344507,2.791
20,Sardegna,Maschi e femmine,98,6351,1776,279.60037,5463,0.7100213,2.576
20,Sardegna,Maschi e femmine,99,4575,1393,304.38507,3879,0.6852859,2.381
20,Sardegna,Maschi e femmine,100,3183,1049,329.56297,2658,0.6606817,2.205
20,Sardegna,Maschi e femmine,101,2134,755,353.86898,1756,0.6349323,2.043
20,Sardegna,Maschi e femmine,102,1379,527,382.39970,1115,0.6064302,1.887
20,Sardegna,Maschi e femmine,103,851,351,411.65621,676,0.5773028,1.746
20,Sardegna,Maschi e femmine,104,501,221,441.46332,390,0.5477226,1.619
20,Sardegna,Maschi e femmine,105,280,132,471.63878,214,0.5178652,1.503
20,Sardegna,Maschi e femmine,106,148,74,502.00016,111,0.4879060,1.398
20,Sardegna,Maschi e femmine,107,74,39,532.36262,54,0.4580194,1.303
20,Sardegna,Maschi e femmine,108,34,19,562.54774,25,0.4283726,1.217
20,Sardegna,Maschi e femmine,109,15,9,592.38307,11,0.3991270,1.140
20,Sardegna,Maschi e femmine,110,6,4,621.70114,4,0.3704365,1.070
20,Sardegna,Maschi e femmine,111,2,2,650.34693,2,0.3424422,1.007
20,Sardegna,Maschi e femmine,112,1,1,678.18071,1,0.3152707,0.950
20,Sardegna,Maschi e femmine,113,0,0,705.07799,0,0.2890329,0.899
20,Sardegna,Maschi e femmine,114,0,0,730.93566,0,0.2638192,0.853
20,Sardegna,Maschi e femmine,115,0,0,755.67503,0,0.2396974,0.811
20,Sardegna,Maschi e femmine,116,0,0,779.24305,0,0.2167124,0.774
20,Sardegna,Maschi e femmine,117,0,0,801.60865,0,0.1948882,0.740
20,Sardegna,Maschi e femmine,118,0,0,822.76955,0,0.1742239,0.710
20,Sardegna,Maschi e femmine,119,0,0,842.73982,0,0.1547032,0.683
20,Sardegna,Maschi,0,100000,246,2.46178,99768,0.9998085,80.497
20,Sardegna,Maschi,1,99754,9,0.09193,99749,0.9999025,79.694
20,Sardegna,Maschi,2,99745,10,0.10316,99740,0.9998960,78.702
20,Sardegna,Maschi,3,99734,10,0.10492,99729,0.9998963,77.710
20,Sardegna,Maschi,4,99724,10,0.10247,99719,0.9998999,76.718
20,Sardegna,Maschi,5,99714,10,0.09765,99709,0.9999023,75.726
20,Sardegna,Maschi,6,99704,10,0.09782,99699,0.9999043,74.733
20,Sardegna,Maschi,7,99694,9,0.09364,99690,0.9999074,73.740
20,Sardegna,Maschi,8,99685,9,0.09164,99680,0.9999134,72.747
20,Sardegna,Maschi,9,99676,8,0.08154,99672,0.9999226,71.754
20,Sardegna,Maschi,10,99668,7,0.07332,99664,0.9999263,70.759
20,Sardegna,Maschi,11,99660,7,0.07417,99657,0.9999168,69.765
20,Sardegna,Maschi,12,99653,9,0.09217,99648,0.9998887,68.770
20,Sardegna,Maschi,13,99644,13,0.13040,99637,0.9998395,67.776
20,Sardegna,Maschi,14,99631,19,0.19058,99621,0.9997804,66.785
20,Sardegna,Maschi,15,99612,25,0.24868,99599,0.9997103,65.797
20,Sardegna,Maschi,16,99587,33,0.33066,99570,0.9996262,64.814
20,Sardegna,Maschi,17,99554,42,0.41689,99533,0.9995447,63.835
20,Sardegna,Maschi,18,99513,49,0.49378,99488,0.9994919,62.861
20,Sardegna,Maschi,19,99463,52,0.52237,99437,0.9994664,61.892
20,Sardegna,Maschi,20,99411,54,0.54486,99384,0.9994647,60.924
20,Sardegna,Maschi,21,99357,52,0.52577,99331,0.9994875,59.957
20,Sardegna,Maschi,22,99305,50,0.49930,99280,0.9995028,58.988
20,Sardegna,Maschi,23,99255,49,0.49510,99231,0.9994839,58.018
20,Sardegna,Maschi,24,99206,53,0.53719,99180,0.9994104,57.046
20,Sardegna,Maschi,25,99153,64,0.64205,99121,0.9992940,56.077
20,Sardegna,Maschi,26,99089,76,0.76995,99051,0.9991898,55.112
20,Sardegna,Maschi,27,99013,84,0.85058,98971,0.9991589,54.154
20,Sardegna,Maschi,28,98929,82,0.83165,98888,0.9992076,53.200
20,Sardegna,Maschi,29,98847,74,0.75307,98809,0.9992898,52.244
20,Sardegna,Maschi,30,98772,66,0.66725,98739,0.9993272,51.283
20,Sardegna,Maschi,31,98706,67,0.67829,98673,0.9992811,50.317
20,Sardegna,Maschi,32,98639,75,0.75954,98602,0.9991900,49.351
20,Sardegna,Maschi,33,98564,85,0.86048,98522,0.9990995,48.388
20,Sardegna,Maschi,34,98480,93,0.94050,98433,0.9990464,47.429
20,Sardegna,Maschi,35,98387,95,0.96674,98339,0.9990470,46.473
20,Sardegna,Maschi,36,98292,92,0.93920,98246,0.9990676,45.518
20,Sardegna,Maschi,37,98199,91,0.92569,98154,0.9990218,44.560
20,Sardegna,Maschi,38,98109,101,1.03067,98058,0.9989191,43.601
20,Sardegna,Maschi,39,98007,111,1.13122,97952,0.9987947,42.645
20,Sardegna,Maschi,40,97897,125,1.27938,97834,0.9986673,41.693
20,Sardegna,Maschi,41,97771,136,1.38606,97704,0.9985953,40.746
20,Sardegna,Maschi,42,97636,139,1.42344,97566,0.9985742,39.802
20,Sardegna,Maschi,43,97497,139,1.42818,97427,0.9985392,38.858
20,Sardegna,Maschi,44,97358,145,1.49346,97285,0.9984228,37.913
20,Sardegna,Maschi,45,97212,161,1.66102,97131,0.9982304,36.968
20,Sardegna,Maschi,46,97051,182,1.87840,96960,0.9980189,36.029
20,Sardegna,Maschi,47,96868,202,2.08393,96767,0.9978002,35.096
20,Sardegna,Maschi,48,96667,224,2.31600,96555,0.9975213,34.168
20,Sardegna,Maschi,49,96443,255,2.64186,96315,0.9971532,33.246
20,Sardegna,Maschi,50,96188,294,3.05231,96041,0.9967067,32.333
20,Sardegna,Maschi,51,95894,339,3.53502,95725,0.9961578,31.431
20,Sardegna,Maschi,52,95555,397,4.15047,95357,0.9957098,30.540
20,Sardegna,Maschi,53,95159,422,4.43046,94948,0.9955090,29.666
20,Sardegna,Maschi,54,94737,431,4.55175,94522,0.9953113,28.795
20,Sardegna,Maschi,55,94306,455,4.82631,94078,0.9948943,27.925
20,Sardegna,Maschi,56,93851,506,5.38654,93598,0.9942534,27.058
20,Sardegna,Maschi,57,93345,570,6.10856,93060,0.9935880,26.202
20,Sardegna,Maschi,58,92775,623,6.71737,92463,0.9932290,25.360
20,Sardegna,Maschi,59,92152,629,6.82495,91837,0.9931261,24.528
20,Sardegna,Maschi,60,91523,634,6.92322,91206,0.9928338,23.693
20,Sardegna,Maschi,61,90889,674,7.41086,90552,0.9921498,22.854
20,Sardegna,Maschi,62,90216,748,8.29273,89842,0.9908565,22.021
20,Sardegna,Maschi,63,89468,895,10.00135,89020,0.9895478,21.201
20,Sardegna,Maschi,64,88573,966,10.90767,88090,0.9885773,20.410
20,Sardegna,Maschi,65,87607,1046,11.94341,87083,0.9875359,19.630
20,Sardegna,Maschi,66,86560,1125,12.99105,85998,0.9861089,18.861
20,Sardegna,Maschi,67,85436,1265,14.80306,84803,0.9845560,18.103
20,Sardegna,Maschi,68,84171,1355,16.09451,83494,0.9830982,17.367
20,Sardegna,Maschi,69,82816,1468,17.72234,82083,0.9820784,16.643
20,Sardegna,Maschi,70,81349,1474,18.12447,80611,0.9811553,15.935
20,Sardegna,Maschi,71,79874,1564,19.57821,79092,0.9799167,15.219
20,Sardegna,Maschi,72,78310,1613,20.59843,77504,0.9782155,14.513
20,Sardegna,Maschi,73,76697,1764,22.99553,75816,0.9759125,13.808
20,Sardegna,Maschi,74,74934,1889,25.20520,73989,0.9737627,13.121
20,Sardegna,Maschi,75,73045,1994,27.29606,72048,0.9713785,12.448
20,Sardegna,Maschi,76,71051,2130,29.98415,69986,0.9678572,11.783
20,Sardegna,Maschi,77,68921,2369,34.36817,67736,0.9643466,11.132
20,Sardegna,Maschi,78,66552,2461,36.98439,65321,0.9608168,10.510
20,Sardegna,Maschi,79,64091,2658,41.46640,62762,0.9568327,9.895
20,Sardegna,Maschi,80,61433,2761,44.94176,60053,0.9527539,9.301
20,Sardegna,Maschi,81,58672,2914,49.65894,57215,0.9472806,8.715
20,Sardegna,Maschi,82,55759,3119,55.93974,54199,0.9409085,8.144
20,Sardegna,Maschi,83,52639,3286,62.42997,50996,0.9343616,7.597
20,Sardegna,Maschi,84,49353,3408,69.06043,47649,0.9268253,7.070
20,Sardegna,Maschi,85,45945,3565,77.59419,44162,0.9184829,6.557
20,Sardegna,Maschi,86,42380,3635,85.77007,40562,0.9077621,6.067
20,Sardegna,Maschi,87,38745,3848,99.31245,36821,0.8920117,5.589
20,Sardegna,Maschi,88,34897,4105,117.62071,32845,0.8769762,5.150
20,Sardegna,Maschi,89,30792,3977,129.14709,28804,0.8646916,4.770
20,Sardegna,Maschi,90,26816,3818,142.38337,24907,0.8509673,4.404
20,Sardegna,Maschi,91,22998,3606,156.78587,21195,0.8348104,4.052
20,Sardegna,Maschi,92,19392,3397,175.15588,17694,0.8145804,3.712
20,Sardegna,Maschi,93,15995,3165,197.86282,14413,0.7934116,3.394
20,Sardegna,Maschi,94,12830,2790,217.46633,11435,0.7737164,3.108
20,Sardegna,Maschi,95,10040,2385,237.55118,8848,0.7491334,2.833
20,Sardegna,Maschi,96,7655,2054,268.33066,6628,0.7162589,2.560
20,Sardegna,Maschi,97,5601,1707,304.80324,4747,0.6793825,2.315
20,Sardegna,Maschi,98,3894,1337,343.36532,3225,0.6437882,2.110
20,Sardegna,Maschi,99,2557,961,375.77583,2076,0.6142744,1.953
20,Sardegna,Maschi,100,1596,641,401.66491,1275,0.5933286,1.827
20,Sardegna,Maschi,101,955,396,415.03886,757,0.5728730,1.718
20,Sardegna,Maschi,102,559,250,447.79181,434,0.5403543,1.582
20,Sardegna,Maschi,103,308,148,481.11210,234,0.5074069,1.460
20,Sardegna,Maschi,104,160,82,514.71939,119,0.4743036,1.350
20,Sardegna,Maschi,105,78,43,548.31640,56,0.4413254,1.251
20,Sardegna,Maschi,106,35,20,581.60695,25,0.4087497,1.163
20,Sardegna,Maschi,107,15,9,614.29898,10,0.3768431,1.084
20,Sardegna,Maschi,108,6,4,646.12265,4,0.3458512,1.013
20,Sardegna,Maschi,109,2,1,676.82926,1,0.3159959,0.951
20,Sardegna,Maschi,110,1,0,706.20537,0,0.2874663,0.896
20,Sardegna,Maschi,111,0,0,734.07372,0,0.2604172,0.847
20,Sardegna,Maschi,112,0,0,760.29926,0,0.2349665,0.803
20,Sardegna,Maschi,113,0,0,784.78414,0,0.2111979,0.765
20,Sardegna,Maschi,114,0,0,807.47164,0,0.1891594,0.731
20,Sardegna,Maschi,115,0,0,828.33919,0,0.1688684,0.702
20,Sardegna,Maschi,116,0,0,847.39835,0,0.1503128,0.676
20,Sardegna,Maschi,117,0,0,864.68572,0,0.1334578,0.653
20,Sardegna,Maschi,118,0,0,880.26197,0,0.1182472,0.634
20,Sardegna,Maschi,119,0,0,894.20379,0,0.1046101,0.617
20,Sardegna,Femmine,0,100000,198,1.97623,99814,0.9996950,85.563
20,Sardegna,Femmine,1,99802,38,0.37638,99784,0.9997232,84.731
20,Sardegna,Femmine,2,99765,18,0.17714,99756,0.9998777,83.763
20,Sardegna,Femmine,3,99747,7,0.06749,99744,0.9999558,82.778
20,Sardegna,Femmine,4,99740,2,0.02099,99739,0.9999719,81.783
20,Sardegna,Femmine,5,99738,4,0.03521,99737,0.9999452,80.785
20,Sardegna,Femmine,6,99735,7,0.07436,99731,0.9999105,79.788
20,Sardegna,Femmine,7,99727,10,0.10456,99722,0.9998805,78.794
20,Sardegna,Femmine,8,99717,13,0.13447,99710,0.9998613,77.802
20,Sardegna,Femmine,9,99704,14,0.14300,99696,0.9998605,76.812
20,Sardegna,Femmine,10,99689,14,0.13606,99683,0.9998751,75.823
20,Sardegna,Femmine,11,99676,11,0.11378,99670,0.9998972,74.834
20,Sardegna,Femmine,12,99664,9,0.09180,99660,0.9999094,73.842
20,Sardegna,Femmine,13,99655,9,0.08937,99651,0.9998952,72.849
20,Sardegna,Femmine,14,99646,12,0.12021,99640,0.9998566,71.855
20,Sardegna,Femmine,15,99634,17,0.16652,99626,0.9998164,70.864
20,Sardegna,Femmine,16,99618,20,0.20072,99608,0.9997992,69.876
20,Sardegna,Femmine,17,99598,20,0.20094,99588,0.9998178,68.889
20,Sardegna,Femmine,18,99578,16,0.16348,99570,0.9998562,67.903
20,Sardegna,Femmine,19,99561,12,0.12414,99555,0.9998911,66.914
20,Sardegna,Femmine,20,99549,9,0.09362,99544,0.9999032,65.922
20,Sardegna,Femmine,21,99540,10,0.09991,99535,0.9998881,64.929
20,Sardegna,Femmine,22,99530,12,0.12382,99524,0.9998541,63.935
20,Sardegna,Femmine,23,99518,17,0.16791,99509,0.9998104,62.943
20,Sardegna,Femmine,24,99501,21,0.21135,99490,0.9997691,61.953
20,Sardegna,Femmine,25,99480,25,0.25045,99467,0.9997480,60.966
20,Sardegna,Femmine,26,99455,25,0.25359,99442,0.9997502,59.981
20,Sardegna,Femmine,27,99430,24,0.24600,99417,0.9997569,58.997
20,Sardegna,Femmine,28,99405,24,0.24012,99393,0.9997564,58.011
20,Sardegna,Femmine,29,99381,25,0.24703,99369,0.9997480,57.025
20,Sardegna,Femmine,30,99357,26,0.25696,99344,0.9997332,56.039
20,Sardegna,Femmine,31,99331,27,0.27670,99317,0.9997040,55.053
20,Sardegna,Femmine,32,99304,31,0.31537,99288,0.9996629,54.068
20,Sardegna,Femmine,33,99272,36,0.35880,99255,0.9996215,53.085
20,Sardegna,Femmine,34,99237,40,0.39823,99217,0.9995657,52.104
20,Sardegna,Femmine,35,99197,47,0.47047,99174,0.9994999,51.124
20,Sardegna,Femmine,36,99151,53,0.52981,99124,0.9994482,50.148
20,Sardegna,Femmine,37,99098,57,0.57377,99070,0.9993798,49.175
20,Sardegna,Femmine,38,99041,66,0.66675,99008,0.9993186,48.203
20,Sardegna,Femmine,39,98975,69,0.69609,98941,0.9993034,47.234
20,Sardegna,Femmine,40,98906,69,0.69707,98872,0.9992890,46.267
20,Sardegna,Femmine,41,98837,72,0.72496,98802,0.9992712,45.299
20,Sardegna,Femmine,42,98766,72,0.73262,98730,0.9992455,44.331
20,Sardegna,Femmine,43,98693,77,0.77638,98655,0.9991543,43.363
20,Sardegna,Femmine,44,98617,90,0.91509,98572,0.9989872,42.397
20,Sardegna,Femmine,45,98526,109,1.11061,98472,0.9988070,41.435
20,Sardegna,Femmine,46,98417,126,1.27554,98354,0.9986659,40.481
20,Sardegna,Femmine,47,98292,137,1.39280,98223,0.9985893,39.532
20,Sardegna,Femmine,48,98155,140,1.42853,98085,0.9985604,38.586
20,Sardegna,Femmine,49,98014,142,1.45062,97943,0.9984986,37.641
20,Sardegna,Femmine,50,97872,152,1.55230,97796,0.9983143,36.695
20,Sardegna,Femmine,51,97720,178,1.81936,97631,0.9981117,35.751
20,Sardegna,Femmine,52,97543,191,1.95731,97447,0.9979828,34.815
20,Sardegna,Femmine,53,97352,202,2.07727,97250,0.9978947,33.882
20,Sardegna,Femmine,54,97149,207,2.13341,97046,0.9978362,32.952
20,Sardegna,Femmine,55,96942,213,2.19432,96836,0.9976602,32.021
20,Sardegna,Femmine,56,96729,240,2.48552,96609,0.9972436,31.091
20,Sardegna,Femmine,57,96489,292,3.02786,96343,0.9967962,30.167
20,Sardegna,Femmine,58,96197,325,3.38034,96034,0.9963933,29.257
20,Sardegna,Femmine,59,95872,368,3.83390,95688,0.9960159,28.355
20,Sardegna,Femmine,60,95504,395,4.13488,95307,0.9957979,27.462
20,Sardegna,Femmine,61,95109,406,4.26964,94906,0.9956472,26.574
20,Sardegna,Femmine,62,94703,420,4.43639,94493,0.9954835,25.685
20,Sardegna,Femmine,63,94283,433,4.59701,94066,0.9952660,24.798
20,Sardegna,Femmine,64,93850,457,4.87162,93621,0.9947813,23.910
20,Sardegna,Femmine,65,93392,520,5.56752,93132,0.9941569,23.025
20,Sardegna,Femmine,66,92872,568,6.12025,92588,0.9935331,22.151
20,Sardegna,Femmine,67,92304,629,6.81561,91989,0.9929888,21.284
20,Sardegna,Femmine,68,91675,661,7.20814,91344,0.9924746,20.427
20,Sardegna,Femmine,69,91014,714,7.84505,90657,0.9917339,19.571
20,Sardegna,Femmine,70,90300,785,8.69043,89908,0.9907112,18.722
20,Sardegna,Femmine,71,89515,886,9.89237,89073,0.9895455,17.882
20,Sardegna,Femmine,72,88630,977,11.02227,88141,0.9883118,17.055
20,Sardegna,Femmine,73,87653,1084,12.36153,87111,0.9869931,16.240
20,Sardegna,Femmine,74,86569,1183,13.66039,85978,0.9856349,15.437
20,Sardegna,Femmine,75,85387,1288,15.07948,84743,0.9842295,14.644
20,Sardegna,Femmine,76,84099,1385,16.47215,83407,0.9826289,13.860
20,Sardegna,Femmine,77,82714,1512,18.28507,81958,0.9806389,13.084
20,Sardegna,Femmine,78,81201,1661,20.45719,80371,0.9778972,12.319
20,Sardegna,Femmine,79,79540,1892,23.78282,78594,0.9740362,11.565
20,Sardegna,Femmine,80,77649,2190,28.19781,76554,0.9693867,10.835
20,Sardegna,Femmine,81,75459,2498,33.09886,74210,0.9640197,10.135
20,Sardegna,Femmine,82,72961,2843,38.96047,71540,0.9584761,9.465
20,Sardegna,Femmine,83,70119,3099,44.19123,68570,0.9533550,8.828
20,Sardegna,Femmine,84,67020,3298,49.21216,65371,0.9468411,8.213
20,Sardegna,Femmine,85,63722,3652,57.30996,61896,0.9385562,7.612
20,Sardegna,Femmine,86,60070,3954,65.82895,58093,0.9300848,7.045
20,Sardegna,Femmine,87,56116,4169,74.28941,54031,0.9192813,6.506
20,Sardegna,Femmine,88,51947,4554,87.66398,49670,0.9061210,5.988
20,Sardegna,Femmine,89,47393,4772,100.69110,45007,0.8930350,5.515
20,Sardegna,Femmine,90,42621,4856,113.94136,40193,0.8765275,5.077
20,Sardegna,Femmine,91,37765,5069,134.22925,35230,0.8567121,4.665
20,Sardegna,Femmine,92,32696,5027,153.75099,30182,0.8375956,4.311
20,Sardegna,Femmine,93,27669,4776,172.63011,25280,0.8195975,4.003
20,Sardegna,Femmine,94,22892,4345,189.79657,20720,0.8029268,3.734
20,Sardegna,Femmine,95,18547,3822,206.05454,16636,0.7904568,3.492
20,Sardegna,Femmine,96,14726,3150,213.93730,13150,0.7786578,3.269
20,Sardegna,Femmine,97,11575,2671,230.76238,10240,0.7601239,3.022
20,Sardegna,Femmine,98,8904,2241,251.72389,7783,0.7373992,2.779
20,Sardegna,Femmine,99,6663,1846,277.13684,5739,0.7108445,2.545
20,Sardegna,Femmine,100,4816,1473,305.78192,4080,0.6817093,2.330
20,Sardegna,Femmine,101,3344,1124,336.30925,2781,0.6518849,2.135
20,Sardegna,Femmine,102,2219,812,365.90316,1813,0.6222471,1.964
20,Sardegna,Femmine,103,1407,558,396.44050,1128,0.5917925,1.809
20,Sardegna,Femmine,104,849,363,427.70347,668,0.5607389,1.669
20,Sardegna,Femmine,105,486,223,459.45633,374,0.5293161,1.543
20,Sardegna,Femmine,106,263,129,491.45484,198,0.4977594,1.429
20,Sardegna,Femmine,107,134,70,523.44962,99,0.4663029,1.327
20,Sardegna,Femmine,108,64,35,555.20064,46,0.4351687,1.235
20,Sardegna,Femmine,109,28,17,586.48307,20,0.4045632,1.153
20,Sardegna,Femmine,110,12,7,617.08960,8,0.3746725,1.080
20,Sardegna,Femmine,111,4,3,646.84129,3,0.3456556,1.014
20,Sardegna,Femmine,112,2,1,675.59030,1,0.3176424,0.955
20,Sardegna,Femmine,113,1,0,703.21810,0,0.2907354,0.902
20,Sardegna,Femmine,114,0,0,729.63832,0,0.2650076,0.855
20,Sardegna,Femmine,115,0,0,754.79586,0,0.2405040,0.813
20,Sardegna,Femmine,116,0,0,778.66404,0,0.2172450,0.775
20,Sardegna,Femmine,117,0,0,801.23788,0,0.1952303,0.740
20,Sardegna,Femmine,118,0,0,822.53854,0,0.1744379,0.710
20,Sardegna,Femmine,119,0,0,842.59964,0,0.1548336,0.682
21,Provincia autonoma di Bolzano,Maschi e femmine,0,100000,205,2.04954,99807,0.9997688,84.717
21,Provincia autonoma di Bolzano,Maschi e femmine,1,99795,22,0.22005,99784,0.9997825,83.890
21,Provincia autonoma di Bolzano,Maschi e femmine,2,99773,21,0.21489,99762,0.9998035,82.908
21,Provincia autonoma di Bolzano,Maschi e femmine,3,99752,18,0.17819,99743,0.9998448,81.926
21,Provincia autonoma di Bolzano,Maschi e femmine,4,99734,13,0.13227,99727,0.9998939,80.940
21,Provincia autonoma di Bolzano,Maschi e femmine,5,99721,8,0.07996,99717,0.9999300,79.951
21,Provincia autonoma di Bolzano,Maschi e femmine,6,99713,6,0.06010,99710,0.9999357,78.957
21,Provincia autonoma di Bolzano,Maschi e femmine,7,99707,7,0.06846,99703,0.9999212,77.962
21,Provincia autonoma di Bolzano,Maschi e femmine,8,99700,9,0.08914,99695,0.9999017,76.967
21,Provincia autonoma di Bolzano,Maschi e femmine,9,99691,11,0.10742,99686,0.9998858,75.974
21,Provincia autonoma di Bolzano,Maschi e femmine,10,99680,12,0.12101,99674,0.9998776,74.982
21,Provincia autonoma di Bolzano,Maschi e femmine,11,99668,12,0.12372,99662,0.9998785,73.991
21,Provincia autonoma di Bolzano,Maschi e femmine,12,99656,12,0.11938,99650,0.9998878,73.000
21,Provincia autonoma di Bolzano,Maschi e femmine,13,99644,10,0.10499,99639,0.9999025,72.009
21,Provincia autonoma di Bolzano,Maschi e femmine,14,99634,9,0.08997,99629,0.9999106,71.016
21,Provincia autonoma di Bolzano,Maschi e femmine,15,99625,9,0.08874,99620,0.9998906,70.023
21,Provincia autonoma di Bolzano,Maschi e femmine,16,99616,13,0.13002,99609,0.9998270,69.029
21,Provincia autonoma di Bolzano,Maschi e femmine,17,99603,22,0.21600,99592,0.9997343,68.038
21,Provincia autonoma di Bolzano,Maschi e femmine,18,99581,31,0.31532,99566,0.9996395,67.052
21,Provincia autonoma di Bolzano,Maschi e femmine,19,99550,40,0.40573,99530,0.9995682,66.073
21,Provincia autonoma di Bolzano,Maschi e femmine,20,99509,46,0.45779,99487,0.9995418,65.100
21,Provincia autonoma di Bolzano,Maschi e femmine,21,99464,46,0.45863,99441,0.9995597,64.130
21,Provincia autonoma di Bolzano,Maschi e femmine,22,99418,42,0.42202,99397,0.9995952,63.159
21,Provincia autonoma di Bolzano,Maschi e femmine,23,99376,39,0.38752,99357,0.9996222,62.185
21,Provincia autonoma di Bolzano,Maschi e femmine,24,99338,37,0.36798,99320,0.9996239,61.209
21,Provincia autonoma di Bolzano,Maschi e femmine,25,99301,38,0.38431,99282,0.9996012,60.232
21,Provincia autonoma di Bolzano,Maschi e femmine,26,99263,41,0.41322,99243,0.9995765,59.254
21,Provincia autonoma di Bolzano,Maschi e femmine,27,99222,43,0.43385,99201,0.9995669,58.279
21,Provincia autonoma di Bolzano,Maschi e femmine,28,99179,43,0.43238,99158,0.9995477,57.304
21,Provincia autonoma di Bolzano,Maschi e femmine,29,99136,47,0.47218,99113,0.9995090,56.328
21,Provincia autonoma di Bolzano,Maschi e femmine,30,99089,51,0.50983,99064,0.9994867,55.355
21,Provincia autonoma di Bolzano,Maschi e femmine,31,99039,51,0.51675,99013,0.9995023,54.383
21,Provincia autonoma di Bolzano,Maschi e femmine,32,98988,47,0.47874,98964,0.9995353,53.411
21,Provincia autonoma di Bolzano,Maschi e femmine,33,98940,45,0.45063,98918,0.9995474,52.436
21,Provincia autonoma di Bolzano,Maschi e femmine,34,98896,45,0.45464,98873,0.9995059,51.459
21,Provincia autonoma di Bolzano,Maschi e femmine,35,98851,53,0.53350,98824,0.9994295,50.483
21,Provincia autonoma di Bolzano,Maschi e femmine,36,98798,60,0.60757,98768,0.9993625,49.509
21,Provincia autonoma di Bolzano,Maschi e femmine,37,98738,66,0.66741,98705,0.9993149,48.539
21,Provincia autonoma di Bolzano,Maschi e femmine,38,98672,69,0.70290,98637,0.9992434,47.571
21,Provincia autonoma di Bolzano,Maschi e femmine,39,98603,80,0.81032,98563,0.9991506,46.604
21,Provincia autonoma di Bolzano,Maschi e femmine,40,98523,88,0.88857,98479,0.9991008,45.642
21,Provincia autonoma di Bolzano,Maschi e femmine,41,98435,90,0.90977,98390,0.9991313,44.682
21,Provincia autonoma di Bolzano,Maschi e femmine,42,98346,81,0.82767,98305,0.9992108,43.722
21,Provincia autonoma di Bolzano,Maschi e femmine,43,98264,74,0.75068,98227,0.9992582,42.758
21,Provincia autonoma di Bolzano,Maschi e femmine,44,98191,72,0.73292,98155,0.9992051,41.790
21,Provincia autonoma di Bolzano,Maschi e femmine,45,98119,84,0.85695,98077,0.9990418,40.820
21,Provincia autonoma di Bolzano,Maschi e femmine,46,98035,104,1.05947,97983,0.9988288,39.854
21,Provincia autonoma di Bolzano,Maschi e femmine,47,97931,126,1.28303,97868,0.9986216,38.896
21,Provincia autonoma di Bolzano,Maschi e femmine,48,97805,144,1.47385,97733,0.9984754,37.945
21,Provincia autonoma di Bolzano,Maschi e femmine,49,97661,154,1.57549,97584,0.9984216,37.001
21,Provincia autonoma di Bolzano,Maschi e femmine,50,97507,154,1.58125,97430,0.9984129,36.058
21,Provincia autonoma di Bolzano,Maschi e femmine,51,97353,155,1.59294,97275,0.9984344,35.115
21,Provincia autonoma di Bolzano,Maschi e femmine,52,97198,150,1.53816,97123,0.9984443,34.170
21,Provincia autonoma di Bolzano,Maschi e femmine,53,97048,153,1.57331,96972,0.9983418,33.222
21,Provincia autonoma di Bolzano,Maschi e femmine,54,96896,169,1.74328,96811,0.9981130,32.273
21,Provincia autonoma di Bolzano,Maschi e femmine,55,96727,196,2.03102,96628,0.9977925,31.329
21,Provincia autonoma di Bolzano,Maschi e femmine,56,96530,230,2.38433,96415,0.9973437,30.392
21,Provincia autonoma di Bolzano,Maschi e femmine,57,96300,282,2.92893,96159,0.9969050,29.463
21,Provincia autonoma di Bolzano,Maschi e femmine,58,96018,313,3.26152,95861,0.9966160,28.548
21,Provincia autonoma di Bolzano,Maschi e femmine,59,95705,336,3.50679,95537,0.9964280,27.640
21,Provincia autonoma di Bolzano,Maschi e femmine,60,95369,347,3.63741,95196,0.9963300,26.735
21,Provincia autonoma di Bolzano,Maschi e femmine,61,95022,352,3.70272,94846,0.9962072,25.831
21,Provincia autonoma di Bolzano,Maschi e femmine,62,94670,368,3.88327,94487,0.9958867,24.925
21,Provincia autonoma di Bolzano,Maschi e femmine,63,94303,410,4.34416,94098,0.9953378,24.020
21,Provincia autonoma di Bolzano,Maschi e femmine,64,93893,468,4.98155,93659,0.9945543,23.123
21,Provincia autonoma di Bolzano,Maschi e femmine,65,93425,552,5.91213,93149,0.9935989,22.236
21,Provincia autonoma di Bolzano,Maschi e femmine,66,92873,640,6.89296,92553,0.9927331,21.366
21,Provincia autonoma di Bolzano,Maschi e femmine,67,92233,705,7.64343,91880,0.9920450,20.510
21,Provincia autonoma di Bolzano,Maschi e femmine,68,91528,757,8.26900,91149,0.9913895,19.665
21,Provincia autonoma di Bolzano,Maschi e femmine,69,90771,813,8.95484,90365,0.9905685,18.824
21,Provincia autonoma di Bolzano,Maschi e femmine,70,89958,892,9.91239,89512,0.9894918,17.990
21,Provincia autonoma di Bolzano,Maschi e femmine,71,89067,990,11.10997,88572,0.9882525,17.165
21,Provincia autonoma di Bolzano,Maschi e femmine,72,88077,1091,12.39214,87531,0.9868104,16.352
21,Provincia autonoma di Bolzano,Maschi e femmine,73,86986,1218,13.99712,86377,0.9850467,15.551
21,Provincia autonoma di Bolzano,Maschi e femmine,74,85768,1366,15.92313,85085,0.9826337,14.765
21,Provincia autonoma di Bolzano,Maschi e femmine,75,84402,1590,18.83291,83608,0.9797725,13.996
21,Provincia autonoma di Bolzano,Maschi e femmine,76,82813,1793,21.64878,81916,0.9770278,13.255
21,Provincia autonoma di Bolzano,Maschi e femmine,77,81020,1971,24.32494,80035,0.9745055,12.537
21,Provincia autonoma di Bolzano,Maschi e femmine,78,79049,2110,26.69330,77994,0.9716392,11.837
21,Provincia autonoma di Bolzano,Maschi e femmine,79,76939,2314,30.07394,75782,0.9684555,11.148
21,Provincia autonoma di Bolzano,Maschi e femmine,80,74625,2467,33.06059,73392,0.9655825,10.478
21,Provincia autonoma di Bolzano,Maschi e femmine,81,72158,2585,35.82075,70866,0.9627023,9.819
21,Provincia autonoma di Bolzano,Maschi e femmine,82,69573,2701,38.82944,68223,0.9585490,9.166
21,Provincia autonoma di Bolzano,Maschi e femmine,83,66872,2954,44.17849,65395,0.9534373,8.516
21,Provincia autonoma di Bolzano,Maschi e femmine,84,63918,3136,49.05706,62350,0.9475685,7.886
21,Provincia autonoma di Bolzano,Maschi e femmine,85,60782,3403,55.98006,59081,0.9397902,7.267
21,Provincia autonoma di Bolzano,Maschi e femmine,86,57379,3712,64.69028,55523,0.9293551,6.668
21,Provincia autonoma di Bolzano,Maschi e femmine,87,53667,4133,77.01145,51601,0.9152258,6.095
21,Provincia autonoma di Bolzano,Maschi e femmine,88,49534,4616,93.18467,47227,0.8984214,5.562
21,Provincia autonoma di Bolzano,Maschi e femmine,89,44919,4979,110.83507,42429,0.8795277,5.082
21,Provincia autonoma di Bolzano,Maschi e femmine,90,39940,5245,131.31079,37318,0.8619768,4.653
21,Provincia autonoma di Bolzano,Maschi e femmine,91,34695,5057,145.75017,32167,0.8474113,4.281
21,Provincia autonoma di Bolzano,Maschi e femmine,92,29639,4760,160.59391,27259,0.8312054,3.926
21,Provincia autonoma di Bolzano,Maschi e femmine,93,24879,4442,178.56419,22658,0.8106503,3.582
21,Provincia autonoma di Bolzano,Maschi e femmine,94,20436,4138,202.47977,18367,0.7861903,3.251
21,Provincia autonoma di Bolzano,Maschi e femmine,95,16298,3716,228.01613,14440,0.7592995,2.950
21,Provincia autonoma di Bolzano,Maschi e femmine,96,12582,3235,257.13139,10964,0.7281269,2.674
21,Provincia autonoma di Bolzano,Maschi e femmine,97,9347,2727,291.71732,7984,0.6933428,2.426
21,Provincia autonoma di Bolzano,Maschi e femmine,98,6620,2170,327.75038,5535,0.6594413,2.219
21,Provincia autonoma di Bolzano,Maschi e femmine,99,4450,1600,359.61168,3650,0.6307256,2.057
21,Provincia autonoma di Bolzano,Maschi e femmine,100,2850,1095,384.36314,2302,0.6113502,1.932
21,Provincia autonoma di Bolzano,Maschi e femmine,101,1755,694,395.61267,1408,0.5936100,1.826
21,Provincia autonoma di Bolzano,Maschi e femmine,102,1060,450,424.22172,836,0.5651323,1.694
21,Provincia autonoma di Bolzano,Maschi e femmine,103,611,277,453.35730,472,0.5362071,1.574
21,Provincia autonoma di Bolzano,Maschi e femmine,104,334,161,482.88319,253,0.5069688,1.464
21,Provincia autonoma di Bolzano,Maschi e femmine,105,173,88,512.65528,128,0.4775592,1.364
21,Provincia autonoma di Bolzano,Maschi e femmine,106,84,46,542.52014,61,0.4481309,1.274
21,Provincia autonoma di Bolzano,Maschi e femmine,107,38,22,572.30504,27,0.4188521,1.192
21,Provincia autonoma di Bolzano,Maschi e femmine,108,16,10,601.82339,12,0.3899032,1.117
21,Provincia autonoma di Bolzano,Maschi e femmine,109,7,4,630.87493,4,0.3614751,1.049
21,Provincia autonoma di Bolzano,Maschi e femmine,110,2,2,659.24944,2,0.3337631,0.989
21,Provincia autonoma di Bolzano,Maschi e femmine,111,1,1,686.74293,1,0.3069535,0.934
21,Provincia autonoma di Bolzano,Maschi e femmine,112,0,0,713.16932,0,0.2812141,0.884
21,Provincia autonoma di Bolzano,Maschi e femmine,113,0,0,738.36758,0,0.2566875,0.840
21,Provincia autonoma di Bolzano,Maschi e femmine,114,0,0,762.21254,0,0.2334830,0.801
21,Provincia autonoma di Bolzano,Maschi e femmine,115,0,0,784.61912,0,0.2116731,0.766
21,Provincia autonoma di Bolzano,Maschi e femmine,116,0,0,805.54171,0,0.1912958,0.735
21,Provincia autonoma di Bolzano,Maschi e femmine,117,0,0,824.96717,0,0.1723589,0.707
21,Provincia autonoma di Bolzano,Maschi e femmine,118,0,0,842.91786,0,0.1548398,0.682
21,Provincia autonoma di Bolzano,Maschi e femmine,119,0,0,859.43520,0,0.1386979,0.661
21,Provincia autonoma di Bolzano,Maschi,0,100000,224,2.24146,99789,0.9997889,82.885
21,Provincia autonoma di Bolzano,Maschi,1,99776,16,0.15726,99768,0.9998139,82.070
21,Provincia autonoma di Bolzano,Maschi,2,99760,21,0.21498,99749,0.9997961,81.083
21,Provincia autonoma di Bolzano,Maschi,3,99739,19,0.19272,99729,0.9998333,80.100
21,Provincia autonoma di Bolzano,Maschi,4,99719,14,0.14072,99712,0.9998946,79.116
21,Provincia autonoma di Bolzano,Maschi,5,99705,7,0.06998,99702,0.9999357,78.127
21,Provincia autonoma di Bolzano,Maschi,6,99698,6,0.05869,99696,0.9999302,77.132
21,Provincia autonoma di Bolzano,Maschi,7,99693,8,0.08096,99689,0.9999094,76.137
21,Provincia autonoma di Bolzano,Maschi,8,99685,10,0.10030,99680,0.9999014,75.143
21,Provincia autonoma di Bolzano,Maschi,9,99675,10,0.09696,99670,0.9999051,74.150
21,Provincia autonoma di Bolzano,Maschi,10,99665,9,0.09281,99660,0.9999070,73.157
21,Provincia autonoma di Bolzano,Maschi,11,99656,9,0.09310,99651,0.9999013,72.164
21,Provincia autonoma di Bolzano,Maschi,12,99646,10,0.10436,99641,0.9998904,71.171
21,Provincia autonoma di Bolzano,Maschi,13,99636,11,0.11482,99630,0.9998900,70.178
21,Provincia autonoma di Bolzano,Maschi,14,99625,10,0.10517,99619,0.9999026,69.186
21,Provincia autonoma di Bolzano,Maschi,15,99614,9,0.08955,99610,0.9998955,68.193
21,Provincia autonoma di Bolzano,Maschi,16,99605,12,0.11947,99599,0.9998254,67.199
21,Provincia autonoma di Bolzano,Maschi,17,99593,23,0.22982,99582,0.9996916,66.207
21,Provincia autonoma di Bolzano,Maschi,18,99570,39,0.38706,99551,0.9995313,65.222
21,Provincia autonoma di Bolzano,Maschi,19,99532,55,0.55033,99504,0.9994032,64.247
21,Provincia autonoma di Bolzano,Maschi,20,99477,64,0.64333,99445,0.9993598,63.283
21,Provincia autonoma di Bolzano,Maschi,21,99413,63,0.63705,99381,0.9994055,62.323
21,Provincia autonoma di Bolzano,Maschi,22,99350,55,0.55185,99322,0.9994899,61.362
21,Provincia autonoma di Bolzano,Maschi,23,99295,47,0.46840,99272,0.9995525,60.396
21,Provincia autonoma di Bolzano,Maschi,24,99248,42,0.42649,99227,0.9995590,59.424
21,Provincia autonoma di Bolzano,Maschi,25,99206,45,0.45548,99183,0.9995100,58.449
21,Provincia autonoma di Bolzano,Maschi,26,99161,52,0.52457,99135,0.9994446,57.476
21,Provincia autonoma di Bolzano,Maschi,27,99109,58,0.58634,99080,0.9994005,56.506
21,Provincia autonoma di Bolzano,Maschi,28,99051,61,0.61258,99020,0.9993418,55.538
21,Provincia autonoma di Bolzano,Maschi,29,98990,70,0.70375,98955,0.9992572,54.572
21,Provincia autonoma di Bolzano,Maschi,30,98920,77,0.78182,98882,0.9992145,53.610
21,Provincia autonoma di Bolzano,Maschi,31,98843,78,0.78929,98804,0.9992670,52.652
21,Provincia autonoma di Bolzano,Maschi,32,98765,67,0.67663,98732,0.9993895,51.693
21,Provincia autonoma di Bolzano,Maschi,33,98698,54,0.54427,98671,0.9994950,50.728
21,Provincia autonoma di Bolzano,Maschi,34,98644,46,0.46579,98622,0.9994928,49.755
21,Provincia autonoma di Bolzano,Maschi,35,98599,54,0.54870,98571,0.9993915,48.778
21,Provincia autonoma di Bolzano,Maschi,36,98544,66,0.66828,98512,0.9992691,47.804
21,Provincia autonoma di Bolzano,Maschi,37,98479,78,0.79361,98440,0.9991615,46.836
21,Provincia autonoma di Bolzano,Maschi,38,98400,87,0.88336,98357,0.9990318,45.873
21,Provincia autonoma di Bolzano,Maschi,39,98314,104,1.05316,98262,0.9988881,44.913
21,Provincia autonoma di Bolzano,Maschi,40,98210,115,1.17078,98152,0.9988352,43.960
21,Provincia autonoma di Bolzano,Maschi,41,98095,114,1.15879,98038,0.9989148,43.011
21,Provincia autonoma di Bolzano,Maschi,42,97981,99,1.01156,97932,0.9990660,42.060
21,Provincia autonoma di Bolzano,Maschi,43,97882,84,0.85642,97840,0.9991591,41.102
21,Provincia autonoma di Bolzano,Maschi,44,97798,81,0.82546,97758,0.9990763,40.137
21,Provincia autonoma di Bolzano,Maschi,45,97718,100,1.02197,97668,0.9988171,39.170
21,Provincia autonoma di Bolzano,Maschi,46,97618,131,1.34409,97552,0.9985218,38.209
21,Provincia autonoma di Bolzano,Maschi,47,97487,157,1.61250,97408,0.9982763,37.260
21,Provincia autonoma di Bolzano,Maschi,48,97329,179,1.83500,97240,0.9981347,36.319
21,Provincia autonoma di Bolzano,Maschi,49,97151,184,1.89559,97059,0.9980963,35.385
21,Provincia autonoma di Bolzano,Maschi,50,96967,185,1.91191,96874,0.9980331,34.451
21,Provincia autonoma di Bolzano,Maschi,51,96781,196,2.02201,96683,0.9979746,33.517
21,Provincia autonoma di Bolzano,Maschi,52,96586,196,2.02874,96488,0.9979462,32.583
21,Provincia autonoma di Bolzano,Maschi,53,96390,200,2.07897,96289,0.9978077,31.649
21,Provincia autonoma di Bolzano,Maschi,54,96189,222,2.30593,96078,0.9976024,30.714
21,Provincia autonoma di Bolzano,Maschi,55,95967,239,2.48943,95848,0.9973984,29.783
21,Provincia autonoma di Bolzano,Maschi,56,95728,260,2.71412,95599,0.9969717,28.856
21,Provincia autonoma di Bolzano,Maschi,57,95469,319,3.34329,95309,0.9963771,27.934
21,Provincia autonoma di Bolzano,Maschi,58,95149,371,3.90354,94964,0.9958170,27.026
21,Provincia autonoma di Bolzano,Maschi,59,94778,423,4.46351,94567,0.9953587,26.130
21,Provincia autonoma di Bolzano,Maschi,60,94355,455,4.81992,94128,0.9951479,25.245
21,Provincia autonoma di Bolzano,Maschi,61,93900,459,4.88451,93671,0.9951306,24.364
21,Provincia autonoma di Bolzano,Maschi,62,93442,454,4.85415,93215,0.9949468,23.481
21,Provincia autonoma di Bolzano,Maschi,63,92988,488,5.25327,92744,0.9942954,22.594
21,Provincia autonoma di Bolzano,Maschi,64,92500,570,6.15831,92215,0.9931914,21.710
21,Provincia autonoma di Bolzano,Maschi,65,91930,686,7.46300,91587,0.9919407,20.842
21,Provincia autonoma di Bolzano,Maschi,66,91244,790,8.66014,90849,0.9910180,19.995
21,Provincia autonoma di Bolzano,Maschi,67,90454,842,9.30664,90033,0.9905007,19.165
21,Provincia autonoma di Bolzano,Maschi,68,89612,869,9.69380,89177,0.9898797,18.340
21,Provincia autonoma di Bolzano,Maschi,69,88743,936,10.55105,88275,0.9885502,17.515
21,Provincia autonoma di Bolzano,Maschi,70,87807,1085,12.35818,87264,0.9865210,16.696
21,Provincia autonoma di Bolzano,Maschi,71,86722,1267,14.61393,86088,0.9844054,15.899
21,Provincia autonoma di Bolzano,Maschi,72,85454,1418,16.58972,84745,0.9825444,15.127
21,Provincia autonoma di Bolzano,Maschi,73,84037,1541,18.33602,83266,0.9808387,14.374
21,Provincia autonoma di Bolzano,Maschi,74,82496,1650,20.00197,81671,0.9785264,13.633
21,Provincia autonoma di Bolzano,Maschi,75,80846,1857,22.97525,79917,0.9753574,12.901
21,Provincia autonoma di Bolzano,Maschi,76,78988,2081,26.34917,77948,0.9716602,12.193
21,Provincia autonoma di Bolzano,Maschi,77,76907,2337,30.38433,75739,0.9676098,11.509
21,Provincia autonoma di Bolzano,Maschi,78,74570,2570,34.45898,73285,0.9631497,10.854
21,Provincia autonoma di Bolzano,Maschi,79,72001,2832,39.32696,70585,0.9595043,10.224
21,Provincia autonoma di Bolzano,Maschi,80,69169,2885,41.71236,67726,0.9570401,9.622
21,Provincia autonoma di Bolzano,Maschi,81,66284,2934,44.26180,64817,0.9540715,9.019
21,Provincia autonoma di Bolzano,Maschi,82,63350,3020,47.67242,61840,0.9496299,8.414
21,Provincia autonoma di Bolzano,Maschi,83,60330,3210,53.20286,58725,0.9439069,7.810
21,Provincia autonoma di Bolzano,Maschi,84,57120,3378,59.14572,55431,0.9365689,7.221
21,Provincia autonoma di Bolzano,Maschi,85,53742,3654,67.98581,51915,0.9275812,6.643
21,Provincia autonoma di Bolzano,Maschi,86,50088,3866,77.17517,48155,0.9150818,6.091
21,Provincia autonoma di Bolzano,Maschi,87,46223,4313,93.30886,44066,0.8978939,5.559
21,Provincia autonoma di Bolzano,Maschi,88,41910,4686,111.80869,39567,0.8802316,5.079
21,Provincia autonoma di Bolzano,Maschi,89,37224,4792,128.73018,34828,0.8610901,4.656
21,Provincia autonoma di Bolzano,Maschi,90,32432,4884,150.59370,29990,0.8465791,4.270
21,Provincia autonoma di Bolzano,Maschi,91,27548,4318,156.74933,25389,0.8403275,3.938
21,Provincia autonoma di Bolzano,Maschi,92,23230,3790,163.13895,21335,0.8243066,3.577
21,Provincia autonoma di Bolzano,Maschi,93,19440,3707,190.69516,17587,0.7932876,3.177
21,Provincia autonoma di Bolzano,Maschi,94,15733,3564,226.50387,13951,0.7541126,2.808
21,Provincia autonoma di Bolzano,Maschi,95,12169,3297,270.94710,10521,0.7090111,2.484
21,Provincia autonoma di Bolzano,Maschi,96,8872,2826,318.47910,7459,0.6658708,2.221
21,Provincia autonoma di Bolzano,Maschi,97,6047,2159,357.09266,4967,0.6309958,2.025
21,Provincia autonoma di Bolzano,Maschi,98,3887,1506,387.53169,3134,0.6033378,1.872
21,Provincia autonoma di Bolzano,Maschi,99,2381,980,411.56980,1891,0.5780664,1.740
21,Provincia autonoma di Bolzano,Maschi,100,1401,616,439.54620,1093,0.5476371,1.608
21,Provincia autonoma di Bolzano,Maschi,101,785,373,475.23144,599,0.5128687,1.477
21,Provincia autonoma di Bolzano,Maschi,102,412,210,509.80761,307,0.4787424,1.362
21,Provincia autonoma di Bolzano,Maschi,103,202,110,544.61577,147,0.4445214,1.259
21,Provincia autonoma di Bolzano,Maschi,104,92,53,579.33294,65,0.4105131,1.166
21,Provincia autonoma di Bolzano,Maschi,105,39,24,613.62450,27,0.3770280,1.083
21,Provincia autonoma di Bolzano,Maschi,106,15,10,647.16467,10,0.3443654,1.010
21,Provincia autonoma di Bolzano,Maschi,107,5,4,679.63976,3,0.3128076,0.944
21,Provincia autonoma di Bolzano,Maschi,108,2,1,710.76774,1,0.2826077,0.886
21,Provincia autonoma di Bolzano,Maschi,109,0,0,740.29639,0,0.2539885,0.835
21,Provincia autonoma di Bolzano,Maschi,110,0,0,768.01780,0,0.2271334,0.790
21,Provincia autonoma di Bolzano,Maschi,111,0,0,793.76822,0,0.2021857,0.751
21,Provincia autonoma di Bolzano,Maschi,112,0,0,817.43337,0,0.1792461,0.717
21,Provincia autonoma di Bolzano,Maschi,113,0,0,838.94168,0,0.1583775,0.687
21,Provincia autonoma di Bolzano,Maschi,114,0,0,858.26735,0,0.1396031,0.662
21,Provincia autonoma di Bolzano,Maschi,115,0,0,875.42166,0,0.1229133,0.640
21,Provincia autonoma di Bolzano,Maschi,116,0,0,890.45188,0,0.1082667,0.621
21,Provincia autonoma di Bolzano,Maschi,117,0,0,903.43080,0,0.0955984,0.606
21,Provincia autonoma di Bolzano,Maschi,118,0,0,914.45493,0,0.0848216,0.593
21,Provincia autonoma di Bolzano,Maschi,119,0,0,923.63553,0,0.0758352,0.582
21,Provincia autonoma di Bolzano,Femmine,0,100000,185,1.84713,99826,0.9997477,86.636
21,Provincia autonoma di Bolzano,Femmine,1,99815,29,0.28628,99801,0.9997495,85.795
21,Provincia autonoma di Bolzano,Femmine,2,99787,21,0.21481,99776,0.9998112,84.820
21,Provincia autonoma di Bolzano,Femmine,3,99765,16,0.16286,99757,0.9998569,83.838
21,Provincia autonoma di Bolzano,Femmine,4,99749,12,0.12335,99743,0.9998931,82.852
21,Provincia autonoma di Bolzano,Femmine,5,99737,9,0.09047,99732,0.9999240,81.862
21,Provincia autonoma di Bolzano,Femmine,6,99728,6,0.06159,99725,0.9999416,80.869
21,Provincia autonoma di Bolzano,Femmine,7,99722,6,0.05528,99719,0.9999337,79.874
21,Provincia autonoma di Bolzano,Femmine,8,99716,8,0.07737,99712,0.9999021,78.878
21,Provincia autonoma di Bolzano,Femmine,9,99708,12,0.11846,99702,0.9998654,77.884
21,Provincia autonoma di Bolzano,Femmine,10,99697,15,0.15075,99689,0.9998466,76.894
21,Provincia autonoma di Bolzano,Femmine,11,99681,16,0.15600,99674,0.9998544,75.905
21,Provincia autonoma di Bolzano,Femmine,12,99666,13,0.13523,99659,0.9998851,74.917
21,Provincia autonoma di Bolzano,Femmine,13,99652,9,0.09462,99648,0.9999157,73.927
21,Provincia autonoma di Bolzano,Femmine,14,99643,7,0.07394,99639,0.9999191,72.934
21,Provincia autonoma di Bolzano,Femmine,15,99636,9,0.08789,99631,0.9998855,71.939
21,Provincia autonoma di Bolzano,Femmine,16,99627,14,0.14115,99620,0.9998287,70.946
21,Provincia autonoma di Bolzano,Femmine,17,99613,20,0.20142,99603,0.9997795,69.955
21,Provincia autonoma di Bolzano,Femmine,18,99593,24,0.23967,99581,0.9997535,68.969
21,Provincia autonoma di Bolzano,Femmine,19,99569,25,0.25326,99556,0.9997423,67.986
21,Provincia autonoma di Bolzano,Femmine,20,99544,26,0.26221,99531,0.9997336,67.003
21,Provincia autonoma di Bolzano,Femmine,21,99518,27,0.27062,99504,0.9997221,66.020
21,Provincia autonoma di Bolzano,Femmine,22,99491,28,0.28525,99476,0.9997062,65.038
21,Provincia autonoma di Bolzano,Femmine,23,99462,30,0.30235,99447,0.9996956,64.057
21,Provincia autonoma di Bolzano,Femmine,24,99432,30,0.30637,99417,0.9996921,63.076
21,Provincia autonoma di Bolzano,Femmine,25,99402,31,0.30939,99386,0.9996973,62.095
21,Provincia autonoma di Bolzano,Femmine,26,99371,29,0.29601,99356,0.9997153,61.114
21,Provincia autonoma di Bolzano,Femmine,27,99342,27,0.27339,99328,0.9997419,60.132
21,Provincia autonoma di Bolzano,Femmine,28,99314,24,0.24280,99302,0.9997643,59.148
21,Provincia autonoma di Bolzano,Femmine,29,99290,23,0.22867,99279,0.9997737,58.163
21,Provincia autonoma di Bolzano,Femmine,30,99268,22,0.22397,99256,0.9997728,57.176
21,Provincia autonoma di Bolzano,Femmine,31,99245,23,0.23046,99234,0.9997493,56.188
21,Provincia autonoma di Bolzano,Femmine,32,99222,27,0.27097,99209,0.9996883,55.201
21,Provincia autonoma di Bolzano,Femmine,33,99196,35,0.35235,99178,0.9996024,54.216
21,Provincia autonoma di Bolzano,Femmine,34,99161,44,0.44294,99139,0.9995198,53.235
21,Provincia autonoma di Bolzano,Femmine,35,99117,51,0.51755,99091,0.9994693,52.258
21,Provincia autonoma di Bolzano,Femmine,36,99065,54,0.54386,99038,0.9994606,51.285
21,Provincia autonoma di Bolzano,Femmine,37,99012,53,0.53499,98985,0.9994757,50.313
21,Provincia autonoma di Bolzano,Femmine,38,98959,51,0.51362,98933,0.9994653,49.339
21,Provincia autonoma di Bolzano,Femmine,39,98908,55,0.55572,98880,0.9994257,48.365
21,Provincia autonoma di Bolzano,Femmine,40,98853,59,0.59286,98823,0.9993791,47.391
21,Provincia autonoma di Bolzano,Femmine,41,98794,64,0.64898,98762,0.9993579,46.419
21,Provincia autonoma di Bolzano,Femmine,42,98730,63,0.63517,98699,0.9993624,45.449
21,Provincia autonoma di Bolzano,Femmine,43,98667,63,0.64004,98636,0.9993619,44.477
21,Provincia autonoma di Bolzano,Femmine,44,98604,63,0.63610,98573,0.9993398,43.506
21,Provincia autonoma di Bolzano,Femmine,45,98541,67,0.68435,98508,0.9992769,42.533
21,Provincia autonoma di Bolzano,Femmine,46,98474,75,0.76190,98437,0.9991497,41.562
21,Provincia autonoma di Bolzano,Femmine,47,98399,92,0.93877,98353,0.9989823,40.593
21,Provincia autonoma di Bolzano,Femmine,48,98307,108,1.09677,98253,0.9988309,39.631
21,Provincia autonoma di Bolzano,Femmine,49,98199,122,1.24150,98138,0.9987610,38.674
21,Provincia autonoma di Bolzano,Femmine,50,98077,121,1.23647,98016,0.9988088,37.721
21,Provincia autonoma di Bolzano,Femmine,51,97956,112,1.14590,97900,0.9989133,36.767
21,Provincia autonoma di Bolzano,Femmine,52,97843,101,1.02752,97793,0.9989625,35.809
21,Provincia autonoma di Bolzano,Femmine,53,97743,102,1.04750,97692,0.9988969,34.845
21,Provincia autonoma di Bolzano,Femmine,54,97640,113,1.15884,97584,0.9986430,33.881
21,Provincia autonoma di Bolzano,Femmine,55,97527,152,1.55536,97451,0.9982013,32.920
21,Provincia autonoma di Bolzano,Femmine,56,97376,199,2.04239,97276,0.9977292,31.970
21,Provincia autonoma di Bolzano,Femmine,57,97177,243,2.49964,97055,0.9974517,31.035
21,Provincia autonoma di Bolzano,Femmine,58,96934,252,2.59709,96808,0.9974423,30.111
21,Provincia autonoma di Bolzano,Femmine,59,96682,243,2.51830,96560,0.9975316,29.188
21,Provincia autonoma di Bolzano,Femmine,60,96439,233,2.41828,96322,0.9975473,28.261
21,Provincia autonoma di Bolzano,Femmine,61,96205,239,2.48726,96086,0.9973132,27.328
21,Provincia autonoma di Bolzano,Femmine,62,95966,277,2.88692,95828,0.9968504,26.395
21,Provincia autonoma di Bolzano,Femmine,63,95689,327,3.41299,95526,0.9964044,25.470
21,Provincia autonoma di Bolzano,Femmine,64,95363,360,3.77877,95182,0.9959455,24.556
21,Provincia autonoma di Bolzano,Femmine,65,95002,411,4.33137,94796,0.9952863,23.647
21,Provincia autonoma di Bolzano,Femmine,66,94591,482,5.09776,94350,0.9944724,22.747
21,Provincia autonoma di Bolzano,Femmine,67,94108,561,5.95973,93828,0.9936059,21.861
21,Provincia autonoma di Bolzano,Femmine,68,93548,639,6.83114,93228,0.9929109,20.990
21,Provincia autonoma di Bolzano,Femmine,69,92909,683,7.34892,92567,0.9925949,20.130
21,Provincia autonoma di Bolzano,Femmine,70,92226,688,7.46176,91882,0.9924594,19.276
21,Provincia autonoma di Bolzano,Femmine,71,91538,698,7.62008,91189,0.9920693,18.417
21,Provincia autonoma di Bolzano,Femmine,72,90840,749,8.24372,90466,0.9910084,17.555
21,Provincia autonoma di Bolzano,Femmine,73,90091,878,9.74564,89652,0.9891526,16.696
21,Provincia autonoma di Bolzano,Femmine,74,89213,1067,11.96008,88680,0.9866081,15.856
21,Provincia autonoma di Bolzano,Femmine,75,88146,1308,14.84112,87492,0.9840086,15.042
21,Provincia autonoma di Bolzano,Femmine,76,86838,1490,17.15903,86093,0.9821273,14.261
21,Provincia autonoma di Bolzano,Femmine,77,85348,1587,18.59878,84554,0.9809773,13.501
21,Provincia autonoma di Bolzano,Femmine,78,83761,1630,19.45470,82946,0.9794867,12.747
21,Provincia autonoma di Bolzano,Femmine,79,82131,1773,21.59280,81244,0.9765890,11.990
21,Provincia autonoma di Bolzano,Femmine,80,80358,2031,25.26928,79342,0.9732123,11.244
21,Provincia autonoma di Bolzano,Femmine,81,78327,2220,28.34552,77217,0.9702827,10.522
21,Provincia autonoma di Bolzano,Femmine,82,76107,2369,31.12911,74922,0.9662499,9.815
21,Provincia autonoma di Bolzano,Femmine,83,73738,2688,36.45537,72394,0.9615200,9.114
21,Provincia autonoma di Bolzano,Femmine,84,71050,2883,40.58129,69608,0.9567135,8.440
21,Provincia autonoma di Bolzano,Femmine,85,68166,3143,46.10604,66595,0.9497172,7.776
21,Provincia autonoma di Bolzano,Femmine,86,65023,3554,54.66153,63246,0.9406662,7.127
21,Provincia autonoma di Bolzano,Femmine,87,61469,3951,64.27628,59494,0.9285522,6.511
21,Provincia autonoma di Bolzano,Femmine,88,57518,4550,79.11194,55243,0.9119369,5.923
21,Provincia autonoma di Bolzano,Femmine,89,52968,5179,97.78323,50378,0.8927487,5.389
21,Provincia autonoma di Bolzano,Femmine,90,47788,5627,117.74551,44975,0.8726466,4.919
21,Provincia autonoma di Bolzano,Femmine,91,42162,5829,138.24354,39247,0.8522038,4.509
21,Provincia autonoma di Bolzano,Femmine,92,36333,5773,158.88120,33447,0.8358049,4.152
21,Provincia autonoma di Bolzano,Femmine,93,30560,5211,170.51281,27955,0.8219705,3.842
21,Provincia autonoma di Bolzano,Femmine,94,25349,4743,187.09129,22978,0.8060935,3.529
21,Provincia autonoma di Bolzano,Femmine,95,20607,4169,202.29024,18522,0.7880512,3.226
21,Provincia autonoma di Bolzano,Femmine,96,16438,3683,224.05664,14597,0.7598757,2.918
21,Provincia autonoma di Bolzano,Femmine,97,12755,3327,260.83146,11092,0.7212290,2.616
21,Provincia autonoma di Bolzano,Femmine,98,9428,2857,303.04085,8000,0.6815333,2.362
21,Provincia autonoma di Bolzano,Femmine,99,6571,2238,340.59976,5452,0.6491549,2.172
21,Provincia autonoma di Bolzano,Femmine,100,4333,1588,366.38239,3539,0.6310130,2.036
21,Provincia autonoma di Bolzano,Femmine,101,2745,1024,373.09768,2233,0.6149800,1.924
21,Provincia autonoma di Bolzano,Femmine,102,1721,695,404.03788,1373,0.5841319,1.772
21,Provincia autonoma di Bolzano,Femmine,103,1026,447,435.71863,802,0.5526765,1.634
21,Provincia autonoma di Bolzano,Femmine,104,579,271,467.88926,443,0.5208598,1.510
21,Provincia autonoma di Bolzano,Femmine,105,308,154,500.28415,231,0.4889369,1.399
21,Provincia autonoma di Bolzano,Femmine,106,154,82,532.63329,113,0.4571640,1.299
21,Provincia autonoma di Bolzano,Femmine,107,72,41,564.66617,52,0.4257917,1.209
21,Provincia autonoma di Bolzano,Femmine,108,31,19,596.12734,22,0.3950537,1.129
21,Provincia autonoma di Bolzano,Femmine,109,13,8,626.78234,9,0.3651627,1.057
21,Provincia autonoma di Bolzano,Femmine,110,5,3,656.41983,3,0.3363068,0.994
21,Provincia autonoma di Bolzano,Femmine,111,2,1,684.86251,1,0.3086421,0.937
21,Provincia autonoma di Bolzano,Femmine,112,1,0,711.96927,0,0.2822919,0.886
21,Provincia autonoma di Bolzano,Femmine,113,0,0,737.63255,0,0.2573486,0.842
21,Provincia autonoma di Bolzano,Femmine,114,0,0,761.78052,0,0.2338725,0.802
21,Provincia autonoma di Bolzano,Femmine,115,0,0,784.37533,0,0.2118937,0.766
21,Provincia autonoma di Bolzano,Femmine,116,0,0,805.40947,0,0.1914160,0.735
21,Provincia autonoma di Bolzano,Femmine,117,0,0,824.89805,0,0.1724220,0.707
21,Provincia autonoma di Bolzano,Femmine,118,0,0,842.88292,0,0.1548719,0.682
21,Provincia autonoma di Bolzano,Femmine,119,0,0,859.41803,0,0.1387138,0.660
22,Provincia autonoma di Trento,Maschi e femmine,0,100000,244,2.43749,99771,0.9997569,84.713
22,Provincia autonoma di Trento,Maschi e femmine,1,99756,20,0.19790,99746,0.9998368,83.919
22,Provincia autonoma di Trento,Maschi e femmine,2,99737,13,0.12848,99730,0.9998924,82.936
22,Provincia autonoma di Trento,Maschi e femmine,3,99724,9,0.08673,99719,0.9999253,81.946
22,Provincia autonoma di Trento,Maschi e femmine,4,99715,6,0.06272,99712,0.9999429,80.953
22,Provincia autonoma di Trento,Maschi e femmine,5,99709,5,0.05142,99706,0.9999512,79.958
22,Provincia autonoma di Trento,Maschi e femmine,6,99704,5,0.04616,99701,0.9999483,78.962
22,Provincia autonoma di Trento,Maschi e femmine,7,99699,6,0.05716,99696,0.9999316,77.966
22,Provincia autonoma di Trento,Maschi e femmine,8,99693,8,0.07956,99689,0.9999097,76.970
22,Provincia autonoma di Trento,Maschi e femmine,9,99685,10,0.10097,99680,0.9999011,75.977
22,Provincia autonoma di Trento,Maschi e femmine,10,99675,10,0.09676,99671,0.9999165,74.984
22,Provincia autonoma di Trento,Maschi e femmine,11,99666,7,0.07019,99662,0.9999352,73.991
22,Provincia autonoma di Trento,Maschi e femmine,12,99659,6,0.05940,99656,0.9999270,72.996
22,Provincia autonoma di Trento,Maschi e femmine,13,99653,9,0.08665,99648,0.9998836,72.001
22,Provincia autonoma di Trento,Maschi e femmine,14,99644,15,0.14621,99637,0.9998177,71.007
22,Provincia autonoma di Trento,Maschi e femmine,15,99630,22,0.21832,99619,0.9997588,70.017
22,Provincia autonoma di Trento,Maschi e femmine,16,99608,26,0.26400,99595,0.9997271,69.032
22,Provincia autonoma di Trento,Maschi e femmine,17,99582,28,0.28180,99568,0.9997244,68.051
22,Provincia autonoma di Trento,Maschi e femmine,18,99553,27,0.26950,99540,0.9997283,67.070
22,Provincia autonoma di Trento,Maschi e femmine,19,99527,27,0.27400,99513,0.9997065,66.088
22,Provincia autonoma di Trento,Maschi e femmine,20,99499,31,0.31294,99484,0.9996506,65.106
22,Provincia autonoma di Trento,Maschi e femmine,21,99468,38,0.38587,99449,0.9995813,64.126
22,Provincia autonoma di Trento,Maschi e femmine,22,99430,45,0.45151,99407,0.9995232,63.150
22,Provincia autonoma di Trento,Maschi e femmine,23,99385,50,0.50218,99360,0.9994956,62.179
22,Provincia autonoma di Trento,Maschi e femmine,24,99335,50,0.50671,99310,0.9995004,61.210
22,Provincia autonoma di Trento,Maschi e femmine,25,99285,49,0.49250,99260,0.9995203,60.240
22,Provincia autonoma di Trento,Maschi e femmine,26,99236,46,0.46683,99213,0.9995438,59.270
22,Provincia autonoma di Trento,Maschi e femmine,27,99190,44,0.44555,99167,0.9995666,58.297
22,Provincia autonoma di Trento,Maschi e femmine,28,99145,42,0.42131,99124,0.9995882,57.323
22,Provincia autonoma di Trento,Maschi e femmine,29,99104,40,0.40229,99084,0.9996100,56.347
22,Provincia autonoma di Trento,Maschi e femmine,30,99064,37,0.37777,99045,0.9996316,55.369
22,Provincia autonoma di Trento,Maschi e femmine,31,99026,36,0.35894,99008,0.9996443,54.390
22,Provincia autonoma di Trento,Maschi e femmine,32,98991,35,0.35245,98973,0.9996441,53.410
22,Provincia autonoma di Trento,Maschi e femmine,33,98956,36,0.35931,98938,0.9996258,52.428
22,Provincia autonoma di Trento,Maschi e femmine,34,98920,38,0.38919,98901,0.9995934,51.447
22,Provincia autonoma di Trento,Maschi e femmine,35,98882,42,0.42406,98861,0.9995567,50.467
22,Provincia autonoma di Trento,Maschi e femmine,36,98840,46,0.46258,98817,0.9995263,49.488
22,Provincia autonoma di Trento,Maschi e femmine,37,98794,48,0.48491,98770,0.9995006,48.511
22,Provincia autonoma di Trento,Maschi e femmine,38,98746,51,0.51393,98721,0.9994594,47.534
22,Provincia autonoma di Trento,Maschi e femmine,39,98695,56,0.56727,98667,0.9993921,46.558
22,Provincia autonoma di Trento,Maschi e femmine,40,98639,64,0.64861,98607,0.9992839,45.584
22,Provincia autonoma di Trento,Maschi e femmine,41,98575,77,0.78360,98537,0.9991144,44.613
22,Provincia autonoma di Trento,Maschi e femmine,42,98498,97,0.98774,98450,0.9989458,43.648
22,Provincia autonoma di Trento,Maschi e femmine,43,98401,110,1.12082,98346,0.9988679,42.691
22,Provincia autonoma di Trento,Maschi e femmine,44,98291,112,1.14341,98234,0.9988619,41.738
22,Provincia autonoma di Trento,Maschi e femmine,45,98178,111,1.13288,98123,0.9988915,40.785
22,Provincia autonoma di Trento,Maschi e femmine,46,98067,106,1.08412,98014,0.9989096,39.831
22,Provincia autonoma di Trento,Maschi e femmine,47,97961,107,1.09674,97907,0.9988330,38.874
22,Provincia autonoma di Trento,Maschi e femmine,48,97853,121,1.23726,97793,0.9986787,37.916
22,Provincia autonoma di Trento,Maschi e femmine,49,97732,137,1.40537,97664,0.9985342,36.962
22,Provincia autonoma di Trento,Maschi e femmine,50,97595,149,1.52633,97520,0.9984230,36.013
22,Provincia autonoma di Trento,Maschi e femmine,51,97446,159,1.62784,97367,0.9983013,35.068
22,Provincia autonoma di Trento,Maschi e femmine,52,97287,172,1.76964,97201,0.9980988,34.124
22,Provincia autonoma di Trento,Maschi e femmine,53,97115,197,2.03300,97016,0.9978427,33.184
22,Provincia autonoma di Trento,Maschi e femmine,54,96918,221,2.28185,96807,0.9975908,32.250
22,Provincia autonoma di Trento,Maschi e femmine,55,96697,245,2.53683,96574,0.9973565,31.323
22,Provincia autonoma di Trento,Maschi e femmine,56,96451,265,2.75035,96319,0.9971401,30.401
22,Provincia autonoma di Trento,Maschi e femmine,57,96186,286,2.96975,96043,0.9969007,29.484
22,Provincia autonoma di Trento,Maschi e femmine,58,95900,310,3.22923,95745,0.9965633,28.570
22,Provincia autonoma di Trento,Maschi e femmine,59,95591,348,3.64478,95416,0.9961621,27.661
22,Provincia autonoma di Trento,Maschi e femmine,60,95242,384,4.03179,95050,0.9957319,26.760
22,Provincia autonoma di Trento,Maschi e femmine,61,94858,427,4.50532,94645,0.9953663,25.867
22,Provincia autonoma di Trento,Maschi e femmine,62,94431,450,4.76260,94206,0.9951384,24.981
22,Provincia autonoma di Trento,Maschi e femmine,63,93981,466,4.96112,93748,0.9948294,24.099
22,Provincia autonoma di Trento,Maschi e femmine,64,93515,503,5.38119,93263,0.9944568,23.216
22,Provincia autonoma di Trento,Maschi e femmine,65,93012,531,5.70612,92746,0.9940090,22.339
22,Provincia autonoma di Trento,Maschi e femmine,66,92481,581,6.27754,92191,0.9932367,21.465
22,Provincia autonoma di Trento,Maschi e femmine,67,91900,666,7.25205,91567,0.9923145,20.597
22,Provincia autonoma di Trento,Maschi e femmine,68,91234,741,8.12210,90863,0.9915176,19.744
22,Provincia autonoma di Trento,Maschi e femmine,69,90493,800,8.84575,90093,0.9907041,18.901
22,Provincia autonoma di Trento,Maschi e femmine,70,89692,875,9.75009,89255,0.9898660,18.066
22,Provincia autonoma di Trento,Maschi e femmine,71,88818,935,10.52172,88351,0.9888423,17.239
22,Provincia autonoma di Trento,Maschi e femmine,72,87883,1037,11.80053,87365,0.9871614,16.417
22,Provincia autonoma di Trento,Maschi e femmine,73,86846,1206,13.88911,86243,0.9850964,15.607
22,Provincia autonoma di Trento,Maschi e femmine,74,85640,1364,15.93229,84958,0.9828926,14.819
22,Provincia autonoma di Trento,Maschi e femmine,75,84276,1542,18.30149,83504,0.9807146,14.051
22,Provincia autonoma di Trento,Maschi e femmine,76,82733,1678,20.28770,81894,0.9785649,13.304
22,Provincia autonoma di Trento,Maschi e femmine,77,81055,1832,22.60620,80139,0.9757471,12.569
22,Provincia autonoma di Trento,Maschi e femmine,78,79222,2055,25.93773,78195,0.9724693,11.848
22,Provincia autonoma di Trento,Maschi e femmine,79,77168,2251,29.16608,76042,0.9691044,11.150
22,Provincia autonoma di Trento,Maschi e femmine,80,74917,2448,32.67707,73693,0.9653760,10.470
22,Provincia autonoma di Trento,Maschi e femmine,81,72469,2655,36.63671,71141,0.9612573,9.807
22,Provincia autonoma di Trento,Maschi e femmine,82,69814,2857,40.92873,68385,0.9567096,9.161
22,Provincia autonoma di Trento,Maschi e femmine,83,66956,3063,45.75292,65425,0.9510975,8.531
22,Provincia autonoma di Trento,Maschi e femmine,84,63893,3335,52.20316,62225,0.9435319,7.916
22,Provincia autonoma di Trento,Maschi e femmine,85,60558,3692,60.96804,58712,0.9327625,7.324
22,Provincia autonoma di Trento,Maschi e femmine,86,56866,4203,73.91410,54764,0.9214152,6.767
22,Provincia autonoma di Trento,Maschi e femmine,87,52662,4404,83.62835,50460,0.9119153,6.267
22,Provincia autonoma di Trento,Maschi e femmine,88,48258,4485,92.94776,46016,0.9006269,5.794
22,Provincia autonoma di Trento,Maschi e femmine,89,43773,4660,106.45684,41443,0.8876202,5.336
22,Provincia autonoma di Trento,Maschi e femmine,90,39113,4655,119.00837,36785,0.8734515,4.912
22,Provincia autonoma di Trento,Maschi e femmine,91,34458,4656,135.10719,32130,0.8534968,4.508
22,Provincia autonoma di Trento,Maschi e femmine,92,29803,4759,159.67934,27423,0.8319927,4.135
22,Provincia autonoma di Trento,Maschi e femmine,93,25044,4456,177.91770,22816,0.8143417,3.825
22,Provincia autonoma di Trento,Maschi e femmine,94,20588,4016,195.07425,18580,0.7985081,3.545
22,Provincia autonoma di Trento,Maschi e femmine,95,16572,3471,209.46481,14836,0.7823593,3.283
22,Provincia autonoma di Trento,Maschi e femmine,96,13101,2987,227.98288,11607,0.7606537,3.020
22,Provincia autonoma di Trento,Maschi e femmine,97,10114,2570,254.06546,8829,0.7334027,2.764
22,Provincia autonoma di Trento,Maschi e femmine,98,7544,2138,283.39741,6475,0.7047910,2.535
22,Provincia autonoma di Trento,Maschi e femmine,99,5406,1685,311.69170,4564,0.6779427,2.340
22,Provincia autonoma di Trento,Maschi e femmine,100,3721,1254,337.11695,3094,0.6552596,2.174
22,Provincia autonoma di Trento,Maschi e femmine,101,2467,879,356.24094,2027,0.6323274,2.025
22,Provincia autonoma di Trento,Maschi e femmine,102,1588,612,385.43036,1282,0.6031896,1.869
22,Provincia autonoma di Trento,Maschi e femmine,103,976,405,415.32736,773,0.5734594,1.728
22,Provincia autonoma di Trento,Maschi e femmine,104,571,254,445.71936,443,0.5433452,1.600
22,Provincia autonoma di Trento,Maschi e femmine,105,316,151,476.38384,241,0.5130604,1.485
22,Provincia autonoma di Trento,Maschi e femmine,106,166,84,507.09881,124,0.4828161,1.381
22,Provincia autonoma di Trento,Maschi e femmine,107,82,44,537.64451,60,0.4528161,1.288
22,Provincia autonoma di Trento,Maschi e femmine,108,38,21,567.81610,27,0.4232487,1.204
22,Provincia autonoma di Trento,Maschi e femmine,109,16,10,597.42594,11,0.3942852,1.128
22,Provincia autonoma di Trento,Maschi e femmine,110,7,4,626.30451,5,0.3660778,1.060
22,Provincia autonoma di Trento,Maschi e femmine,111,2,2,654.30709,2,0.3387550,0.999
22,Provincia autonoma di Trento,Maschi e femmine,112,1,1,681.31470,1,0.3124223,0.945
22,Provincia autonoma di Trento,Maschi e femmine,113,0,0,707.23046,0,0.2871641,0.896
22,Provincia autonoma di Trento,Maschi e femmine,114,0,0,731.98196,0,0.2630428,0.852
22,Provincia autonoma di Trento,Maschi e femmine,115,0,0,755.52037,0,0.2400990,0.812
22,Provincia autonoma di Trento,Maschi e femmine,116,0,0,777.81893,0,0.2183546,0.777
22,Provincia autonoma di Trento,Maschi e femmine,117,0,0,798.86765,0,0.1978148,0.745
22,Provincia autonoma di Trento,Maschi e femmine,118,0,0,818.67948,0,0.1784658,0.716
22,Provincia autonoma di Trento,Maschi e femmine,119,0,0,837.27840,0,0.1602825,0.690
22,Provincia autonoma di Trento,Maschi,0,100000,299,2.99239,99718,0.9998010,82.628
22,Provincia autonoma di Trento,Maschi,1,99701,4,0.04383,99699,0.9999484,81.875
22,Provincia autonoma di Trento,Maschi,2,99696,6,0.05932,99693,0.9999349,80.878
22,Provincia autonoma di Trento,Maschi,3,99690,7,0.07087,99687,0.9999269,79.883
22,Provincia autonoma di Trento,Maschi,4,99683,8,0.07541,99680,0.9999309,78.889
22,Provincia autonoma di Trento,Maschi,5,99676,6,0.06284,99673,0.9999433,77.895
22,Provincia autonoma di Trento,Maschi,6,99670,5,0.05062,99667,0.9999396,76.899
22,Provincia autonoma di Trento,Maschi,7,99665,7,0.07023,99661,0.9999073,75.903
22,Provincia autonoma di Trento,Maschi,8,99658,11,0.11513,99652,0.9998635,74.909
22,Provincia autonoma di Trento,Maschi,9,99646,16,0.15783,99638,0.9998458,73.917
22,Provincia autonoma di Trento,Maschi,10,99630,15,0.15064,99623,0.9998726,72.929
22,Provincia autonoma di Trento,Maschi,11,99615,10,0.10426,99610,0.9999077,71.940
22,Provincia autonoma di Trento,Maschi,12,99605,8,0.08038,99601,0.9998979,70.947
22,Provincia autonoma di Trento,Maschi,13,99597,12,0.12383,99591,0.9998330,69.953
22,Provincia autonoma di Trento,Maschi,14,99585,21,0.21027,99574,0.9997422,68.961
22,Provincia autonoma di Trento,Maschi,15,99564,30,0.30527,99549,0.9996683,67.976
22,Provincia autonoma di Trento,Maschi,16,99533,36,0.35818,99515,0.9996328,66.996
22,Provincia autonoma di Trento,Maschi,17,99498,37,0.37623,99479,0.9996374,66.020
22,Provincia autonoma di Trento,Maschi,18,99460,35,0.34904,99443,0.9996583,65.045
22,Provincia autonoma di Trento,Maschi,19,99426,33,0.33440,99409,0.9996537,64.067
22,Provincia autonoma di Trento,Maschi,20,99392,36,0.35824,99374,0.9996001,63.089
22,Provincia autonoma di Trento,Maschi,21,99357,44,0.44163,99335,0.9995059,62.111
22,Provincia autonoma di Trento,Maschi,22,99313,54,0.54665,99286,0.9993867,61.138
22,Provincia autonoma di Trento,Maschi,23,99258,67,0.67992,99225,0.9992765,60.172
22,Provincia autonoma di Trento,Maschi,24,99191,76,0.76703,99153,0.9992193,59.212
22,Provincia autonoma di Trento,Maschi,25,99115,79,0.79435,99076,0.9992265,58.257
22,Provincia autonoma di Trento,Maschi,26,99036,75,0.75271,98999,0.9992912,57.303
22,Provincia autonoma di Trento,Maschi,27,98962,66,0.66496,98929,0.9993875,56.346
22,Provincia autonoma di Trento,Maschi,28,98896,55,0.55996,98868,0.9994770,55.383
22,Provincia autonoma di Trento,Maschi,29,98840,48,0.48600,98816,0.9995396,54.414
22,Provincia autonoma di Trento,Maschi,30,98792,43,0.43473,98771,0.9995768,53.440
22,Provincia autonoma di Trento,Maschi,31,98749,41,0.41161,98729,0.9995812,52.463
22,Provincia autonoma di Trento,Maschi,32,98709,42,0.42594,98688,0.9995560,51.484
22,Provincia autonoma di Trento,Maschi,33,98667,46,0.46203,98644,0.9995008,50.506
22,Provincia autonoma di Trento,Maschi,34,98621,53,0.53643,98595,0.9994264,49.529
22,Provincia autonoma di Trento,Maschi,35,98568,60,0.61071,98538,0.9993516,48.556
22,Provincia autonoma di Trento,Maschi,36,98508,68,0.68616,98474,0.9993039,47.585
22,Provincia autonoma di Trento,Maschi,37,98441,69,0.70595,98406,0.9992926,46.617
22,Provincia autonoma di Trento,Maschi,38,98371,70,0.70889,98336,0.9992942,45.650
22,Provincia autonoma di Trento,Maschi,39,98301,69,0.70264,98267,0.9992775,44.682
22,Provincia autonoma di Trento,Maschi,40,98232,73,0.74240,98196,0.9991829,43.713
22,Provincia autonoma di Trento,Maschi,41,98159,88,0.89194,98116,0.9989715,42.745
22,Provincia autonoma di Trento,Maschi,42,98072,114,1.16527,98015,0.9987449,41.783
22,Provincia autonoma di Trento,Maschi,43,97957,132,1.34497,97892,0.9986290,40.831
22,Provincia autonoma di Trento,Maschi,44,97826,137,1.39714,97757,0.9986078,39.885
22,Provincia autonoma di Trento,Maschi,45,97689,136,1.38731,97621,0.9986533,38.940
22,Provincia autonoma di Trento,Maschi,46,97554,127,1.30611,97490,0.9986838,37.994
22,Provincia autonoma di Trento,Maschi,47,97426,129,1.32639,97361,0.9985873,37.043
22,Provincia autonoma di Trento,Maschi,48,97297,146,1.49911,97224,0.9983870,36.091
22,Provincia autonoma di Trento,Maschi,49,97151,168,1.72708,97067,0.9981709,35.145
22,Provincia autonoma di Trento,Maschi,50,96983,187,1.93139,96890,0.9980119,34.205
22,Provincia autonoma di Trento,Maschi,51,96796,198,2.04495,96697,0.9979272,33.270
22,Provincia autonoma di Trento,Maschi,52,96598,203,2.10062,96497,0.9978086,32.337
22,Provincia autonoma di Trento,Maschi,53,96395,220,2.28245,96285,0.9975847,31.404
22,Provincia autonoma di Trento,Maschi,54,96175,245,2.54836,96052,0.9972337,30.475
22,Provincia autonoma di Trento,Maschi,55,95930,286,2.98488,95787,0.9967279,29.551
22,Provincia autonoma di Trento,Maschi,56,95644,341,3.56011,95473,0.9961902,28.638
22,Provincia autonoma di Trento,Maschi,57,95303,387,4.06048,95110,0.9956972,27.739
22,Provincia autonoma di Trento,Maschi,58,94916,432,4.54621,94700,0.9951685,26.850
22,Provincia autonoma di Trento,Maschi,59,94485,484,5.11816,94243,0.9946097,25.970
22,Provincia autonoma di Trento,Maschi,60,94001,532,5.66386,93735,0.9940315,25.101
22,Provincia autonoma di Trento,Maschi,61,93469,587,6.27497,93175,0.9936439,24.241
22,Provincia autonoma di Trento,Maschi,62,92882,598,6.43772,92583,0.9936176,23.391
22,Provincia autonoma di Trento,Maschi,63,92284,584,6.32681,91992,0.9935386,22.540
22,Provincia autonoma di Trento,Maschi,64,91700,605,6.59684,91398,0.9931892,21.680
22,Provincia autonoma di Trento,Maschi,65,91095,640,7.02620,90775,0.9925579,20.821
22,Provincia autonoma di Trento,Maschi,66,90455,711,7.86099,90100,0.9915019,19.964
22,Provincia autonoma di Trento,Maschi,67,89744,820,9.14022,89334,0.9904021,19.119
22,Provincia autonoma di Trento,Maschi,68,88924,895,10.05978,88477,0.9896489,18.290
22,Provincia autonoma di Trento,Maschi,69,88029,937,10.64547,87561,0.9888721,17.471
22,Provincia autonoma di Trento,Maschi,70,87092,1012,11.61546,86586,0.9878718,16.654
22,Provincia autonoma di Trento,Maschi,71,86081,1089,12.64687,85536,0.9864886,15.844
22,Provincia autonoma di Trento,Maschi,72,84992,1223,14.38700,84381,0.9839474,15.040
22,Provincia autonoma di Trento,Maschi,73,83769,1486,17.74242,83026,0.9807911,14.252
22,Provincia autonoma di Trento,Maschi,74,82283,1703,20.70192,81431,0.9774859,13.501
22,Provincia autonoma di Trento,Maschi,75,80580,1963,24.36465,79598,0.9739714,12.776
22,Provincia autonoma di Trento,Maschi,76,78616,2180,27.73420,77526,0.9703404,12.082
22,Provincia autonoma di Trento,Maschi,77,76436,2418,31.63984,75227,0.9666336,11.413
22,Provincia autonoma di Trento,Maschi,78,74017,2602,35.14928,72717,0.9632789,10.769
22,Provincia autonoma di Trento,Maschi,79,71416,2739,38.35016,70046,0.9601503,10.143
22,Provincia autonoma di Trento,Maschi,80,68677,2844,41.40904,67255,0.9565631,9.528
22,Provincia autonoma di Trento,Maschi,81,65833,2999,45.55238,64334,0.9521750,8.918
22,Provincia autonoma di Trento,Maschi,82,62834,3155,50.20612,61257,0.9467935,8.320
22,Provincia autonoma di Trento,Maschi,83,59680,3364,56.36544,57998,0.9401599,7.733
22,Provincia autonoma di Trento,Maschi,84,56316,3577,63.52222,54527,0.9308127,7.165
22,Provincia autonoma di Trento,Maschi,85,52738,3968,75.23664,50755,0.9182232,6.617
22,Provincia autonoma di Trento,Maschi,86,48771,4333,88.84908,46604,0.9062323,6.115
22,Provincia autonoma di Trento,Maschi,87,44437,4407,99.16596,42234,0.8958710,5.662
22,Provincia autonoma di Trento,Maschi,88,40031,4389,109.63835,37836,0.8828126,5.231
22,Provincia autonoma di Trento,Maschi,89,35642,4479,125.66594,33402,0.8679109,4.813
22,Provincia autonoma di Trento,Maschi,90,31163,4345,139.43547,28990,0.8529124,4.433
22,Provincia autonoma di Trento,Maschi,91,26818,4183,155.97966,24726,0.8321837,4.070
22,Provincia autonoma di Trento,Maschi,92,22635,4116,181.84043,20577,0.8114743,3.730
22,Provincia autonoma di Trento,Maschi,93,18519,3643,196.69677,16697,0.7939966,3.448
22,Provincia autonoma di Trento,Maschi,94,14876,3237,217.58890,13258,0.7729682,3.170
22,Provincia autonoma di Trento,Maschi,95,11639,2783,239.10082,10248,0.7524998,2.912
22,Provincia autonoma di Trento,Maschi,96,8856,2290,258.53891,7711,0.7275746,2.670
22,Provincia autonoma di Trento,Maschi,97,6567,1912,291.15384,5611,0.6940462,2.427
22,Provincia autonoma di Trento,Maschi,98,4655,1521,326.83284,3894,0.6606646,2.218
22,Provincia autonoma di Trento,Maschi,99,3133,1121,357.90820,2573,0.6320347,2.052
22,Provincia autonoma di Trento,Maschi,100,2012,772,383.62828,1626,0.6109419,1.917
22,Provincia autonoma di Trento,Maschi,101,1240,493,397.86744,993,0.5901885,1.800
22,Provincia autonoma di Trento,Maschi,102,747,321,429.64768,586,0.5585914,1.658
22,Provincia autonoma di Trento,Maschi,103,426,197,462.02904,327,0.5265276,1.531
22,Provincia autonoma di Trento,Maschi,104,229,113,494.74362,172,0.4942592,1.416
22,Provincia autonoma di Trento,Maschi,105,116,61,527.50621,85,0.4620570,1.313
22,Provincia autonoma di Trento,Maschi,106,55,31,560.03169,39,0.4301891,1.221
22,Provincia autonoma di Trento,Maschi,107,24,14,592.03787,17,0.3989145,1.138
22,Provincia autonoma di Trento,Maschi,108,10,6,623.26298,7,0.3684725,1.065
22,Provincia autonoma di Trento,Maschi,109,4,2,653.46476,2,0.3390799,0.999
22,Provincia autonoma di Trento,Maschi,110,1,1,682.43412,1,0.3109227,0.941
22,Provincia autonoma di Trento,Maschi,111,0,0,709.99627,0,0.2841541,0.890
22,Provincia autonoma di Trento,Maschi,112,0,0,736.01665,0,0.2588917,0.844
22,Provincia autonoma di Trento,Maschi,113,0,0,760.39623,0,0.2352201,0.804
22,Provincia autonoma di Trento,Maschi,114,0,0,783.07560,0,0.2131895,0.768
22,Provincia autonoma di Trento,Maschi,115,0,0,804.02824,0,0.1928203,0.737
22,Provincia autonoma di Trento,Maschi,116,0,0,823.26069,0,0.1741044,0.709
22,Provincia autonoma di Trento,Maschi,117,0,0,840.80392,0,0.1570113,0.685
22,Provincia autonoma di Trento,Maschi,118,0,0,856.71240,0,0.1414899,0.664
22,Provincia autonoma di Trento,Maschi,119,0,0,871.05643,0,0.1274744,0.646
22,Provincia autonoma di Trento,Femmine,0,100000,185,1.85270,99826,0.9997104,86.899
22,Provincia autonoma di Trento,Femmine,1,99815,36,0.36029,99797,0.9997191,86.059
22,Provincia autonoma di Trento,Femmine,2,99779,20,0.20139,99769,0.9998476,85.090
22,Provincia autonoma di Trento,Femmine,3,99759,10,0.10346,99754,0.9999236,84.107
22,Provincia autonoma di Trento,Femmine,4,99748,5,0.04934,99746,0.9999556,83.116
22,Provincia autonoma di Trento,Femmine,5,99743,4,0.03938,99741,0.9999596,82.120
22,Provincia autonoma di Trento,Femmine,6,99740,4,0.04145,99737,0.9999576,81.123
22,Provincia autonoma di Trento,Femmine,7,99735,4,0.04339,99733,0.9999573,80.126
22,Provincia autonoma di Trento,Femmine,8,99731,4,0.04206,99729,0.9999585,79.130
22,Provincia autonoma di Trento,Femmine,9,99727,4,0.04103,99725,0.9999595,78.133
22,Provincia autonoma di Trento,Femmine,10,99723,4,0.03998,99721,0.9999629,77.136
22,Provincia autonoma di Trento,Femmine,11,99719,3,0.03428,99717,0.9999642,76.139
22,Provincia autonoma di Trento,Femmine,12,99715,4,0.03728,99713,0.9999576,75.142
22,Provincia autonoma di Trento,Femmine,13,99712,5,0.04748,99709,0.9999369,74.145
22,Provincia autonoma di Trento,Femmine,14,99707,8,0.07872,99703,0.9998973,73.148
22,Provincia autonoma di Trento,Femmine,15,99699,13,0.12673,99693,0.9998542,72.154
22,Provincia autonoma di Trento,Femmine,16,99686,16,0.16479,99678,0.9998264,71.163
22,Provincia autonoma di Trento,Femmine,17,99670,18,0.18235,99661,0.9998160,70.175
22,Provincia autonoma di Trento,Femmine,18,99652,19,0.18575,99643,0.9998019,69.187
22,Provincia autonoma di Trento,Femmine,19,99633,21,0.21041,99623,0.9997622,68.200
22,Provincia autonoma di Trento,Femmine,20,99612,26,0.26526,99599,0.9997038,67.214
22,Provincia autonoma di Trento,Femmine,21,99586,33,0.32719,99570,0.9996607,66.232
22,Provincia autonoma di Trento,Femmine,22,99553,35,0.35139,99536,0.9996667,65.254
22,Provincia autonoma di Trento,Femmine,23,99518,31,0.31520,99503,0.9997259,64.276
22,Provincia autonoma di Trento,Femmine,24,99487,23,0.23295,99475,0.9997959,63.296
22,Provincia autonoma di Trento,Femmine,25,99464,17,0.17527,99455,0.9998291,62.311
22,Provincia autonoma di Trento,Femmine,26,99446,17,0.16655,99438,0.9998091,61.322
22,Provincia autonoma di Trento,Femmine,27,99430,21,0.21521,99419,0.9997545,60.332
22,Provincia autonoma di Trento,Femmine,28,99408,27,0.27581,99395,0.9997049,59.345
22,Provincia autonoma di Trento,Femmine,29,99381,31,0.31446,99365,0.9996838,58.361
22,Provincia autonoma di Trento,Femmine,30,99350,32,0.31802,99334,0.9996891,57.379
22,Provincia autonoma di Trento,Femmine,31,99318,30,0.30370,99303,0.9997105,56.397
22,Provincia autonoma di Trento,Femmine,32,99288,27,0.27537,99274,0.9997365,55.414
22,Provincia autonoma di Trento,Femmine,33,99261,25,0.25161,99248,0.9997568,54.430
22,Provincia autonoma di Trento,Femmine,34,99236,23,0.23483,99224,0.9997684,53.443
22,Provincia autonoma di Trento,Femmine,35,99212,23,0.22845,99201,0.9997716,52.456
22,Provincia autonoma di Trento,Femmine,36,99190,23,0.22838,99178,0.9997591,51.467
22,Provincia autonoma di Trento,Femmine,37,99167,25,0.25346,99154,0.9997183,50.479
22,Provincia autonoma di Trento,Femmine,38,99142,31,0.30989,99127,0.9996322,49.492
22,Provincia autonoma di Trento,Femmine,39,99111,42,0.42565,99090,0.9995119,48.507
22,Provincia autonoma di Trento,Femmine,40,99069,55,0.55050,99042,0.9993896,47.527
22,Provincia autonoma di Trento,Femmine,41,99014,66,0.67031,98981,0.9992638,46.553
22,Provincia autonoma di Trento,Femmine,42,98948,79,0.80213,98908,0.9991557,45.584
22,Provincia autonoma di Trento,Femmine,43,98869,88,0.88656,98825,0.9991175,44.620
22,Provincia autonoma di Trento,Femmine,44,98781,87,0.87838,98738,0.9991272,43.659
22,Provincia autonoma di Trento,Femmine,45,98694,86,0.86726,98652,0.9991401,42.697
22,Provincia autonoma di Trento,Femmine,46,98609,84,0.85248,98567,0.9991452,41.734
22,Provincia autonoma di Trento,Femmine,47,98525,84,0.85722,98482,0.9990893,40.769
22,Provincia autonoma di Trento,Femmine,48,98440,95,0.96430,98393,0.9989828,39.804
22,Provincia autonoma di Trento,Femmine,49,98345,105,1.07020,98293,0.9989126,38.842
22,Provincia autonoma di Trento,Femmine,50,98240,109,1.10463,98186,0.9988507,37.883
22,Provincia autonoma di Trento,Femmine,51,98131,117,1.19397,98073,0.9986903,36.924
22,Provincia autonoma di Trento,Femmine,52,98014,140,1.42562,97944,0.9984004,35.968
22,Provincia autonoma di Trento,Femmine,53,97875,174,1.77387,97788,0.9981106,35.018
22,Provincia autonoma di Trento,Femmine,54,97701,196,2.00516,97603,0.9979615,34.080
22,Provincia autonoma di Trento,Femmine,55,97505,202,2.07198,97404,0.9980083,33.147
22,Provincia autonoma di Trento,Femmine,56,97303,186,1.91132,97210,0.9981234,32.215
22,Provincia autonoma di Trento,Femmine,57,97117,179,1.84177,97028,0.9981438,31.276
22,Provincia autonoma di Trento,Femmine,58,96938,181,1.87063,96848,0.9980002,30.332
22,Provincia autonoma di Trento,Femmine,59,96757,206,2.12914,96654,0.9977564,29.388
22,Provincia autonoma di Trento,Femmine,60,96551,228,2.35821,96437,0.9974726,28.450
22,Provincia autonoma di Trento,Femmine,61,96323,260,2.69691,96193,0.9971234,27.516
22,Provincia autonoma di Trento,Femmine,62,96063,294,3.05676,95917,0.9966847,26.589
22,Provincia autonoma di Trento,Femmine,63,95770,342,3.57466,95599,0.9961380,25.669
22,Provincia autonoma di Trento,Femmine,64,95427,396,4.15028,95229,0.9957386,24.759
22,Provincia autonoma di Trento,Femmine,65,95031,416,4.37289,94824,0.9954724,23.860
22,Provincia autonoma di Trento,Femmine,66,94616,443,4.68300,94394,0.9949806,22.963
22,Provincia autonoma di Trento,Femmine,67,94173,505,5.35730,93920,0.9942299,22.069
22,Provincia autonoma di Trento,Femmine,68,93668,579,6.18515,93379,0.9933820,21.185
22,Provincia autonoma di Trento,Femmine,69,93089,657,7.05349,92761,0.9925251,20.314
22,Provincia autonoma di Trento,Femmine,70,92432,730,7.89927,92067,0.9918406,19.454
22,Provincia autonoma di Trento,Femmine,71,91702,772,8.42160,91316,0.9911627,18.605
22,Provincia autonoma di Trento,Femmine,72,90930,842,9.25657,90509,0.9903120,17.759
22,Provincia autonoma di Trento,Femmine,73,90088,912,10.12349,89632,0.9892857,16.920
22,Provincia autonoma di Trento,Femmine,74,89176,1009,11.31122,88672,0.9881026,16.088
22,Provincia autonoma di Trento,Femmine,75,88167,1101,12.49028,87617,0.9871343,15.267
22,Provincia autonoma di Trento,Femmine,76,87066,1153,13.24583,86490,0.9862795,14.453
22,Provincia autonoma di Trento,Femmine,77,85913,1220,14.20147,85303,0.9841511,13.641
22,Provincia autonoma di Trento,Femmine,78,84693,1484,17.52003,83951,0.9807933,12.830
22,Provincia autonoma di Trento,Femmine,79,83209,1741,20.92335,82339,0.9770718,12.050
22,Provincia autonoma di Trento,Femmine,80,81468,2035,24.97584,80451,0.9730835,11.297
22,Provincia autonoma di Trento,Femmine,81,79433,2296,28.90696,78285,0.9690639,10.573
22,Provincia autonoma di Trento,Femmine,82,77137,2547,33.02556,75863,0.9650778,9.873
22,Provincia autonoma di Trento,Femmine,83,74590,2751,36.88365,73214,0.9601449,9.193
22,Provincia autonoma di Trento,Femmine,84,71838,3085,42.94033,70296,0.9538161,8.526
22,Provincia autonoma di Trento,Femmine,85,68754,3408,49.57308,67050,0.9442177,7.886
22,Provincia autonoma di Trento,Femmine,86,65345,4072,62.31533,63309,0.9330424,7.272
22,Provincia autonoma di Trento,Femmine,87,61273,4406,71.90828,59070,0.9238410,6.722
22,Provincia autonoma di Trento,Femmine,88,56867,4591,80.73916,54572,0.9134471,6.204
22,Provincia autonoma di Trento,Femmine,89,52276,4855,92.87727,49848,0.9013076,5.705
22,Provincia autonoma di Trento,Femmine,90,47421,4984,105.10283,44929,0.8871782,5.237
22,Provincia autonoma di Trento,Femmine,91,42437,5154,121.44726,39860,0.8671816,4.794
22,Provincia autonoma di Trento,Femmine,92,37283,5434,145.76140,34566,0.8446444,4.387
22,Provincia autonoma di Trento,Femmine,93,31848,5306,166.58694,29196,0.8263967,4.051
22,Provincia autonoma di Trento,Femmine,94,26543,4831,182.02216,24127,0.8129800,3.760
22,Provincia autonoma di Trento,Femmine,95,21711,4193,193.12992,19615,0.7983948,3.486
22,Provincia autonoma di Trento,Femmine,96,17518,3716,212.10904,15660,0.7773487,3.201
22,Provincia autonoma di Trento,Femmine,97,13803,3258,236.03175,12174,0.7518975,2.928
22,Provincia autonoma di Trento,Femmine,98,10545,2783,263.90251,9153,0.7238622,2.678
22,Provincia autonoma di Trento,Femmine,99,7762,2272,292.75959,6626,0.6960321,2.459
22,Provincia autonoma di Trento,Femmine,100,5490,1756,319.81591,4612,0.6711443,2.269
22,Provincia autonoma di Trento,Femmine,101,3734,1278,342.14587,3095,0.6461054,2.101
22,Provincia autonoma di Trento,Femmine,102,2456,913,371.75379,2000,0.6164838,1.934
22,Provincia autonoma di Trento,Femmine,103,1543,621,402.23886,1233,0.5861117,1.783
22,Provincia autonoma di Trento,Femmine,104,922,400,433.37668,723,0.5552124,1.647
22,Provincia autonoma di Trento,Femmine,105,523,243,464.92594,401,0.5240203,1.523
22,Provincia autonoma di Trento,Femmine,106,280,139,496.63796,210,0.4927741,1.413
22,Provincia autonoma di Trento,Femmine,107,141,74,528.26027,104,0.4617100,1.313
22,Provincia autonoma di Trento,Femmine,108,66,37,559.55115,48,0.4310512,1.224
22,Provincia autonoma di Trento,Femmine,109,29,17,590.28544,21,0.4010038,1.145
22,Provincia autonoma di Trento,Femmine,110,12,7,620.25688,8,0.3717528,1.073
22,Provincia autonoma di Trento,Femmine,111,5,3,649.28873,3,0.3434547,1.009
22,Provincia autonoma di Trento,Femmine,112,2,1,677.23640,1,0.3162366,0.952
22,Provincia autonoma di Trento,Femmine,113,1,0,703.98547,0,0.2901974,0.901
22,Provincia autonoma di Trento,Femmine,114,0,0,729.45424,0,0.2654058,0.856
22,Provincia autonoma di Trento,Femmine,115,0,0,753.59271,0,0.2419025,0.815
22,Provincia autonoma di Trento,Femmine,116,0,0,776.37952,0,0.2197031,0.779
22,Provincia autonoma di Trento,Femmine,117,0,0,797.81498,0,0.1988028,0.746
22,Provincia autonoma di Trento,Femmine,118,0,0,817.92547,0,0.1791751,0.717
22,Provincia autonoma di Trento,Femmine,119,0,0,836.74960,0,0.1607812,0.690
